match_id,model,baseline,seed,round,coop
deepseek_v32__vs__always_cooperate__seed101,DeepSeek-V3.2,Always Cooperate,101,1,1.0
deepseek_v32__vs__always_cooperate__seed101,DeepSeek-V3.2,Always Cooperate,101,2,1.0
deepseek_v32__vs__always_cooperate__seed101,DeepSeek-V3.2,Always Cooperate,101,3,1.0
deepseek_v32__vs__always_cooperate__seed101,DeepSeek-V3.2,Always Cooperate,101,4,1.0
deepseek_v32__vs__always_cooperate__seed101,DeepSeek-V3.2,Always Cooperate,101,5,1.0
deepseek_v32__vs__always_cooperate__seed101,DeepSeek-V3.2,Always Cooperate,101,6,1.0
deepseek_v32__vs__always_cooperate__seed101,DeepSeek-V3.2,Always Cooperate,101,7,1.0
deepseek_v32__vs__always_cooperate__seed101,DeepSeek-V3.2,Always Cooperate,101,8,1.0
deepseek_v32__vs__always_cooperate__seed101,DeepSeek-V3.2,Always Cooperate,101,9,1.0
deepseek_v32__vs__always_cooperate__seed101,DeepSeek-V3.2,Always Cooperate,101,10,1.0
deepseek_v32__vs__always_cooperate__seed101,DeepSeek-V3.2,Always Cooperate,101,11,1.0
deepseek_v32__vs__always_cooperate__seed101,DeepSeek-V3.2,Always Cooperate,101,12,1.0
deepseek_v32__vs__always_cooperate__seed101,DeepSeek-V3.2,Always Cooperate,101,13,1.0
deepseek_v32__vs__always_cooperate__seed101,DeepSeek-V3.2,Always Cooperate,101,14,1.0
deepseek_v32__vs__always_cooperate__seed101,DeepSeek-V3.2,Always Cooperate,101,15,1.0
deepseek_v32__vs__always_cooperate__seed101,DeepSeek-V3.2,Always Cooperate,101,16,1.0
deepseek_v32__vs__always_cooperate__seed101,DeepSeek-V3.2,Always Cooperate,101,17,1.0
deepseek_v32__vs__always_cooperate__seed101,DeepSeek-V3.2,Always Cooperate,101,18,1.0
deepseek_v32__vs__always_cooperate__seed101,DeepSeek-V3.2,Always Cooperate,101,19,1.0
deepseek_v32__vs__always_cooperate__seed101,DeepSeek-V3.2,Always Cooperate,101,20,1.0
deepseek_v32__vs__always_cooperate__seed101,DeepSeek-V3.2,Always Cooperate,101,21,1.0
deepseek_v32__vs__always_cooperate__seed101,DeepSeek-V3.2,Always Cooperate,101,22,1.0
deepseek_v32__vs__always_cooperate__seed101,DeepSeek-V3.2,Always Cooperate,101,23,1.0
deepseek_v32__vs__always_cooperate__seed101,DeepSeek-V3.2,Always Cooperate,101,24,1.0
deepseek_v32__vs__always_cooperate__seed101,DeepSeek-V3.2,Always Cooperate,101,25,1.0
deepseek_v32__vs__always_cooperate__seed101,DeepSeek-V3.2,Always Cooperate,101,26,1.0
deepseek_v32__vs__always_cooperate__seed101,DeepSeek-V3.2,Always Cooperate,101,27,1.0
deepseek_v32__vs__always_cooperate__seed101,DeepSeek-V3.2,Always Cooperate,101,28,1.0
deepseek_v32__vs__always_cooperate__seed101,DeepSeek-V3.2,Always Cooperate,101,29,1.0
deepseek_v32__vs__always_cooperate__seed101,DeepSeek-V3.2,Always Cooperate,101,30,1.0
deepseek_v32__vs__always_cooperate__seed101,DeepSeek-V3.2,Always Cooperate,101,31,1.0
deepseek_v32__vs__always_cooperate__seed101,DeepSeek-V3.2,Always Cooperate,101,32,1.0
deepseek_v32__vs__always_cooperate__seed101,DeepSeek-V3.2,Always Cooperate,101,33,1.0
deepseek_v32__vs__always_cooperate__seed101,DeepSeek-V3.2,Always Cooperate,101,34,1.0
deepseek_v32__vs__always_cooperate__seed101,DeepSeek-V3.2,Always Cooperate,101,35,1.0
deepseek_v32__vs__always_cooperate__seed101,DeepSeek-V3.2,Always Cooperate,101,36,1.0
deepseek_v32__vs__always_cooperate__seed101,DeepSeek-V3.2,Always Cooperate,101,37,1.0
deepseek_v32__vs__always_cooperate__seed101,DeepSeek-V3.2,Always Cooperate,101,38,1.0
deepseek_v32__vs__always_cooperate__seed101,DeepSeek-V3.2,Always Cooperate,101,39,1.0
deepseek_v32__vs__always_cooperate__seed101,DeepSeek-V3.2,Always Cooperate,101,40,1.0
deepseek_v32__vs__always_cooperate__seed101,DeepSeek-V3.2,Always Cooperate,101,41,1.0
deepseek_v32__vs__always_cooperate__seed101,DeepSeek-V3.2,Always Cooperate,101,42,1.0
deepseek_v32__vs__always_cooperate__seed101,DeepSeek-V3.2,Always Cooperate,101,43,1.0
deepseek_v32__vs__always_cooperate__seed101,DeepSeek-V3.2,Always Cooperate,101,44,1.0
deepseek_v32__vs__always_cooperate__seed101,DeepSeek-V3.2,Always Cooperate,101,45,1.0
deepseek_v32__vs__always_cooperate__seed101,DeepSeek-V3.2,Always Cooperate,101,46,1.0
deepseek_v32__vs__always_cooperate__seed101,DeepSeek-V3.2,Always Cooperate,101,47,1.0
deepseek_v32__vs__always_cooperate__seed101,DeepSeek-V3.2,Always Cooperate,101,48,1.0
deepseek_v32__vs__always_cooperate__seed101,DeepSeek-V3.2,Always Cooperate,101,49,1.0
deepseek_v32__vs__always_cooperate__seed101,DeepSeek-V3.2,Always Cooperate,101,50,1.0
deepseek_v32__vs__always_cooperate__seed102,DeepSeek-V3.2,Always Cooperate,102,1,1.0
deepseek_v32__vs__always_cooperate__seed102,DeepSeek-V3.2,Always Cooperate,102,2,1.0
deepseek_v32__vs__always_cooperate__seed102,DeepSeek-V3.2,Always Cooperate,102,3,1.0
deepseek_v32__vs__always_cooperate__seed102,DeepSeek-V3.2,Always Cooperate,102,4,1.0
deepseek_v32__vs__always_cooperate__seed102,DeepSeek-V3.2,Always Cooperate,102,5,1.0
deepseek_v32__vs__always_cooperate__seed102,DeepSeek-V3.2,Always Cooperate,102,6,1.0
deepseek_v32__vs__always_cooperate__seed102,DeepSeek-V3.2,Always Cooperate,102,7,1.0
deepseek_v32__vs__always_cooperate__seed102,DeepSeek-V3.2,Always Cooperate,102,8,1.0
deepseek_v32__vs__always_cooperate__seed102,DeepSeek-V3.2,Always Cooperate,102,9,1.0
deepseek_v32__vs__always_cooperate__seed102,DeepSeek-V3.2,Always Cooperate,102,10,1.0
deepseek_v32__vs__always_cooperate__seed102,DeepSeek-V3.2,Always Cooperate,102,11,1.0
deepseek_v32__vs__always_cooperate__seed102,DeepSeek-V3.2,Always Cooperate,102,12,1.0
deepseek_v32__vs__always_cooperate__seed102,DeepSeek-V3.2,Always Cooperate,102,13,1.0
deepseek_v32__vs__always_cooperate__seed102,DeepSeek-V3.2,Always Cooperate,102,14,1.0
deepseek_v32__vs__always_cooperate__seed102,DeepSeek-V3.2,Always Cooperate,102,15,1.0
deepseek_v32__vs__always_cooperate__seed102,DeepSeek-V3.2,Always Cooperate,102,16,1.0
deepseek_v32__vs__always_cooperate__seed102,DeepSeek-V3.2,Always Cooperate,102,17,1.0
deepseek_v32__vs__always_cooperate__seed102,DeepSeek-V3.2,Always Cooperate,102,18,1.0
deepseek_v32__vs__always_cooperate__seed102,DeepSeek-V3.2,Always Cooperate,102,19,1.0
deepseek_v32__vs__always_cooperate__seed102,DeepSeek-V3.2,Always Cooperate,102,20,1.0
deepseek_v32__vs__always_cooperate__seed102,DeepSeek-V3.2,Always Cooperate,102,21,1.0
deepseek_v32__vs__always_cooperate__seed102,DeepSeek-V3.2,Always Cooperate,102,22,1.0
deepseek_v32__vs__always_cooperate__seed102,DeepSeek-V3.2,Always Cooperate,102,23,1.0
deepseek_v32__vs__always_cooperate__seed102,DeepSeek-V3.2,Always Cooperate,102,24,1.0
deepseek_v32__vs__always_cooperate__seed102,DeepSeek-V3.2,Always Cooperate,102,25,1.0
deepseek_v32__vs__always_cooperate__seed102,DeepSeek-V3.2,Always Cooperate,102,26,1.0
deepseek_v32__vs__always_cooperate__seed102,DeepSeek-V3.2,Always Cooperate,102,27,1.0
deepseek_v32__vs__always_cooperate__seed102,DeepSeek-V3.2,Always Cooperate,102,28,1.0
deepseek_v32__vs__always_cooperate__seed102,DeepSeek-V3.2,Always Cooperate,102,29,1.0
deepseek_v32__vs__always_cooperate__seed102,DeepSeek-V3.2,Always Cooperate,102,30,1.0
deepseek_v32__vs__always_cooperate__seed102,DeepSeek-V3.2,Always Cooperate,102,31,1.0
deepseek_v32__vs__always_cooperate__seed102,DeepSeek-V3.2,Always Cooperate,102,32,1.0
deepseek_v32__vs__always_cooperate__seed102,DeepSeek-V3.2,Always Cooperate,102,33,1.0
deepseek_v32__vs__always_cooperate__seed102,DeepSeek-V3.2,Always Cooperate,102,34,1.0
deepseek_v32__vs__always_cooperate__seed102,DeepSeek-V3.2,Always Cooperate,102,35,1.0
deepseek_v32__vs__always_cooperate__seed102,DeepSeek-V3.2,Always Cooperate,102,36,1.0
deepseek_v32__vs__always_cooperate__seed102,DeepSeek-V3.2,Always Cooperate,102,37,1.0
deepseek_v32__vs__always_cooperate__seed102,DeepSeek-V3.2,Always Cooperate,102,38,1.0
deepseek_v32__vs__always_cooperate__seed102,DeepSeek-V3.2,Always Cooperate,102,39,1.0
deepseek_v32__vs__always_cooperate__seed102,DeepSeek-V3.2,Always Cooperate,102,40,1.0
deepseek_v32__vs__always_cooperate__seed102,DeepSeek-V3.2,Always Cooperate,102,41,1.0
deepseek_v32__vs__always_cooperate__seed102,DeepSeek-V3.2,Always Cooperate,102,42,1.0
deepseek_v32__vs__always_cooperate__seed102,DeepSeek-V3.2,Always Cooperate,102,43,1.0
deepseek_v32__vs__always_cooperate__seed102,DeepSeek-V3.2,Always Cooperate,102,44,1.0
deepseek_v32__vs__always_cooperate__seed102,DeepSeek-V3.2,Always Cooperate,102,45,1.0
deepseek_v32__vs__always_cooperate__seed102,DeepSeek-V3.2,Always Cooperate,102,46,1.0
deepseek_v32__vs__always_cooperate__seed102,DeepSeek-V3.2,Always Cooperate,102,47,1.0
deepseek_v32__vs__always_cooperate__seed102,DeepSeek-V3.2,Always Cooperate,102,48,1.0
deepseek_v32__vs__always_cooperate__seed102,DeepSeek-V3.2,Always Cooperate,102,49,1.0
deepseek_v32__vs__always_cooperate__seed102,DeepSeek-V3.2,Always Cooperate,102,50,1.0
deepseek_v32__vs__always_cooperate__seed103,DeepSeek-V3.2,Always Cooperate,103,1,0.5
deepseek_v32__vs__always_cooperate__seed103,DeepSeek-V3.2,Always Cooperate,103,2,1.0
deepseek_v32__vs__always_cooperate__seed103,DeepSeek-V3.2,Always Cooperate,103,3,1.0
deepseek_v32__vs__always_cooperate__seed103,DeepSeek-V3.2,Always Cooperate,103,4,1.0
deepseek_v32__vs__always_cooperate__seed103,DeepSeek-V3.2,Always Cooperate,103,5,1.0
deepseek_v32__vs__always_cooperate__seed103,DeepSeek-V3.2,Always Cooperate,103,6,1.0
deepseek_v32__vs__always_cooperate__seed103,DeepSeek-V3.2,Always Cooperate,103,7,1.0
deepseek_v32__vs__always_cooperate__seed103,DeepSeek-V3.2,Always Cooperate,103,8,1.0
deepseek_v32__vs__always_cooperate__seed103,DeepSeek-V3.2,Always Cooperate,103,9,1.0
deepseek_v32__vs__always_cooperate__seed103,DeepSeek-V3.2,Always Cooperate,103,10,1.0
deepseek_v32__vs__always_cooperate__seed103,DeepSeek-V3.2,Always Cooperate,103,11,1.0
deepseek_v32__vs__always_cooperate__seed103,DeepSeek-V3.2,Always Cooperate,103,12,1.0
deepseek_v32__vs__always_cooperate__seed103,DeepSeek-V3.2,Always Cooperate,103,13,1.0
deepseek_v32__vs__always_cooperate__seed103,DeepSeek-V3.2,Always Cooperate,103,14,1.0
deepseek_v32__vs__always_cooperate__seed103,DeepSeek-V3.2,Always Cooperate,103,15,1.0
deepseek_v32__vs__always_cooperate__seed103,DeepSeek-V3.2,Always Cooperate,103,16,1.0
deepseek_v32__vs__always_cooperate__seed103,DeepSeek-V3.2,Always Cooperate,103,17,1.0
deepseek_v32__vs__always_cooperate__seed103,DeepSeek-V3.2,Always Cooperate,103,18,1.0
deepseek_v32__vs__always_cooperate__seed103,DeepSeek-V3.2,Always Cooperate,103,19,1.0
deepseek_v32__vs__always_cooperate__seed103,DeepSeek-V3.2,Always Cooperate,103,20,1.0
deepseek_v32__vs__always_cooperate__seed103,DeepSeek-V3.2,Always Cooperate,103,21,1.0
deepseek_v32__vs__always_cooperate__seed103,DeepSeek-V3.2,Always Cooperate,103,22,1.0
deepseek_v32__vs__always_cooperate__seed103,DeepSeek-V3.2,Always Cooperate,103,23,1.0
deepseek_v32__vs__always_cooperate__seed103,DeepSeek-V3.2,Always Cooperate,103,24,1.0
deepseek_v32__vs__always_cooperate__seed103,DeepSeek-V3.2,Always Cooperate,103,25,1.0
deepseek_v32__vs__always_cooperate__seed103,DeepSeek-V3.2,Always Cooperate,103,26,1.0
deepseek_v32__vs__always_cooperate__seed103,DeepSeek-V3.2,Always Cooperate,103,27,1.0
deepseek_v32__vs__always_cooperate__seed103,DeepSeek-V3.2,Always Cooperate,103,28,1.0
deepseek_v32__vs__always_cooperate__seed103,DeepSeek-V3.2,Always Cooperate,103,29,1.0
deepseek_v32__vs__always_cooperate__seed103,DeepSeek-V3.2,Always Cooperate,103,30,1.0
deepseek_v32__vs__always_cooperate__seed103,DeepSeek-V3.2,Always Cooperate,103,31,1.0
deepseek_v32__vs__always_cooperate__seed103,DeepSeek-V3.2,Always Cooperate,103,32,1.0
deepseek_v32__vs__always_cooperate__seed103,DeepSeek-V3.2,Always Cooperate,103,33,1.0
deepseek_v32__vs__always_cooperate__seed103,DeepSeek-V3.2,Always Cooperate,103,34,1.0
deepseek_v32__vs__always_cooperate__seed103,DeepSeek-V3.2,Always Cooperate,103,35,1.0
deepseek_v32__vs__always_cooperate__seed103,DeepSeek-V3.2,Always Cooperate,103,36,1.0
deepseek_v32__vs__always_cooperate__seed103,DeepSeek-V3.2,Always Cooperate,103,37,1.0
deepseek_v32__vs__always_cooperate__seed103,DeepSeek-V3.2,Always Cooperate,103,38,1.0
deepseek_v32__vs__always_cooperate__seed103,DeepSeek-V3.2,Always Cooperate,103,39,1.0
deepseek_v32__vs__always_cooperate__seed103,DeepSeek-V3.2,Always Cooperate,103,40,1.0
deepseek_v32__vs__always_cooperate__seed103,DeepSeek-V3.2,Always Cooperate,103,41,1.0
deepseek_v32__vs__always_cooperate__seed103,DeepSeek-V3.2,Always Cooperate,103,42,1.0
deepseek_v32__vs__always_cooperate__seed103,DeepSeek-V3.2,Always Cooperate,103,43,1.0
deepseek_v32__vs__always_cooperate__seed103,DeepSeek-V3.2,Always Cooperate,103,44,1.0
deepseek_v32__vs__always_cooperate__seed103,DeepSeek-V3.2,Always Cooperate,103,45,1.0
deepseek_v32__vs__always_cooperate__seed103,DeepSeek-V3.2,Always Cooperate,103,46,1.0
deepseek_v32__vs__always_cooperate__seed103,DeepSeek-V3.2,Always Cooperate,103,47,1.0
deepseek_v32__vs__always_cooperate__seed103,DeepSeek-V3.2,Always Cooperate,103,48,1.0
deepseek_v32__vs__always_cooperate__seed103,DeepSeek-V3.2,Always Cooperate,103,49,1.0
deepseek_v32__vs__always_cooperate__seed103,DeepSeek-V3.2,Always Cooperate,103,50,1.0
deepseek_v32__vs__always_cooperate__seed104,DeepSeek-V3.2,Always Cooperate,104,1,0.5
deepseek_v32__vs__always_cooperate__seed104,DeepSeek-V3.2,Always Cooperate,104,2,1.0
deepseek_v32__vs__always_cooperate__seed104,DeepSeek-V3.2,Always Cooperate,104,3,1.0
deepseek_v32__vs__always_cooperate__seed104,DeepSeek-V3.2,Always Cooperate,104,4,1.0
deepseek_v32__vs__always_cooperate__seed104,DeepSeek-V3.2,Always Cooperate,104,5,1.0
deepseek_v32__vs__always_cooperate__seed104,DeepSeek-V3.2,Always Cooperate,104,6,1.0
deepseek_v32__vs__always_cooperate__seed104,DeepSeek-V3.2,Always Cooperate,104,7,1.0
deepseek_v32__vs__always_cooperate__seed104,DeepSeek-V3.2,Always Cooperate,104,8,1.0
deepseek_v32__vs__always_cooperate__seed104,DeepSeek-V3.2,Always Cooperate,104,9,1.0
deepseek_v32__vs__always_cooperate__seed104,DeepSeek-V3.2,Always Cooperate,104,10,1.0
deepseek_v32__vs__always_cooperate__seed104,DeepSeek-V3.2,Always Cooperate,104,11,1.0
deepseek_v32__vs__always_cooperate__seed104,DeepSeek-V3.2,Always Cooperate,104,12,1.0
deepseek_v32__vs__always_cooperate__seed104,DeepSeek-V3.2,Always Cooperate,104,13,1.0
deepseek_v32__vs__always_cooperate__seed104,DeepSeek-V3.2,Always Cooperate,104,14,1.0
deepseek_v32__vs__always_cooperate__seed104,DeepSeek-V3.2,Always Cooperate,104,15,1.0
deepseek_v32__vs__always_cooperate__seed104,DeepSeek-V3.2,Always Cooperate,104,16,1.0
deepseek_v32__vs__always_cooperate__seed104,DeepSeek-V3.2,Always Cooperate,104,17,1.0
deepseek_v32__vs__always_cooperate__seed104,DeepSeek-V3.2,Always Cooperate,104,18,1.0
deepseek_v32__vs__always_cooperate__seed104,DeepSeek-V3.2,Always Cooperate,104,19,1.0
deepseek_v32__vs__always_cooperate__seed104,DeepSeek-V3.2,Always Cooperate,104,20,1.0
deepseek_v32__vs__always_cooperate__seed104,DeepSeek-V3.2,Always Cooperate,104,21,1.0
deepseek_v32__vs__always_cooperate__seed104,DeepSeek-V3.2,Always Cooperate,104,22,1.0
deepseek_v32__vs__always_cooperate__seed104,DeepSeek-V3.2,Always Cooperate,104,23,1.0
deepseek_v32__vs__always_cooperate__seed104,DeepSeek-V3.2,Always Cooperate,104,24,1.0
deepseek_v32__vs__always_cooperate__seed104,DeepSeek-V3.2,Always Cooperate,104,25,1.0
deepseek_v32__vs__always_cooperate__seed104,DeepSeek-V3.2,Always Cooperate,104,26,1.0
deepseek_v32__vs__always_cooperate__seed104,DeepSeek-V3.2,Always Cooperate,104,27,1.0
deepseek_v32__vs__always_cooperate__seed104,DeepSeek-V3.2,Always Cooperate,104,28,1.0
deepseek_v32__vs__always_cooperate__seed104,DeepSeek-V3.2,Always Cooperate,104,29,1.0
deepseek_v32__vs__always_cooperate__seed104,DeepSeek-V3.2,Always Cooperate,104,30,1.0
deepseek_v32__vs__always_cooperate__seed104,DeepSeek-V3.2,Always Cooperate,104,31,1.0
deepseek_v32__vs__always_cooperate__seed104,DeepSeek-V3.2,Always Cooperate,104,32,1.0
deepseek_v32__vs__always_cooperate__seed104,DeepSeek-V3.2,Always Cooperate,104,33,1.0
deepseek_v32__vs__always_cooperate__seed104,DeepSeek-V3.2,Always Cooperate,104,34,1.0
deepseek_v32__vs__always_cooperate__seed104,DeepSeek-V3.2,Always Cooperate,104,35,1.0
deepseek_v32__vs__always_cooperate__seed104,DeepSeek-V3.2,Always Cooperate,104,36,1.0
deepseek_v32__vs__always_cooperate__seed104,DeepSeek-V3.2,Always Cooperate,104,37,1.0
deepseek_v32__vs__always_cooperate__seed104,DeepSeek-V3.2,Always Cooperate,104,38,1.0
deepseek_v32__vs__always_cooperate__seed104,DeepSeek-V3.2,Always Cooperate,104,39,1.0
deepseek_v32__vs__always_cooperate__seed104,DeepSeek-V3.2,Always Cooperate,104,40,1.0
deepseek_v32__vs__always_cooperate__seed104,DeepSeek-V3.2,Always Cooperate,104,41,1.0
deepseek_v32__vs__always_cooperate__seed104,DeepSeek-V3.2,Always Cooperate,104,42,1.0
deepseek_v32__vs__always_cooperate__seed104,DeepSeek-V3.2,Always Cooperate,104,43,1.0
deepseek_v32__vs__always_cooperate__seed104,DeepSeek-V3.2,Always Cooperate,104,44,1.0
deepseek_v32__vs__always_cooperate__seed104,DeepSeek-V3.2,Always Cooperate,104,45,1.0
deepseek_v32__vs__always_cooperate__seed104,DeepSeek-V3.2,Always Cooperate,104,46,1.0
deepseek_v32__vs__always_cooperate__seed104,DeepSeek-V3.2,Always Cooperate,104,47,1.0
deepseek_v32__vs__always_cooperate__seed104,DeepSeek-V3.2,Always Cooperate,104,48,1.0
deepseek_v32__vs__always_cooperate__seed104,DeepSeek-V3.2,Always Cooperate,104,49,1.0
deepseek_v32__vs__always_cooperate__seed104,DeepSeek-V3.2,Always Cooperate,104,50,1.0
deepseek_v32__vs__always_cooperate__seed105,DeepSeek-V3.2,Always Cooperate,105,1,1.0
deepseek_v32__vs__always_cooperate__seed105,DeepSeek-V3.2,Always Cooperate,105,2,1.0
deepseek_v32__vs__always_cooperate__seed105,DeepSeek-V3.2,Always Cooperate,105,3,1.0
deepseek_v32__vs__always_cooperate__seed105,DeepSeek-V3.2,Always Cooperate,105,4,1.0
deepseek_v32__vs__always_cooperate__seed105,DeepSeek-V3.2,Always Cooperate,105,5,1.0
deepseek_v32__vs__always_cooperate__seed105,DeepSeek-V3.2,Always Cooperate,105,6,1.0
deepseek_v32__vs__always_cooperate__seed105,DeepSeek-V3.2,Always Cooperate,105,7,1.0
deepseek_v32__vs__always_cooperate__seed105,DeepSeek-V3.2,Always Cooperate,105,8,1.0
deepseek_v32__vs__always_cooperate__seed105,DeepSeek-V3.2,Always Cooperate,105,9,1.0
deepseek_v32__vs__always_cooperate__seed105,DeepSeek-V3.2,Always Cooperate,105,10,1.0
deepseek_v32__vs__always_cooperate__seed105,DeepSeek-V3.2,Always Cooperate,105,11,1.0
deepseek_v32__vs__always_cooperate__seed105,DeepSeek-V3.2,Always Cooperate,105,12,1.0
deepseek_v32__vs__always_cooperate__seed105,DeepSeek-V3.2,Always Cooperate,105,13,1.0
deepseek_v32__vs__always_cooperate__seed105,DeepSeek-V3.2,Always Cooperate,105,14,1.0
deepseek_v32__vs__always_cooperate__seed105,DeepSeek-V3.2,Always Cooperate,105,15,1.0
deepseek_v32__vs__always_cooperate__seed105,DeepSeek-V3.2,Always Cooperate,105,16,1.0
deepseek_v32__vs__always_cooperate__seed105,DeepSeek-V3.2,Always Cooperate,105,17,1.0
deepseek_v32__vs__always_cooperate__seed105,DeepSeek-V3.2,Always Cooperate,105,18,1.0
deepseek_v32__vs__always_cooperate__seed105,DeepSeek-V3.2,Always Cooperate,105,19,1.0
deepseek_v32__vs__always_cooperate__seed105,DeepSeek-V3.2,Always Cooperate,105,20,1.0
deepseek_v32__vs__always_cooperate__seed105,DeepSeek-V3.2,Always Cooperate,105,21,1.0
deepseek_v32__vs__always_cooperate__seed105,DeepSeek-V3.2,Always Cooperate,105,22,1.0
deepseek_v32__vs__always_cooperate__seed105,DeepSeek-V3.2,Always Cooperate,105,23,1.0
deepseek_v32__vs__always_cooperate__seed105,DeepSeek-V3.2,Always Cooperate,105,24,1.0
deepseek_v32__vs__always_cooperate__seed105,DeepSeek-V3.2,Always Cooperate,105,25,1.0
deepseek_v32__vs__always_cooperate__seed105,DeepSeek-V3.2,Always Cooperate,105,26,1.0
deepseek_v32__vs__always_cooperate__seed105,DeepSeek-V3.2,Always Cooperate,105,27,1.0
deepseek_v32__vs__always_cooperate__seed105,DeepSeek-V3.2,Always Cooperate,105,28,1.0
deepseek_v32__vs__always_cooperate__seed105,DeepSeek-V3.2,Always Cooperate,105,29,1.0
deepseek_v32__vs__always_cooperate__seed105,DeepSeek-V3.2,Always Cooperate,105,30,1.0
deepseek_v32__vs__always_cooperate__seed105,DeepSeek-V3.2,Always Cooperate,105,31,1.0
deepseek_v32__vs__always_cooperate__seed105,DeepSeek-V3.2,Always Cooperate,105,32,1.0
deepseek_v32__vs__always_cooperate__seed105,DeepSeek-V3.2,Always Cooperate,105,33,1.0
deepseek_v32__vs__always_cooperate__seed105,DeepSeek-V3.2,Always Cooperate,105,34,1.0
deepseek_v32__vs__always_cooperate__seed105,DeepSeek-V3.2,Always Cooperate,105,35,1.0
deepseek_v32__vs__always_cooperate__seed105,DeepSeek-V3.2,Always Cooperate,105,36,1.0
deepseek_v32__vs__always_cooperate__seed105,DeepSeek-V3.2,Always Cooperate,105,37,1.0
deepseek_v32__vs__always_cooperate__seed105,DeepSeek-V3.2,Always Cooperate,105,38,1.0
deepseek_v32__vs__always_cooperate__seed105,DeepSeek-V3.2,Always Cooperate,105,39,1.0
deepseek_v32__vs__always_cooperate__seed105,DeepSeek-V3.2,Always Cooperate,105,40,1.0
deepseek_v32__vs__always_cooperate__seed105,DeepSeek-V3.2,Always Cooperate,105,41,1.0
deepseek_v32__vs__always_cooperate__seed105,DeepSeek-V3.2,Always Cooperate,105,42,1.0
deepseek_v32__vs__always_cooperate__seed105,DeepSeek-V3.2,Always Cooperate,105,43,1.0
deepseek_v32__vs__always_cooperate__seed105,DeepSeek-V3.2,Always Cooperate,105,44,1.0
deepseek_v32__vs__always_cooperate__seed105,DeepSeek-V3.2,Always Cooperate,105,45,1.0
deepseek_v32__vs__always_cooperate__seed105,DeepSeek-V3.2,Always Cooperate,105,46,1.0
deepseek_v32__vs__always_cooperate__seed105,DeepSeek-V3.2,Always Cooperate,105,47,1.0
deepseek_v32__vs__always_cooperate__seed105,DeepSeek-V3.2,Always Cooperate,105,48,1.0
deepseek_v32__vs__always_cooperate__seed105,DeepSeek-V3.2,Always Cooperate,105,49,1.0
deepseek_v32__vs__always_cooperate__seed105,DeepSeek-V3.2,Always Cooperate,105,50,1.0
deepseek_v32__vs__always_defect__seed101,DeepSeek-V3.2,Always Defect,101,1,0.0
deepseek_v32__vs__always_defect__seed101,DeepSeek-V3.2,Always Defect,101,2,0.0
deepseek_v32__vs__always_defect__seed101,DeepSeek-V3.2,Always Defect,101,3,0.0
deepseek_v32__vs__always_defect__seed101,DeepSeek-V3.2,Always Defect,101,4,0.0
deepseek_v32__vs__always_defect__seed101,DeepSeek-V3.2,Always Defect,101,5,0.0
deepseek_v32__vs__always_defect__seed101,DeepSeek-V3.2,Always Defect,101,6,0.0
deepseek_v32__vs__always_defect__seed101,DeepSeek-V3.2,Always Defect,101,7,0.0
deepseek_v32__vs__always_defect__seed101,DeepSeek-V3.2,Always Defect,101,8,0.0
deepseek_v32__vs__always_defect__seed101,DeepSeek-V3.2,Always Defect,101,9,0.0
deepseek_v32__vs__always_defect__seed101,DeepSeek-V3.2,Always Defect,101,10,0.0
deepseek_v32__vs__always_defect__seed101,DeepSeek-V3.2,Always Defect,101,11,0.0
deepseek_v32__vs__always_defect__seed101,DeepSeek-V3.2,Always Defect,101,12,0.0
deepseek_v32__vs__always_defect__seed101,DeepSeek-V3.2,Always Defect,101,13,0.0
deepseek_v32__vs__always_defect__seed101,DeepSeek-V3.2,Always Defect,101,14,0.0
deepseek_v32__vs__always_defect__seed101,DeepSeek-V3.2,Always Defect,101,15,0.0
deepseek_v32__vs__always_defect__seed101,DeepSeek-V3.2,Always Defect,101,16,0.0
deepseek_v32__vs__always_defect__seed101,DeepSeek-V3.2,Always Defect,101,17,0.0
deepseek_v32__vs__always_defect__seed101,DeepSeek-V3.2,Always Defect,101,18,0.0
deepseek_v32__vs__always_defect__seed101,DeepSeek-V3.2,Always Defect,101,19,0.0
deepseek_v32__vs__always_defect__seed101,DeepSeek-V3.2,Always Defect,101,20,0.0
deepseek_v32__vs__always_defect__seed101,DeepSeek-V3.2,Always Defect,101,21,0.0
deepseek_v32__vs__always_defect__seed101,DeepSeek-V3.2,Always Defect,101,22,0.0
deepseek_v32__vs__always_defect__seed101,DeepSeek-V3.2,Always Defect,101,23,0.0
deepseek_v32__vs__always_defect__seed101,DeepSeek-V3.2,Always Defect,101,24,0.0
deepseek_v32__vs__always_defect__seed101,DeepSeek-V3.2,Always Defect,101,25,0.0
deepseek_v32__vs__always_defect__seed101,DeepSeek-V3.2,Always Defect,101,26,0.0
deepseek_v32__vs__always_defect__seed101,DeepSeek-V3.2,Always Defect,101,27,0.0
deepseek_v32__vs__always_defect__seed101,DeepSeek-V3.2,Always Defect,101,28,0.0
deepseek_v32__vs__always_defect__seed101,DeepSeek-V3.2,Always Defect,101,29,0.0
deepseek_v32__vs__always_defect__seed101,DeepSeek-V3.2,Always Defect,101,30,0.0
deepseek_v32__vs__always_defect__seed101,DeepSeek-V3.2,Always Defect,101,31,0.0
deepseek_v32__vs__always_defect__seed101,DeepSeek-V3.2,Always Defect,101,32,0.0
deepseek_v32__vs__always_defect__seed101,DeepSeek-V3.2,Always Defect,101,33,0.0
deepseek_v32__vs__always_defect__seed101,DeepSeek-V3.2,Always Defect,101,34,0.0
deepseek_v32__vs__always_defect__seed101,DeepSeek-V3.2,Always Defect,101,35,0.0
deepseek_v32__vs__always_defect__seed101,DeepSeek-V3.2,Always Defect,101,36,0.0
deepseek_v32__vs__always_defect__seed101,DeepSeek-V3.2,Always Defect,101,37,0.0
deepseek_v32__vs__always_defect__seed101,DeepSeek-V3.2,Always Defect,101,38,0.0
deepseek_v32__vs__always_defect__seed101,DeepSeek-V3.2,Always Defect,101,39,0.0
deepseek_v32__vs__always_defect__seed101,DeepSeek-V3.2,Always Defect,101,40,0.0
deepseek_v32__vs__always_defect__seed101,DeepSeek-V3.2,Always Defect,101,41,0.0
deepseek_v32__vs__always_defect__seed101,DeepSeek-V3.2,Always Defect,101,42,0.0
deepseek_v32__vs__always_defect__seed101,DeepSeek-V3.2,Always Defect,101,43,0.0
deepseek_v32__vs__always_defect__seed101,DeepSeek-V3.2,Always Defect,101,44,0.0
deepseek_v32__vs__always_defect__seed101,DeepSeek-V3.2,Always Defect,101,45,0.0
deepseek_v32__vs__always_defect__seed101,DeepSeek-V3.2,Always Defect,101,46,0.0
deepseek_v32__vs__always_defect__seed101,DeepSeek-V3.2,Always Defect,101,47,0.0
deepseek_v32__vs__always_defect__seed101,DeepSeek-V3.2,Always Defect,101,48,0.0
deepseek_v32__vs__always_defect__seed101,DeepSeek-V3.2,Always Defect,101,49,0.0
deepseek_v32__vs__always_defect__seed101,DeepSeek-V3.2,Always Defect,101,50,0.0
deepseek_v32__vs__always_defect__seed102,DeepSeek-V3.2,Always Defect,102,1,0.25
deepseek_v32__vs__always_defect__seed102,DeepSeek-V3.2,Always Defect,102,2,0.0
deepseek_v32__vs__always_defect__seed102,DeepSeek-V3.2,Always Defect,102,3,0.0
deepseek_v32__vs__always_defect__seed102,DeepSeek-V3.2,Always Defect,102,4,0.0
deepseek_v32__vs__always_defect__seed102,DeepSeek-V3.2,Always Defect,102,5,0.75
deepseek_v32__vs__always_defect__seed102,DeepSeek-V3.2,Always Defect,102,6,0.0
deepseek_v32__vs__always_defect__seed102,DeepSeek-V3.2,Always Defect,102,7,0.0
deepseek_v32__vs__always_defect__seed102,DeepSeek-V3.2,Always Defect,102,8,0.0
deepseek_v32__vs__always_defect__seed102,DeepSeek-V3.2,Always Defect,102,9,0.0
deepseek_v32__vs__always_defect__seed102,DeepSeek-V3.2,Always Defect,102,10,0.0
deepseek_v32__vs__always_defect__seed102,DeepSeek-V3.2,Always Defect,102,11,0.0
deepseek_v32__vs__always_defect__seed102,DeepSeek-V3.2,Always Defect,102,12,0.0
deepseek_v32__vs__always_defect__seed102,DeepSeek-V3.2,Always Defect,102,13,0.0
deepseek_v32__vs__always_defect__seed102,DeepSeek-V3.2,Always Defect,102,14,0.0
deepseek_v32__vs__always_defect__seed102,DeepSeek-V3.2,Always Defect,102,15,0.0
deepseek_v32__vs__always_defect__seed102,DeepSeek-V3.2,Always Defect,102,16,0.0
deepseek_v32__vs__always_defect__seed102,DeepSeek-V3.2,Always Defect,102,17,0.0
deepseek_v32__vs__always_defect__seed102,DeepSeek-V3.2,Always Defect,102,18,0.0
deepseek_v32__vs__always_defect__seed102,DeepSeek-V3.2,Always Defect,102,19,0.0
deepseek_v32__vs__always_defect__seed102,DeepSeek-V3.2,Always Defect,102,20,0.0
deepseek_v32__vs__always_defect__seed102,DeepSeek-V3.2,Always Defect,102,21,0.0
deepseek_v32__vs__always_defect__seed102,DeepSeek-V3.2,Always Defect,102,22,0.0
deepseek_v32__vs__always_defect__seed102,DeepSeek-V3.2,Always Defect,102,23,0.0
deepseek_v32__vs__always_defect__seed102,DeepSeek-V3.2,Always Defect,102,24,0.0
deepseek_v32__vs__always_defect__seed102,DeepSeek-V3.2,Always Defect,102,25,0.0
deepseek_v32__vs__always_defect__seed102,DeepSeek-V3.2,Always Defect,102,26,0.0
deepseek_v32__vs__always_defect__seed102,DeepSeek-V3.2,Always Defect,102,27,0.0
deepseek_v32__vs__always_defect__seed102,DeepSeek-V3.2,Always Defect,102,28,0.0
deepseek_v32__vs__always_defect__seed102,DeepSeek-V3.2,Always Defect,102,29,0.0
deepseek_v32__vs__always_defect__seed102,DeepSeek-V3.2,Always Defect,102,30,0.0
deepseek_v32__vs__always_defect__seed102,DeepSeek-V3.2,Always Defect,102,31,0.0
deepseek_v32__vs__always_defect__seed102,DeepSeek-V3.2,Always Defect,102,32,0.0
deepseek_v32__vs__always_defect__seed102,DeepSeek-V3.2,Always Defect,102,33,0.0
deepseek_v32__vs__always_defect__seed102,DeepSeek-V3.2,Always Defect,102,34,0.0
deepseek_v32__vs__always_defect__seed102,DeepSeek-V3.2,Always Defect,102,35,0.0
deepseek_v32__vs__always_defect__seed102,DeepSeek-V3.2,Always Defect,102,36,0.0
deepseek_v32__vs__always_defect__seed102,DeepSeek-V3.2,Always Defect,102,37,0.0
deepseek_v32__vs__always_defect__seed102,DeepSeek-V3.2,Always Defect,102,38,0.0
deepseek_v32__vs__always_defect__seed102,DeepSeek-V3.2,Always Defect,102,39,0.0
deepseek_v32__vs__always_defect__seed102,DeepSeek-V3.2,Always Defect,102,40,0.0
deepseek_v32__vs__always_defect__seed102,DeepSeek-V3.2,Always Defect,102,41,0.0
deepseek_v32__vs__always_defect__seed102,DeepSeek-V3.2,Always Defect,102,42,0.0
deepseek_v32__vs__always_defect__seed102,DeepSeek-V3.2,Always Defect,102,43,0.0
deepseek_v32__vs__always_defect__seed102,DeepSeek-V3.2,Always Defect,102,44,0.0
deepseek_v32__vs__always_defect__seed102,DeepSeek-V3.2,Always Defect,102,45,0.0
deepseek_v32__vs__always_defect__seed102,DeepSeek-V3.2,Always Defect,102,46,0.0
deepseek_v32__vs__always_defect__seed102,DeepSeek-V3.2,Always Defect,102,47,0.0
deepseek_v32__vs__always_defect__seed102,DeepSeek-V3.2,Always Defect,102,48,0.0
deepseek_v32__vs__always_defect__seed102,DeepSeek-V3.2,Always Defect,102,49,0.0
deepseek_v32__vs__always_defect__seed102,DeepSeek-V3.2,Always Defect,102,50,0.0
deepseek_v32__vs__always_defect__seed103,DeepSeek-V3.2,Always Defect,103,1,1.0
deepseek_v32__vs__always_defect__seed103,DeepSeek-V3.2,Always Defect,103,2,0.0
deepseek_v32__vs__always_defect__seed103,DeepSeek-V3.2,Always Defect,103,3,0.0
deepseek_v32__vs__always_defect__seed103,DeepSeek-V3.2,Always Defect,103,4,0.0
deepseek_v32__vs__always_defect__seed103,DeepSeek-V3.2,Always Defect,103,5,0.0
deepseek_v32__vs__always_defect__seed103,DeepSeek-V3.2,Always Defect,103,6,0.0
deepseek_v32__vs__always_defect__seed103,DeepSeek-V3.2,Always Defect,103,7,0.0
deepseek_v32__vs__always_defect__seed103,DeepSeek-V3.2,Always Defect,103,8,1.0
deepseek_v32__vs__always_defect__seed103,DeepSeek-V3.2,Always Defect,103,9,0.0
deepseek_v32__vs__always_defect__seed103,DeepSeek-V3.2,Always Defect,103,10,0.0
deepseek_v32__vs__always_defect__seed103,DeepSeek-V3.2,Always Defect,103,11,0.0
deepseek_v32__vs__always_defect__seed103,DeepSeek-V3.2,Always Defect,103,12,0.0
deepseek_v32__vs__always_defect__seed103,DeepSeek-V3.2,Always Defect,103,13,0.0
deepseek_v32__vs__always_defect__seed103,DeepSeek-V3.2,Always Defect,103,14,0.0
deepseek_v32__vs__always_defect__seed103,DeepSeek-V3.2,Always Defect,103,15,0.0
deepseek_v32__vs__always_defect__seed103,DeepSeek-V3.2,Always Defect,103,16,0.0
deepseek_v32__vs__always_defect__seed103,DeepSeek-V3.2,Always Defect,103,17,0.0
deepseek_v32__vs__always_defect__seed103,DeepSeek-V3.2,Always Defect,103,18,0.0
deepseek_v32__vs__always_defect__seed103,DeepSeek-V3.2,Always Defect,103,19,0.0
deepseek_v32__vs__always_defect__seed103,DeepSeek-V3.2,Always Defect,103,20,0.0
deepseek_v32__vs__always_defect__seed103,DeepSeek-V3.2,Always Defect,103,21,0.0
deepseek_v32__vs__always_defect__seed103,DeepSeek-V3.2,Always Defect,103,22,0.0
deepseek_v32__vs__always_defect__seed103,DeepSeek-V3.2,Always Defect,103,23,0.0
deepseek_v32__vs__always_defect__seed103,DeepSeek-V3.2,Always Defect,103,24,0.0
deepseek_v32__vs__always_defect__seed103,DeepSeek-V3.2,Always Defect,103,25,0.0
deepseek_v32__vs__always_defect__seed103,DeepSeek-V3.2,Always Defect,103,26,0.0
deepseek_v32__vs__always_defect__seed103,DeepSeek-V3.2,Always Defect,103,27,0.0
deepseek_v32__vs__always_defect__seed103,DeepSeek-V3.2,Always Defect,103,28,0.0
deepseek_v32__vs__always_defect__seed103,DeepSeek-V3.2,Always Defect,103,29,0.0
deepseek_v32__vs__always_defect__seed103,DeepSeek-V3.2,Always Defect,103,30,0.0
deepseek_v32__vs__always_defect__seed103,DeepSeek-V3.2,Always Defect,103,31,0.0
deepseek_v32__vs__always_defect__seed103,DeepSeek-V3.2,Always Defect,103,32,0.0
deepseek_v32__vs__always_defect__seed103,DeepSeek-V3.2,Always Defect,103,33,0.0
deepseek_v32__vs__always_defect__seed103,DeepSeek-V3.2,Always Defect,103,34,0.0
deepseek_v32__vs__always_defect__seed103,DeepSeek-V3.2,Always Defect,103,35,0.0
deepseek_v32__vs__always_defect__seed103,DeepSeek-V3.2,Always Defect,103,36,0.0
deepseek_v32__vs__always_defect__seed103,DeepSeek-V3.2,Always Defect,103,37,0.0
deepseek_v32__vs__always_defect__seed103,DeepSeek-V3.2,Always Defect,103,38,0.0
deepseek_v32__vs__always_defect__seed103,DeepSeek-V3.2,Always Defect,103,39,0.0
deepseek_v32__vs__always_defect__seed103,DeepSeek-V3.2,Always Defect,103,40,0.0
deepseek_v32__vs__always_defect__seed103,DeepSeek-V3.2,Always Defect,103,41,0.0
deepseek_v32__vs__always_defect__seed103,DeepSeek-V3.2,Always Defect,103,42,0.0
deepseek_v32__vs__always_defect__seed103,DeepSeek-V3.2,Always Defect,103,43,0.0
deepseek_v32__vs__always_defect__seed103,DeepSeek-V3.2,Always Defect,103,44,0.0
deepseek_v32__vs__always_defect__seed103,DeepSeek-V3.2,Always Defect,103,45,0.0
deepseek_v32__vs__always_defect__seed103,DeepSeek-V3.2,Always Defect,103,46,0.0
deepseek_v32__vs__always_defect__seed103,DeepSeek-V3.2,Always Defect,103,47,0.0
deepseek_v32__vs__always_defect__seed103,DeepSeek-V3.2,Always Defect,103,48,0.0
deepseek_v32__vs__always_defect__seed103,DeepSeek-V3.2,Always Defect,103,49,0.0
deepseek_v32__vs__always_defect__seed103,DeepSeek-V3.2,Always Defect,103,50,0.0
deepseek_v32__vs__always_defect__seed104,DeepSeek-V3.2,Always Defect,104,1,0.5
deepseek_v32__vs__always_defect__seed104,DeepSeek-V3.2,Always Defect,104,2,1.0
deepseek_v32__vs__always_defect__seed104,DeepSeek-V3.2,Always Defect,104,3,1.0
deepseek_v32__vs__always_defect__seed104,DeepSeek-V3.2,Always Defect,104,4,0.75
deepseek_v32__vs__always_defect__seed104,DeepSeek-V3.2,Always Defect,104,5,1.0
deepseek_v32__vs__always_defect__seed104,DeepSeek-V3.2,Always Defect,104,6,0.0
deepseek_v32__vs__always_defect__seed104,DeepSeek-V3.2,Always Defect,104,7,0.0
deepseek_v32__vs__always_defect__seed104,DeepSeek-V3.2,Always Defect,104,8,0.0
deepseek_v32__vs__always_defect__seed104,DeepSeek-V3.2,Always Defect,104,9,0.0
deepseek_v32__vs__always_defect__seed104,DeepSeek-V3.2,Always Defect,104,10,0.0
deepseek_v32__vs__always_defect__seed104,DeepSeek-V3.2,Always Defect,104,11,0.0
deepseek_v32__vs__always_defect__seed104,DeepSeek-V3.2,Always Defect,104,12,0.0
deepseek_v32__vs__always_defect__seed104,DeepSeek-V3.2,Always Defect,104,13,0.0
deepseek_v32__vs__always_defect__seed104,DeepSeek-V3.2,Always Defect,104,14,0.0
deepseek_v32__vs__always_defect__seed104,DeepSeek-V3.2,Always Defect,104,15,0.0
deepseek_v32__vs__always_defect__seed104,DeepSeek-V3.2,Always Defect,104,16,0.0
deepseek_v32__vs__always_defect__seed104,DeepSeek-V3.2,Always Defect,104,17,0.0
deepseek_v32__vs__always_defect__seed104,DeepSeek-V3.2,Always Defect,104,18,0.0
deepseek_v32__vs__always_defect__seed104,DeepSeek-V3.2,Always Defect,104,19,0.0
deepseek_v32__vs__always_defect__seed104,DeepSeek-V3.2,Always Defect,104,20,0.0
deepseek_v32__vs__always_defect__seed104,DeepSeek-V3.2,Always Defect,104,21,0.0
deepseek_v32__vs__always_defect__seed104,DeepSeek-V3.2,Always Defect,104,22,0.0
deepseek_v32__vs__always_defect__seed104,DeepSeek-V3.2,Always Defect,104,23,0.0
deepseek_v32__vs__always_defect__seed104,DeepSeek-V3.2,Always Defect,104,24,0.0
deepseek_v32__vs__always_defect__seed104,DeepSeek-V3.2,Always Defect,104,25,0.0
deepseek_v32__vs__always_defect__seed104,DeepSeek-V3.2,Always Defect,104,26,0.0
deepseek_v32__vs__always_defect__seed104,DeepSeek-V3.2,Always Defect,104,27,0.0
deepseek_v32__vs__always_defect__seed104,DeepSeek-V3.2,Always Defect,104,28,0.0
deepseek_v32__vs__always_defect__seed104,DeepSeek-V3.2,Always Defect,104,29,0.0
deepseek_v32__vs__always_defect__seed104,DeepSeek-V3.2,Always Defect,104,30,1.0
deepseek_v32__vs__always_defect__seed104,DeepSeek-V3.2,Always Defect,104,31,1.0
deepseek_v32__vs__always_defect__seed104,DeepSeek-V3.2,Always Defect,104,32,0.0
deepseek_v32__vs__always_defect__seed104,DeepSeek-V3.2,Always Defect,104,33,0.0
deepseek_v32__vs__always_defect__seed104,DeepSeek-V3.2,Always Defect,104,34,0.0
deepseek_v32__vs__always_defect__seed104,DeepSeek-V3.2,Always Defect,104,35,0.0
deepseek_v32__vs__always_defect__seed104,DeepSeek-V3.2,Always Defect,104,36,0.0
deepseek_v32__vs__always_defect__seed104,DeepSeek-V3.2,Always Defect,104,37,0.0
deepseek_v32__vs__always_defect__seed104,DeepSeek-V3.2,Always Defect,104,38,0.0
deepseek_v32__vs__always_defect__seed104,DeepSeek-V3.2,Always Defect,104,39,0.0
deepseek_v32__vs__always_defect__seed104,DeepSeek-V3.2,Always Defect,104,40,0.0
deepseek_v32__vs__always_defect__seed104,DeepSeek-V3.2,Always Defect,104,41,0.0
deepseek_v32__vs__always_defect__seed104,DeepSeek-V3.2,Always Defect,104,42,0.0
deepseek_v32__vs__always_defect__seed104,DeepSeek-V3.2,Always Defect,104,43,0.0
deepseek_v32__vs__always_defect__seed104,DeepSeek-V3.2,Always Defect,104,44,0.0
deepseek_v32__vs__always_defect__seed104,DeepSeek-V3.2,Always Defect,104,45,0.0
deepseek_v32__vs__always_defect__seed104,DeepSeek-V3.2,Always Defect,104,46,0.0
deepseek_v32__vs__always_defect__seed104,DeepSeek-V3.2,Always Defect,104,47,0.0
deepseek_v32__vs__always_defect__seed104,DeepSeek-V3.2,Always Defect,104,48,0.0
deepseek_v32__vs__always_defect__seed104,DeepSeek-V3.2,Always Defect,104,49,0.0
deepseek_v32__vs__always_defect__seed104,DeepSeek-V3.2,Always Defect,104,50,0.0
deepseek_v32__vs__always_defect__seed105,DeepSeek-V3.2,Always Defect,105,1,1.0
deepseek_v32__vs__always_defect__seed105,DeepSeek-V3.2,Always Defect,105,2,0.0
deepseek_v32__vs__always_defect__seed105,DeepSeek-V3.2,Always Defect,105,3,0.0
deepseek_v32__vs__always_defect__seed105,DeepSeek-V3.2,Always Defect,105,4,0.0
deepseek_v32__vs__always_defect__seed105,DeepSeek-V3.2,Always Defect,105,5,0.0
deepseek_v32__vs__always_defect__seed105,DeepSeek-V3.2,Always Defect,105,6,0.0
deepseek_v32__vs__always_defect__seed105,DeepSeek-V3.2,Always Defect,105,7,0.0
deepseek_v32__vs__always_defect__seed105,DeepSeek-V3.2,Always Defect,105,8,0.0
deepseek_v32__vs__always_defect__seed105,DeepSeek-V3.2,Always Defect,105,9,0.0
deepseek_v32__vs__always_defect__seed105,DeepSeek-V3.2,Always Defect,105,10,1.0
deepseek_v32__vs__always_defect__seed105,DeepSeek-V3.2,Always Defect,105,11,0.0
deepseek_v32__vs__always_defect__seed105,DeepSeek-V3.2,Always Defect,105,12,0.0
deepseek_v32__vs__always_defect__seed105,DeepSeek-V3.2,Always Defect,105,13,0.0
deepseek_v32__vs__always_defect__seed105,DeepSeek-V3.2,Always Defect,105,14,0.0
deepseek_v32__vs__always_defect__seed105,DeepSeek-V3.2,Always Defect,105,15,0.0
deepseek_v32__vs__always_defect__seed105,DeepSeek-V3.2,Always Defect,105,16,0.0
deepseek_v32__vs__always_defect__seed105,DeepSeek-V3.2,Always Defect,105,17,0.0
deepseek_v32__vs__always_defect__seed105,DeepSeek-V3.2,Always Defect,105,18,0.0
deepseek_v32__vs__always_defect__seed105,DeepSeek-V3.2,Always Defect,105,19,0.0
deepseek_v32__vs__always_defect__seed105,DeepSeek-V3.2,Always Defect,105,20,1.0
deepseek_v32__vs__always_defect__seed105,DeepSeek-V3.2,Always Defect,105,21,0.0
deepseek_v32__vs__always_defect__seed105,DeepSeek-V3.2,Always Defect,105,22,0.0
deepseek_v32__vs__always_defect__seed105,DeepSeek-V3.2,Always Defect,105,23,0.0
deepseek_v32__vs__always_defect__seed105,DeepSeek-V3.2,Always Defect,105,24,0.0
deepseek_v32__vs__always_defect__seed105,DeepSeek-V3.2,Always Defect,105,25,0.0
deepseek_v32__vs__always_defect__seed105,DeepSeek-V3.2,Always Defect,105,26,0.0
deepseek_v32__vs__always_defect__seed105,DeepSeek-V3.2,Always Defect,105,27,0.0
deepseek_v32__vs__always_defect__seed105,DeepSeek-V3.2,Always Defect,105,28,0.0
deepseek_v32__vs__always_defect__seed105,DeepSeek-V3.2,Always Defect,105,29,0.0
deepseek_v32__vs__always_defect__seed105,DeepSeek-V3.2,Always Defect,105,30,0.0
deepseek_v32__vs__always_defect__seed105,DeepSeek-V3.2,Always Defect,105,31,0.0
deepseek_v32__vs__always_defect__seed105,DeepSeek-V3.2,Always Defect,105,32,0.0
deepseek_v32__vs__always_defect__seed105,DeepSeek-V3.2,Always Defect,105,33,0.0
deepseek_v32__vs__always_defect__seed105,DeepSeek-V3.2,Always Defect,105,34,0.0
deepseek_v32__vs__always_defect__seed105,DeepSeek-V3.2,Always Defect,105,35,1.0
deepseek_v32__vs__always_defect__seed105,DeepSeek-V3.2,Always Defect,105,36,0.0
deepseek_v32__vs__always_defect__seed105,DeepSeek-V3.2,Always Defect,105,37,0.0
deepseek_v32__vs__always_defect__seed105,DeepSeek-V3.2,Always Defect,105,38,0.0
deepseek_v32__vs__always_defect__seed105,DeepSeek-V3.2,Always Defect,105,39,0.0
deepseek_v32__vs__always_defect__seed105,DeepSeek-V3.2,Always Defect,105,40,0.0
deepseek_v32__vs__always_defect__seed105,DeepSeek-V3.2,Always Defect,105,41,0.0
deepseek_v32__vs__always_defect__seed105,DeepSeek-V3.2,Always Defect,105,42,0.0
deepseek_v32__vs__always_defect__seed105,DeepSeek-V3.2,Always Defect,105,43,0.0
deepseek_v32__vs__always_defect__seed105,DeepSeek-V3.2,Always Defect,105,44,0.0
deepseek_v32__vs__always_defect__seed105,DeepSeek-V3.2,Always Defect,105,45,0.0
deepseek_v32__vs__always_defect__seed105,DeepSeek-V3.2,Always Defect,105,46,0.0
deepseek_v32__vs__always_defect__seed105,DeepSeek-V3.2,Always Defect,105,47,0.0
deepseek_v32__vs__always_defect__seed105,DeepSeek-V3.2,Always Defect,105,48,0.0
deepseek_v32__vs__always_defect__seed105,DeepSeek-V3.2,Always Defect,105,49,0.0
deepseek_v32__vs__always_defect__seed105,DeepSeek-V3.2,Always Defect,105,50,0.0
deepseek_v32__vs__graded_tft__seed101,DeepSeek-V3.2,Graded TFT,101,1,1.0
deepseek_v32__vs__graded_tft__seed101,DeepSeek-V3.2,Graded TFT,101,2,1.0
deepseek_v32__vs__graded_tft__seed101,DeepSeek-V3.2,Graded TFT,101,3,1.0
deepseek_v32__vs__graded_tft__seed101,DeepSeek-V3.2,Graded TFT,101,4,1.0
deepseek_v32__vs__graded_tft__seed101,DeepSeek-V3.2,Graded TFT,101,5,1.0
deepseek_v32__vs__graded_tft__seed101,DeepSeek-V3.2,Graded TFT,101,6,1.0
deepseek_v32__vs__graded_tft__seed101,DeepSeek-V3.2,Graded TFT,101,7,1.0
deepseek_v32__vs__graded_tft__seed101,DeepSeek-V3.2,Graded TFT,101,8,1.0
deepseek_v32__vs__graded_tft__seed101,DeepSeek-V3.2,Graded TFT,101,9,1.0
deepseek_v32__vs__graded_tft__seed101,DeepSeek-V3.2,Graded TFT,101,10,1.0
deepseek_v32__vs__graded_tft__seed101,DeepSeek-V3.2,Graded TFT,101,11,1.0
deepseek_v32__vs__graded_tft__seed101,DeepSeek-V3.2,Graded TFT,101,12,1.0
deepseek_v32__vs__graded_tft__seed101,DeepSeek-V3.2,Graded TFT,101,13,1.0
deepseek_v32__vs__graded_tft__seed101,DeepSeek-V3.2,Graded TFT,101,14,1.0
deepseek_v32__vs__graded_tft__seed101,DeepSeek-V3.2,Graded TFT,101,15,1.0
deepseek_v32__vs__graded_tft__seed101,DeepSeek-V3.2,Graded TFT,101,16,1.0
deepseek_v32__vs__graded_tft__seed101,DeepSeek-V3.2,Graded TFT,101,17,1.0
deepseek_v32__vs__graded_tft__seed101,DeepSeek-V3.2,Graded TFT,101,18,1.0
deepseek_v32__vs__graded_tft__seed101,DeepSeek-V3.2,Graded TFT,101,19,1.0
deepseek_v32__vs__graded_tft__seed101,DeepSeek-V3.2,Graded TFT,101,20,1.0
deepseek_v32__vs__graded_tft__seed101,DeepSeek-V3.2,Graded TFT,101,21,1.0
deepseek_v32__vs__graded_tft__seed101,DeepSeek-V3.2,Graded TFT,101,22,1.0
deepseek_v32__vs__graded_tft__seed101,DeepSeek-V3.2,Graded TFT,101,23,1.0
deepseek_v32__vs__graded_tft__seed101,DeepSeek-V3.2,Graded TFT,101,24,1.0
deepseek_v32__vs__graded_tft__seed101,DeepSeek-V3.2,Graded TFT,101,25,1.0
deepseek_v32__vs__graded_tft__seed101,DeepSeek-V3.2,Graded TFT,101,26,1.0
deepseek_v32__vs__graded_tft__seed101,DeepSeek-V3.2,Graded TFT,101,27,1.0
deepseek_v32__vs__graded_tft__seed101,DeepSeek-V3.2,Graded TFT,101,28,1.0
deepseek_v32__vs__graded_tft__seed101,DeepSeek-V3.2,Graded TFT,101,29,1.0
deepseek_v32__vs__graded_tft__seed101,DeepSeek-V3.2,Graded TFT,101,30,1.0
deepseek_v32__vs__graded_tft__seed101,DeepSeek-V3.2,Graded TFT,101,31,1.0
deepseek_v32__vs__graded_tft__seed101,DeepSeek-V3.2,Graded TFT,101,32,1.0
deepseek_v32__vs__graded_tft__seed101,DeepSeek-V3.2,Graded TFT,101,33,1.0
deepseek_v32__vs__graded_tft__seed101,DeepSeek-V3.2,Graded TFT,101,34,1.0
deepseek_v32__vs__graded_tft__seed101,DeepSeek-V3.2,Graded TFT,101,35,1.0
deepseek_v32__vs__graded_tft__seed101,DeepSeek-V3.2,Graded TFT,101,36,1.0
deepseek_v32__vs__graded_tft__seed101,DeepSeek-V3.2,Graded TFT,101,37,1.0
deepseek_v32__vs__graded_tft__seed101,DeepSeek-V3.2,Graded TFT,101,38,1.0
deepseek_v32__vs__graded_tft__seed101,DeepSeek-V3.2,Graded TFT,101,39,1.0
deepseek_v32__vs__graded_tft__seed101,DeepSeek-V3.2,Graded TFT,101,40,1.0
deepseek_v32__vs__graded_tft__seed101,DeepSeek-V3.2,Graded TFT,101,41,1.0
deepseek_v32__vs__graded_tft__seed101,DeepSeek-V3.2,Graded TFT,101,42,1.0
deepseek_v32__vs__graded_tft__seed101,DeepSeek-V3.2,Graded TFT,101,43,1.0
deepseek_v32__vs__graded_tft__seed101,DeepSeek-V3.2,Graded TFT,101,44,1.0
deepseek_v32__vs__graded_tft__seed101,DeepSeek-V3.2,Graded TFT,101,45,1.0
deepseek_v32__vs__graded_tft__seed101,DeepSeek-V3.2,Graded TFT,101,46,1.0
deepseek_v32__vs__graded_tft__seed101,DeepSeek-V3.2,Graded TFT,101,47,1.0
deepseek_v32__vs__graded_tft__seed101,DeepSeek-V3.2,Graded TFT,101,48,1.0
deepseek_v32__vs__graded_tft__seed101,DeepSeek-V3.2,Graded TFT,101,49,1.0
deepseek_v32__vs__graded_tft__seed101,DeepSeek-V3.2,Graded TFT,101,50,1.0
deepseek_v32__vs__graded_tft__seed102,DeepSeek-V3.2,Graded TFT,102,1,1.0
deepseek_v32__vs__graded_tft__seed102,DeepSeek-V3.2,Graded TFT,102,2,1.0
deepseek_v32__vs__graded_tft__seed102,DeepSeek-V3.2,Graded TFT,102,3,1.0
deepseek_v32__vs__graded_tft__seed102,DeepSeek-V3.2,Graded TFT,102,4,1.0
deepseek_v32__vs__graded_tft__seed102,DeepSeek-V3.2,Graded TFT,102,5,1.0
deepseek_v32__vs__graded_tft__seed102,DeepSeek-V3.2,Graded TFT,102,6,1.0
deepseek_v32__vs__graded_tft__seed102,DeepSeek-V3.2,Graded TFT,102,7,1.0
deepseek_v32__vs__graded_tft__seed102,DeepSeek-V3.2,Graded TFT,102,8,1.0
deepseek_v32__vs__graded_tft__seed102,DeepSeek-V3.2,Graded TFT,102,9,1.0
deepseek_v32__vs__graded_tft__seed102,DeepSeek-V3.2,Graded TFT,102,10,1.0
deepseek_v32__vs__graded_tft__seed102,DeepSeek-V3.2,Graded TFT,102,11,1.0
deepseek_v32__vs__graded_tft__seed102,DeepSeek-V3.2,Graded TFT,102,12,1.0
deepseek_v32__vs__graded_tft__seed102,DeepSeek-V3.2,Graded TFT,102,13,1.0
deepseek_v32__vs__graded_tft__seed102,DeepSeek-V3.2,Graded TFT,102,14,1.0
deepseek_v32__vs__graded_tft__seed102,DeepSeek-V3.2,Graded TFT,102,15,1.0
deepseek_v32__vs__graded_tft__seed102,DeepSeek-V3.2,Graded TFT,102,16,1.0
deepseek_v32__vs__graded_tft__seed102,DeepSeek-V3.2,Graded TFT,102,17,1.0
deepseek_v32__vs__graded_tft__seed102,DeepSeek-V3.2,Graded TFT,102,18,1.0
deepseek_v32__vs__graded_tft__seed102,DeepSeek-V3.2,Graded TFT,102,19,1.0
deepseek_v32__vs__graded_tft__seed102,DeepSeek-V3.2,Graded TFT,102,20,1.0
deepseek_v32__vs__graded_tft__seed102,DeepSeek-V3.2,Graded TFT,102,21,1.0
deepseek_v32__vs__graded_tft__seed102,DeepSeek-V3.2,Graded TFT,102,22,1.0
deepseek_v32__vs__graded_tft__seed102,DeepSeek-V3.2,Graded TFT,102,23,1.0
deepseek_v32__vs__graded_tft__seed102,DeepSeek-V3.2,Graded TFT,102,24,1.0
deepseek_v32__vs__graded_tft__seed102,DeepSeek-V3.2,Graded TFT,102,25,1.0
deepseek_v32__vs__graded_tft__seed102,DeepSeek-V3.2,Graded TFT,102,26,1.0
deepseek_v32__vs__graded_tft__seed102,DeepSeek-V3.2,Graded TFT,102,27,1.0
deepseek_v32__vs__graded_tft__seed102,DeepSeek-V3.2,Graded TFT,102,28,1.0
deepseek_v32__vs__graded_tft__seed102,DeepSeek-V3.2,Graded TFT,102,29,1.0
deepseek_v32__vs__graded_tft__seed102,DeepSeek-V3.2,Graded TFT,102,30,1.0
deepseek_v32__vs__graded_tft__seed102,DeepSeek-V3.2,Graded TFT,102,31,1.0
deepseek_v32__vs__graded_tft__seed102,DeepSeek-V3.2,Graded TFT,102,32,1.0
deepseek_v32__vs__graded_tft__seed102,DeepSeek-V3.2,Graded TFT,102,33,1.0
deepseek_v32__vs__graded_tft__seed102,DeepSeek-V3.2,Graded TFT,102,34,1.0
deepseek_v32__vs__graded_tft__seed102,DeepSeek-V3.2,Graded TFT,102,35,1.0
deepseek_v32__vs__graded_tft__seed102,DeepSeek-V3.2,Graded TFT,102,36,1.0
deepseek_v32__vs__graded_tft__seed102,DeepSeek-V3.2,Graded TFT,102,37,1.0
deepseek_v32__vs__graded_tft__seed102,DeepSeek-V3.2,Graded TFT,102,38,1.0
deepseek_v32__vs__graded_tft__seed102,DeepSeek-V3.2,Graded TFT,102,39,1.0
deepseek_v32__vs__graded_tft__seed102,DeepSeek-V3.2,Graded TFT,102,40,1.0
deepseek_v32__vs__graded_tft__seed102,DeepSeek-V3.2,Graded TFT,102,41,1.0
deepseek_v32__vs__graded_tft__seed102,DeepSeek-V3.2,Graded TFT,102,42,1.0
deepseek_v32__vs__graded_tft__seed102,DeepSeek-V3.2,Graded TFT,102,43,1.0
deepseek_v32__vs__graded_tft__seed102,DeepSeek-V3.2,Graded TFT,102,44,1.0
deepseek_v32__vs__graded_tft__seed102,DeepSeek-V3.2,Graded TFT,102,45,1.0
deepseek_v32__vs__graded_tft__seed102,DeepSeek-V3.2,Graded TFT,102,46,1.0
deepseek_v32__vs__graded_tft__seed102,DeepSeek-V3.2,Graded TFT,102,47,1.0
deepseek_v32__vs__graded_tft__seed102,DeepSeek-V3.2,Graded TFT,102,48,1.0
deepseek_v32__vs__graded_tft__seed102,DeepSeek-V3.2,Graded TFT,102,49,1.0
deepseek_v32__vs__graded_tft__seed102,DeepSeek-V3.2,Graded TFT,102,50,1.0
deepseek_v32__vs__graded_tft__seed103,DeepSeek-V3.2,Graded TFT,103,1,1.0
deepseek_v32__vs__graded_tft__seed103,DeepSeek-V3.2,Graded TFT,103,2,1.0
deepseek_v32__vs__graded_tft__seed103,DeepSeek-V3.2,Graded TFT,103,3,1.0
deepseek_v32__vs__graded_tft__seed103,DeepSeek-V3.2,Graded TFT,103,4,1.0
deepseek_v32__vs__graded_tft__seed103,DeepSeek-V3.2,Graded TFT,103,5,1.0
deepseek_v32__vs__graded_tft__seed103,DeepSeek-V3.2,Graded TFT,103,6,1.0
deepseek_v32__vs__graded_tft__seed103,DeepSeek-V3.2,Graded TFT,103,7,1.0
deepseek_v32__vs__graded_tft__seed103,DeepSeek-V3.2,Graded TFT,103,8,1.0
deepseek_v32__vs__graded_tft__seed103,DeepSeek-V3.2,Graded TFT,103,9,1.0
deepseek_v32__vs__graded_tft__seed103,DeepSeek-V3.2,Graded TFT,103,10,1.0
deepseek_v32__vs__graded_tft__seed103,DeepSeek-V3.2,Graded TFT,103,11,1.0
deepseek_v32__vs__graded_tft__seed103,DeepSeek-V3.2,Graded TFT,103,12,1.0
deepseek_v32__vs__graded_tft__seed103,DeepSeek-V3.2,Graded TFT,103,13,1.0
deepseek_v32__vs__graded_tft__seed103,DeepSeek-V3.2,Graded TFT,103,14,1.0
deepseek_v32__vs__graded_tft__seed103,DeepSeek-V3.2,Graded TFT,103,15,1.0
deepseek_v32__vs__graded_tft__seed103,DeepSeek-V3.2,Graded TFT,103,16,1.0
deepseek_v32__vs__graded_tft__seed103,DeepSeek-V3.2,Graded TFT,103,17,1.0
deepseek_v32__vs__graded_tft__seed103,DeepSeek-V3.2,Graded TFT,103,18,1.0
deepseek_v32__vs__graded_tft__seed103,DeepSeek-V3.2,Graded TFT,103,19,1.0
deepseek_v32__vs__graded_tft__seed103,DeepSeek-V3.2,Graded TFT,103,20,1.0
deepseek_v32__vs__graded_tft__seed103,DeepSeek-V3.2,Graded TFT,103,21,1.0
deepseek_v32__vs__graded_tft__seed103,DeepSeek-V3.2,Graded TFT,103,22,1.0
deepseek_v32__vs__graded_tft__seed103,DeepSeek-V3.2,Graded TFT,103,23,1.0
deepseek_v32__vs__graded_tft__seed103,DeepSeek-V3.2,Graded TFT,103,24,1.0
deepseek_v32__vs__graded_tft__seed103,DeepSeek-V3.2,Graded TFT,103,25,1.0
deepseek_v32__vs__graded_tft__seed103,DeepSeek-V3.2,Graded TFT,103,26,1.0
deepseek_v32__vs__graded_tft__seed103,DeepSeek-V3.2,Graded TFT,103,27,1.0
deepseek_v32__vs__graded_tft__seed103,DeepSeek-V3.2,Graded TFT,103,28,1.0
deepseek_v32__vs__graded_tft__seed103,DeepSeek-V3.2,Graded TFT,103,29,1.0
deepseek_v32__vs__graded_tft__seed103,DeepSeek-V3.2,Graded TFT,103,30,1.0
deepseek_v32__vs__graded_tft__seed103,DeepSeek-V3.2,Graded TFT,103,31,1.0
deepseek_v32__vs__graded_tft__seed103,DeepSeek-V3.2,Graded TFT,103,32,1.0
deepseek_v32__vs__graded_tft__seed103,DeepSeek-V3.2,Graded TFT,103,33,1.0
deepseek_v32__vs__graded_tft__seed103,DeepSeek-V3.2,Graded TFT,103,34,1.0
deepseek_v32__vs__graded_tft__seed103,DeepSeek-V3.2,Graded TFT,103,35,1.0
deepseek_v32__vs__graded_tft__seed103,DeepSeek-V3.2,Graded TFT,103,36,1.0
deepseek_v32__vs__graded_tft__seed103,DeepSeek-V3.2,Graded TFT,103,37,1.0
deepseek_v32__vs__graded_tft__seed103,DeepSeek-V3.2,Graded TFT,103,38,1.0
deepseek_v32__vs__graded_tft__seed103,DeepSeek-V3.2,Graded TFT,103,39,1.0
deepseek_v32__vs__graded_tft__seed103,DeepSeek-V3.2,Graded TFT,103,40,1.0
deepseek_v32__vs__graded_tft__seed103,DeepSeek-V3.2,Graded TFT,103,41,1.0
deepseek_v32__vs__graded_tft__seed103,DeepSeek-V3.2,Graded TFT,103,42,1.0
deepseek_v32__vs__graded_tft__seed103,DeepSeek-V3.2,Graded TFT,103,43,1.0
deepseek_v32__vs__graded_tft__seed103,DeepSeek-V3.2,Graded TFT,103,44,1.0
deepseek_v32__vs__graded_tft__seed103,DeepSeek-V3.2,Graded TFT,103,45,1.0
deepseek_v32__vs__graded_tft__seed103,DeepSeek-V3.2,Graded TFT,103,46,1.0
deepseek_v32__vs__graded_tft__seed103,DeepSeek-V3.2,Graded TFT,103,47,1.0
deepseek_v32__vs__graded_tft__seed103,DeepSeek-V3.2,Graded TFT,103,48,1.0
deepseek_v32__vs__graded_tft__seed103,DeepSeek-V3.2,Graded TFT,103,49,1.0
deepseek_v32__vs__graded_tft__seed103,DeepSeek-V3.2,Graded TFT,103,50,1.0
deepseek_v32__vs__graded_tft__seed104,DeepSeek-V3.2,Graded TFT,104,1,1.0
deepseek_v32__vs__graded_tft__seed104,DeepSeek-V3.2,Graded TFT,104,2,1.0
deepseek_v32__vs__graded_tft__seed104,DeepSeek-V3.2,Graded TFT,104,3,1.0
deepseek_v32__vs__graded_tft__seed104,DeepSeek-V3.2,Graded TFT,104,4,1.0
deepseek_v32__vs__graded_tft__seed104,DeepSeek-V3.2,Graded TFT,104,5,1.0
deepseek_v32__vs__graded_tft__seed104,DeepSeek-V3.2,Graded TFT,104,6,1.0
deepseek_v32__vs__graded_tft__seed104,DeepSeek-V3.2,Graded TFT,104,7,1.0
deepseek_v32__vs__graded_tft__seed104,DeepSeek-V3.2,Graded TFT,104,8,1.0
deepseek_v32__vs__graded_tft__seed104,DeepSeek-V3.2,Graded TFT,104,9,1.0
deepseek_v32__vs__graded_tft__seed104,DeepSeek-V3.2,Graded TFT,104,10,1.0
deepseek_v32__vs__graded_tft__seed104,DeepSeek-V3.2,Graded TFT,104,11,1.0
deepseek_v32__vs__graded_tft__seed104,DeepSeek-V3.2,Graded TFT,104,12,1.0
deepseek_v32__vs__graded_tft__seed104,DeepSeek-V3.2,Graded TFT,104,13,1.0
deepseek_v32__vs__graded_tft__seed104,DeepSeek-V3.2,Graded TFT,104,14,1.0
deepseek_v32__vs__graded_tft__seed104,DeepSeek-V3.2,Graded TFT,104,15,1.0
deepseek_v32__vs__graded_tft__seed104,DeepSeek-V3.2,Graded TFT,104,16,1.0
deepseek_v32__vs__graded_tft__seed104,DeepSeek-V3.2,Graded TFT,104,17,1.0
deepseek_v32__vs__graded_tft__seed104,DeepSeek-V3.2,Graded TFT,104,18,1.0
deepseek_v32__vs__graded_tft__seed104,DeepSeek-V3.2,Graded TFT,104,19,1.0
deepseek_v32__vs__graded_tft__seed104,DeepSeek-V3.2,Graded TFT,104,20,1.0
deepseek_v32__vs__graded_tft__seed104,DeepSeek-V3.2,Graded TFT,104,21,1.0
deepseek_v32__vs__graded_tft__seed104,DeepSeek-V3.2,Graded TFT,104,22,1.0
deepseek_v32__vs__graded_tft__seed104,DeepSeek-V3.2,Graded TFT,104,23,1.0
deepseek_v32__vs__graded_tft__seed104,DeepSeek-V3.2,Graded TFT,104,24,1.0
deepseek_v32__vs__graded_tft__seed104,DeepSeek-V3.2,Graded TFT,104,25,1.0
deepseek_v32__vs__graded_tft__seed104,DeepSeek-V3.2,Graded TFT,104,26,1.0
deepseek_v32__vs__graded_tft__seed104,DeepSeek-V3.2,Graded TFT,104,27,1.0
deepseek_v32__vs__graded_tft__seed104,DeepSeek-V3.2,Graded TFT,104,28,1.0
deepseek_v32__vs__graded_tft__seed104,DeepSeek-V3.2,Graded TFT,104,29,1.0
deepseek_v32__vs__graded_tft__seed104,DeepSeek-V3.2,Graded TFT,104,30,1.0
deepseek_v32__vs__graded_tft__seed104,DeepSeek-V3.2,Graded TFT,104,31,1.0
deepseek_v32__vs__graded_tft__seed104,DeepSeek-V3.2,Graded TFT,104,32,1.0
deepseek_v32__vs__graded_tft__seed104,DeepSeek-V3.2,Graded TFT,104,33,1.0
deepseek_v32__vs__graded_tft__seed104,DeepSeek-V3.2,Graded TFT,104,34,1.0
deepseek_v32__vs__graded_tft__seed104,DeepSeek-V3.2,Graded TFT,104,35,1.0
deepseek_v32__vs__graded_tft__seed104,DeepSeek-V3.2,Graded TFT,104,36,1.0
deepseek_v32__vs__graded_tft__seed104,DeepSeek-V3.2,Graded TFT,104,37,1.0
deepseek_v32__vs__graded_tft__seed104,DeepSeek-V3.2,Graded TFT,104,38,1.0
deepseek_v32__vs__graded_tft__seed104,DeepSeek-V3.2,Graded TFT,104,39,1.0
deepseek_v32__vs__graded_tft__seed104,DeepSeek-V3.2,Graded TFT,104,40,1.0
deepseek_v32__vs__graded_tft__seed104,DeepSeek-V3.2,Graded TFT,104,41,1.0
deepseek_v32__vs__graded_tft__seed104,DeepSeek-V3.2,Graded TFT,104,42,1.0
deepseek_v32__vs__graded_tft__seed104,DeepSeek-V3.2,Graded TFT,104,43,1.0
deepseek_v32__vs__graded_tft__seed104,DeepSeek-V3.2,Graded TFT,104,44,1.0
deepseek_v32__vs__graded_tft__seed104,DeepSeek-V3.2,Graded TFT,104,45,1.0
deepseek_v32__vs__graded_tft__seed104,DeepSeek-V3.2,Graded TFT,104,46,1.0
deepseek_v32__vs__graded_tft__seed104,DeepSeek-V3.2,Graded TFT,104,47,1.0
deepseek_v32__vs__graded_tft__seed104,DeepSeek-V3.2,Graded TFT,104,48,1.0
deepseek_v32__vs__graded_tft__seed104,DeepSeek-V3.2,Graded TFT,104,49,1.0
deepseek_v32__vs__graded_tft__seed104,DeepSeek-V3.2,Graded TFT,104,50,1.0
deepseek_v32__vs__graded_tft__seed105,DeepSeek-V3.2,Graded TFT,105,1,1.0
deepseek_v32__vs__graded_tft__seed105,DeepSeek-V3.2,Graded TFT,105,2,1.0
deepseek_v32__vs__graded_tft__seed105,DeepSeek-V3.2,Graded TFT,105,3,1.0
deepseek_v32__vs__graded_tft__seed105,DeepSeek-V3.2,Graded TFT,105,4,1.0
deepseek_v32__vs__graded_tft__seed105,DeepSeek-V3.2,Graded TFT,105,5,1.0
deepseek_v32__vs__graded_tft__seed105,DeepSeek-V3.2,Graded TFT,105,6,1.0
deepseek_v32__vs__graded_tft__seed105,DeepSeek-V3.2,Graded TFT,105,7,1.0
deepseek_v32__vs__graded_tft__seed105,DeepSeek-V3.2,Graded TFT,105,8,1.0
deepseek_v32__vs__graded_tft__seed105,DeepSeek-V3.2,Graded TFT,105,9,1.0
deepseek_v32__vs__graded_tft__seed105,DeepSeek-V3.2,Graded TFT,105,10,1.0
deepseek_v32__vs__graded_tft__seed105,DeepSeek-V3.2,Graded TFT,105,11,1.0
deepseek_v32__vs__graded_tft__seed105,DeepSeek-V3.2,Graded TFT,105,12,1.0
deepseek_v32__vs__graded_tft__seed105,DeepSeek-V3.2,Graded TFT,105,13,1.0
deepseek_v32__vs__graded_tft__seed105,DeepSeek-V3.2,Graded TFT,105,14,1.0
deepseek_v32__vs__graded_tft__seed105,DeepSeek-V3.2,Graded TFT,105,15,1.0
deepseek_v32__vs__graded_tft__seed105,DeepSeek-V3.2,Graded TFT,105,16,1.0
deepseek_v32__vs__graded_tft__seed105,DeepSeek-V3.2,Graded TFT,105,17,1.0
deepseek_v32__vs__graded_tft__seed105,DeepSeek-V3.2,Graded TFT,105,18,1.0
deepseek_v32__vs__graded_tft__seed105,DeepSeek-V3.2,Graded TFT,105,19,1.0
deepseek_v32__vs__graded_tft__seed105,DeepSeek-V3.2,Graded TFT,105,20,1.0
deepseek_v32__vs__graded_tft__seed105,DeepSeek-V3.2,Graded TFT,105,21,1.0
deepseek_v32__vs__graded_tft__seed105,DeepSeek-V3.2,Graded TFT,105,22,1.0
deepseek_v32__vs__graded_tft__seed105,DeepSeek-V3.2,Graded TFT,105,23,1.0
deepseek_v32__vs__graded_tft__seed105,DeepSeek-V3.2,Graded TFT,105,24,1.0
deepseek_v32__vs__graded_tft__seed105,DeepSeek-V3.2,Graded TFT,105,25,1.0
deepseek_v32__vs__graded_tft__seed105,DeepSeek-V3.2,Graded TFT,105,26,1.0
deepseek_v32__vs__graded_tft__seed105,DeepSeek-V3.2,Graded TFT,105,27,1.0
deepseek_v32__vs__graded_tft__seed105,DeepSeek-V3.2,Graded TFT,105,28,1.0
deepseek_v32__vs__graded_tft__seed105,DeepSeek-V3.2,Graded TFT,105,29,1.0
deepseek_v32__vs__graded_tft__seed105,DeepSeek-V3.2,Graded TFT,105,30,1.0
deepseek_v32__vs__graded_tft__seed105,DeepSeek-V3.2,Graded TFT,105,31,1.0
deepseek_v32__vs__graded_tft__seed105,DeepSeek-V3.2,Graded TFT,105,32,1.0
deepseek_v32__vs__graded_tft__seed105,DeepSeek-V3.2,Graded TFT,105,33,1.0
deepseek_v32__vs__graded_tft__seed105,DeepSeek-V3.2,Graded TFT,105,34,1.0
deepseek_v32__vs__graded_tft__seed105,DeepSeek-V3.2,Graded TFT,105,35,1.0
deepseek_v32__vs__graded_tft__seed105,DeepSeek-V3.2,Graded TFT,105,36,1.0
deepseek_v32__vs__graded_tft__seed105,DeepSeek-V3.2,Graded TFT,105,37,1.0
deepseek_v32__vs__graded_tft__seed105,DeepSeek-V3.2,Graded TFT,105,38,1.0
deepseek_v32__vs__graded_tft__seed105,DeepSeek-V3.2,Graded TFT,105,39,1.0
deepseek_v32__vs__graded_tft__seed105,DeepSeek-V3.2,Graded TFT,105,40,1.0
deepseek_v32__vs__graded_tft__seed105,DeepSeek-V3.2,Graded TFT,105,41,1.0
deepseek_v32__vs__graded_tft__seed105,DeepSeek-V3.2,Graded TFT,105,42,1.0
deepseek_v32__vs__graded_tft__seed105,DeepSeek-V3.2,Graded TFT,105,43,1.0
deepseek_v32__vs__graded_tft__seed105,DeepSeek-V3.2,Graded TFT,105,44,1.0
deepseek_v32__vs__graded_tft__seed105,DeepSeek-V3.2,Graded TFT,105,45,1.0
deepseek_v32__vs__graded_tft__seed105,DeepSeek-V3.2,Graded TFT,105,46,1.0
deepseek_v32__vs__graded_tft__seed105,DeepSeek-V3.2,Graded TFT,105,47,1.0
deepseek_v32__vs__graded_tft__seed105,DeepSeek-V3.2,Graded TFT,105,48,1.0
deepseek_v32__vs__graded_tft__seed105,DeepSeek-V3.2,Graded TFT,105,49,1.0
deepseek_v32__vs__graded_tft__seed105,DeepSeek-V3.2,Graded TFT,105,50,1.0
deepseek_v32__vs__grim_trigger__seed101,DeepSeek-V3.2,Grim Trigger,101,1,0.0
deepseek_v32__vs__grim_trigger__seed101,DeepSeek-V3.2,Grim Trigger,101,2,0.0
deepseek_v32__vs__grim_trigger__seed101,DeepSeek-V3.2,Grim Trigger,101,3,0.0
deepseek_v32__vs__grim_trigger__seed101,DeepSeek-V3.2,Grim Trigger,101,4,0.0
deepseek_v32__vs__grim_trigger__seed101,DeepSeek-V3.2,Grim Trigger,101,5,0.0
deepseek_v32__vs__grim_trigger__seed101,DeepSeek-V3.2,Grim Trigger,101,6,0.0
deepseek_v32__vs__grim_trigger__seed101,DeepSeek-V3.2,Grim Trigger,101,7,0.0
deepseek_v32__vs__grim_trigger__seed101,DeepSeek-V3.2,Grim Trigger,101,8,0.0
deepseek_v32__vs__grim_trigger__seed101,DeepSeek-V3.2,Grim Trigger,101,9,0.0
deepseek_v32__vs__grim_trigger__seed101,DeepSeek-V3.2,Grim Trigger,101,10,0.0
deepseek_v32__vs__grim_trigger__seed101,DeepSeek-V3.2,Grim Trigger,101,11,0.0
deepseek_v32__vs__grim_trigger__seed101,DeepSeek-V3.2,Grim Trigger,101,12,0.0
deepseek_v32__vs__grim_trigger__seed101,DeepSeek-V3.2,Grim Trigger,101,13,0.0
deepseek_v32__vs__grim_trigger__seed101,DeepSeek-V3.2,Grim Trigger,101,14,0.0
deepseek_v32__vs__grim_trigger__seed101,DeepSeek-V3.2,Grim Trigger,101,15,0.0
deepseek_v32__vs__grim_trigger__seed101,DeepSeek-V3.2,Grim Trigger,101,16,0.0
deepseek_v32__vs__grim_trigger__seed101,DeepSeek-V3.2,Grim Trigger,101,17,0.0
deepseek_v32__vs__grim_trigger__seed101,DeepSeek-V3.2,Grim Trigger,101,18,0.0
deepseek_v32__vs__grim_trigger__seed101,DeepSeek-V3.2,Grim Trigger,101,19,0.0
deepseek_v32__vs__grim_trigger__seed101,DeepSeek-V3.2,Grim Trigger,101,20,0.0
deepseek_v32__vs__grim_trigger__seed101,DeepSeek-V3.2,Grim Trigger,101,21,0.0
deepseek_v32__vs__grim_trigger__seed101,DeepSeek-V3.2,Grim Trigger,101,22,0.0
deepseek_v32__vs__grim_trigger__seed101,DeepSeek-V3.2,Grim Trigger,101,23,0.0
deepseek_v32__vs__grim_trigger__seed101,DeepSeek-V3.2,Grim Trigger,101,24,0.0
deepseek_v32__vs__grim_trigger__seed101,DeepSeek-V3.2,Grim Trigger,101,25,0.0
deepseek_v32__vs__grim_trigger__seed101,DeepSeek-V3.2,Grim Trigger,101,26,0.0
deepseek_v32__vs__grim_trigger__seed101,DeepSeek-V3.2,Grim Trigger,101,27,0.0
deepseek_v32__vs__grim_trigger__seed101,DeepSeek-V3.2,Grim Trigger,101,28,0.0
deepseek_v32__vs__grim_trigger__seed101,DeepSeek-V3.2,Grim Trigger,101,29,0.0
deepseek_v32__vs__grim_trigger__seed101,DeepSeek-V3.2,Grim Trigger,101,30,0.0
deepseek_v32__vs__grim_trigger__seed101,DeepSeek-V3.2,Grim Trigger,101,31,0.0
deepseek_v32__vs__grim_trigger__seed101,DeepSeek-V3.2,Grim Trigger,101,32,0.0
deepseek_v32__vs__grim_trigger__seed101,DeepSeek-V3.2,Grim Trigger,101,33,0.0
deepseek_v32__vs__grim_trigger__seed101,DeepSeek-V3.2,Grim Trigger,101,34,0.0
deepseek_v32__vs__grim_trigger__seed101,DeepSeek-V3.2,Grim Trigger,101,35,0.0
deepseek_v32__vs__grim_trigger__seed101,DeepSeek-V3.2,Grim Trigger,101,36,0.0
deepseek_v32__vs__grim_trigger__seed101,DeepSeek-V3.2,Grim Trigger,101,37,0.0
deepseek_v32__vs__grim_trigger__seed101,DeepSeek-V3.2,Grim Trigger,101,38,0.0
deepseek_v32__vs__grim_trigger__seed101,DeepSeek-V3.2,Grim Trigger,101,39,0.0
deepseek_v32__vs__grim_trigger__seed101,DeepSeek-V3.2,Grim Trigger,101,40,0.0
deepseek_v32__vs__grim_trigger__seed101,DeepSeek-V3.2,Grim Trigger,101,41,0.0
deepseek_v32__vs__grim_trigger__seed101,DeepSeek-V3.2,Grim Trigger,101,42,0.0
deepseek_v32__vs__grim_trigger__seed101,DeepSeek-V3.2,Grim Trigger,101,43,0.0
deepseek_v32__vs__grim_trigger__seed101,DeepSeek-V3.2,Grim Trigger,101,44,0.0
deepseek_v32__vs__grim_trigger__seed101,DeepSeek-V3.2,Grim Trigger,101,45,0.0
deepseek_v32__vs__grim_trigger__seed101,DeepSeek-V3.2,Grim Trigger,101,46,0.0
deepseek_v32__vs__grim_trigger__seed101,DeepSeek-V3.2,Grim Trigger,101,47,0.0
deepseek_v32__vs__grim_trigger__seed101,DeepSeek-V3.2,Grim Trigger,101,48,0.0
deepseek_v32__vs__grim_trigger__seed101,DeepSeek-V3.2,Grim Trigger,101,49,0.0
deepseek_v32__vs__grim_trigger__seed101,DeepSeek-V3.2,Grim Trigger,101,50,0.0
deepseek_v32__vs__grim_trigger__seed102,DeepSeek-V3.2,Grim Trigger,102,1,1.0
deepseek_v32__vs__grim_trigger__seed102,DeepSeek-V3.2,Grim Trigger,102,2,0.0
deepseek_v32__vs__grim_trigger__seed102,DeepSeek-V3.2,Grim Trigger,102,3,0.0
deepseek_v32__vs__grim_trigger__seed102,DeepSeek-V3.2,Grim Trigger,102,4,0.0
deepseek_v32__vs__grim_trigger__seed102,DeepSeek-V3.2,Grim Trigger,102,5,0.0
deepseek_v32__vs__grim_trigger__seed102,DeepSeek-V3.2,Grim Trigger,102,6,0.0
deepseek_v32__vs__grim_trigger__seed102,DeepSeek-V3.2,Grim Trigger,102,7,0.0
deepseek_v32__vs__grim_trigger__seed102,DeepSeek-V3.2,Grim Trigger,102,8,0.0
deepseek_v32__vs__grim_trigger__seed102,DeepSeek-V3.2,Grim Trigger,102,9,1.0
deepseek_v32__vs__grim_trigger__seed102,DeepSeek-V3.2,Grim Trigger,102,10,0.0
deepseek_v32__vs__grim_trigger__seed102,DeepSeek-V3.2,Grim Trigger,102,11,0.0
deepseek_v32__vs__grim_trigger__seed102,DeepSeek-V3.2,Grim Trigger,102,12,0.0
deepseek_v32__vs__grim_trigger__seed102,DeepSeek-V3.2,Grim Trigger,102,13,0.0
deepseek_v32__vs__grim_trigger__seed102,DeepSeek-V3.2,Grim Trigger,102,14,0.0
deepseek_v32__vs__grim_trigger__seed102,DeepSeek-V3.2,Grim Trigger,102,15,0.0
deepseek_v32__vs__grim_trigger__seed102,DeepSeek-V3.2,Grim Trigger,102,16,0.0
deepseek_v32__vs__grim_trigger__seed102,DeepSeek-V3.2,Grim Trigger,102,17,0.0
deepseek_v32__vs__grim_trigger__seed102,DeepSeek-V3.2,Grim Trigger,102,18,0.0
deepseek_v32__vs__grim_trigger__seed102,DeepSeek-V3.2,Grim Trigger,102,19,0.0
deepseek_v32__vs__grim_trigger__seed102,DeepSeek-V3.2,Grim Trigger,102,20,0.0
deepseek_v32__vs__grim_trigger__seed102,DeepSeek-V3.2,Grim Trigger,102,21,0.0
deepseek_v32__vs__grim_trigger__seed102,DeepSeek-V3.2,Grim Trigger,102,22,0.0
deepseek_v32__vs__grim_trigger__seed102,DeepSeek-V3.2,Grim Trigger,102,23,0.0
deepseek_v32__vs__grim_trigger__seed102,DeepSeek-V3.2,Grim Trigger,102,24,0.0
deepseek_v32__vs__grim_trigger__seed102,DeepSeek-V3.2,Grim Trigger,102,25,0.0
deepseek_v32__vs__grim_trigger__seed102,DeepSeek-V3.2,Grim Trigger,102,26,0.0
deepseek_v32__vs__grim_trigger__seed102,DeepSeek-V3.2,Grim Trigger,102,27,0.0
deepseek_v32__vs__grim_trigger__seed102,DeepSeek-V3.2,Grim Trigger,102,28,0.0
deepseek_v32__vs__grim_trigger__seed102,DeepSeek-V3.2,Grim Trigger,102,29,0.0
deepseek_v32__vs__grim_trigger__seed102,DeepSeek-V3.2,Grim Trigger,102,30,0.0
deepseek_v32__vs__grim_trigger__seed102,DeepSeek-V3.2,Grim Trigger,102,31,0.0
deepseek_v32__vs__grim_trigger__seed102,DeepSeek-V3.2,Grim Trigger,102,32,0.0
deepseek_v32__vs__grim_trigger__seed102,DeepSeek-V3.2,Grim Trigger,102,33,0.0
deepseek_v32__vs__grim_trigger__seed102,DeepSeek-V3.2,Grim Trigger,102,34,0.0
deepseek_v32__vs__grim_trigger__seed102,DeepSeek-V3.2,Grim Trigger,102,35,0.0
deepseek_v32__vs__grim_trigger__seed102,DeepSeek-V3.2,Grim Trigger,102,36,0.0
deepseek_v32__vs__grim_trigger__seed102,DeepSeek-V3.2,Grim Trigger,102,37,0.0
deepseek_v32__vs__grim_trigger__seed102,DeepSeek-V3.2,Grim Trigger,102,38,0.0
deepseek_v32__vs__grim_trigger__seed102,DeepSeek-V3.2,Grim Trigger,102,39,0.0
deepseek_v32__vs__grim_trigger__seed102,DeepSeek-V3.2,Grim Trigger,102,40,0.0
deepseek_v32__vs__grim_trigger__seed102,DeepSeek-V3.2,Grim Trigger,102,41,0.0
deepseek_v32__vs__grim_trigger__seed102,DeepSeek-V3.2,Grim Trigger,102,42,0.0
deepseek_v32__vs__grim_trigger__seed102,DeepSeek-V3.2,Grim Trigger,102,43,0.0
deepseek_v32__vs__grim_trigger__seed102,DeepSeek-V3.2,Grim Trigger,102,44,0.0
deepseek_v32__vs__grim_trigger__seed102,DeepSeek-V3.2,Grim Trigger,102,45,0.0
deepseek_v32__vs__grim_trigger__seed102,DeepSeek-V3.2,Grim Trigger,102,46,0.0
deepseek_v32__vs__grim_trigger__seed102,DeepSeek-V3.2,Grim Trigger,102,47,0.0
deepseek_v32__vs__grim_trigger__seed102,DeepSeek-V3.2,Grim Trigger,102,48,0.0
deepseek_v32__vs__grim_trigger__seed102,DeepSeek-V3.2,Grim Trigger,102,49,0.0
deepseek_v32__vs__grim_trigger__seed102,DeepSeek-V3.2,Grim Trigger,102,50,0.0
deepseek_v32__vs__grim_trigger__seed103,DeepSeek-V3.2,Grim Trigger,103,1,1.0
deepseek_v32__vs__grim_trigger__seed103,DeepSeek-V3.2,Grim Trigger,103,2,1.0
deepseek_v32__vs__grim_trigger__seed103,DeepSeek-V3.2,Grim Trigger,103,3,0.0
deepseek_v32__vs__grim_trigger__seed103,DeepSeek-V3.2,Grim Trigger,103,4,0.0
deepseek_v32__vs__grim_trigger__seed103,DeepSeek-V3.2,Grim Trigger,103,5,0.0
deepseek_v32__vs__grim_trigger__seed103,DeepSeek-V3.2,Grim Trigger,103,6,0.0
deepseek_v32__vs__grim_trigger__seed103,DeepSeek-V3.2,Grim Trigger,103,7,0.0
deepseek_v32__vs__grim_trigger__seed103,DeepSeek-V3.2,Grim Trigger,103,8,0.0
deepseek_v32__vs__grim_trigger__seed103,DeepSeek-V3.2,Grim Trigger,103,9,1.0
deepseek_v32__vs__grim_trigger__seed103,DeepSeek-V3.2,Grim Trigger,103,10,0.0
deepseek_v32__vs__grim_trigger__seed103,DeepSeek-V3.2,Grim Trigger,103,11,0.0
deepseek_v32__vs__grim_trigger__seed103,DeepSeek-V3.2,Grim Trigger,103,12,0.0
deepseek_v32__vs__grim_trigger__seed103,DeepSeek-V3.2,Grim Trigger,103,13,0.0
deepseek_v32__vs__grim_trigger__seed103,DeepSeek-V3.2,Grim Trigger,103,14,0.0
deepseek_v32__vs__grim_trigger__seed103,DeepSeek-V3.2,Grim Trigger,103,15,0.0
deepseek_v32__vs__grim_trigger__seed103,DeepSeek-V3.2,Grim Trigger,103,16,0.0
deepseek_v32__vs__grim_trigger__seed103,DeepSeek-V3.2,Grim Trigger,103,17,0.0
deepseek_v32__vs__grim_trigger__seed103,DeepSeek-V3.2,Grim Trigger,103,18,0.0
deepseek_v32__vs__grim_trigger__seed103,DeepSeek-V3.2,Grim Trigger,103,19,1.0
deepseek_v32__vs__grim_trigger__seed103,DeepSeek-V3.2,Grim Trigger,103,20,0.0
deepseek_v32__vs__grim_trigger__seed103,DeepSeek-V3.2,Grim Trigger,103,21,0.0
deepseek_v32__vs__grim_trigger__seed103,DeepSeek-V3.2,Grim Trigger,103,22,0.0
deepseek_v32__vs__grim_trigger__seed103,DeepSeek-V3.2,Grim Trigger,103,23,0.0
deepseek_v32__vs__grim_trigger__seed103,DeepSeek-V3.2,Grim Trigger,103,24,0.0
deepseek_v32__vs__grim_trigger__seed103,DeepSeek-V3.2,Grim Trigger,103,25,0.0
deepseek_v32__vs__grim_trigger__seed103,DeepSeek-V3.2,Grim Trigger,103,26,0.0
deepseek_v32__vs__grim_trigger__seed103,DeepSeek-V3.2,Grim Trigger,103,27,0.0
deepseek_v32__vs__grim_trigger__seed103,DeepSeek-V3.2,Grim Trigger,103,28,0.0
deepseek_v32__vs__grim_trigger__seed103,DeepSeek-V3.2,Grim Trigger,103,29,0.0
deepseek_v32__vs__grim_trigger__seed103,DeepSeek-V3.2,Grim Trigger,103,30,0.0
deepseek_v32__vs__grim_trigger__seed103,DeepSeek-V3.2,Grim Trigger,103,31,0.0
deepseek_v32__vs__grim_trigger__seed103,DeepSeek-V3.2,Grim Trigger,103,32,0.0
deepseek_v32__vs__grim_trigger__seed103,DeepSeek-V3.2,Grim Trigger,103,33,0.0
deepseek_v32__vs__grim_trigger__seed103,DeepSeek-V3.2,Grim Trigger,103,34,0.0
deepseek_v32__vs__grim_trigger__seed103,DeepSeek-V3.2,Grim Trigger,103,35,0.0
deepseek_v32__vs__grim_trigger__seed103,DeepSeek-V3.2,Grim Trigger,103,36,0.0
deepseek_v32__vs__grim_trigger__seed103,DeepSeek-V3.2,Grim Trigger,103,37,0.0
deepseek_v32__vs__grim_trigger__seed103,DeepSeek-V3.2,Grim Trigger,103,38,0.0
deepseek_v32__vs__grim_trigger__seed103,DeepSeek-V3.2,Grim Trigger,103,39,0.0
deepseek_v32__vs__grim_trigger__seed103,DeepSeek-V3.2,Grim Trigger,103,40,0.0
deepseek_v32__vs__grim_trigger__seed103,DeepSeek-V3.2,Grim Trigger,103,41,0.0
deepseek_v32__vs__grim_trigger__seed103,DeepSeek-V3.2,Grim Trigger,103,42,0.0
deepseek_v32__vs__grim_trigger__seed103,DeepSeek-V3.2,Grim Trigger,103,43,0.0
deepseek_v32__vs__grim_trigger__seed103,DeepSeek-V3.2,Grim Trigger,103,44,0.0
deepseek_v32__vs__grim_trigger__seed103,DeepSeek-V3.2,Grim Trigger,103,45,0.0
deepseek_v32__vs__grim_trigger__seed103,DeepSeek-V3.2,Grim Trigger,103,46,0.0
deepseek_v32__vs__grim_trigger__seed103,DeepSeek-V3.2,Grim Trigger,103,47,0.0
deepseek_v32__vs__grim_trigger__seed103,DeepSeek-V3.2,Grim Trigger,103,48,0.0
deepseek_v32__vs__grim_trigger__seed103,DeepSeek-V3.2,Grim Trigger,103,49,0.0
deepseek_v32__vs__grim_trigger__seed103,DeepSeek-V3.2,Grim Trigger,103,50,0.0
deepseek_v32__vs__grim_trigger__seed104,DeepSeek-V3.2,Grim Trigger,104,1,1.0
deepseek_v32__vs__grim_trigger__seed104,DeepSeek-V3.2,Grim Trigger,104,2,1.0
deepseek_v32__vs__grim_trigger__seed104,DeepSeek-V3.2,Grim Trigger,104,3,1.0
deepseek_v32__vs__grim_trigger__seed104,DeepSeek-V3.2,Grim Trigger,104,4,1.0
deepseek_v32__vs__grim_trigger__seed104,DeepSeek-V3.2,Grim Trigger,104,5,1.0
deepseek_v32__vs__grim_trigger__seed104,DeepSeek-V3.2,Grim Trigger,104,6,0.0
deepseek_v32__vs__grim_trigger__seed104,DeepSeek-V3.2,Grim Trigger,104,7,0.0
deepseek_v32__vs__grim_trigger__seed104,DeepSeek-V3.2,Grim Trigger,104,8,1.0
deepseek_v32__vs__grim_trigger__seed104,DeepSeek-V3.2,Grim Trigger,104,9,1.0
deepseek_v32__vs__grim_trigger__seed104,DeepSeek-V3.2,Grim Trigger,104,10,0.0
deepseek_v32__vs__grim_trigger__seed104,DeepSeek-V3.2,Grim Trigger,104,11,1.0
deepseek_v32__vs__grim_trigger__seed104,DeepSeek-V3.2,Grim Trigger,104,12,1.0
deepseek_v32__vs__grim_trigger__seed104,DeepSeek-V3.2,Grim Trigger,104,13,0.0
deepseek_v32__vs__grim_trigger__seed104,DeepSeek-V3.2,Grim Trigger,104,14,0.0
deepseek_v32__vs__grim_trigger__seed104,DeepSeek-V3.2,Grim Trigger,104,15,0.0
deepseek_v32__vs__grim_trigger__seed104,DeepSeek-V3.2,Grim Trigger,104,16,0.0
deepseek_v32__vs__grim_trigger__seed104,DeepSeek-V3.2,Grim Trigger,104,17,0.0
deepseek_v32__vs__grim_trigger__seed104,DeepSeek-V3.2,Grim Trigger,104,18,0.0
deepseek_v32__vs__grim_trigger__seed104,DeepSeek-V3.2,Grim Trigger,104,19,0.0
deepseek_v32__vs__grim_trigger__seed104,DeepSeek-V3.2,Grim Trigger,104,20,0.0
deepseek_v32__vs__grim_trigger__seed104,DeepSeek-V3.2,Grim Trigger,104,21,0.0
deepseek_v32__vs__grim_trigger__seed104,DeepSeek-V3.2,Grim Trigger,104,22,0.0
deepseek_v32__vs__grim_trigger__seed104,DeepSeek-V3.2,Grim Trigger,104,23,0.0
deepseek_v32__vs__grim_trigger__seed104,DeepSeek-V3.2,Grim Trigger,104,24,0.0
deepseek_v32__vs__grim_trigger__seed104,DeepSeek-V3.2,Grim Trigger,104,25,0.0
deepseek_v32__vs__grim_trigger__seed104,DeepSeek-V3.2,Grim Trigger,104,26,0.0
deepseek_v32__vs__grim_trigger__seed104,DeepSeek-V3.2,Grim Trigger,104,27,0.0
deepseek_v32__vs__grim_trigger__seed104,DeepSeek-V3.2,Grim Trigger,104,28,0.0
deepseek_v32__vs__grim_trigger__seed104,DeepSeek-V3.2,Grim Trigger,104,29,0.0
deepseek_v32__vs__grim_trigger__seed104,DeepSeek-V3.2,Grim Trigger,104,30,1.0
deepseek_v32__vs__grim_trigger__seed104,DeepSeek-V3.2,Grim Trigger,104,31,0.0
deepseek_v32__vs__grim_trigger__seed104,DeepSeek-V3.2,Grim Trigger,104,32,0.0
deepseek_v32__vs__grim_trigger__seed104,DeepSeek-V3.2,Grim Trigger,104,33,0.0
deepseek_v32__vs__grim_trigger__seed104,DeepSeek-V3.2,Grim Trigger,104,34,1.0
deepseek_v32__vs__grim_trigger__seed104,DeepSeek-V3.2,Grim Trigger,104,35,0.0
deepseek_v32__vs__grim_trigger__seed104,DeepSeek-V3.2,Grim Trigger,104,36,0.0
deepseek_v32__vs__grim_trigger__seed104,DeepSeek-V3.2,Grim Trigger,104,37,0.0
deepseek_v32__vs__grim_trigger__seed104,DeepSeek-V3.2,Grim Trigger,104,38,0.0
deepseek_v32__vs__grim_trigger__seed104,DeepSeek-V3.2,Grim Trigger,104,39,0.0
deepseek_v32__vs__grim_trigger__seed104,DeepSeek-V3.2,Grim Trigger,104,40,0.0
deepseek_v32__vs__grim_trigger__seed104,DeepSeek-V3.2,Grim Trigger,104,41,1.0
deepseek_v32__vs__grim_trigger__seed104,DeepSeek-V3.2,Grim Trigger,104,42,0.0
deepseek_v32__vs__grim_trigger__seed104,DeepSeek-V3.2,Grim Trigger,104,43,0.0
deepseek_v32__vs__grim_trigger__seed104,DeepSeek-V3.2,Grim Trigger,104,44,0.0
deepseek_v32__vs__grim_trigger__seed104,DeepSeek-V3.2,Grim Trigger,104,45,0.0
deepseek_v32__vs__grim_trigger__seed104,DeepSeek-V3.2,Grim Trigger,104,46,0.0
deepseek_v32__vs__grim_trigger__seed104,DeepSeek-V3.2,Grim Trigger,104,47,0.0
deepseek_v32__vs__grim_trigger__seed104,DeepSeek-V3.2,Grim Trigger,104,48,0.0
deepseek_v32__vs__grim_trigger__seed104,DeepSeek-V3.2,Grim Trigger,104,49,0.0
deepseek_v32__vs__grim_trigger__seed104,DeepSeek-V3.2,Grim Trigger,104,50,1.0
deepseek_v32__vs__grim_trigger__seed105,DeepSeek-V3.2,Grim Trigger,105,1,1.0
deepseek_v32__vs__grim_trigger__seed105,DeepSeek-V3.2,Grim Trigger,105,2,0.0
deepseek_v32__vs__grim_trigger__seed105,DeepSeek-V3.2,Grim Trigger,105,3,0.0
deepseek_v32__vs__grim_trigger__seed105,DeepSeek-V3.2,Grim Trigger,105,4,0.0
deepseek_v32__vs__grim_trigger__seed105,DeepSeek-V3.2,Grim Trigger,105,5,0.0
deepseek_v32__vs__grim_trigger__seed105,DeepSeek-V3.2,Grim Trigger,105,6,0.0
deepseek_v32__vs__grim_trigger__seed105,DeepSeek-V3.2,Grim Trigger,105,7,1.0
deepseek_v32__vs__grim_trigger__seed105,DeepSeek-V3.2,Grim Trigger,105,8,0.0
deepseek_v32__vs__grim_trigger__seed105,DeepSeek-V3.2,Grim Trigger,105,9,0.0
deepseek_v32__vs__grim_trigger__seed105,DeepSeek-V3.2,Grim Trigger,105,10,0.0
deepseek_v32__vs__grim_trigger__seed105,DeepSeek-V3.2,Grim Trigger,105,11,0.0
deepseek_v32__vs__grim_trigger__seed105,DeepSeek-V3.2,Grim Trigger,105,12,0.0
deepseek_v32__vs__grim_trigger__seed105,DeepSeek-V3.2,Grim Trigger,105,13,0.0
deepseek_v32__vs__grim_trigger__seed105,DeepSeek-V3.2,Grim Trigger,105,14,0.0
deepseek_v32__vs__grim_trigger__seed105,DeepSeek-V3.2,Grim Trigger,105,15,0.0
deepseek_v32__vs__grim_trigger__seed105,DeepSeek-V3.2,Grim Trigger,105,16,0.0
deepseek_v32__vs__grim_trigger__seed105,DeepSeek-V3.2,Grim Trigger,105,17,1.0
deepseek_v32__vs__grim_trigger__seed105,DeepSeek-V3.2,Grim Trigger,105,18,0.0
deepseek_v32__vs__grim_trigger__seed105,DeepSeek-V3.2,Grim Trigger,105,19,0.0
deepseek_v32__vs__grim_trigger__seed105,DeepSeek-V3.2,Grim Trigger,105,20,0.0
deepseek_v32__vs__grim_trigger__seed105,DeepSeek-V3.2,Grim Trigger,105,21,0.0
deepseek_v32__vs__grim_trigger__seed105,DeepSeek-V3.2,Grim Trigger,105,22,0.0
deepseek_v32__vs__grim_trigger__seed105,DeepSeek-V3.2,Grim Trigger,105,23,0.0
deepseek_v32__vs__grim_trigger__seed105,DeepSeek-V3.2,Grim Trigger,105,24,0.0
deepseek_v32__vs__grim_trigger__seed105,DeepSeek-V3.2,Grim Trigger,105,25,0.0
deepseek_v32__vs__grim_trigger__seed105,DeepSeek-V3.2,Grim Trigger,105,26,0.0
deepseek_v32__vs__grim_trigger__seed105,DeepSeek-V3.2,Grim Trigger,105,27,0.0
deepseek_v32__vs__grim_trigger__seed105,DeepSeek-V3.2,Grim Trigger,105,28,0.0
deepseek_v32__vs__grim_trigger__seed105,DeepSeek-V3.2,Grim Trigger,105,29,0.0
deepseek_v32__vs__grim_trigger__seed105,DeepSeek-V3.2,Grim Trigger,105,30,0.0
deepseek_v32__vs__grim_trigger__seed105,DeepSeek-V3.2,Grim Trigger,105,31,0.0
deepseek_v32__vs__grim_trigger__seed105,DeepSeek-V3.2,Grim Trigger,105,32,0.0
deepseek_v32__vs__grim_trigger__seed105,DeepSeek-V3.2,Grim Trigger,105,33,0.0
deepseek_v32__vs__grim_trigger__seed105,DeepSeek-V3.2,Grim Trigger,105,34,0.0
deepseek_v32__vs__grim_trigger__seed105,DeepSeek-V3.2,Grim Trigger,105,35,1.0
deepseek_v32__vs__grim_trigger__seed105,DeepSeek-V3.2,Grim Trigger,105,36,0.0
deepseek_v32__vs__grim_trigger__seed105,DeepSeek-V3.2,Grim Trigger,105,37,0.0
deepseek_v32__vs__grim_trigger__seed105,DeepSeek-V3.2,Grim Trigger,105,38,0.0
deepseek_v32__vs__grim_trigger__seed105,DeepSeek-V3.2,Grim Trigger,105,39,0.0
deepseek_v32__vs__grim_trigger__seed105,DeepSeek-V3.2,Grim Trigger,105,40,0.0
deepseek_v32__vs__grim_trigger__seed105,DeepSeek-V3.2,Grim Trigger,105,41,1.0
deepseek_v32__vs__grim_trigger__seed105,DeepSeek-V3.2,Grim Trigger,105,42,0.0
deepseek_v32__vs__grim_trigger__seed105,DeepSeek-V3.2,Grim Trigger,105,43,0.0
deepseek_v32__vs__grim_trigger__seed105,DeepSeek-V3.2,Grim Trigger,105,44,0.0
deepseek_v32__vs__grim_trigger__seed105,DeepSeek-V3.2,Grim Trigger,105,45,0.0
deepseek_v32__vs__grim_trigger__seed105,DeepSeek-V3.2,Grim Trigger,105,46,0.0
deepseek_v32__vs__grim_trigger__seed105,DeepSeek-V3.2,Grim Trigger,105,47,0.0
deepseek_v32__vs__grim_trigger__seed105,DeepSeek-V3.2,Grim Trigger,105,48,0.0
deepseek_v32__vs__grim_trigger__seed105,DeepSeek-V3.2,Grim Trigger,105,49,0.0
deepseek_v32__vs__grim_trigger__seed105,DeepSeek-V3.2,Grim Trigger,105,50,0.0
deepseek_v32__vs__random_uniform__seed101,DeepSeek-V3.2,Random,101,1,0.5
deepseek_v32__vs__random_uniform__seed101,DeepSeek-V3.2,Random,101,2,1.0
deepseek_v32__vs__random_uniform__seed101,DeepSeek-V3.2,Random,101,3,0.5
deepseek_v32__vs__random_uniform__seed101,DeepSeek-V3.2,Random,101,4,0.5
deepseek_v32__vs__random_uniform__seed101,DeepSeek-V3.2,Random,101,5,0.5
deepseek_v32__vs__random_uniform__seed101,DeepSeek-V3.2,Random,101,6,0.5
deepseek_v32__vs__random_uniform__seed101,DeepSeek-V3.2,Random,101,7,0.5
deepseek_v32__vs__random_uniform__seed101,DeepSeek-V3.2,Random,101,8,0.5
deepseek_v32__vs__random_uniform__seed101,DeepSeek-V3.2,Random,101,9,0.5
deepseek_v32__vs__random_uniform__seed101,DeepSeek-V3.2,Random,101,10,0.5
deepseek_v32__vs__random_uniform__seed101,DeepSeek-V3.2,Random,101,11,0.5
deepseek_v32__vs__random_uniform__seed101,DeepSeek-V3.2,Random,101,12,0.5
deepseek_v32__vs__random_uniform__seed101,DeepSeek-V3.2,Random,101,13,0.5
deepseek_v32__vs__random_uniform__seed101,DeepSeek-V3.2,Random,101,14,0.5
deepseek_v32__vs__random_uniform__seed101,DeepSeek-V3.2,Random,101,15,0.5
deepseek_v32__vs__random_uniform__seed101,DeepSeek-V3.2,Random,101,16,0.5
deepseek_v32__vs__random_uniform__seed101,DeepSeek-V3.2,Random,101,17,0.5
deepseek_v32__vs__random_uniform__seed101,DeepSeek-V3.2,Random,101,18,0.5
deepseek_v32__vs__random_uniform__seed101,DeepSeek-V3.2,Random,101,19,0.5
deepseek_v32__vs__random_uniform__seed101,DeepSeek-V3.2,Random,101,20,0.5
deepseek_v32__vs__random_uniform__seed101,DeepSeek-V3.2,Random,101,21,0.5
deepseek_v32__vs__random_uniform__seed101,DeepSeek-V3.2,Random,101,22,0.5
deepseek_v32__vs__random_uniform__seed101,DeepSeek-V3.2,Random,101,23,1.0
deepseek_v32__vs__random_uniform__seed101,DeepSeek-V3.2,Random,101,24,1.0
deepseek_v32__vs__random_uniform__seed101,DeepSeek-V3.2,Random,101,25,0.5
deepseek_v32__vs__random_uniform__seed101,DeepSeek-V3.2,Random,101,26,0.5
deepseek_v32__vs__random_uniform__seed101,DeepSeek-V3.2,Random,101,27,0.5
deepseek_v32__vs__random_uniform__seed101,DeepSeek-V3.2,Random,101,28,0.5
deepseek_v32__vs__random_uniform__seed101,DeepSeek-V3.2,Random,101,29,0.5
deepseek_v32__vs__random_uniform__seed101,DeepSeek-V3.2,Random,101,30,0.5
deepseek_v32__vs__random_uniform__seed101,DeepSeek-V3.2,Random,101,31,0.5
deepseek_v32__vs__random_uniform__seed101,DeepSeek-V3.2,Random,101,32,0.5
deepseek_v32__vs__random_uniform__seed101,DeepSeek-V3.2,Random,101,33,0.5
deepseek_v32__vs__random_uniform__seed101,DeepSeek-V3.2,Random,101,34,0.5
deepseek_v32__vs__random_uniform__seed101,DeepSeek-V3.2,Random,101,35,0.5
deepseek_v32__vs__random_uniform__seed101,DeepSeek-V3.2,Random,101,36,0.5
deepseek_v32__vs__random_uniform__seed101,DeepSeek-V3.2,Random,101,37,0.5
deepseek_v32__vs__random_uniform__seed101,DeepSeek-V3.2,Random,101,38,0.5
deepseek_v32__vs__random_uniform__seed101,DeepSeek-V3.2,Random,101,39,0.5
deepseek_v32__vs__random_uniform__seed101,DeepSeek-V3.2,Random,101,40,0.5
deepseek_v32__vs__random_uniform__seed101,DeepSeek-V3.2,Random,101,41,0.5
deepseek_v32__vs__random_uniform__seed101,DeepSeek-V3.2,Random,101,42,0.5
deepseek_v32__vs__random_uniform__seed101,DeepSeek-V3.2,Random,101,43,0.5
deepseek_v32__vs__random_uniform__seed101,DeepSeek-V3.2,Random,101,44,0.5
deepseek_v32__vs__random_uniform__seed101,DeepSeek-V3.2,Random,101,45,0.5
deepseek_v32__vs__random_uniform__seed101,DeepSeek-V3.2,Random,101,46,0.5
deepseek_v32__vs__random_uniform__seed101,DeepSeek-V3.2,Random,101,47,0.5
deepseek_v32__vs__random_uniform__seed101,DeepSeek-V3.2,Random,101,48,0.5
deepseek_v32__vs__random_uniform__seed101,DeepSeek-V3.2,Random,101,49,0.5
deepseek_v32__vs__random_uniform__seed101,DeepSeek-V3.2,Random,101,50,0.5
deepseek_v32__vs__random_uniform__seed102,DeepSeek-V3.2,Random,102,1,0.5
deepseek_v32__vs__random_uniform__seed102,DeepSeek-V3.2,Random,102,2,0.75
deepseek_v32__vs__random_uniform__seed102,DeepSeek-V3.2,Random,102,3,0.75
deepseek_v32__vs__random_uniform__seed102,DeepSeek-V3.2,Random,102,4,0.75
deepseek_v32__vs__random_uniform__seed102,DeepSeek-V3.2,Random,102,5,0.75
deepseek_v32__vs__random_uniform__seed102,DeepSeek-V3.2,Random,102,6,0.75
deepseek_v32__vs__random_uniform__seed102,DeepSeek-V3.2,Random,102,7,0.75
deepseek_v32__vs__random_uniform__seed102,DeepSeek-V3.2,Random,102,8,0.75
deepseek_v32__vs__random_uniform__seed102,DeepSeek-V3.2,Random,102,9,0.75
deepseek_v32__vs__random_uniform__seed102,DeepSeek-V3.2,Random,102,10,1.0
deepseek_v32__vs__random_uniform__seed102,DeepSeek-V3.2,Random,102,11,1.0
deepseek_v32__vs__random_uniform__seed102,DeepSeek-V3.2,Random,102,12,1.0
deepseek_v32__vs__random_uniform__seed102,DeepSeek-V3.2,Random,102,13,1.0
deepseek_v32__vs__random_uniform__seed102,DeepSeek-V3.2,Random,102,14,1.0
deepseek_v32__vs__random_uniform__seed102,DeepSeek-V3.2,Random,102,15,1.0
deepseek_v32__vs__random_uniform__seed102,DeepSeek-V3.2,Random,102,16,0.0
deepseek_v32__vs__random_uniform__seed102,DeepSeek-V3.2,Random,102,17,1.0
deepseek_v32__vs__random_uniform__seed102,DeepSeek-V3.2,Random,102,18,0.0
deepseek_v32__vs__random_uniform__seed102,DeepSeek-V3.2,Random,102,19,1.0
deepseek_v32__vs__random_uniform__seed102,DeepSeek-V3.2,Random,102,20,1.0
deepseek_v32__vs__random_uniform__seed102,DeepSeek-V3.2,Random,102,21,1.0
deepseek_v32__vs__random_uniform__seed102,DeepSeek-V3.2,Random,102,22,1.0
deepseek_v32__vs__random_uniform__seed102,DeepSeek-V3.2,Random,102,23,1.0
deepseek_v32__vs__random_uniform__seed102,DeepSeek-V3.2,Random,102,24,1.0
deepseek_v32__vs__random_uniform__seed102,DeepSeek-V3.2,Random,102,25,1.0
deepseek_v32__vs__random_uniform__seed102,DeepSeek-V3.2,Random,102,26,1.0
deepseek_v32__vs__random_uniform__seed102,DeepSeek-V3.2,Random,102,27,1.0
deepseek_v32__vs__random_uniform__seed102,DeepSeek-V3.2,Random,102,28,1.0
deepseek_v32__vs__random_uniform__seed102,DeepSeek-V3.2,Random,102,29,1.0
deepseek_v32__vs__random_uniform__seed102,DeepSeek-V3.2,Random,102,30,1.0
deepseek_v32__vs__random_uniform__seed102,DeepSeek-V3.2,Random,102,31,1.0
deepseek_v32__vs__random_uniform__seed102,DeepSeek-V3.2,Random,102,32,1.0
deepseek_v32__vs__random_uniform__seed102,DeepSeek-V3.2,Random,102,33,1.0
deepseek_v32__vs__random_uniform__seed102,DeepSeek-V3.2,Random,102,34,1.0
deepseek_v32__vs__random_uniform__seed102,DeepSeek-V3.2,Random,102,35,1.0
deepseek_v32__vs__random_uniform__seed102,DeepSeek-V3.2,Random,102,36,1.0
deepseek_v32__vs__random_uniform__seed102,DeepSeek-V3.2,Random,102,37,1.0
deepseek_v32__vs__random_uniform__seed102,DeepSeek-V3.2,Random,102,38,0.0
deepseek_v32__vs__random_uniform__seed102,DeepSeek-V3.2,Random,102,39,1.0
deepseek_v32__vs__random_uniform__seed102,DeepSeek-V3.2,Random,102,40,1.0
deepseek_v32__vs__random_uniform__seed102,DeepSeek-V3.2,Random,102,41,1.0
deepseek_v32__vs__random_uniform__seed102,DeepSeek-V3.2,Random,102,42,1.0
deepseek_v32__vs__random_uniform__seed102,DeepSeek-V3.2,Random,102,43,1.0
deepseek_v32__vs__random_uniform__seed102,DeepSeek-V3.2,Random,102,44,1.0
deepseek_v32__vs__random_uniform__seed102,DeepSeek-V3.2,Random,102,45,1.0
deepseek_v32__vs__random_uniform__seed102,DeepSeek-V3.2,Random,102,46,1.0
deepseek_v32__vs__random_uniform__seed102,DeepSeek-V3.2,Random,102,47,1.0
deepseek_v32__vs__random_uniform__seed102,DeepSeek-V3.2,Random,102,48,1.0
deepseek_v32__vs__random_uniform__seed102,DeepSeek-V3.2,Random,102,49,1.0
deepseek_v32__vs__random_uniform__seed102,DeepSeek-V3.2,Random,102,50,1.0
deepseek_v32__vs__random_uniform__seed103,DeepSeek-V3.2,Random,103,1,1.0
deepseek_v32__vs__random_uniform__seed103,DeepSeek-V3.2,Random,103,2,1.0
deepseek_v32__vs__random_uniform__seed103,DeepSeek-V3.2,Random,103,3,1.0
deepseek_v32__vs__random_uniform__seed103,DeepSeek-V3.2,Random,103,4,0.0
deepseek_v32__vs__random_uniform__seed103,DeepSeek-V3.2,Random,103,5,1.0
deepseek_v32__vs__random_uniform__seed103,DeepSeek-V3.2,Random,103,6,1.0
deepseek_v32__vs__random_uniform__seed103,DeepSeek-V3.2,Random,103,7,1.0
deepseek_v32__vs__random_uniform__seed103,DeepSeek-V3.2,Random,103,8,1.0
deepseek_v32__vs__random_uniform__seed103,DeepSeek-V3.2,Random,103,9,1.0
deepseek_v32__vs__random_uniform__seed103,DeepSeek-V3.2,Random,103,10,1.0
deepseek_v32__vs__random_uniform__seed103,DeepSeek-V3.2,Random,103,11,1.0
deepseek_v32__vs__random_uniform__seed103,DeepSeek-V3.2,Random,103,12,1.0
deepseek_v32__vs__random_uniform__seed103,DeepSeek-V3.2,Random,103,13,0.5
deepseek_v32__vs__random_uniform__seed103,DeepSeek-V3.2,Random,103,14,1.0
deepseek_v32__vs__random_uniform__seed103,DeepSeek-V3.2,Random,103,15,1.0
deepseek_v32__vs__random_uniform__seed103,DeepSeek-V3.2,Random,103,16,1.0
deepseek_v32__vs__random_uniform__seed103,DeepSeek-V3.2,Random,103,17,1.0
deepseek_v32__vs__random_uniform__seed103,DeepSeek-V3.2,Random,103,18,1.0
deepseek_v32__vs__random_uniform__seed103,DeepSeek-V3.2,Random,103,19,1.0
deepseek_v32__vs__random_uniform__seed103,DeepSeek-V3.2,Random,103,20,1.0
deepseek_v32__vs__random_uniform__seed103,DeepSeek-V3.2,Random,103,21,1.0
deepseek_v32__vs__random_uniform__seed103,DeepSeek-V3.2,Random,103,22,1.0
deepseek_v32__vs__random_uniform__seed103,DeepSeek-V3.2,Random,103,23,1.0
deepseek_v32__vs__random_uniform__seed103,DeepSeek-V3.2,Random,103,24,1.0
deepseek_v32__vs__random_uniform__seed103,DeepSeek-V3.2,Random,103,25,1.0
deepseek_v32__vs__random_uniform__seed103,DeepSeek-V3.2,Random,103,26,1.0
deepseek_v32__vs__random_uniform__seed103,DeepSeek-V3.2,Random,103,27,1.0
deepseek_v32__vs__random_uniform__seed103,DeepSeek-V3.2,Random,103,28,1.0
deepseek_v32__vs__random_uniform__seed103,DeepSeek-V3.2,Random,103,29,1.0
deepseek_v32__vs__random_uniform__seed103,DeepSeek-V3.2,Random,103,30,0.0
deepseek_v32__vs__random_uniform__seed103,DeepSeek-V3.2,Random,103,31,1.0
deepseek_v32__vs__random_uniform__seed103,DeepSeek-V3.2,Random,103,32,1.0
deepseek_v32__vs__random_uniform__seed103,DeepSeek-V3.2,Random,103,33,1.0
deepseek_v32__vs__random_uniform__seed103,DeepSeek-V3.2,Random,103,34,1.0
deepseek_v32__vs__random_uniform__seed103,DeepSeek-V3.2,Random,103,35,1.0
deepseek_v32__vs__random_uniform__seed103,DeepSeek-V3.2,Random,103,36,1.0
deepseek_v32__vs__random_uniform__seed103,DeepSeek-V3.2,Random,103,37,1.0
deepseek_v32__vs__random_uniform__seed103,DeepSeek-V3.2,Random,103,38,0.0
deepseek_v32__vs__random_uniform__seed103,DeepSeek-V3.2,Random,103,39,0.0
deepseek_v32__vs__random_uniform__seed103,DeepSeek-V3.2,Random,103,40,0.0
deepseek_v32__vs__random_uniform__seed103,DeepSeek-V3.2,Random,103,41,1.0
deepseek_v32__vs__random_uniform__seed103,DeepSeek-V3.2,Random,103,42,1.0
deepseek_v32__vs__random_uniform__seed103,DeepSeek-V3.2,Random,103,43,1.0
deepseek_v32__vs__random_uniform__seed103,DeepSeek-V3.2,Random,103,44,1.0
deepseek_v32__vs__random_uniform__seed103,DeepSeek-V3.2,Random,103,45,1.0
deepseek_v32__vs__random_uniform__seed103,DeepSeek-V3.2,Random,103,46,1.0
deepseek_v32__vs__random_uniform__seed103,DeepSeek-V3.2,Random,103,47,1.0
deepseek_v32__vs__random_uniform__seed103,DeepSeek-V3.2,Random,103,48,0.0
deepseek_v32__vs__random_uniform__seed103,DeepSeek-V3.2,Random,103,49,0.0
deepseek_v32__vs__random_uniform__seed103,DeepSeek-V3.2,Random,103,50,1.0
deepseek_v32__vs__random_uniform__seed104,DeepSeek-V3.2,Random,104,1,1.0
deepseek_v32__vs__random_uniform__seed104,DeepSeek-V3.2,Random,104,2,1.0
deepseek_v32__vs__random_uniform__seed104,DeepSeek-V3.2,Random,104,3,1.0
deepseek_v32__vs__random_uniform__seed104,DeepSeek-V3.2,Random,104,4,1.0
deepseek_v32__vs__random_uniform__seed104,DeepSeek-V3.2,Random,104,5,1.0
deepseek_v32__vs__random_uniform__seed104,DeepSeek-V3.2,Random,104,6,1.0
deepseek_v32__vs__random_uniform__seed104,DeepSeek-V3.2,Random,104,7,1.0
deepseek_v32__vs__random_uniform__seed104,DeepSeek-V3.2,Random,104,8,1.0
deepseek_v32__vs__random_uniform__seed104,DeepSeek-V3.2,Random,104,9,1.0
deepseek_v32__vs__random_uniform__seed104,DeepSeek-V3.2,Random,104,10,1.0
deepseek_v32__vs__random_uniform__seed104,DeepSeek-V3.2,Random,104,11,1.0
deepseek_v32__vs__random_uniform__seed104,DeepSeek-V3.2,Random,104,12,1.0
deepseek_v32__vs__random_uniform__seed104,DeepSeek-V3.2,Random,104,13,1.0
deepseek_v32__vs__random_uniform__seed104,DeepSeek-V3.2,Random,104,14,1.0
deepseek_v32__vs__random_uniform__seed104,DeepSeek-V3.2,Random,104,15,1.0
deepseek_v32__vs__random_uniform__seed104,DeepSeek-V3.2,Random,104,16,1.0
deepseek_v32__vs__random_uniform__seed104,DeepSeek-V3.2,Random,104,17,1.0
deepseek_v32__vs__random_uniform__seed104,DeepSeek-V3.2,Random,104,18,1.0
deepseek_v32__vs__random_uniform__seed104,DeepSeek-V3.2,Random,104,19,1.0
deepseek_v32__vs__random_uniform__seed104,DeepSeek-V3.2,Random,104,20,1.0
deepseek_v32__vs__random_uniform__seed104,DeepSeek-V3.2,Random,104,21,1.0
deepseek_v32__vs__random_uniform__seed104,DeepSeek-V3.2,Random,104,22,1.0
deepseek_v32__vs__random_uniform__seed104,DeepSeek-V3.2,Random,104,23,1.0
deepseek_v32__vs__random_uniform__seed104,DeepSeek-V3.2,Random,104,24,0.75
deepseek_v32__vs__random_uniform__seed104,DeepSeek-V3.2,Random,104,25,1.0
deepseek_v32__vs__random_uniform__seed104,DeepSeek-V3.2,Random,104,26,1.0
deepseek_v32__vs__random_uniform__seed104,DeepSeek-V3.2,Random,104,27,1.0
deepseek_v32__vs__random_uniform__seed104,DeepSeek-V3.2,Random,104,28,1.0
deepseek_v32__vs__random_uniform__seed104,DeepSeek-V3.2,Random,104,29,1.0
deepseek_v32__vs__random_uniform__seed104,DeepSeek-V3.2,Random,104,30,1.0
deepseek_v32__vs__random_uniform__seed104,DeepSeek-V3.2,Random,104,31,0.0
deepseek_v32__vs__random_uniform__seed104,DeepSeek-V3.2,Random,104,32,1.0
deepseek_v32__vs__random_uniform__seed104,DeepSeek-V3.2,Random,104,33,1.0
deepseek_v32__vs__random_uniform__seed104,DeepSeek-V3.2,Random,104,34,1.0
deepseek_v32__vs__random_uniform__seed104,DeepSeek-V3.2,Random,104,35,1.0
deepseek_v32__vs__random_uniform__seed104,DeepSeek-V3.2,Random,104,36,1.0
deepseek_v32__vs__random_uniform__seed104,DeepSeek-V3.2,Random,104,37,1.0
deepseek_v32__vs__random_uniform__seed104,DeepSeek-V3.2,Random,104,38,1.0
deepseek_v32__vs__random_uniform__seed104,DeepSeek-V3.2,Random,104,39,0.0
deepseek_v32__vs__random_uniform__seed104,DeepSeek-V3.2,Random,104,40,1.0
deepseek_v32__vs__random_uniform__seed104,DeepSeek-V3.2,Random,104,41,1.0
deepseek_v32__vs__random_uniform__seed104,DeepSeek-V3.2,Random,104,42,1.0
deepseek_v32__vs__random_uniform__seed104,DeepSeek-V3.2,Random,104,43,1.0
deepseek_v32__vs__random_uniform__seed104,DeepSeek-V3.2,Random,104,44,1.0
deepseek_v32__vs__random_uniform__seed104,DeepSeek-V3.2,Random,104,45,1.0
deepseek_v32__vs__random_uniform__seed104,DeepSeek-V3.2,Random,104,46,1.0
deepseek_v32__vs__random_uniform__seed104,DeepSeek-V3.2,Random,104,47,1.0
deepseek_v32__vs__random_uniform__seed104,DeepSeek-V3.2,Random,104,48,1.0
deepseek_v32__vs__random_uniform__seed104,DeepSeek-V3.2,Random,104,49,1.0
deepseek_v32__vs__random_uniform__seed104,DeepSeek-V3.2,Random,104,50,1.0
deepseek_v32__vs__random_uniform__seed105,DeepSeek-V3.2,Random,105,1,0.5
deepseek_v32__vs__random_uniform__seed105,DeepSeek-V3.2,Random,105,2,0.5
deepseek_v32__vs__random_uniform__seed105,DeepSeek-V3.2,Random,105,3,0.5
deepseek_v32__vs__random_uniform__seed105,DeepSeek-V3.2,Random,105,4,0.0
deepseek_v32__vs__random_uniform__seed105,DeepSeek-V3.2,Random,105,5,1.0
deepseek_v32__vs__random_uniform__seed105,DeepSeek-V3.2,Random,105,6,1.0
deepseek_v32__vs__random_uniform__seed105,DeepSeek-V3.2,Random,105,7,1.0
deepseek_v32__vs__random_uniform__seed105,DeepSeek-V3.2,Random,105,8,1.0
deepseek_v32__vs__random_uniform__seed105,DeepSeek-V3.2,Random,105,9,1.0
deepseek_v32__vs__random_uniform__seed105,DeepSeek-V3.2,Random,105,10,1.0
deepseek_v32__vs__random_uniform__seed105,DeepSeek-V3.2,Random,105,11,0.5
deepseek_v32__vs__random_uniform__seed105,DeepSeek-V3.2,Random,105,12,0.5
deepseek_v32__vs__random_uniform__seed105,DeepSeek-V3.2,Random,105,13,1.0
deepseek_v32__vs__random_uniform__seed105,DeepSeek-V3.2,Random,105,14,1.0
deepseek_v32__vs__random_uniform__seed105,DeepSeek-V3.2,Random,105,15,1.0
deepseek_v32__vs__random_uniform__seed105,DeepSeek-V3.2,Random,105,16,1.0
deepseek_v32__vs__random_uniform__seed105,DeepSeek-V3.2,Random,105,17,1.0
deepseek_v32__vs__random_uniform__seed105,DeepSeek-V3.2,Random,105,18,1.0
deepseek_v32__vs__random_uniform__seed105,DeepSeek-V3.2,Random,105,19,1.0
deepseek_v32__vs__random_uniform__seed105,DeepSeek-V3.2,Random,105,20,1.0
deepseek_v32__vs__random_uniform__seed105,DeepSeek-V3.2,Random,105,21,1.0
deepseek_v32__vs__random_uniform__seed105,DeepSeek-V3.2,Random,105,22,1.0
deepseek_v32__vs__random_uniform__seed105,DeepSeek-V3.2,Random,105,23,0.5
deepseek_v32__vs__random_uniform__seed105,DeepSeek-V3.2,Random,105,24,0.5
deepseek_v32__vs__random_uniform__seed105,DeepSeek-V3.2,Random,105,25,0.5
deepseek_v32__vs__random_uniform__seed105,DeepSeek-V3.2,Random,105,26,1.0
deepseek_v32__vs__random_uniform__seed105,DeepSeek-V3.2,Random,105,27,1.0
deepseek_v32__vs__random_uniform__seed105,DeepSeek-V3.2,Random,105,28,1.0
deepseek_v32__vs__random_uniform__seed105,DeepSeek-V3.2,Random,105,29,1.0
deepseek_v32__vs__random_uniform__seed105,DeepSeek-V3.2,Random,105,30,1.0
deepseek_v32__vs__random_uniform__seed105,DeepSeek-V3.2,Random,105,31,1.0
deepseek_v32__vs__random_uniform__seed105,DeepSeek-V3.2,Random,105,32,1.0
deepseek_v32__vs__random_uniform__seed105,DeepSeek-V3.2,Random,105,33,1.0
deepseek_v32__vs__random_uniform__seed105,DeepSeek-V3.2,Random,105,34,1.0
deepseek_v32__vs__random_uniform__seed105,DeepSeek-V3.2,Random,105,35,1.0
deepseek_v32__vs__random_uniform__seed105,DeepSeek-V3.2,Random,105,36,1.0
deepseek_v32__vs__random_uniform__seed105,DeepSeek-V3.2,Random,105,37,1.0
deepseek_v32__vs__random_uniform__seed105,DeepSeek-V3.2,Random,105,38,1.0
deepseek_v32__vs__random_uniform__seed105,DeepSeek-V3.2,Random,105,39,1.0
deepseek_v32__vs__random_uniform__seed105,DeepSeek-V3.2,Random,105,40,0.0
deepseek_v32__vs__random_uniform__seed105,DeepSeek-V3.2,Random,105,41,1.0
deepseek_v32__vs__random_uniform__seed105,DeepSeek-V3.2,Random,105,42,1.0
deepseek_v32__vs__random_uniform__seed105,DeepSeek-V3.2,Random,105,43,1.0
deepseek_v32__vs__random_uniform__seed105,DeepSeek-V3.2,Random,105,44,1.0
deepseek_v32__vs__random_uniform__seed105,DeepSeek-V3.2,Random,105,45,1.0
deepseek_v32__vs__random_uniform__seed105,DeepSeek-V3.2,Random,105,46,1.0
deepseek_v32__vs__random_uniform__seed105,DeepSeek-V3.2,Random,105,47,1.0
deepseek_v32__vs__random_uniform__seed105,DeepSeek-V3.2,Random,105,48,1.0
deepseek_v32__vs__random_uniform__seed105,DeepSeek-V3.2,Random,105,49,1.0
deepseek_v32__vs__random_uniform__seed105,DeepSeek-V3.2,Random,105,50,1.0
deepseek_v32__vs__wsls__seed101,DeepSeek-V3.2,WSLS,101,1,1.0
deepseek_v32__vs__wsls__seed101,DeepSeek-V3.2,WSLS,101,2,1.0
deepseek_v32__vs__wsls__seed101,DeepSeek-V3.2,WSLS,101,3,1.0
deepseek_v32__vs__wsls__seed101,DeepSeek-V3.2,WSLS,101,4,1.0
deepseek_v32__vs__wsls__seed101,DeepSeek-V3.2,WSLS,101,5,1.0
deepseek_v32__vs__wsls__seed101,DeepSeek-V3.2,WSLS,101,6,1.0
deepseek_v32__vs__wsls__seed101,DeepSeek-V3.2,WSLS,101,7,1.0
deepseek_v32__vs__wsls__seed101,DeepSeek-V3.2,WSLS,101,8,1.0
deepseek_v32__vs__wsls__seed101,DeepSeek-V3.2,WSLS,101,9,1.0
deepseek_v32__vs__wsls__seed101,DeepSeek-V3.2,WSLS,101,10,1.0
deepseek_v32__vs__wsls__seed101,DeepSeek-V3.2,WSLS,101,11,1.0
deepseek_v32__vs__wsls__seed101,DeepSeek-V3.2,WSLS,101,12,1.0
deepseek_v32__vs__wsls__seed101,DeepSeek-V3.2,WSLS,101,13,1.0
deepseek_v32__vs__wsls__seed101,DeepSeek-V3.2,WSLS,101,14,1.0
deepseek_v32__vs__wsls__seed101,DeepSeek-V3.2,WSLS,101,15,1.0
deepseek_v32__vs__wsls__seed101,DeepSeek-V3.2,WSLS,101,16,1.0
deepseek_v32__vs__wsls__seed101,DeepSeek-V3.2,WSLS,101,17,1.0
deepseek_v32__vs__wsls__seed101,DeepSeek-V3.2,WSLS,101,18,1.0
deepseek_v32__vs__wsls__seed101,DeepSeek-V3.2,WSLS,101,19,1.0
deepseek_v32__vs__wsls__seed101,DeepSeek-V3.2,WSLS,101,20,0.0
deepseek_v32__vs__wsls__seed101,DeepSeek-V3.2,WSLS,101,21,0.0
deepseek_v32__vs__wsls__seed101,DeepSeek-V3.2,WSLS,101,22,0.0
deepseek_v32__vs__wsls__seed101,DeepSeek-V3.2,WSLS,101,23,1.0
deepseek_v32__vs__wsls__seed101,DeepSeek-V3.2,WSLS,101,24,0.0
deepseek_v32__vs__wsls__seed101,DeepSeek-V3.2,WSLS,101,25,0.0
deepseek_v32__vs__wsls__seed101,DeepSeek-V3.2,WSLS,101,26,0.0
deepseek_v32__vs__wsls__seed101,DeepSeek-V3.2,WSLS,101,27,1.0
deepseek_v32__vs__wsls__seed101,DeepSeek-V3.2,WSLS,101,28,0.0
deepseek_v32__vs__wsls__seed101,DeepSeek-V3.2,WSLS,101,29,0.0
deepseek_v32__vs__wsls__seed101,DeepSeek-V3.2,WSLS,101,30,0.0
deepseek_v32__vs__wsls__seed101,DeepSeek-V3.2,WSLS,101,31,0.0
deepseek_v32__vs__wsls__seed101,DeepSeek-V3.2,WSLS,101,32,0.0
deepseek_v32__vs__wsls__seed101,DeepSeek-V3.2,WSLS,101,33,0.0
deepseek_v32__vs__wsls__seed101,DeepSeek-V3.2,WSLS,101,34,0.0
deepseek_v32__vs__wsls__seed101,DeepSeek-V3.2,WSLS,101,35,0.0
deepseek_v32__vs__wsls__seed101,DeepSeek-V3.2,WSLS,101,36,0.0
deepseek_v32__vs__wsls__seed101,DeepSeek-V3.2,WSLS,101,37,0.0
deepseek_v32__vs__wsls__seed101,DeepSeek-V3.2,WSLS,101,38,0.0
deepseek_v32__vs__wsls__seed101,DeepSeek-V3.2,WSLS,101,39,0.0
deepseek_v32__vs__wsls__seed101,DeepSeek-V3.2,WSLS,101,40,0.0
deepseek_v32__vs__wsls__seed101,DeepSeek-V3.2,WSLS,101,41,0.0
deepseek_v32__vs__wsls__seed101,DeepSeek-V3.2,WSLS,101,42,0.0
deepseek_v32__vs__wsls__seed101,DeepSeek-V3.2,WSLS,101,43,0.0
deepseek_v32__vs__wsls__seed101,DeepSeek-V3.2,WSLS,101,44,0.0
deepseek_v32__vs__wsls__seed101,DeepSeek-V3.2,WSLS,101,45,0.0
deepseek_v32__vs__wsls__seed101,DeepSeek-V3.2,WSLS,101,46,0.0
deepseek_v32__vs__wsls__seed101,DeepSeek-V3.2,WSLS,101,47,0.0
deepseek_v32__vs__wsls__seed101,DeepSeek-V3.2,WSLS,101,48,0.0
deepseek_v32__vs__wsls__seed101,DeepSeek-V3.2,WSLS,101,49,0.0
deepseek_v32__vs__wsls__seed101,DeepSeek-V3.2,WSLS,101,50,0.0
deepseek_v32__vs__wsls__seed102,DeepSeek-V3.2,WSLS,102,1,0.5
deepseek_v32__vs__wsls__seed102,DeepSeek-V3.2,WSLS,102,2,1.0
deepseek_v32__vs__wsls__seed102,DeepSeek-V3.2,WSLS,102,3,1.0
deepseek_v32__vs__wsls__seed102,DeepSeek-V3.2,WSLS,102,4,1.0
deepseek_v32__vs__wsls__seed102,DeepSeek-V3.2,WSLS,102,5,1.0
deepseek_v32__vs__wsls__seed102,DeepSeek-V3.2,WSLS,102,6,1.0
deepseek_v32__vs__wsls__seed102,DeepSeek-V3.2,WSLS,102,7,1.0
deepseek_v32__vs__wsls__seed102,DeepSeek-V3.2,WSLS,102,8,1.0
deepseek_v32__vs__wsls__seed102,DeepSeek-V3.2,WSLS,102,9,1.0
deepseek_v32__vs__wsls__seed102,DeepSeek-V3.2,WSLS,102,10,1.0
deepseek_v32__vs__wsls__seed102,DeepSeek-V3.2,WSLS,102,11,1.0
deepseek_v32__vs__wsls__seed102,DeepSeek-V3.2,WSLS,102,12,1.0
deepseek_v32__vs__wsls__seed102,DeepSeek-V3.2,WSLS,102,13,1.0
deepseek_v32__vs__wsls__seed102,DeepSeek-V3.2,WSLS,102,14,1.0
deepseek_v32__vs__wsls__seed102,DeepSeek-V3.2,WSLS,102,15,1.0
deepseek_v32__vs__wsls__seed102,DeepSeek-V3.2,WSLS,102,16,1.0
deepseek_v32__vs__wsls__seed102,DeepSeek-V3.2,WSLS,102,17,1.0
deepseek_v32__vs__wsls__seed102,DeepSeek-V3.2,WSLS,102,18,1.0
deepseek_v32__vs__wsls__seed102,DeepSeek-V3.2,WSLS,102,19,1.0
deepseek_v32__vs__wsls__seed102,DeepSeek-V3.2,WSLS,102,20,1.0
deepseek_v32__vs__wsls__seed102,DeepSeek-V3.2,WSLS,102,21,1.0
deepseek_v32__vs__wsls__seed102,DeepSeek-V3.2,WSLS,102,22,1.0
deepseek_v32__vs__wsls__seed102,DeepSeek-V3.2,WSLS,102,23,1.0
deepseek_v32__vs__wsls__seed102,DeepSeek-V3.2,WSLS,102,24,1.0
deepseek_v32__vs__wsls__seed102,DeepSeek-V3.2,WSLS,102,25,1.0
deepseek_v32__vs__wsls__seed102,DeepSeek-V3.2,WSLS,102,26,1.0
deepseek_v32__vs__wsls__seed102,DeepSeek-V3.2,WSLS,102,27,1.0
deepseek_v32__vs__wsls__seed102,DeepSeek-V3.2,WSLS,102,28,1.0
deepseek_v32__vs__wsls__seed102,DeepSeek-V3.2,WSLS,102,29,1.0
deepseek_v32__vs__wsls__seed102,DeepSeek-V3.2,WSLS,102,30,1.0
deepseek_v32__vs__wsls__seed102,DeepSeek-V3.2,WSLS,102,31,1.0
deepseek_v32__vs__wsls__seed102,DeepSeek-V3.2,WSLS,102,32,1.0
deepseek_v32__vs__wsls__seed102,DeepSeek-V3.2,WSLS,102,33,1.0
deepseek_v32__vs__wsls__seed102,DeepSeek-V3.2,WSLS,102,34,1.0
deepseek_v32__vs__wsls__seed102,DeepSeek-V3.2,WSLS,102,35,1.0
deepseek_v32__vs__wsls__seed102,DeepSeek-V3.2,WSLS,102,36,1.0
deepseek_v32__vs__wsls__seed102,DeepSeek-V3.2,WSLS,102,37,1.0
deepseek_v32__vs__wsls__seed102,DeepSeek-V3.2,WSLS,102,38,1.0
deepseek_v32__vs__wsls__seed102,DeepSeek-V3.2,WSLS,102,39,1.0
deepseek_v32__vs__wsls__seed102,DeepSeek-V3.2,WSLS,102,40,1.0
deepseek_v32__vs__wsls__seed102,DeepSeek-V3.2,WSLS,102,41,1.0
deepseek_v32__vs__wsls__seed102,DeepSeek-V3.2,WSLS,102,42,1.0
deepseek_v32__vs__wsls__seed102,DeepSeek-V3.2,WSLS,102,43,1.0
deepseek_v32__vs__wsls__seed102,DeepSeek-V3.2,WSLS,102,44,1.0
deepseek_v32__vs__wsls__seed102,DeepSeek-V3.2,WSLS,102,45,1.0
deepseek_v32__vs__wsls__seed102,DeepSeek-V3.2,WSLS,102,46,1.0
deepseek_v32__vs__wsls__seed102,DeepSeek-V3.2,WSLS,102,47,1.0
deepseek_v32__vs__wsls__seed102,DeepSeek-V3.2,WSLS,102,48,1.0
deepseek_v32__vs__wsls__seed102,DeepSeek-V3.2,WSLS,102,49,1.0
deepseek_v32__vs__wsls__seed102,DeepSeek-V3.2,WSLS,102,50,1.0
deepseek_v32__vs__wsls__seed103,DeepSeek-V3.2,WSLS,103,1,1.0
deepseek_v32__vs__wsls__seed103,DeepSeek-V3.2,WSLS,103,2,1.0
deepseek_v32__vs__wsls__seed103,DeepSeek-V3.2,WSLS,103,3,1.0
deepseek_v32__vs__wsls__seed103,DeepSeek-V3.2,WSLS,103,4,1.0
deepseek_v32__vs__wsls__seed103,DeepSeek-V3.2,WSLS,103,5,1.0
deepseek_v32__vs__wsls__seed103,DeepSeek-V3.2,WSLS,103,6,1.0
deepseek_v32__vs__wsls__seed103,DeepSeek-V3.2,WSLS,103,7,1.0
deepseek_v32__vs__wsls__seed103,DeepSeek-V3.2,WSLS,103,8,1.0
deepseek_v32__vs__wsls__seed103,DeepSeek-V3.2,WSLS,103,9,1.0
deepseek_v32__vs__wsls__seed103,DeepSeek-V3.2,WSLS,103,10,1.0
deepseek_v32__vs__wsls__seed103,DeepSeek-V3.2,WSLS,103,11,1.0
deepseek_v32__vs__wsls__seed103,DeepSeek-V3.2,WSLS,103,12,1.0
deepseek_v32__vs__wsls__seed103,DeepSeek-V3.2,WSLS,103,13,1.0
deepseek_v32__vs__wsls__seed103,DeepSeek-V3.2,WSLS,103,14,1.0
deepseek_v32__vs__wsls__seed103,DeepSeek-V3.2,WSLS,103,15,1.0
deepseek_v32__vs__wsls__seed103,DeepSeek-V3.2,WSLS,103,16,1.0
deepseek_v32__vs__wsls__seed103,DeepSeek-V3.2,WSLS,103,17,1.0
deepseek_v32__vs__wsls__seed103,DeepSeek-V3.2,WSLS,103,18,1.0
deepseek_v32__vs__wsls__seed103,DeepSeek-V3.2,WSLS,103,19,1.0
deepseek_v32__vs__wsls__seed103,DeepSeek-V3.2,WSLS,103,20,1.0
deepseek_v32__vs__wsls__seed103,DeepSeek-V3.2,WSLS,103,21,1.0
deepseek_v32__vs__wsls__seed103,DeepSeek-V3.2,WSLS,103,22,1.0
deepseek_v32__vs__wsls__seed103,DeepSeek-V3.2,WSLS,103,23,1.0
deepseek_v32__vs__wsls__seed103,DeepSeek-V3.2,WSLS,103,24,1.0
deepseek_v32__vs__wsls__seed103,DeepSeek-V3.2,WSLS,103,25,1.0
deepseek_v32__vs__wsls__seed103,DeepSeek-V3.2,WSLS,103,26,1.0
deepseek_v32__vs__wsls__seed103,DeepSeek-V3.2,WSLS,103,27,1.0
deepseek_v32__vs__wsls__seed103,DeepSeek-V3.2,WSLS,103,28,1.0
deepseek_v32__vs__wsls__seed103,DeepSeek-V3.2,WSLS,103,29,1.0
deepseek_v32__vs__wsls__seed103,DeepSeek-V3.2,WSLS,103,30,1.0
deepseek_v32__vs__wsls__seed103,DeepSeek-V3.2,WSLS,103,31,1.0
deepseek_v32__vs__wsls__seed103,DeepSeek-V3.2,WSLS,103,32,1.0
deepseek_v32__vs__wsls__seed103,DeepSeek-V3.2,WSLS,103,33,1.0
deepseek_v32__vs__wsls__seed103,DeepSeek-V3.2,WSLS,103,34,1.0
deepseek_v32__vs__wsls__seed103,DeepSeek-V3.2,WSLS,103,35,1.0
deepseek_v32__vs__wsls__seed103,DeepSeek-V3.2,WSLS,103,36,1.0
deepseek_v32__vs__wsls__seed103,DeepSeek-V3.2,WSLS,103,37,1.0
deepseek_v32__vs__wsls__seed103,DeepSeek-V3.2,WSLS,103,38,1.0
deepseek_v32__vs__wsls__seed103,DeepSeek-V3.2,WSLS,103,39,1.0
deepseek_v32__vs__wsls__seed103,DeepSeek-V3.2,WSLS,103,40,1.0
deepseek_v32__vs__wsls__seed103,DeepSeek-V3.2,WSLS,103,41,1.0
deepseek_v32__vs__wsls__seed103,DeepSeek-V3.2,WSLS,103,42,1.0
deepseek_v32__vs__wsls__seed103,DeepSeek-V3.2,WSLS,103,43,1.0
deepseek_v32__vs__wsls__seed103,DeepSeek-V3.2,WSLS,103,44,1.0
deepseek_v32__vs__wsls__seed103,DeepSeek-V3.2,WSLS,103,45,1.0
deepseek_v32__vs__wsls__seed103,DeepSeek-V3.2,WSLS,103,46,1.0
deepseek_v32__vs__wsls__seed103,DeepSeek-V3.2,WSLS,103,47,1.0
deepseek_v32__vs__wsls__seed103,DeepSeek-V3.2,WSLS,103,48,1.0
deepseek_v32__vs__wsls__seed103,DeepSeek-V3.2,WSLS,103,49,1.0
deepseek_v32__vs__wsls__seed103,DeepSeek-V3.2,WSLS,103,50,1.0
deepseek_v32__vs__wsls__seed104,DeepSeek-V3.2,WSLS,104,1,1.0
deepseek_v32__vs__wsls__seed104,DeepSeek-V3.2,WSLS,104,2,1.0
deepseek_v32__vs__wsls__seed104,DeepSeek-V3.2,WSLS,104,3,1.0
deepseek_v32__vs__wsls__seed104,DeepSeek-V3.2,WSLS,104,4,1.0
deepseek_v32__vs__wsls__seed104,DeepSeek-V3.2,WSLS,104,5,1.0
deepseek_v32__vs__wsls__seed104,DeepSeek-V3.2,WSLS,104,6,1.0
deepseek_v32__vs__wsls__seed104,DeepSeek-V3.2,WSLS,104,7,1.0
deepseek_v32__vs__wsls__seed104,DeepSeek-V3.2,WSLS,104,8,1.0
deepseek_v32__vs__wsls__seed104,DeepSeek-V3.2,WSLS,104,9,1.0
deepseek_v32__vs__wsls__seed104,DeepSeek-V3.2,WSLS,104,10,1.0
deepseek_v32__vs__wsls__seed104,DeepSeek-V3.2,WSLS,104,11,1.0
deepseek_v32__vs__wsls__seed104,DeepSeek-V3.2,WSLS,104,12,1.0
deepseek_v32__vs__wsls__seed104,DeepSeek-V3.2,WSLS,104,13,1.0
deepseek_v32__vs__wsls__seed104,DeepSeek-V3.2,WSLS,104,14,1.0
deepseek_v32__vs__wsls__seed104,DeepSeek-V3.2,WSLS,104,15,1.0
deepseek_v32__vs__wsls__seed104,DeepSeek-V3.2,WSLS,104,16,1.0
deepseek_v32__vs__wsls__seed104,DeepSeek-V3.2,WSLS,104,17,1.0
deepseek_v32__vs__wsls__seed104,DeepSeek-V3.2,WSLS,104,18,1.0
deepseek_v32__vs__wsls__seed104,DeepSeek-V3.2,WSLS,104,19,1.0
deepseek_v32__vs__wsls__seed104,DeepSeek-V3.2,WSLS,104,20,1.0
deepseek_v32__vs__wsls__seed104,DeepSeek-V3.2,WSLS,104,21,1.0
deepseek_v32__vs__wsls__seed104,DeepSeek-V3.2,WSLS,104,22,1.0
deepseek_v32__vs__wsls__seed104,DeepSeek-V3.2,WSLS,104,23,1.0
deepseek_v32__vs__wsls__seed104,DeepSeek-V3.2,WSLS,104,24,1.0
deepseek_v32__vs__wsls__seed104,DeepSeek-V3.2,WSLS,104,25,0.75
deepseek_v32__vs__wsls__seed104,DeepSeek-V3.2,WSLS,104,26,1.0
deepseek_v32__vs__wsls__seed104,DeepSeek-V3.2,WSLS,104,27,0.0
deepseek_v32__vs__wsls__seed104,DeepSeek-V3.2,WSLS,104,28,1.0
deepseek_v32__vs__wsls__seed104,DeepSeek-V3.2,WSLS,104,29,0.0
deepseek_v32__vs__wsls__seed104,DeepSeek-V3.2,WSLS,104,30,1.0
deepseek_v32__vs__wsls__seed104,DeepSeek-V3.2,WSLS,104,31,1.0
deepseek_v32__vs__wsls__seed104,DeepSeek-V3.2,WSLS,104,32,1.0
deepseek_v32__vs__wsls__seed104,DeepSeek-V3.2,WSLS,104,33,0.0
deepseek_v32__vs__wsls__seed104,DeepSeek-V3.2,WSLS,104,34,1.0
deepseek_v32__vs__wsls__seed104,DeepSeek-V3.2,WSLS,104,35,1.0
deepseek_v32__vs__wsls__seed104,DeepSeek-V3.2,WSLS,104,36,1.0
deepseek_v32__vs__wsls__seed104,DeepSeek-V3.2,WSLS,104,37,1.0
deepseek_v32__vs__wsls__seed104,DeepSeek-V3.2,WSLS,104,38,1.0
deepseek_v32__vs__wsls__seed104,DeepSeek-V3.2,WSLS,104,39,1.0
deepseek_v32__vs__wsls__seed104,DeepSeek-V3.2,WSLS,104,40,1.0
deepseek_v32__vs__wsls__seed104,DeepSeek-V3.2,WSLS,104,41,1.0
deepseek_v32__vs__wsls__seed104,DeepSeek-V3.2,WSLS,104,42,1.0
deepseek_v32__vs__wsls__seed104,DeepSeek-V3.2,WSLS,104,43,1.0
deepseek_v32__vs__wsls__seed104,DeepSeek-V3.2,WSLS,104,44,1.0
deepseek_v32__vs__wsls__seed104,DeepSeek-V3.2,WSLS,104,45,1.0
deepseek_v32__vs__wsls__seed104,DeepSeek-V3.2,WSLS,104,46,1.0
deepseek_v32__vs__wsls__seed104,DeepSeek-V3.2,WSLS,104,47,1.0
deepseek_v32__vs__wsls__seed104,DeepSeek-V3.2,WSLS,104,48,1.0
deepseek_v32__vs__wsls__seed104,DeepSeek-V3.2,WSLS,104,49,1.0
deepseek_v32__vs__wsls__seed104,DeepSeek-V3.2,WSLS,104,50,1.0
deepseek_v32__vs__wsls__seed105,DeepSeek-V3.2,WSLS,105,1,0.5
deepseek_v32__vs__wsls__seed105,DeepSeek-V3.2,WSLS,105,2,1.0
deepseek_v32__vs__wsls__seed105,DeepSeek-V3.2,WSLS,105,3,1.0
deepseek_v32__vs__wsls__seed105,DeepSeek-V3.2,WSLS,105,4,1.0
deepseek_v32__vs__wsls__seed105,DeepSeek-V3.2,WSLS,105,5,1.0
deepseek_v32__vs__wsls__seed105,DeepSeek-V3.2,WSLS,105,6,1.0
deepseek_v32__vs__wsls__seed105,DeepSeek-V3.2,WSLS,105,7,1.0
deepseek_v32__vs__wsls__seed105,DeepSeek-V3.2,WSLS,105,8,1.0
deepseek_v32__vs__wsls__seed105,DeepSeek-V3.2,WSLS,105,9,1.0
deepseek_v32__vs__wsls__seed105,DeepSeek-V3.2,WSLS,105,10,1.0
deepseek_v32__vs__wsls__seed105,DeepSeek-V3.2,WSLS,105,11,1.0
deepseek_v32__vs__wsls__seed105,DeepSeek-V3.2,WSLS,105,12,1.0
deepseek_v32__vs__wsls__seed105,DeepSeek-V3.2,WSLS,105,13,1.0
deepseek_v32__vs__wsls__seed105,DeepSeek-V3.2,WSLS,105,14,1.0
deepseek_v32__vs__wsls__seed105,DeepSeek-V3.2,WSLS,105,15,1.0
deepseek_v32__vs__wsls__seed105,DeepSeek-V3.2,WSLS,105,16,1.0
deepseek_v32__vs__wsls__seed105,DeepSeek-V3.2,WSLS,105,17,1.0
deepseek_v32__vs__wsls__seed105,DeepSeek-V3.2,WSLS,105,18,1.0
deepseek_v32__vs__wsls__seed105,DeepSeek-V3.2,WSLS,105,19,1.0
deepseek_v32__vs__wsls__seed105,DeepSeek-V3.2,WSLS,105,20,1.0
deepseek_v32__vs__wsls__seed105,DeepSeek-V3.2,WSLS,105,21,1.0
deepseek_v32__vs__wsls__seed105,DeepSeek-V3.2,WSLS,105,22,1.0
deepseek_v32__vs__wsls__seed105,DeepSeek-V3.2,WSLS,105,23,1.0
deepseek_v32__vs__wsls__seed105,DeepSeek-V3.2,WSLS,105,24,1.0
deepseek_v32__vs__wsls__seed105,DeepSeek-V3.2,WSLS,105,25,1.0
deepseek_v32__vs__wsls__seed105,DeepSeek-V3.2,WSLS,105,26,1.0
deepseek_v32__vs__wsls__seed105,DeepSeek-V3.2,WSLS,105,27,1.0
deepseek_v32__vs__wsls__seed105,DeepSeek-V3.2,WSLS,105,28,1.0
deepseek_v32__vs__wsls__seed105,DeepSeek-V3.2,WSLS,105,29,1.0
deepseek_v32__vs__wsls__seed105,DeepSeek-V3.2,WSLS,105,30,1.0
deepseek_v32__vs__wsls__seed105,DeepSeek-V3.2,WSLS,105,31,1.0
deepseek_v32__vs__wsls__seed105,DeepSeek-V3.2,WSLS,105,32,1.0
deepseek_v32__vs__wsls__seed105,DeepSeek-V3.2,WSLS,105,33,1.0
deepseek_v32__vs__wsls__seed105,DeepSeek-V3.2,WSLS,105,34,1.0
deepseek_v32__vs__wsls__seed105,DeepSeek-V3.2,WSLS,105,35,1.0
deepseek_v32__vs__wsls__seed105,DeepSeek-V3.2,WSLS,105,36,1.0
deepseek_v32__vs__wsls__seed105,DeepSeek-V3.2,WSLS,105,37,1.0
deepseek_v32__vs__wsls__seed105,DeepSeek-V3.2,WSLS,105,38,1.0
deepseek_v32__vs__wsls__seed105,DeepSeek-V3.2,WSLS,105,39,1.0
deepseek_v32__vs__wsls__seed105,DeepSeek-V3.2,WSLS,105,40,1.0
deepseek_v32__vs__wsls__seed105,DeepSeek-V3.2,WSLS,105,41,1.0
deepseek_v32__vs__wsls__seed105,DeepSeek-V3.2,WSLS,105,42,1.0
deepseek_v32__vs__wsls__seed105,DeepSeek-V3.2,WSLS,105,43,1.0
deepseek_v32__vs__wsls__seed105,DeepSeek-V3.2,WSLS,105,44,1.0
deepseek_v32__vs__wsls__seed105,DeepSeek-V3.2,WSLS,105,45,1.0
deepseek_v32__vs__wsls__seed105,DeepSeek-V3.2,WSLS,105,46,0.75
deepseek_v32__vs__wsls__seed105,DeepSeek-V3.2,WSLS,105,47,0.75
deepseek_v32__vs__wsls__seed105,DeepSeek-V3.2,WSLS,105,48,0.75
deepseek_v32__vs__wsls__seed105,DeepSeek-V3.2,WSLS,105,49,0.75
deepseek_v32__vs__wsls__seed105,DeepSeek-V3.2,WSLS,105,50,0.75
gemma3_27b__vs__always_cooperate__seed101,Gemma-3-27B,Always Cooperate,101,1,0.0
gemma3_27b__vs__always_cooperate__seed101,Gemma-3-27B,Always Cooperate,101,2,0.0
gemma3_27b__vs__always_cooperate__seed101,Gemma-3-27B,Always Cooperate,101,3,0.0
gemma3_27b__vs__always_cooperate__seed101,Gemma-3-27B,Always Cooperate,101,4,0.0
gemma3_27b__vs__always_cooperate__seed101,Gemma-3-27B,Always Cooperate,101,5,0.0
gemma3_27b__vs__always_cooperate__seed101,Gemma-3-27B,Always Cooperate,101,6,0.0
gemma3_27b__vs__always_cooperate__seed101,Gemma-3-27B,Always Cooperate,101,7,0.0
gemma3_27b__vs__always_cooperate__seed101,Gemma-3-27B,Always Cooperate,101,8,0.0
gemma3_27b__vs__always_cooperate__seed101,Gemma-3-27B,Always Cooperate,101,9,0.0
gemma3_27b__vs__always_cooperate__seed101,Gemma-3-27B,Always Cooperate,101,10,0.0
gemma3_27b__vs__always_cooperate__seed101,Gemma-3-27B,Always Cooperate,101,11,0.0
gemma3_27b__vs__always_cooperate__seed101,Gemma-3-27B,Always Cooperate,101,12,0.0
gemma3_27b__vs__always_cooperate__seed101,Gemma-3-27B,Always Cooperate,101,13,0.0
gemma3_27b__vs__always_cooperate__seed101,Gemma-3-27B,Always Cooperate,101,14,0.0
gemma3_27b__vs__always_cooperate__seed101,Gemma-3-27B,Always Cooperate,101,15,0.0
gemma3_27b__vs__always_cooperate__seed101,Gemma-3-27B,Always Cooperate,101,16,0.0
gemma3_27b__vs__always_cooperate__seed101,Gemma-3-27B,Always Cooperate,101,17,0.0
gemma3_27b__vs__always_cooperate__seed101,Gemma-3-27B,Always Cooperate,101,18,0.0
gemma3_27b__vs__always_cooperate__seed101,Gemma-3-27B,Always Cooperate,101,19,0.0
gemma3_27b__vs__always_cooperate__seed101,Gemma-3-27B,Always Cooperate,101,20,0.0
gemma3_27b__vs__always_cooperate__seed101,Gemma-3-27B,Always Cooperate,101,21,0.0
gemma3_27b__vs__always_cooperate__seed101,Gemma-3-27B,Always Cooperate,101,22,0.0
gemma3_27b__vs__always_cooperate__seed101,Gemma-3-27B,Always Cooperate,101,23,0.0
gemma3_27b__vs__always_cooperate__seed101,Gemma-3-27B,Always Cooperate,101,24,0.0
gemma3_27b__vs__always_cooperate__seed101,Gemma-3-27B,Always Cooperate,101,25,0.0
gemma3_27b__vs__always_cooperate__seed101,Gemma-3-27B,Always Cooperate,101,26,0.0
gemma3_27b__vs__always_cooperate__seed101,Gemma-3-27B,Always Cooperate,101,27,0.0
gemma3_27b__vs__always_cooperate__seed101,Gemma-3-27B,Always Cooperate,101,28,0.0
gemma3_27b__vs__always_cooperate__seed101,Gemma-3-27B,Always Cooperate,101,29,0.0
gemma3_27b__vs__always_cooperate__seed101,Gemma-3-27B,Always Cooperate,101,30,0.0
gemma3_27b__vs__always_cooperate__seed101,Gemma-3-27B,Always Cooperate,101,31,0.0
gemma3_27b__vs__always_cooperate__seed101,Gemma-3-27B,Always Cooperate,101,32,0.0
gemma3_27b__vs__always_cooperate__seed101,Gemma-3-27B,Always Cooperate,101,33,0.0
gemma3_27b__vs__always_cooperate__seed101,Gemma-3-27B,Always Cooperate,101,34,0.0
gemma3_27b__vs__always_cooperate__seed101,Gemma-3-27B,Always Cooperate,101,35,0.0
gemma3_27b__vs__always_cooperate__seed101,Gemma-3-27B,Always Cooperate,101,36,0.0
gemma3_27b__vs__always_cooperate__seed101,Gemma-3-27B,Always Cooperate,101,37,0.0
gemma3_27b__vs__always_cooperate__seed101,Gemma-3-27B,Always Cooperate,101,38,0.0
gemma3_27b__vs__always_cooperate__seed101,Gemma-3-27B,Always Cooperate,101,39,0.0
gemma3_27b__vs__always_cooperate__seed101,Gemma-3-27B,Always Cooperate,101,40,0.0
gemma3_27b__vs__always_cooperate__seed101,Gemma-3-27B,Always Cooperate,101,41,0.0
gemma3_27b__vs__always_cooperate__seed101,Gemma-3-27B,Always Cooperate,101,42,0.0
gemma3_27b__vs__always_cooperate__seed101,Gemma-3-27B,Always Cooperate,101,43,0.0
gemma3_27b__vs__always_cooperate__seed101,Gemma-3-27B,Always Cooperate,101,44,0.0
gemma3_27b__vs__always_cooperate__seed101,Gemma-3-27B,Always Cooperate,101,45,0.0
gemma3_27b__vs__always_cooperate__seed101,Gemma-3-27B,Always Cooperate,101,46,0.0
gemma3_27b__vs__always_cooperate__seed101,Gemma-3-27B,Always Cooperate,101,47,0.0
gemma3_27b__vs__always_cooperate__seed101,Gemma-3-27B,Always Cooperate,101,48,0.0
gemma3_27b__vs__always_cooperate__seed101,Gemma-3-27B,Always Cooperate,101,49,0.0
gemma3_27b__vs__always_cooperate__seed101,Gemma-3-27B,Always Cooperate,101,50,0.0
gemma3_27b__vs__always_cooperate__seed102,Gemma-3-27B,Always Cooperate,102,1,0.0
gemma3_27b__vs__always_cooperate__seed102,Gemma-3-27B,Always Cooperate,102,2,0.0
gemma3_27b__vs__always_cooperate__seed102,Gemma-3-27B,Always Cooperate,102,3,0.0
gemma3_27b__vs__always_cooperate__seed102,Gemma-3-27B,Always Cooperate,102,4,0.0
gemma3_27b__vs__always_cooperate__seed102,Gemma-3-27B,Always Cooperate,102,5,0.0
gemma3_27b__vs__always_cooperate__seed102,Gemma-3-27B,Always Cooperate,102,6,0.0
gemma3_27b__vs__always_cooperate__seed102,Gemma-3-27B,Always Cooperate,102,7,0.0
gemma3_27b__vs__always_cooperate__seed102,Gemma-3-27B,Always Cooperate,102,8,0.0
gemma3_27b__vs__always_cooperate__seed102,Gemma-3-27B,Always Cooperate,102,9,0.0
gemma3_27b__vs__always_cooperate__seed102,Gemma-3-27B,Always Cooperate,102,10,0.0
gemma3_27b__vs__always_cooperate__seed102,Gemma-3-27B,Always Cooperate,102,11,0.0
gemma3_27b__vs__always_cooperate__seed102,Gemma-3-27B,Always Cooperate,102,12,0.0
gemma3_27b__vs__always_cooperate__seed102,Gemma-3-27B,Always Cooperate,102,13,0.0
gemma3_27b__vs__always_cooperate__seed102,Gemma-3-27B,Always Cooperate,102,14,0.0
gemma3_27b__vs__always_cooperate__seed102,Gemma-3-27B,Always Cooperate,102,15,0.0
gemma3_27b__vs__always_cooperate__seed102,Gemma-3-27B,Always Cooperate,102,16,0.0
gemma3_27b__vs__always_cooperate__seed102,Gemma-3-27B,Always Cooperate,102,17,0.0
gemma3_27b__vs__always_cooperate__seed102,Gemma-3-27B,Always Cooperate,102,18,0.0
gemma3_27b__vs__always_cooperate__seed102,Gemma-3-27B,Always Cooperate,102,19,0.0
gemma3_27b__vs__always_cooperate__seed102,Gemma-3-27B,Always Cooperate,102,20,0.0
gemma3_27b__vs__always_cooperate__seed102,Gemma-3-27B,Always Cooperate,102,21,0.0
gemma3_27b__vs__always_cooperate__seed102,Gemma-3-27B,Always Cooperate,102,22,0.0
gemma3_27b__vs__always_cooperate__seed102,Gemma-3-27B,Always Cooperate,102,23,0.0
gemma3_27b__vs__always_cooperate__seed102,Gemma-3-27B,Always Cooperate,102,24,0.0
gemma3_27b__vs__always_cooperate__seed102,Gemma-3-27B,Always Cooperate,102,25,0.0
gemma3_27b__vs__always_cooperate__seed102,Gemma-3-27B,Always Cooperate,102,26,0.0
gemma3_27b__vs__always_cooperate__seed102,Gemma-3-27B,Always Cooperate,102,27,0.0
gemma3_27b__vs__always_cooperate__seed102,Gemma-3-27B,Always Cooperate,102,28,0.0
gemma3_27b__vs__always_cooperate__seed102,Gemma-3-27B,Always Cooperate,102,29,0.0
gemma3_27b__vs__always_cooperate__seed102,Gemma-3-27B,Always Cooperate,102,30,0.0
gemma3_27b__vs__always_cooperate__seed102,Gemma-3-27B,Always Cooperate,102,31,0.0
gemma3_27b__vs__always_cooperate__seed102,Gemma-3-27B,Always Cooperate,102,32,0.0
gemma3_27b__vs__always_cooperate__seed102,Gemma-3-27B,Always Cooperate,102,33,0.0
gemma3_27b__vs__always_cooperate__seed102,Gemma-3-27B,Always Cooperate,102,34,0.0
gemma3_27b__vs__always_cooperate__seed102,Gemma-3-27B,Always Cooperate,102,35,0.0
gemma3_27b__vs__always_cooperate__seed102,Gemma-3-27B,Always Cooperate,102,36,0.0
gemma3_27b__vs__always_cooperate__seed102,Gemma-3-27B,Always Cooperate,102,37,0.0
gemma3_27b__vs__always_cooperate__seed102,Gemma-3-27B,Always Cooperate,102,38,0.0
gemma3_27b__vs__always_cooperate__seed102,Gemma-3-27B,Always Cooperate,102,39,0.0
gemma3_27b__vs__always_cooperate__seed102,Gemma-3-27B,Always Cooperate,102,40,0.0
gemma3_27b__vs__always_cooperate__seed102,Gemma-3-27B,Always Cooperate,102,41,0.0
gemma3_27b__vs__always_cooperate__seed102,Gemma-3-27B,Always Cooperate,102,42,0.0
gemma3_27b__vs__always_cooperate__seed102,Gemma-3-27B,Always Cooperate,102,43,0.0
gemma3_27b__vs__always_cooperate__seed102,Gemma-3-27B,Always Cooperate,102,44,0.0
gemma3_27b__vs__always_cooperate__seed102,Gemma-3-27B,Always Cooperate,102,45,0.0
gemma3_27b__vs__always_cooperate__seed102,Gemma-3-27B,Always Cooperate,102,46,0.0
gemma3_27b__vs__always_cooperate__seed102,Gemma-3-27B,Always Cooperate,102,47,0.0
gemma3_27b__vs__always_cooperate__seed102,Gemma-3-27B,Always Cooperate,102,48,0.0
gemma3_27b__vs__always_cooperate__seed102,Gemma-3-27B,Always Cooperate,102,49,0.0
gemma3_27b__vs__always_cooperate__seed102,Gemma-3-27B,Always Cooperate,102,50,0.0
gemma3_27b__vs__always_cooperate__seed103,Gemma-3-27B,Always Cooperate,103,1,0.0
gemma3_27b__vs__always_cooperate__seed103,Gemma-3-27B,Always Cooperate,103,2,0.0
gemma3_27b__vs__always_cooperate__seed103,Gemma-3-27B,Always Cooperate,103,3,0.0
gemma3_27b__vs__always_cooperate__seed103,Gemma-3-27B,Always Cooperate,103,4,0.0
gemma3_27b__vs__always_cooperate__seed103,Gemma-3-27B,Always Cooperate,103,5,0.0
gemma3_27b__vs__always_cooperate__seed103,Gemma-3-27B,Always Cooperate,103,6,0.0
gemma3_27b__vs__always_cooperate__seed103,Gemma-3-27B,Always Cooperate,103,7,0.0
gemma3_27b__vs__always_cooperate__seed103,Gemma-3-27B,Always Cooperate,103,8,0.0
gemma3_27b__vs__always_cooperate__seed103,Gemma-3-27B,Always Cooperate,103,9,0.0
gemma3_27b__vs__always_cooperate__seed103,Gemma-3-27B,Always Cooperate,103,10,0.0
gemma3_27b__vs__always_cooperate__seed103,Gemma-3-27B,Always Cooperate,103,11,0.0
gemma3_27b__vs__always_cooperate__seed103,Gemma-3-27B,Always Cooperate,103,12,0.0
gemma3_27b__vs__always_cooperate__seed103,Gemma-3-27B,Always Cooperate,103,13,0.0
gemma3_27b__vs__always_cooperate__seed103,Gemma-3-27B,Always Cooperate,103,14,0.0
gemma3_27b__vs__always_cooperate__seed103,Gemma-3-27B,Always Cooperate,103,15,0.0
gemma3_27b__vs__always_cooperate__seed103,Gemma-3-27B,Always Cooperate,103,16,0.0
gemma3_27b__vs__always_cooperate__seed103,Gemma-3-27B,Always Cooperate,103,17,0.0
gemma3_27b__vs__always_cooperate__seed103,Gemma-3-27B,Always Cooperate,103,18,0.0
gemma3_27b__vs__always_cooperate__seed103,Gemma-3-27B,Always Cooperate,103,19,0.0
gemma3_27b__vs__always_cooperate__seed103,Gemma-3-27B,Always Cooperate,103,20,0.0
gemma3_27b__vs__always_cooperate__seed103,Gemma-3-27B,Always Cooperate,103,21,0.0
gemma3_27b__vs__always_cooperate__seed103,Gemma-3-27B,Always Cooperate,103,22,0.0
gemma3_27b__vs__always_cooperate__seed103,Gemma-3-27B,Always Cooperate,103,23,0.0
gemma3_27b__vs__always_cooperate__seed103,Gemma-3-27B,Always Cooperate,103,24,0.0
gemma3_27b__vs__always_cooperate__seed103,Gemma-3-27B,Always Cooperate,103,25,0.0
gemma3_27b__vs__always_cooperate__seed103,Gemma-3-27B,Always Cooperate,103,26,0.0
gemma3_27b__vs__always_cooperate__seed103,Gemma-3-27B,Always Cooperate,103,27,0.0
gemma3_27b__vs__always_cooperate__seed103,Gemma-3-27B,Always Cooperate,103,28,0.0
gemma3_27b__vs__always_cooperate__seed103,Gemma-3-27B,Always Cooperate,103,29,0.0
gemma3_27b__vs__always_cooperate__seed103,Gemma-3-27B,Always Cooperate,103,30,0.0
gemma3_27b__vs__always_cooperate__seed103,Gemma-3-27B,Always Cooperate,103,31,0.0
gemma3_27b__vs__always_cooperate__seed103,Gemma-3-27B,Always Cooperate,103,32,0.0
gemma3_27b__vs__always_cooperate__seed103,Gemma-3-27B,Always Cooperate,103,33,0.0
gemma3_27b__vs__always_cooperate__seed103,Gemma-3-27B,Always Cooperate,103,34,0.0
gemma3_27b__vs__always_cooperate__seed103,Gemma-3-27B,Always Cooperate,103,35,0.0
gemma3_27b__vs__always_cooperate__seed103,Gemma-3-27B,Always Cooperate,103,36,0.0
gemma3_27b__vs__always_cooperate__seed103,Gemma-3-27B,Always Cooperate,103,37,0.0
gemma3_27b__vs__always_cooperate__seed103,Gemma-3-27B,Always Cooperate,103,38,0.0
gemma3_27b__vs__always_cooperate__seed103,Gemma-3-27B,Always Cooperate,103,39,0.0
gemma3_27b__vs__always_cooperate__seed103,Gemma-3-27B,Always Cooperate,103,40,0.0
gemma3_27b__vs__always_cooperate__seed103,Gemma-3-27B,Always Cooperate,103,41,0.0
gemma3_27b__vs__always_cooperate__seed103,Gemma-3-27B,Always Cooperate,103,42,0.0
gemma3_27b__vs__always_cooperate__seed103,Gemma-3-27B,Always Cooperate,103,43,0.0
gemma3_27b__vs__always_cooperate__seed103,Gemma-3-27B,Always Cooperate,103,44,0.0
gemma3_27b__vs__always_cooperate__seed103,Gemma-3-27B,Always Cooperate,103,45,0.0
gemma3_27b__vs__always_cooperate__seed103,Gemma-3-27B,Always Cooperate,103,46,0.0
gemma3_27b__vs__always_cooperate__seed103,Gemma-3-27B,Always Cooperate,103,47,0.0
gemma3_27b__vs__always_cooperate__seed103,Gemma-3-27B,Always Cooperate,103,48,0.0
gemma3_27b__vs__always_cooperate__seed103,Gemma-3-27B,Always Cooperate,103,49,0.0
gemma3_27b__vs__always_cooperate__seed103,Gemma-3-27B,Always Cooperate,103,50,0.0
gemma3_27b__vs__always_cooperate__seed104,Gemma-3-27B,Always Cooperate,104,1,0.0
gemma3_27b__vs__always_cooperate__seed104,Gemma-3-27B,Always Cooperate,104,2,0.0
gemma3_27b__vs__always_cooperate__seed104,Gemma-3-27B,Always Cooperate,104,3,0.0
gemma3_27b__vs__always_cooperate__seed104,Gemma-3-27B,Always Cooperate,104,4,0.0
gemma3_27b__vs__always_cooperate__seed104,Gemma-3-27B,Always Cooperate,104,5,0.0
gemma3_27b__vs__always_cooperate__seed104,Gemma-3-27B,Always Cooperate,104,6,0.0
gemma3_27b__vs__always_cooperate__seed104,Gemma-3-27B,Always Cooperate,104,7,0.0
gemma3_27b__vs__always_cooperate__seed104,Gemma-3-27B,Always Cooperate,104,8,0.0
gemma3_27b__vs__always_cooperate__seed104,Gemma-3-27B,Always Cooperate,104,9,0.0
gemma3_27b__vs__always_cooperate__seed104,Gemma-3-27B,Always Cooperate,104,10,0.0
gemma3_27b__vs__always_cooperate__seed104,Gemma-3-27B,Always Cooperate,104,11,0.0
gemma3_27b__vs__always_cooperate__seed104,Gemma-3-27B,Always Cooperate,104,12,0.0
gemma3_27b__vs__always_cooperate__seed104,Gemma-3-27B,Always Cooperate,104,13,0.0
gemma3_27b__vs__always_cooperate__seed104,Gemma-3-27B,Always Cooperate,104,14,0.0
gemma3_27b__vs__always_cooperate__seed104,Gemma-3-27B,Always Cooperate,104,15,0.0
gemma3_27b__vs__always_cooperate__seed104,Gemma-3-27B,Always Cooperate,104,16,0.0
gemma3_27b__vs__always_cooperate__seed104,Gemma-3-27B,Always Cooperate,104,17,0.0
gemma3_27b__vs__always_cooperate__seed104,Gemma-3-27B,Always Cooperate,104,18,0.0
gemma3_27b__vs__always_cooperate__seed104,Gemma-3-27B,Always Cooperate,104,19,0.0
gemma3_27b__vs__always_cooperate__seed104,Gemma-3-27B,Always Cooperate,104,20,0.0
gemma3_27b__vs__always_cooperate__seed104,Gemma-3-27B,Always Cooperate,104,21,0.0
gemma3_27b__vs__always_cooperate__seed104,Gemma-3-27B,Always Cooperate,104,22,0.0
gemma3_27b__vs__always_cooperate__seed104,Gemma-3-27B,Always Cooperate,104,23,0.0
gemma3_27b__vs__always_cooperate__seed104,Gemma-3-27B,Always Cooperate,104,24,0.0
gemma3_27b__vs__always_cooperate__seed104,Gemma-3-27B,Always Cooperate,104,25,0.0
gemma3_27b__vs__always_cooperate__seed104,Gemma-3-27B,Always Cooperate,104,26,0.0
gemma3_27b__vs__always_cooperate__seed104,Gemma-3-27B,Always Cooperate,104,27,0.0
gemma3_27b__vs__always_cooperate__seed104,Gemma-3-27B,Always Cooperate,104,28,0.0
gemma3_27b__vs__always_cooperate__seed104,Gemma-3-27B,Always Cooperate,104,29,0.0
gemma3_27b__vs__always_cooperate__seed104,Gemma-3-27B,Always Cooperate,104,30,0.0
gemma3_27b__vs__always_cooperate__seed104,Gemma-3-27B,Always Cooperate,104,31,0.0
gemma3_27b__vs__always_cooperate__seed104,Gemma-3-27B,Always Cooperate,104,32,0.0
gemma3_27b__vs__always_cooperate__seed104,Gemma-3-27B,Always Cooperate,104,33,0.0
gemma3_27b__vs__always_cooperate__seed104,Gemma-3-27B,Always Cooperate,104,34,0.0
gemma3_27b__vs__always_cooperate__seed104,Gemma-3-27B,Always Cooperate,104,35,0.0
gemma3_27b__vs__always_cooperate__seed104,Gemma-3-27B,Always Cooperate,104,36,0.0
gemma3_27b__vs__always_cooperate__seed104,Gemma-3-27B,Always Cooperate,104,37,0.0
gemma3_27b__vs__always_cooperate__seed104,Gemma-3-27B,Always Cooperate,104,38,0.0
gemma3_27b__vs__always_cooperate__seed104,Gemma-3-27B,Always Cooperate,104,39,0.0
gemma3_27b__vs__always_cooperate__seed104,Gemma-3-27B,Always Cooperate,104,40,0.0
gemma3_27b__vs__always_cooperate__seed104,Gemma-3-27B,Always Cooperate,104,41,0.0
gemma3_27b__vs__always_cooperate__seed104,Gemma-3-27B,Always Cooperate,104,42,0.0
gemma3_27b__vs__always_cooperate__seed104,Gemma-3-27B,Always Cooperate,104,43,0.0
gemma3_27b__vs__always_cooperate__seed104,Gemma-3-27B,Always Cooperate,104,44,0.0
gemma3_27b__vs__always_cooperate__seed104,Gemma-3-27B,Always Cooperate,104,45,0.0
gemma3_27b__vs__always_cooperate__seed104,Gemma-3-27B,Always Cooperate,104,46,0.0
gemma3_27b__vs__always_cooperate__seed104,Gemma-3-27B,Always Cooperate,104,47,0.0
gemma3_27b__vs__always_cooperate__seed104,Gemma-3-27B,Always Cooperate,104,48,0.0
gemma3_27b__vs__always_cooperate__seed104,Gemma-3-27B,Always Cooperate,104,49,0.0
gemma3_27b__vs__always_cooperate__seed104,Gemma-3-27B,Always Cooperate,104,50,0.0
gemma3_27b__vs__always_cooperate__seed105,Gemma-3-27B,Always Cooperate,105,1,0.0
gemma3_27b__vs__always_cooperate__seed105,Gemma-3-27B,Always Cooperate,105,2,0.0
gemma3_27b__vs__always_cooperate__seed105,Gemma-3-27B,Always Cooperate,105,3,0.0
gemma3_27b__vs__always_cooperate__seed105,Gemma-3-27B,Always Cooperate,105,4,0.0
gemma3_27b__vs__always_cooperate__seed105,Gemma-3-27B,Always Cooperate,105,5,0.0
gemma3_27b__vs__always_cooperate__seed105,Gemma-3-27B,Always Cooperate,105,6,0.0
gemma3_27b__vs__always_cooperate__seed105,Gemma-3-27B,Always Cooperate,105,7,0.0
gemma3_27b__vs__always_cooperate__seed105,Gemma-3-27B,Always Cooperate,105,8,0.0
gemma3_27b__vs__always_cooperate__seed105,Gemma-3-27B,Always Cooperate,105,9,0.0
gemma3_27b__vs__always_cooperate__seed105,Gemma-3-27B,Always Cooperate,105,10,0.0
gemma3_27b__vs__always_cooperate__seed105,Gemma-3-27B,Always Cooperate,105,11,0.0
gemma3_27b__vs__always_cooperate__seed105,Gemma-3-27B,Always Cooperate,105,12,0.0
gemma3_27b__vs__always_cooperate__seed105,Gemma-3-27B,Always Cooperate,105,13,0.0
gemma3_27b__vs__always_cooperate__seed105,Gemma-3-27B,Always Cooperate,105,14,0.0
gemma3_27b__vs__always_cooperate__seed105,Gemma-3-27B,Always Cooperate,105,15,0.0
gemma3_27b__vs__always_cooperate__seed105,Gemma-3-27B,Always Cooperate,105,16,0.0
gemma3_27b__vs__always_cooperate__seed105,Gemma-3-27B,Always Cooperate,105,17,0.0
gemma3_27b__vs__always_cooperate__seed105,Gemma-3-27B,Always Cooperate,105,18,0.0
gemma3_27b__vs__always_cooperate__seed105,Gemma-3-27B,Always Cooperate,105,19,0.0
gemma3_27b__vs__always_cooperate__seed105,Gemma-3-27B,Always Cooperate,105,20,0.0
gemma3_27b__vs__always_cooperate__seed105,Gemma-3-27B,Always Cooperate,105,21,0.0
gemma3_27b__vs__always_cooperate__seed105,Gemma-3-27B,Always Cooperate,105,22,0.0
gemma3_27b__vs__always_cooperate__seed105,Gemma-3-27B,Always Cooperate,105,23,0.0
gemma3_27b__vs__always_cooperate__seed105,Gemma-3-27B,Always Cooperate,105,24,0.0
gemma3_27b__vs__always_cooperate__seed105,Gemma-3-27B,Always Cooperate,105,25,0.0
gemma3_27b__vs__always_cooperate__seed105,Gemma-3-27B,Always Cooperate,105,26,0.0
gemma3_27b__vs__always_cooperate__seed105,Gemma-3-27B,Always Cooperate,105,27,0.0
gemma3_27b__vs__always_cooperate__seed105,Gemma-3-27B,Always Cooperate,105,28,0.0
gemma3_27b__vs__always_cooperate__seed105,Gemma-3-27B,Always Cooperate,105,29,0.0
gemma3_27b__vs__always_cooperate__seed105,Gemma-3-27B,Always Cooperate,105,30,0.0
gemma3_27b__vs__always_cooperate__seed105,Gemma-3-27B,Always Cooperate,105,31,0.0
gemma3_27b__vs__always_cooperate__seed105,Gemma-3-27B,Always Cooperate,105,32,0.0
gemma3_27b__vs__always_cooperate__seed105,Gemma-3-27B,Always Cooperate,105,33,0.0
gemma3_27b__vs__always_cooperate__seed105,Gemma-3-27B,Always Cooperate,105,34,0.0
gemma3_27b__vs__always_cooperate__seed105,Gemma-3-27B,Always Cooperate,105,35,0.0
gemma3_27b__vs__always_cooperate__seed105,Gemma-3-27B,Always Cooperate,105,36,0.0
gemma3_27b__vs__always_cooperate__seed105,Gemma-3-27B,Always Cooperate,105,37,0.0
gemma3_27b__vs__always_cooperate__seed105,Gemma-3-27B,Always Cooperate,105,38,0.0
gemma3_27b__vs__always_cooperate__seed105,Gemma-3-27B,Always Cooperate,105,39,0.0
gemma3_27b__vs__always_cooperate__seed105,Gemma-3-27B,Always Cooperate,105,40,0.0
gemma3_27b__vs__always_cooperate__seed105,Gemma-3-27B,Always Cooperate,105,41,0.0
gemma3_27b__vs__always_cooperate__seed105,Gemma-3-27B,Always Cooperate,105,42,0.0
gemma3_27b__vs__always_cooperate__seed105,Gemma-3-27B,Always Cooperate,105,43,0.0
gemma3_27b__vs__always_cooperate__seed105,Gemma-3-27B,Always Cooperate,105,44,0.0
gemma3_27b__vs__always_cooperate__seed105,Gemma-3-27B,Always Cooperate,105,45,0.0
gemma3_27b__vs__always_cooperate__seed105,Gemma-3-27B,Always Cooperate,105,46,0.0
gemma3_27b__vs__always_cooperate__seed105,Gemma-3-27B,Always Cooperate,105,47,0.0
gemma3_27b__vs__always_cooperate__seed105,Gemma-3-27B,Always Cooperate,105,48,0.0
gemma3_27b__vs__always_cooperate__seed105,Gemma-3-27B,Always Cooperate,105,49,0.0
gemma3_27b__vs__always_cooperate__seed105,Gemma-3-27B,Always Cooperate,105,50,0.0
gemma3_27b__vs__always_defect__seed101,Gemma-3-27B,Always Defect,101,1,0.0
gemma3_27b__vs__always_defect__seed101,Gemma-3-27B,Always Defect,101,2,0.0
gemma3_27b__vs__always_defect__seed101,Gemma-3-27B,Always Defect,101,3,0.0
gemma3_27b__vs__always_defect__seed101,Gemma-3-27B,Always Defect,101,4,0.0
gemma3_27b__vs__always_defect__seed101,Gemma-3-27B,Always Defect,101,5,0.0
gemma3_27b__vs__always_defect__seed101,Gemma-3-27B,Always Defect,101,6,0.0
gemma3_27b__vs__always_defect__seed101,Gemma-3-27B,Always Defect,101,7,0.0
gemma3_27b__vs__always_defect__seed101,Gemma-3-27B,Always Defect,101,8,0.0
gemma3_27b__vs__always_defect__seed101,Gemma-3-27B,Always Defect,101,9,0.0
gemma3_27b__vs__always_defect__seed101,Gemma-3-27B,Always Defect,101,10,0.0
gemma3_27b__vs__always_defect__seed101,Gemma-3-27B,Always Defect,101,11,0.0
gemma3_27b__vs__always_defect__seed101,Gemma-3-27B,Always Defect,101,12,0.0
gemma3_27b__vs__always_defect__seed101,Gemma-3-27B,Always Defect,101,13,0.0
gemma3_27b__vs__always_defect__seed101,Gemma-3-27B,Always Defect,101,14,0.0
gemma3_27b__vs__always_defect__seed101,Gemma-3-27B,Always Defect,101,15,0.0
gemma3_27b__vs__always_defect__seed101,Gemma-3-27B,Always Defect,101,16,0.0
gemma3_27b__vs__always_defect__seed101,Gemma-3-27B,Always Defect,101,17,0.0
gemma3_27b__vs__always_defect__seed101,Gemma-3-27B,Always Defect,101,18,0.0
gemma3_27b__vs__always_defect__seed101,Gemma-3-27B,Always Defect,101,19,0.0
gemma3_27b__vs__always_defect__seed101,Gemma-3-27B,Always Defect,101,20,0.0
gemma3_27b__vs__always_defect__seed101,Gemma-3-27B,Always Defect,101,21,0.0
gemma3_27b__vs__always_defect__seed101,Gemma-3-27B,Always Defect,101,22,0.0
gemma3_27b__vs__always_defect__seed101,Gemma-3-27B,Always Defect,101,23,0.0
gemma3_27b__vs__always_defect__seed101,Gemma-3-27B,Always Defect,101,24,0.0
gemma3_27b__vs__always_defect__seed101,Gemma-3-27B,Always Defect,101,25,0.0
gemma3_27b__vs__always_defect__seed101,Gemma-3-27B,Always Defect,101,26,0.0
gemma3_27b__vs__always_defect__seed101,Gemma-3-27B,Always Defect,101,27,0.0
gemma3_27b__vs__always_defect__seed101,Gemma-3-27B,Always Defect,101,28,0.0
gemma3_27b__vs__always_defect__seed101,Gemma-3-27B,Always Defect,101,29,0.0
gemma3_27b__vs__always_defect__seed101,Gemma-3-27B,Always Defect,101,30,0.0
gemma3_27b__vs__always_defect__seed101,Gemma-3-27B,Always Defect,101,31,0.0
gemma3_27b__vs__always_defect__seed101,Gemma-3-27B,Always Defect,101,32,0.0
gemma3_27b__vs__always_defect__seed101,Gemma-3-27B,Always Defect,101,33,0.0
gemma3_27b__vs__always_defect__seed101,Gemma-3-27B,Always Defect,101,34,0.0
gemma3_27b__vs__always_defect__seed101,Gemma-3-27B,Always Defect,101,35,0.0
gemma3_27b__vs__always_defect__seed101,Gemma-3-27B,Always Defect,101,36,0.0
gemma3_27b__vs__always_defect__seed101,Gemma-3-27B,Always Defect,101,37,0.0
gemma3_27b__vs__always_defect__seed101,Gemma-3-27B,Always Defect,101,38,0.0
gemma3_27b__vs__always_defect__seed101,Gemma-3-27B,Always Defect,101,39,0.0
gemma3_27b__vs__always_defect__seed101,Gemma-3-27B,Always Defect,101,40,0.0
gemma3_27b__vs__always_defect__seed101,Gemma-3-27B,Always Defect,101,41,0.0
gemma3_27b__vs__always_defect__seed101,Gemma-3-27B,Always Defect,101,42,0.0
gemma3_27b__vs__always_defect__seed101,Gemma-3-27B,Always Defect,101,43,0.0
gemma3_27b__vs__always_defect__seed101,Gemma-3-27B,Always Defect,101,44,0.0
gemma3_27b__vs__always_defect__seed101,Gemma-3-27B,Always Defect,101,45,0.0
gemma3_27b__vs__always_defect__seed101,Gemma-3-27B,Always Defect,101,46,0.0
gemma3_27b__vs__always_defect__seed101,Gemma-3-27B,Always Defect,101,47,0.0
gemma3_27b__vs__always_defect__seed101,Gemma-3-27B,Always Defect,101,48,0.0
gemma3_27b__vs__always_defect__seed101,Gemma-3-27B,Always Defect,101,49,0.0
gemma3_27b__vs__always_defect__seed101,Gemma-3-27B,Always Defect,101,50,0.0
gemma3_27b__vs__always_defect__seed102,Gemma-3-27B,Always Defect,102,1,0.0
gemma3_27b__vs__always_defect__seed102,Gemma-3-27B,Always Defect,102,2,0.0
gemma3_27b__vs__always_defect__seed102,Gemma-3-27B,Always Defect,102,3,0.0
gemma3_27b__vs__always_defect__seed102,Gemma-3-27B,Always Defect,102,4,0.0
gemma3_27b__vs__always_defect__seed102,Gemma-3-27B,Always Defect,102,5,0.0
gemma3_27b__vs__always_defect__seed102,Gemma-3-27B,Always Defect,102,6,0.0
gemma3_27b__vs__always_defect__seed102,Gemma-3-27B,Always Defect,102,7,0.0
gemma3_27b__vs__always_defect__seed102,Gemma-3-27B,Always Defect,102,8,0.0
gemma3_27b__vs__always_defect__seed102,Gemma-3-27B,Always Defect,102,9,0.0
gemma3_27b__vs__always_defect__seed102,Gemma-3-27B,Always Defect,102,10,0.0
gemma3_27b__vs__always_defect__seed102,Gemma-3-27B,Always Defect,102,11,0.0
gemma3_27b__vs__always_defect__seed102,Gemma-3-27B,Always Defect,102,12,0.0
gemma3_27b__vs__always_defect__seed102,Gemma-3-27B,Always Defect,102,13,0.0
gemma3_27b__vs__always_defect__seed102,Gemma-3-27B,Always Defect,102,14,0.0
gemma3_27b__vs__always_defect__seed102,Gemma-3-27B,Always Defect,102,15,0.0
gemma3_27b__vs__always_defect__seed102,Gemma-3-27B,Always Defect,102,16,0.0
gemma3_27b__vs__always_defect__seed102,Gemma-3-27B,Always Defect,102,17,0.0
gemma3_27b__vs__always_defect__seed102,Gemma-3-27B,Always Defect,102,18,0.0
gemma3_27b__vs__always_defect__seed102,Gemma-3-27B,Always Defect,102,19,0.0
gemma3_27b__vs__always_defect__seed102,Gemma-3-27B,Always Defect,102,20,0.0
gemma3_27b__vs__always_defect__seed102,Gemma-3-27B,Always Defect,102,21,0.0
gemma3_27b__vs__always_defect__seed102,Gemma-3-27B,Always Defect,102,22,0.0
gemma3_27b__vs__always_defect__seed102,Gemma-3-27B,Always Defect,102,23,0.0
gemma3_27b__vs__always_defect__seed102,Gemma-3-27B,Always Defect,102,24,0.0
gemma3_27b__vs__always_defect__seed102,Gemma-3-27B,Always Defect,102,25,0.0
gemma3_27b__vs__always_defect__seed102,Gemma-3-27B,Always Defect,102,26,0.0
gemma3_27b__vs__always_defect__seed102,Gemma-3-27B,Always Defect,102,27,0.0
gemma3_27b__vs__always_defect__seed102,Gemma-3-27B,Always Defect,102,28,0.0
gemma3_27b__vs__always_defect__seed102,Gemma-3-27B,Always Defect,102,29,0.0
gemma3_27b__vs__always_defect__seed102,Gemma-3-27B,Always Defect,102,30,0.0
gemma3_27b__vs__always_defect__seed102,Gemma-3-27B,Always Defect,102,31,0.0
gemma3_27b__vs__always_defect__seed102,Gemma-3-27B,Always Defect,102,32,0.0
gemma3_27b__vs__always_defect__seed102,Gemma-3-27B,Always Defect,102,33,0.0
gemma3_27b__vs__always_defect__seed102,Gemma-3-27B,Always Defect,102,34,0.0
gemma3_27b__vs__always_defect__seed102,Gemma-3-27B,Always Defect,102,35,0.0
gemma3_27b__vs__always_defect__seed102,Gemma-3-27B,Always Defect,102,36,0.0
gemma3_27b__vs__always_defect__seed102,Gemma-3-27B,Always Defect,102,37,0.0
gemma3_27b__vs__always_defect__seed102,Gemma-3-27B,Always Defect,102,38,0.0
gemma3_27b__vs__always_defect__seed102,Gemma-3-27B,Always Defect,102,39,0.0
gemma3_27b__vs__always_defect__seed102,Gemma-3-27B,Always Defect,102,40,0.0
gemma3_27b__vs__always_defect__seed102,Gemma-3-27B,Always Defect,102,41,0.0
gemma3_27b__vs__always_defect__seed102,Gemma-3-27B,Always Defect,102,42,0.0
gemma3_27b__vs__always_defect__seed102,Gemma-3-27B,Always Defect,102,43,0.0
gemma3_27b__vs__always_defect__seed102,Gemma-3-27B,Always Defect,102,44,0.0
gemma3_27b__vs__always_defect__seed102,Gemma-3-27B,Always Defect,102,45,0.0
gemma3_27b__vs__always_defect__seed102,Gemma-3-27B,Always Defect,102,46,0.0
gemma3_27b__vs__always_defect__seed102,Gemma-3-27B,Always Defect,102,47,0.0
gemma3_27b__vs__always_defect__seed102,Gemma-3-27B,Always Defect,102,48,0.0
gemma3_27b__vs__always_defect__seed102,Gemma-3-27B,Always Defect,102,49,0.0
gemma3_27b__vs__always_defect__seed102,Gemma-3-27B,Always Defect,102,50,0.0
gemma3_27b__vs__always_defect__seed103,Gemma-3-27B,Always Defect,103,1,0.0
gemma3_27b__vs__always_defect__seed103,Gemma-3-27B,Always Defect,103,2,0.0
gemma3_27b__vs__always_defect__seed103,Gemma-3-27B,Always Defect,103,3,0.0
gemma3_27b__vs__always_defect__seed103,Gemma-3-27B,Always Defect,103,4,0.0
gemma3_27b__vs__always_defect__seed103,Gemma-3-27B,Always Defect,103,5,0.0
gemma3_27b__vs__always_defect__seed103,Gemma-3-27B,Always Defect,103,6,0.0
gemma3_27b__vs__always_defect__seed103,Gemma-3-27B,Always Defect,103,7,0.0
gemma3_27b__vs__always_defect__seed103,Gemma-3-27B,Always Defect,103,8,0.0
gemma3_27b__vs__always_defect__seed103,Gemma-3-27B,Always Defect,103,9,0.0
gemma3_27b__vs__always_defect__seed103,Gemma-3-27B,Always Defect,103,10,0.0
gemma3_27b__vs__always_defect__seed103,Gemma-3-27B,Always Defect,103,11,0.0
gemma3_27b__vs__always_defect__seed103,Gemma-3-27B,Always Defect,103,12,0.0
gemma3_27b__vs__always_defect__seed103,Gemma-3-27B,Always Defect,103,13,0.0
gemma3_27b__vs__always_defect__seed103,Gemma-3-27B,Always Defect,103,14,0.0
gemma3_27b__vs__always_defect__seed103,Gemma-3-27B,Always Defect,103,15,0.0
gemma3_27b__vs__always_defect__seed103,Gemma-3-27B,Always Defect,103,16,0.0
gemma3_27b__vs__always_defect__seed103,Gemma-3-27B,Always Defect,103,17,0.0
gemma3_27b__vs__always_defect__seed103,Gemma-3-27B,Always Defect,103,18,0.0
gemma3_27b__vs__always_defect__seed103,Gemma-3-27B,Always Defect,103,19,0.0
gemma3_27b__vs__always_defect__seed103,Gemma-3-27B,Always Defect,103,20,0.0
gemma3_27b__vs__always_defect__seed103,Gemma-3-27B,Always Defect,103,21,0.0
gemma3_27b__vs__always_defect__seed103,Gemma-3-27B,Always Defect,103,22,0.0
gemma3_27b__vs__always_defect__seed103,Gemma-3-27B,Always Defect,103,23,0.0
gemma3_27b__vs__always_defect__seed103,Gemma-3-27B,Always Defect,103,24,0.0
gemma3_27b__vs__always_defect__seed103,Gemma-3-27B,Always Defect,103,25,0.0
gemma3_27b__vs__always_defect__seed103,Gemma-3-27B,Always Defect,103,26,0.0
gemma3_27b__vs__always_defect__seed103,Gemma-3-27B,Always Defect,103,27,0.0
gemma3_27b__vs__always_defect__seed103,Gemma-3-27B,Always Defect,103,28,0.0
gemma3_27b__vs__always_defect__seed103,Gemma-3-27B,Always Defect,103,29,0.0
gemma3_27b__vs__always_defect__seed103,Gemma-3-27B,Always Defect,103,30,0.0
gemma3_27b__vs__always_defect__seed103,Gemma-3-27B,Always Defect,103,31,0.0
gemma3_27b__vs__always_defect__seed103,Gemma-3-27B,Always Defect,103,32,0.0
gemma3_27b__vs__always_defect__seed103,Gemma-3-27B,Always Defect,103,33,0.0
gemma3_27b__vs__always_defect__seed103,Gemma-3-27B,Always Defect,103,34,0.0
gemma3_27b__vs__always_defect__seed103,Gemma-3-27B,Always Defect,103,35,0.0
gemma3_27b__vs__always_defect__seed103,Gemma-3-27B,Always Defect,103,36,0.0
gemma3_27b__vs__always_defect__seed103,Gemma-3-27B,Always Defect,103,37,0.0
gemma3_27b__vs__always_defect__seed103,Gemma-3-27B,Always Defect,103,38,0.0
gemma3_27b__vs__always_defect__seed103,Gemma-3-27B,Always Defect,103,39,0.0
gemma3_27b__vs__always_defect__seed103,Gemma-3-27B,Always Defect,103,40,0.0
gemma3_27b__vs__always_defect__seed103,Gemma-3-27B,Always Defect,103,41,0.0
gemma3_27b__vs__always_defect__seed103,Gemma-3-27B,Always Defect,103,42,0.0
gemma3_27b__vs__always_defect__seed103,Gemma-3-27B,Always Defect,103,43,0.0
gemma3_27b__vs__always_defect__seed103,Gemma-3-27B,Always Defect,103,44,0.0
gemma3_27b__vs__always_defect__seed103,Gemma-3-27B,Always Defect,103,45,0.0
gemma3_27b__vs__always_defect__seed103,Gemma-3-27B,Always Defect,103,46,0.0
gemma3_27b__vs__always_defect__seed103,Gemma-3-27B,Always Defect,103,47,0.0
gemma3_27b__vs__always_defect__seed103,Gemma-3-27B,Always Defect,103,48,0.0
gemma3_27b__vs__always_defect__seed103,Gemma-3-27B,Always Defect,103,49,0.0
gemma3_27b__vs__always_defect__seed103,Gemma-3-27B,Always Defect,103,50,0.0
gemma3_27b__vs__always_defect__seed104,Gemma-3-27B,Always Defect,104,1,0.0
gemma3_27b__vs__always_defect__seed104,Gemma-3-27B,Always Defect,104,2,0.0
gemma3_27b__vs__always_defect__seed104,Gemma-3-27B,Always Defect,104,3,0.0
gemma3_27b__vs__always_defect__seed104,Gemma-3-27B,Always Defect,104,4,0.0
gemma3_27b__vs__always_defect__seed104,Gemma-3-27B,Always Defect,104,5,0.0
gemma3_27b__vs__always_defect__seed104,Gemma-3-27B,Always Defect,104,6,0.0
gemma3_27b__vs__always_defect__seed104,Gemma-3-27B,Always Defect,104,7,0.0
gemma3_27b__vs__always_defect__seed104,Gemma-3-27B,Always Defect,104,8,0.0
gemma3_27b__vs__always_defect__seed104,Gemma-3-27B,Always Defect,104,9,0.0
gemma3_27b__vs__always_defect__seed104,Gemma-3-27B,Always Defect,104,10,0.0
gemma3_27b__vs__always_defect__seed104,Gemma-3-27B,Always Defect,104,11,0.0
gemma3_27b__vs__always_defect__seed104,Gemma-3-27B,Always Defect,104,12,0.0
gemma3_27b__vs__always_defect__seed104,Gemma-3-27B,Always Defect,104,13,0.0
gemma3_27b__vs__always_defect__seed104,Gemma-3-27B,Always Defect,104,14,0.0
gemma3_27b__vs__always_defect__seed104,Gemma-3-27B,Always Defect,104,15,0.0
gemma3_27b__vs__always_defect__seed104,Gemma-3-27B,Always Defect,104,16,0.0
gemma3_27b__vs__always_defect__seed104,Gemma-3-27B,Always Defect,104,17,0.0
gemma3_27b__vs__always_defect__seed104,Gemma-3-27B,Always Defect,104,18,0.0
gemma3_27b__vs__always_defect__seed104,Gemma-3-27B,Always Defect,104,19,0.0
gemma3_27b__vs__always_defect__seed104,Gemma-3-27B,Always Defect,104,20,0.0
gemma3_27b__vs__always_defect__seed104,Gemma-3-27B,Always Defect,104,21,0.0
gemma3_27b__vs__always_defect__seed104,Gemma-3-27B,Always Defect,104,22,0.0
gemma3_27b__vs__always_defect__seed104,Gemma-3-27B,Always Defect,104,23,0.0
gemma3_27b__vs__always_defect__seed104,Gemma-3-27B,Always Defect,104,24,0.0
gemma3_27b__vs__always_defect__seed104,Gemma-3-27B,Always Defect,104,25,0.0
gemma3_27b__vs__always_defect__seed104,Gemma-3-27B,Always Defect,104,26,0.0
gemma3_27b__vs__always_defect__seed104,Gemma-3-27B,Always Defect,104,27,0.0
gemma3_27b__vs__always_defect__seed104,Gemma-3-27B,Always Defect,104,28,0.0
gemma3_27b__vs__always_defect__seed104,Gemma-3-27B,Always Defect,104,29,0.0
gemma3_27b__vs__always_defect__seed104,Gemma-3-27B,Always Defect,104,30,0.0
gemma3_27b__vs__always_defect__seed104,Gemma-3-27B,Always Defect,104,31,0.0
gemma3_27b__vs__always_defect__seed104,Gemma-3-27B,Always Defect,104,32,0.0
gemma3_27b__vs__always_defect__seed104,Gemma-3-27B,Always Defect,104,33,0.0
gemma3_27b__vs__always_defect__seed104,Gemma-3-27B,Always Defect,104,34,0.0
gemma3_27b__vs__always_defect__seed104,Gemma-3-27B,Always Defect,104,35,0.0
gemma3_27b__vs__always_defect__seed104,Gemma-3-27B,Always Defect,104,36,0.0
gemma3_27b__vs__always_defect__seed104,Gemma-3-27B,Always Defect,104,37,0.0
gemma3_27b__vs__always_defect__seed104,Gemma-3-27B,Always Defect,104,38,0.0
gemma3_27b__vs__always_defect__seed104,Gemma-3-27B,Always Defect,104,39,0.0
gemma3_27b__vs__always_defect__seed104,Gemma-3-27B,Always Defect,104,40,0.0
gemma3_27b__vs__always_defect__seed104,Gemma-3-27B,Always Defect,104,41,0.0
gemma3_27b__vs__always_defect__seed104,Gemma-3-27B,Always Defect,104,42,0.0
gemma3_27b__vs__always_defect__seed104,Gemma-3-27B,Always Defect,104,43,0.0
gemma3_27b__vs__always_defect__seed104,Gemma-3-27B,Always Defect,104,44,0.0
gemma3_27b__vs__always_defect__seed104,Gemma-3-27B,Always Defect,104,45,0.0
gemma3_27b__vs__always_defect__seed104,Gemma-3-27B,Always Defect,104,46,0.0
gemma3_27b__vs__always_defect__seed104,Gemma-3-27B,Always Defect,104,47,0.0
gemma3_27b__vs__always_defect__seed104,Gemma-3-27B,Always Defect,104,48,0.0
gemma3_27b__vs__always_defect__seed104,Gemma-3-27B,Always Defect,104,49,0.0
gemma3_27b__vs__always_defect__seed104,Gemma-3-27B,Always Defect,104,50,0.0
gemma3_27b__vs__always_defect__seed105,Gemma-3-27B,Always Defect,105,1,0.0
gemma3_27b__vs__always_defect__seed105,Gemma-3-27B,Always Defect,105,2,0.0
gemma3_27b__vs__always_defect__seed105,Gemma-3-27B,Always Defect,105,3,0.0
gemma3_27b__vs__always_defect__seed105,Gemma-3-27B,Always Defect,105,4,0.0
gemma3_27b__vs__always_defect__seed105,Gemma-3-27B,Always Defect,105,5,0.0
gemma3_27b__vs__always_defect__seed105,Gemma-3-27B,Always Defect,105,6,0.0
gemma3_27b__vs__always_defect__seed105,Gemma-3-27B,Always Defect,105,7,0.0
gemma3_27b__vs__always_defect__seed105,Gemma-3-27B,Always Defect,105,8,0.0
gemma3_27b__vs__always_defect__seed105,Gemma-3-27B,Always Defect,105,9,0.0
gemma3_27b__vs__always_defect__seed105,Gemma-3-27B,Always Defect,105,10,0.0
gemma3_27b__vs__always_defect__seed105,Gemma-3-27B,Always Defect,105,11,0.0
gemma3_27b__vs__always_defect__seed105,Gemma-3-27B,Always Defect,105,12,0.0
gemma3_27b__vs__always_defect__seed105,Gemma-3-27B,Always Defect,105,13,0.0
gemma3_27b__vs__always_defect__seed105,Gemma-3-27B,Always Defect,105,14,0.0
gemma3_27b__vs__always_defect__seed105,Gemma-3-27B,Always Defect,105,15,0.0
gemma3_27b__vs__always_defect__seed105,Gemma-3-27B,Always Defect,105,16,0.0
gemma3_27b__vs__always_defect__seed105,Gemma-3-27B,Always Defect,105,17,0.0
gemma3_27b__vs__always_defect__seed105,Gemma-3-27B,Always Defect,105,18,0.0
gemma3_27b__vs__always_defect__seed105,Gemma-3-27B,Always Defect,105,19,0.0
gemma3_27b__vs__always_defect__seed105,Gemma-3-27B,Always Defect,105,20,0.0
gemma3_27b__vs__always_defect__seed105,Gemma-3-27B,Always Defect,105,21,0.0
gemma3_27b__vs__always_defect__seed105,Gemma-3-27B,Always Defect,105,22,0.0
gemma3_27b__vs__always_defect__seed105,Gemma-3-27B,Always Defect,105,23,0.0
gemma3_27b__vs__always_defect__seed105,Gemma-3-27B,Always Defect,105,24,0.0
gemma3_27b__vs__always_defect__seed105,Gemma-3-27B,Always Defect,105,25,0.0
gemma3_27b__vs__always_defect__seed105,Gemma-3-27B,Always Defect,105,26,0.0
gemma3_27b__vs__always_defect__seed105,Gemma-3-27B,Always Defect,105,27,0.0
gemma3_27b__vs__always_defect__seed105,Gemma-3-27B,Always Defect,105,28,0.0
gemma3_27b__vs__always_defect__seed105,Gemma-3-27B,Always Defect,105,29,0.0
gemma3_27b__vs__always_defect__seed105,Gemma-3-27B,Always Defect,105,30,0.0
gemma3_27b__vs__always_defect__seed105,Gemma-3-27B,Always Defect,105,31,0.0
gemma3_27b__vs__always_defect__seed105,Gemma-3-27B,Always Defect,105,32,0.0
gemma3_27b__vs__always_defect__seed105,Gemma-3-27B,Always Defect,105,33,0.0
gemma3_27b__vs__always_defect__seed105,Gemma-3-27B,Always Defect,105,34,0.0
gemma3_27b__vs__always_defect__seed105,Gemma-3-27B,Always Defect,105,35,0.0
gemma3_27b__vs__always_defect__seed105,Gemma-3-27B,Always Defect,105,36,0.0
gemma3_27b__vs__always_defect__seed105,Gemma-3-27B,Always Defect,105,37,0.0
gemma3_27b__vs__always_defect__seed105,Gemma-3-27B,Always Defect,105,38,0.0
gemma3_27b__vs__always_defect__seed105,Gemma-3-27B,Always Defect,105,39,0.0
gemma3_27b__vs__always_defect__seed105,Gemma-3-27B,Always Defect,105,40,0.0
gemma3_27b__vs__always_defect__seed105,Gemma-3-27B,Always Defect,105,41,0.0
gemma3_27b__vs__always_defect__seed105,Gemma-3-27B,Always Defect,105,42,0.0
gemma3_27b__vs__always_defect__seed105,Gemma-3-27B,Always Defect,105,43,0.0
gemma3_27b__vs__always_defect__seed105,Gemma-3-27B,Always Defect,105,44,0.0
gemma3_27b__vs__always_defect__seed105,Gemma-3-27B,Always Defect,105,45,0.0
gemma3_27b__vs__always_defect__seed105,Gemma-3-27B,Always Defect,105,46,0.0
gemma3_27b__vs__always_defect__seed105,Gemma-3-27B,Always Defect,105,47,0.0
gemma3_27b__vs__always_defect__seed105,Gemma-3-27B,Always Defect,105,48,0.0
gemma3_27b__vs__always_defect__seed105,Gemma-3-27B,Always Defect,105,49,0.0
gemma3_27b__vs__always_defect__seed105,Gemma-3-27B,Always Defect,105,50,0.0
gemma3_27b__vs__graded_tft__seed101,Gemma-3-27B,Graded TFT,101,1,0.0
gemma3_27b__vs__graded_tft__seed101,Gemma-3-27B,Graded TFT,101,2,0.0
gemma3_27b__vs__graded_tft__seed101,Gemma-3-27B,Graded TFT,101,3,0.0
gemma3_27b__vs__graded_tft__seed101,Gemma-3-27B,Graded TFT,101,4,0.0
gemma3_27b__vs__graded_tft__seed101,Gemma-3-27B,Graded TFT,101,5,0.0
gemma3_27b__vs__graded_tft__seed101,Gemma-3-27B,Graded TFT,101,6,0.0
gemma3_27b__vs__graded_tft__seed101,Gemma-3-27B,Graded TFT,101,7,0.0
gemma3_27b__vs__graded_tft__seed101,Gemma-3-27B,Graded TFT,101,8,0.0
gemma3_27b__vs__graded_tft__seed101,Gemma-3-27B,Graded TFT,101,9,0.0
gemma3_27b__vs__graded_tft__seed101,Gemma-3-27B,Graded TFT,101,10,0.0
gemma3_27b__vs__graded_tft__seed101,Gemma-3-27B,Graded TFT,101,11,0.0
gemma3_27b__vs__graded_tft__seed101,Gemma-3-27B,Graded TFT,101,12,0.0
gemma3_27b__vs__graded_tft__seed101,Gemma-3-27B,Graded TFT,101,13,0.0
gemma3_27b__vs__graded_tft__seed101,Gemma-3-27B,Graded TFT,101,14,0.0
gemma3_27b__vs__graded_tft__seed101,Gemma-3-27B,Graded TFT,101,15,0.0
gemma3_27b__vs__graded_tft__seed101,Gemma-3-27B,Graded TFT,101,16,0.0
gemma3_27b__vs__graded_tft__seed101,Gemma-3-27B,Graded TFT,101,17,0.0
gemma3_27b__vs__graded_tft__seed101,Gemma-3-27B,Graded TFT,101,18,0.0
gemma3_27b__vs__graded_tft__seed101,Gemma-3-27B,Graded TFT,101,19,0.0
gemma3_27b__vs__graded_tft__seed101,Gemma-3-27B,Graded TFT,101,20,0.0
gemma3_27b__vs__graded_tft__seed101,Gemma-3-27B,Graded TFT,101,21,0.0
gemma3_27b__vs__graded_tft__seed101,Gemma-3-27B,Graded TFT,101,22,0.0
gemma3_27b__vs__graded_tft__seed101,Gemma-3-27B,Graded TFT,101,23,0.0
gemma3_27b__vs__graded_tft__seed101,Gemma-3-27B,Graded TFT,101,24,0.0
gemma3_27b__vs__graded_tft__seed101,Gemma-3-27B,Graded TFT,101,25,0.0
gemma3_27b__vs__graded_tft__seed101,Gemma-3-27B,Graded TFT,101,26,0.0
gemma3_27b__vs__graded_tft__seed101,Gemma-3-27B,Graded TFT,101,27,0.0
gemma3_27b__vs__graded_tft__seed101,Gemma-3-27B,Graded TFT,101,28,0.0
gemma3_27b__vs__graded_tft__seed101,Gemma-3-27B,Graded TFT,101,29,0.0
gemma3_27b__vs__graded_tft__seed101,Gemma-3-27B,Graded TFT,101,30,0.0
gemma3_27b__vs__graded_tft__seed101,Gemma-3-27B,Graded TFT,101,31,0.0
gemma3_27b__vs__graded_tft__seed101,Gemma-3-27B,Graded TFT,101,32,0.0
gemma3_27b__vs__graded_tft__seed101,Gemma-3-27B,Graded TFT,101,33,0.0
gemma3_27b__vs__graded_tft__seed101,Gemma-3-27B,Graded TFT,101,34,0.0
gemma3_27b__vs__graded_tft__seed101,Gemma-3-27B,Graded TFT,101,35,0.0
gemma3_27b__vs__graded_tft__seed101,Gemma-3-27B,Graded TFT,101,36,0.0
gemma3_27b__vs__graded_tft__seed101,Gemma-3-27B,Graded TFT,101,37,0.0
gemma3_27b__vs__graded_tft__seed101,Gemma-3-27B,Graded TFT,101,38,0.0
gemma3_27b__vs__graded_tft__seed101,Gemma-3-27B,Graded TFT,101,39,0.0
gemma3_27b__vs__graded_tft__seed101,Gemma-3-27B,Graded TFT,101,40,0.0
gemma3_27b__vs__graded_tft__seed101,Gemma-3-27B,Graded TFT,101,41,0.0
gemma3_27b__vs__graded_tft__seed101,Gemma-3-27B,Graded TFT,101,42,0.0
gemma3_27b__vs__graded_tft__seed101,Gemma-3-27B,Graded TFT,101,43,0.0
gemma3_27b__vs__graded_tft__seed101,Gemma-3-27B,Graded TFT,101,44,0.0
gemma3_27b__vs__graded_tft__seed101,Gemma-3-27B,Graded TFT,101,45,0.0
gemma3_27b__vs__graded_tft__seed101,Gemma-3-27B,Graded TFT,101,46,0.0
gemma3_27b__vs__graded_tft__seed101,Gemma-3-27B,Graded TFT,101,47,0.0
gemma3_27b__vs__graded_tft__seed101,Gemma-3-27B,Graded TFT,101,48,0.0
gemma3_27b__vs__graded_tft__seed101,Gemma-3-27B,Graded TFT,101,49,0.0
gemma3_27b__vs__graded_tft__seed101,Gemma-3-27B,Graded TFT,101,50,0.0
gemma3_27b__vs__graded_tft__seed102,Gemma-3-27B,Graded TFT,102,1,0.0
gemma3_27b__vs__graded_tft__seed102,Gemma-3-27B,Graded TFT,102,2,0.0
gemma3_27b__vs__graded_tft__seed102,Gemma-3-27B,Graded TFT,102,3,0.0
gemma3_27b__vs__graded_tft__seed102,Gemma-3-27B,Graded TFT,102,4,0.0
gemma3_27b__vs__graded_tft__seed102,Gemma-3-27B,Graded TFT,102,5,0.0
gemma3_27b__vs__graded_tft__seed102,Gemma-3-27B,Graded TFT,102,6,0.0
gemma3_27b__vs__graded_tft__seed102,Gemma-3-27B,Graded TFT,102,7,0.0
gemma3_27b__vs__graded_tft__seed102,Gemma-3-27B,Graded TFT,102,8,0.0
gemma3_27b__vs__graded_tft__seed102,Gemma-3-27B,Graded TFT,102,9,0.0
gemma3_27b__vs__graded_tft__seed102,Gemma-3-27B,Graded TFT,102,10,0.0
gemma3_27b__vs__graded_tft__seed102,Gemma-3-27B,Graded TFT,102,11,0.0
gemma3_27b__vs__graded_tft__seed102,Gemma-3-27B,Graded TFT,102,12,0.0
gemma3_27b__vs__graded_tft__seed102,Gemma-3-27B,Graded TFT,102,13,0.0
gemma3_27b__vs__graded_tft__seed102,Gemma-3-27B,Graded TFT,102,14,0.0
gemma3_27b__vs__graded_tft__seed102,Gemma-3-27B,Graded TFT,102,15,0.0
gemma3_27b__vs__graded_tft__seed102,Gemma-3-27B,Graded TFT,102,16,0.0
gemma3_27b__vs__graded_tft__seed102,Gemma-3-27B,Graded TFT,102,17,0.0
gemma3_27b__vs__graded_tft__seed102,Gemma-3-27B,Graded TFT,102,18,0.0
gemma3_27b__vs__graded_tft__seed102,Gemma-3-27B,Graded TFT,102,19,0.0
gemma3_27b__vs__graded_tft__seed102,Gemma-3-27B,Graded TFT,102,20,0.0
gemma3_27b__vs__graded_tft__seed102,Gemma-3-27B,Graded TFT,102,21,0.0
gemma3_27b__vs__graded_tft__seed102,Gemma-3-27B,Graded TFT,102,22,0.0
gemma3_27b__vs__graded_tft__seed102,Gemma-3-27B,Graded TFT,102,23,0.0
gemma3_27b__vs__graded_tft__seed102,Gemma-3-27B,Graded TFT,102,24,0.0
gemma3_27b__vs__graded_tft__seed102,Gemma-3-27B,Graded TFT,102,25,0.0
gemma3_27b__vs__graded_tft__seed102,Gemma-3-27B,Graded TFT,102,26,0.0
gemma3_27b__vs__graded_tft__seed102,Gemma-3-27B,Graded TFT,102,27,0.0
gemma3_27b__vs__graded_tft__seed102,Gemma-3-27B,Graded TFT,102,28,0.0
gemma3_27b__vs__graded_tft__seed102,Gemma-3-27B,Graded TFT,102,29,0.0
gemma3_27b__vs__graded_tft__seed102,Gemma-3-27B,Graded TFT,102,30,0.0
gemma3_27b__vs__graded_tft__seed102,Gemma-3-27B,Graded TFT,102,31,0.0
gemma3_27b__vs__graded_tft__seed102,Gemma-3-27B,Graded TFT,102,32,0.0
gemma3_27b__vs__graded_tft__seed102,Gemma-3-27B,Graded TFT,102,33,0.0
gemma3_27b__vs__graded_tft__seed102,Gemma-3-27B,Graded TFT,102,34,0.0
gemma3_27b__vs__graded_tft__seed102,Gemma-3-27B,Graded TFT,102,35,0.0
gemma3_27b__vs__graded_tft__seed102,Gemma-3-27B,Graded TFT,102,36,0.0
gemma3_27b__vs__graded_tft__seed102,Gemma-3-27B,Graded TFT,102,37,0.0
gemma3_27b__vs__graded_tft__seed102,Gemma-3-27B,Graded TFT,102,38,0.0
gemma3_27b__vs__graded_tft__seed102,Gemma-3-27B,Graded TFT,102,39,0.0
gemma3_27b__vs__graded_tft__seed102,Gemma-3-27B,Graded TFT,102,40,0.0
gemma3_27b__vs__graded_tft__seed102,Gemma-3-27B,Graded TFT,102,41,0.0
gemma3_27b__vs__graded_tft__seed102,Gemma-3-27B,Graded TFT,102,42,0.0
gemma3_27b__vs__graded_tft__seed102,Gemma-3-27B,Graded TFT,102,43,0.0
gemma3_27b__vs__graded_tft__seed102,Gemma-3-27B,Graded TFT,102,44,0.0
gemma3_27b__vs__graded_tft__seed102,Gemma-3-27B,Graded TFT,102,45,0.0
gemma3_27b__vs__graded_tft__seed102,Gemma-3-27B,Graded TFT,102,46,0.0
gemma3_27b__vs__graded_tft__seed102,Gemma-3-27B,Graded TFT,102,47,0.0
gemma3_27b__vs__graded_tft__seed102,Gemma-3-27B,Graded TFT,102,48,0.0
gemma3_27b__vs__graded_tft__seed102,Gemma-3-27B,Graded TFT,102,49,0.0
gemma3_27b__vs__graded_tft__seed102,Gemma-3-27B,Graded TFT,102,50,0.0
gemma3_27b__vs__graded_tft__seed103,Gemma-3-27B,Graded TFT,103,1,0.0
gemma3_27b__vs__graded_tft__seed103,Gemma-3-27B,Graded TFT,103,2,0.0
gemma3_27b__vs__graded_tft__seed103,Gemma-3-27B,Graded TFT,103,3,0.0
gemma3_27b__vs__graded_tft__seed103,Gemma-3-27B,Graded TFT,103,4,0.0
gemma3_27b__vs__graded_tft__seed103,Gemma-3-27B,Graded TFT,103,5,0.0
gemma3_27b__vs__graded_tft__seed103,Gemma-3-27B,Graded TFT,103,6,0.0
gemma3_27b__vs__graded_tft__seed103,Gemma-3-27B,Graded TFT,103,7,0.0
gemma3_27b__vs__graded_tft__seed103,Gemma-3-27B,Graded TFT,103,8,0.0
gemma3_27b__vs__graded_tft__seed103,Gemma-3-27B,Graded TFT,103,9,0.0
gemma3_27b__vs__graded_tft__seed103,Gemma-3-27B,Graded TFT,103,10,0.0
gemma3_27b__vs__graded_tft__seed103,Gemma-3-27B,Graded TFT,103,11,0.0
gemma3_27b__vs__graded_tft__seed103,Gemma-3-27B,Graded TFT,103,12,0.0
gemma3_27b__vs__graded_tft__seed103,Gemma-3-27B,Graded TFT,103,13,0.0
gemma3_27b__vs__graded_tft__seed103,Gemma-3-27B,Graded TFT,103,14,0.0
gemma3_27b__vs__graded_tft__seed103,Gemma-3-27B,Graded TFT,103,15,0.0
gemma3_27b__vs__graded_tft__seed103,Gemma-3-27B,Graded TFT,103,16,0.0
gemma3_27b__vs__graded_tft__seed103,Gemma-3-27B,Graded TFT,103,17,0.0
gemma3_27b__vs__graded_tft__seed103,Gemma-3-27B,Graded TFT,103,18,0.0
gemma3_27b__vs__graded_tft__seed103,Gemma-3-27B,Graded TFT,103,19,0.0
gemma3_27b__vs__graded_tft__seed103,Gemma-3-27B,Graded TFT,103,20,0.0
gemma3_27b__vs__graded_tft__seed103,Gemma-3-27B,Graded TFT,103,21,0.0
gemma3_27b__vs__graded_tft__seed103,Gemma-3-27B,Graded TFT,103,22,0.0
gemma3_27b__vs__graded_tft__seed103,Gemma-3-27B,Graded TFT,103,23,0.0
gemma3_27b__vs__graded_tft__seed103,Gemma-3-27B,Graded TFT,103,24,0.0
gemma3_27b__vs__graded_tft__seed103,Gemma-3-27B,Graded TFT,103,25,0.0
gemma3_27b__vs__graded_tft__seed103,Gemma-3-27B,Graded TFT,103,26,0.0
gemma3_27b__vs__graded_tft__seed103,Gemma-3-27B,Graded TFT,103,27,0.0
gemma3_27b__vs__graded_tft__seed103,Gemma-3-27B,Graded TFT,103,28,0.0
gemma3_27b__vs__graded_tft__seed103,Gemma-3-27B,Graded TFT,103,29,0.0
gemma3_27b__vs__graded_tft__seed103,Gemma-3-27B,Graded TFT,103,30,0.0
gemma3_27b__vs__graded_tft__seed103,Gemma-3-27B,Graded TFT,103,31,0.0
gemma3_27b__vs__graded_tft__seed103,Gemma-3-27B,Graded TFT,103,32,0.0
gemma3_27b__vs__graded_tft__seed103,Gemma-3-27B,Graded TFT,103,33,0.0
gemma3_27b__vs__graded_tft__seed103,Gemma-3-27B,Graded TFT,103,34,0.0
gemma3_27b__vs__graded_tft__seed103,Gemma-3-27B,Graded TFT,103,35,0.0
gemma3_27b__vs__graded_tft__seed103,Gemma-3-27B,Graded TFT,103,36,0.0
gemma3_27b__vs__graded_tft__seed103,Gemma-3-27B,Graded TFT,103,37,0.0
gemma3_27b__vs__graded_tft__seed103,Gemma-3-27B,Graded TFT,103,38,0.0
gemma3_27b__vs__graded_tft__seed103,Gemma-3-27B,Graded TFT,103,39,0.0
gemma3_27b__vs__graded_tft__seed103,Gemma-3-27B,Graded TFT,103,40,0.0
gemma3_27b__vs__graded_tft__seed103,Gemma-3-27B,Graded TFT,103,41,0.0
gemma3_27b__vs__graded_tft__seed103,Gemma-3-27B,Graded TFT,103,42,0.0
gemma3_27b__vs__graded_tft__seed103,Gemma-3-27B,Graded TFT,103,43,0.0
gemma3_27b__vs__graded_tft__seed103,Gemma-3-27B,Graded TFT,103,44,0.0
gemma3_27b__vs__graded_tft__seed103,Gemma-3-27B,Graded TFT,103,45,0.0
gemma3_27b__vs__graded_tft__seed103,Gemma-3-27B,Graded TFT,103,46,0.0
gemma3_27b__vs__graded_tft__seed103,Gemma-3-27B,Graded TFT,103,47,0.0
gemma3_27b__vs__graded_tft__seed103,Gemma-3-27B,Graded TFT,103,48,0.0
gemma3_27b__vs__graded_tft__seed103,Gemma-3-27B,Graded TFT,103,49,0.0
gemma3_27b__vs__graded_tft__seed103,Gemma-3-27B,Graded TFT,103,50,0.0
gemma3_27b__vs__graded_tft__seed104,Gemma-3-27B,Graded TFT,104,1,0.0
gemma3_27b__vs__graded_tft__seed104,Gemma-3-27B,Graded TFT,104,2,0.0
gemma3_27b__vs__graded_tft__seed104,Gemma-3-27B,Graded TFT,104,3,0.0
gemma3_27b__vs__graded_tft__seed104,Gemma-3-27B,Graded TFT,104,4,0.0
gemma3_27b__vs__graded_tft__seed104,Gemma-3-27B,Graded TFT,104,5,0.0
gemma3_27b__vs__graded_tft__seed104,Gemma-3-27B,Graded TFT,104,6,0.0
gemma3_27b__vs__graded_tft__seed104,Gemma-3-27B,Graded TFT,104,7,0.0
gemma3_27b__vs__graded_tft__seed104,Gemma-3-27B,Graded TFT,104,8,0.0
gemma3_27b__vs__graded_tft__seed104,Gemma-3-27B,Graded TFT,104,9,0.0
gemma3_27b__vs__graded_tft__seed104,Gemma-3-27B,Graded TFT,104,10,0.0
gemma3_27b__vs__graded_tft__seed104,Gemma-3-27B,Graded TFT,104,11,0.0
gemma3_27b__vs__graded_tft__seed104,Gemma-3-27B,Graded TFT,104,12,0.0
gemma3_27b__vs__graded_tft__seed104,Gemma-3-27B,Graded TFT,104,13,0.0
gemma3_27b__vs__graded_tft__seed104,Gemma-3-27B,Graded TFT,104,14,0.0
gemma3_27b__vs__graded_tft__seed104,Gemma-3-27B,Graded TFT,104,15,0.0
gemma3_27b__vs__graded_tft__seed104,Gemma-3-27B,Graded TFT,104,16,0.0
gemma3_27b__vs__graded_tft__seed104,Gemma-3-27B,Graded TFT,104,17,0.0
gemma3_27b__vs__graded_tft__seed104,Gemma-3-27B,Graded TFT,104,18,0.0
gemma3_27b__vs__graded_tft__seed104,Gemma-3-27B,Graded TFT,104,19,0.0
gemma3_27b__vs__graded_tft__seed104,Gemma-3-27B,Graded TFT,104,20,0.0
gemma3_27b__vs__graded_tft__seed104,Gemma-3-27B,Graded TFT,104,21,0.0
gemma3_27b__vs__graded_tft__seed104,Gemma-3-27B,Graded TFT,104,22,0.0
gemma3_27b__vs__graded_tft__seed104,Gemma-3-27B,Graded TFT,104,23,0.0
gemma3_27b__vs__graded_tft__seed104,Gemma-3-27B,Graded TFT,104,24,0.0
gemma3_27b__vs__graded_tft__seed104,Gemma-3-27B,Graded TFT,104,25,0.0
gemma3_27b__vs__graded_tft__seed104,Gemma-3-27B,Graded TFT,104,26,0.0
gemma3_27b__vs__graded_tft__seed104,Gemma-3-27B,Graded TFT,104,27,0.0
gemma3_27b__vs__graded_tft__seed104,Gemma-3-27B,Graded TFT,104,28,0.0
gemma3_27b__vs__graded_tft__seed104,Gemma-3-27B,Graded TFT,104,29,0.0
gemma3_27b__vs__graded_tft__seed104,Gemma-3-27B,Graded TFT,104,30,0.0
gemma3_27b__vs__graded_tft__seed104,Gemma-3-27B,Graded TFT,104,31,0.0
gemma3_27b__vs__graded_tft__seed104,Gemma-3-27B,Graded TFT,104,32,0.0
gemma3_27b__vs__graded_tft__seed104,Gemma-3-27B,Graded TFT,104,33,0.0
gemma3_27b__vs__graded_tft__seed104,Gemma-3-27B,Graded TFT,104,34,0.0
gemma3_27b__vs__graded_tft__seed104,Gemma-3-27B,Graded TFT,104,35,0.0
gemma3_27b__vs__graded_tft__seed104,Gemma-3-27B,Graded TFT,104,36,0.0
gemma3_27b__vs__graded_tft__seed104,Gemma-3-27B,Graded TFT,104,37,0.0
gemma3_27b__vs__graded_tft__seed104,Gemma-3-27B,Graded TFT,104,38,0.0
gemma3_27b__vs__graded_tft__seed104,Gemma-3-27B,Graded TFT,104,39,0.0
gemma3_27b__vs__graded_tft__seed104,Gemma-3-27B,Graded TFT,104,40,0.0
gemma3_27b__vs__graded_tft__seed104,Gemma-3-27B,Graded TFT,104,41,0.0
gemma3_27b__vs__graded_tft__seed104,Gemma-3-27B,Graded TFT,104,42,0.0
gemma3_27b__vs__graded_tft__seed104,Gemma-3-27B,Graded TFT,104,43,0.0
gemma3_27b__vs__graded_tft__seed104,Gemma-3-27B,Graded TFT,104,44,0.0
gemma3_27b__vs__graded_tft__seed104,Gemma-3-27B,Graded TFT,104,45,0.0
gemma3_27b__vs__graded_tft__seed104,Gemma-3-27B,Graded TFT,104,46,0.0
gemma3_27b__vs__graded_tft__seed104,Gemma-3-27B,Graded TFT,104,47,0.0
gemma3_27b__vs__graded_tft__seed104,Gemma-3-27B,Graded TFT,104,48,0.0
gemma3_27b__vs__graded_tft__seed104,Gemma-3-27B,Graded TFT,104,49,0.0
gemma3_27b__vs__graded_tft__seed104,Gemma-3-27B,Graded TFT,104,50,0.0
gemma3_27b__vs__graded_tft__seed105,Gemma-3-27B,Graded TFT,105,1,0.0
gemma3_27b__vs__graded_tft__seed105,Gemma-3-27B,Graded TFT,105,2,0.0
gemma3_27b__vs__graded_tft__seed105,Gemma-3-27B,Graded TFT,105,3,0.0
gemma3_27b__vs__graded_tft__seed105,Gemma-3-27B,Graded TFT,105,4,0.0
gemma3_27b__vs__graded_tft__seed105,Gemma-3-27B,Graded TFT,105,5,0.0
gemma3_27b__vs__graded_tft__seed105,Gemma-3-27B,Graded TFT,105,6,0.0
gemma3_27b__vs__graded_tft__seed105,Gemma-3-27B,Graded TFT,105,7,0.0
gemma3_27b__vs__graded_tft__seed105,Gemma-3-27B,Graded TFT,105,8,0.0
gemma3_27b__vs__graded_tft__seed105,Gemma-3-27B,Graded TFT,105,9,0.0
gemma3_27b__vs__graded_tft__seed105,Gemma-3-27B,Graded TFT,105,10,0.0
gemma3_27b__vs__graded_tft__seed105,Gemma-3-27B,Graded TFT,105,11,0.0
gemma3_27b__vs__graded_tft__seed105,Gemma-3-27B,Graded TFT,105,12,0.0
gemma3_27b__vs__graded_tft__seed105,Gemma-3-27B,Graded TFT,105,13,0.0
gemma3_27b__vs__graded_tft__seed105,Gemma-3-27B,Graded TFT,105,14,0.0
gemma3_27b__vs__graded_tft__seed105,Gemma-3-27B,Graded TFT,105,15,0.0
gemma3_27b__vs__graded_tft__seed105,Gemma-3-27B,Graded TFT,105,16,0.0
gemma3_27b__vs__graded_tft__seed105,Gemma-3-27B,Graded TFT,105,17,0.0
gemma3_27b__vs__graded_tft__seed105,Gemma-3-27B,Graded TFT,105,18,0.0
gemma3_27b__vs__graded_tft__seed105,Gemma-3-27B,Graded TFT,105,19,0.0
gemma3_27b__vs__graded_tft__seed105,Gemma-3-27B,Graded TFT,105,20,0.0
gemma3_27b__vs__graded_tft__seed105,Gemma-3-27B,Graded TFT,105,21,0.0
gemma3_27b__vs__graded_tft__seed105,Gemma-3-27B,Graded TFT,105,22,0.0
gemma3_27b__vs__graded_tft__seed105,Gemma-3-27B,Graded TFT,105,23,0.0
gemma3_27b__vs__graded_tft__seed105,Gemma-3-27B,Graded TFT,105,24,0.0
gemma3_27b__vs__graded_tft__seed105,Gemma-3-27B,Graded TFT,105,25,0.0
gemma3_27b__vs__graded_tft__seed105,Gemma-3-27B,Graded TFT,105,26,0.0
gemma3_27b__vs__graded_tft__seed105,Gemma-3-27B,Graded TFT,105,27,0.0
gemma3_27b__vs__graded_tft__seed105,Gemma-3-27B,Graded TFT,105,28,0.0
gemma3_27b__vs__graded_tft__seed105,Gemma-3-27B,Graded TFT,105,29,0.0
gemma3_27b__vs__graded_tft__seed105,Gemma-3-27B,Graded TFT,105,30,0.0
gemma3_27b__vs__graded_tft__seed105,Gemma-3-27B,Graded TFT,105,31,0.0
gemma3_27b__vs__graded_tft__seed105,Gemma-3-27B,Graded TFT,105,32,0.0
gemma3_27b__vs__graded_tft__seed105,Gemma-3-27B,Graded TFT,105,33,0.0
gemma3_27b__vs__graded_tft__seed105,Gemma-3-27B,Graded TFT,105,34,0.0
gemma3_27b__vs__graded_tft__seed105,Gemma-3-27B,Graded TFT,105,35,0.0
gemma3_27b__vs__graded_tft__seed105,Gemma-3-27B,Graded TFT,105,36,0.0
gemma3_27b__vs__graded_tft__seed105,Gemma-3-27B,Graded TFT,105,37,0.0
gemma3_27b__vs__graded_tft__seed105,Gemma-3-27B,Graded TFT,105,38,0.0
gemma3_27b__vs__graded_tft__seed105,Gemma-3-27B,Graded TFT,105,39,0.0
gemma3_27b__vs__graded_tft__seed105,Gemma-3-27B,Graded TFT,105,40,0.0
gemma3_27b__vs__graded_tft__seed105,Gemma-3-27B,Graded TFT,105,41,0.0
gemma3_27b__vs__graded_tft__seed105,Gemma-3-27B,Graded TFT,105,42,0.0
gemma3_27b__vs__graded_tft__seed105,Gemma-3-27B,Graded TFT,105,43,0.0
gemma3_27b__vs__graded_tft__seed105,Gemma-3-27B,Graded TFT,105,44,0.0
gemma3_27b__vs__graded_tft__seed105,Gemma-3-27B,Graded TFT,105,45,0.0
gemma3_27b__vs__graded_tft__seed105,Gemma-3-27B,Graded TFT,105,46,0.0
gemma3_27b__vs__graded_tft__seed105,Gemma-3-27B,Graded TFT,105,47,0.0
gemma3_27b__vs__graded_tft__seed105,Gemma-3-27B,Graded TFT,105,48,0.0
gemma3_27b__vs__graded_tft__seed105,Gemma-3-27B,Graded TFT,105,49,0.0
gemma3_27b__vs__graded_tft__seed105,Gemma-3-27B,Graded TFT,105,50,0.0
gemma3_27b__vs__grim_trigger__seed101,Gemma-3-27B,Grim Trigger,101,1,0.0
gemma3_27b__vs__grim_trigger__seed101,Gemma-3-27B,Grim Trigger,101,2,0.0
gemma3_27b__vs__grim_trigger__seed101,Gemma-3-27B,Grim Trigger,101,3,0.0
gemma3_27b__vs__grim_trigger__seed101,Gemma-3-27B,Grim Trigger,101,4,0.0
gemma3_27b__vs__grim_trigger__seed101,Gemma-3-27B,Grim Trigger,101,5,0.0
gemma3_27b__vs__grim_trigger__seed101,Gemma-3-27B,Grim Trigger,101,6,0.0
gemma3_27b__vs__grim_trigger__seed101,Gemma-3-27B,Grim Trigger,101,7,0.0
gemma3_27b__vs__grim_trigger__seed101,Gemma-3-27B,Grim Trigger,101,8,0.0
gemma3_27b__vs__grim_trigger__seed101,Gemma-3-27B,Grim Trigger,101,9,0.0
gemma3_27b__vs__grim_trigger__seed101,Gemma-3-27B,Grim Trigger,101,10,0.0
gemma3_27b__vs__grim_trigger__seed101,Gemma-3-27B,Grim Trigger,101,11,0.0
gemma3_27b__vs__grim_trigger__seed101,Gemma-3-27B,Grim Trigger,101,12,0.0
gemma3_27b__vs__grim_trigger__seed101,Gemma-3-27B,Grim Trigger,101,13,0.0
gemma3_27b__vs__grim_trigger__seed101,Gemma-3-27B,Grim Trigger,101,14,0.0
gemma3_27b__vs__grim_trigger__seed101,Gemma-3-27B,Grim Trigger,101,15,0.0
gemma3_27b__vs__grim_trigger__seed101,Gemma-3-27B,Grim Trigger,101,16,0.0
gemma3_27b__vs__grim_trigger__seed101,Gemma-3-27B,Grim Trigger,101,17,0.0
gemma3_27b__vs__grim_trigger__seed101,Gemma-3-27B,Grim Trigger,101,18,0.0
gemma3_27b__vs__grim_trigger__seed101,Gemma-3-27B,Grim Trigger,101,19,0.0
gemma3_27b__vs__grim_trigger__seed101,Gemma-3-27B,Grim Trigger,101,20,0.0
gemma3_27b__vs__grim_trigger__seed101,Gemma-3-27B,Grim Trigger,101,21,0.0
gemma3_27b__vs__grim_trigger__seed101,Gemma-3-27B,Grim Trigger,101,22,0.0
gemma3_27b__vs__grim_trigger__seed101,Gemma-3-27B,Grim Trigger,101,23,0.0
gemma3_27b__vs__grim_trigger__seed101,Gemma-3-27B,Grim Trigger,101,24,0.0
gemma3_27b__vs__grim_trigger__seed101,Gemma-3-27B,Grim Trigger,101,25,0.0
gemma3_27b__vs__grim_trigger__seed101,Gemma-3-27B,Grim Trigger,101,26,0.0
gemma3_27b__vs__grim_trigger__seed101,Gemma-3-27B,Grim Trigger,101,27,0.0
gemma3_27b__vs__grim_trigger__seed101,Gemma-3-27B,Grim Trigger,101,28,0.0
gemma3_27b__vs__grim_trigger__seed101,Gemma-3-27B,Grim Trigger,101,29,0.0
gemma3_27b__vs__grim_trigger__seed101,Gemma-3-27B,Grim Trigger,101,30,0.0
gemma3_27b__vs__grim_trigger__seed101,Gemma-3-27B,Grim Trigger,101,31,0.0
gemma3_27b__vs__grim_trigger__seed101,Gemma-3-27B,Grim Trigger,101,32,0.0
gemma3_27b__vs__grim_trigger__seed101,Gemma-3-27B,Grim Trigger,101,33,0.0
gemma3_27b__vs__grim_trigger__seed101,Gemma-3-27B,Grim Trigger,101,34,0.0
gemma3_27b__vs__grim_trigger__seed101,Gemma-3-27B,Grim Trigger,101,35,0.0
gemma3_27b__vs__grim_trigger__seed101,Gemma-3-27B,Grim Trigger,101,36,0.0
gemma3_27b__vs__grim_trigger__seed101,Gemma-3-27B,Grim Trigger,101,37,0.0
gemma3_27b__vs__grim_trigger__seed101,Gemma-3-27B,Grim Trigger,101,38,0.0
gemma3_27b__vs__grim_trigger__seed101,Gemma-3-27B,Grim Trigger,101,39,0.0
gemma3_27b__vs__grim_trigger__seed101,Gemma-3-27B,Grim Trigger,101,40,0.0
gemma3_27b__vs__grim_trigger__seed101,Gemma-3-27B,Grim Trigger,101,41,0.0
gemma3_27b__vs__grim_trigger__seed101,Gemma-3-27B,Grim Trigger,101,42,0.0
gemma3_27b__vs__grim_trigger__seed101,Gemma-3-27B,Grim Trigger,101,43,0.0
gemma3_27b__vs__grim_trigger__seed101,Gemma-3-27B,Grim Trigger,101,44,0.0
gemma3_27b__vs__grim_trigger__seed101,Gemma-3-27B,Grim Trigger,101,45,0.0
gemma3_27b__vs__grim_trigger__seed101,Gemma-3-27B,Grim Trigger,101,46,0.0
gemma3_27b__vs__grim_trigger__seed101,Gemma-3-27B,Grim Trigger,101,47,0.0
gemma3_27b__vs__grim_trigger__seed101,Gemma-3-27B,Grim Trigger,101,48,0.0
gemma3_27b__vs__grim_trigger__seed101,Gemma-3-27B,Grim Trigger,101,49,0.0
gemma3_27b__vs__grim_trigger__seed101,Gemma-3-27B,Grim Trigger,101,50,0.0
gemma3_27b__vs__grim_trigger__seed102,Gemma-3-27B,Grim Trigger,102,1,0.0
gemma3_27b__vs__grim_trigger__seed102,Gemma-3-27B,Grim Trigger,102,2,0.0
gemma3_27b__vs__grim_trigger__seed102,Gemma-3-27B,Grim Trigger,102,3,0.0
gemma3_27b__vs__grim_trigger__seed102,Gemma-3-27B,Grim Trigger,102,4,0.0
gemma3_27b__vs__grim_trigger__seed102,Gemma-3-27B,Grim Trigger,102,5,0.0
gemma3_27b__vs__grim_trigger__seed102,Gemma-3-27B,Grim Trigger,102,6,0.0
gemma3_27b__vs__grim_trigger__seed102,Gemma-3-27B,Grim Trigger,102,7,0.0
gemma3_27b__vs__grim_trigger__seed102,Gemma-3-27B,Grim Trigger,102,8,0.0
gemma3_27b__vs__grim_trigger__seed102,Gemma-3-27B,Grim Trigger,102,9,0.0
gemma3_27b__vs__grim_trigger__seed102,Gemma-3-27B,Grim Trigger,102,10,0.0
gemma3_27b__vs__grim_trigger__seed102,Gemma-3-27B,Grim Trigger,102,11,0.0
gemma3_27b__vs__grim_trigger__seed102,Gemma-3-27B,Grim Trigger,102,12,0.0
gemma3_27b__vs__grim_trigger__seed102,Gemma-3-27B,Grim Trigger,102,13,0.0
gemma3_27b__vs__grim_trigger__seed102,Gemma-3-27B,Grim Trigger,102,14,0.0
gemma3_27b__vs__grim_trigger__seed102,Gemma-3-27B,Grim Trigger,102,15,0.0
gemma3_27b__vs__grim_trigger__seed102,Gemma-3-27B,Grim Trigger,102,16,0.0
gemma3_27b__vs__grim_trigger__seed102,Gemma-3-27B,Grim Trigger,102,17,0.0
gemma3_27b__vs__grim_trigger__seed102,Gemma-3-27B,Grim Trigger,102,18,0.0
gemma3_27b__vs__grim_trigger__seed102,Gemma-3-27B,Grim Trigger,102,19,0.0
gemma3_27b__vs__grim_trigger__seed102,Gemma-3-27B,Grim Trigger,102,20,0.0
gemma3_27b__vs__grim_trigger__seed102,Gemma-3-27B,Grim Trigger,102,21,0.0
gemma3_27b__vs__grim_trigger__seed102,Gemma-3-27B,Grim Trigger,102,22,0.0
gemma3_27b__vs__grim_trigger__seed102,Gemma-3-27B,Grim Trigger,102,23,0.0
gemma3_27b__vs__grim_trigger__seed102,Gemma-3-27B,Grim Trigger,102,24,0.0
gemma3_27b__vs__grim_trigger__seed102,Gemma-3-27B,Grim Trigger,102,25,0.0
gemma3_27b__vs__grim_trigger__seed102,Gemma-3-27B,Grim Trigger,102,26,0.0
gemma3_27b__vs__grim_trigger__seed102,Gemma-3-27B,Grim Trigger,102,27,0.0
gemma3_27b__vs__grim_trigger__seed102,Gemma-3-27B,Grim Trigger,102,28,0.0
gemma3_27b__vs__grim_trigger__seed102,Gemma-3-27B,Grim Trigger,102,29,0.0
gemma3_27b__vs__grim_trigger__seed102,Gemma-3-27B,Grim Trigger,102,30,0.0
gemma3_27b__vs__grim_trigger__seed102,Gemma-3-27B,Grim Trigger,102,31,0.0
gemma3_27b__vs__grim_trigger__seed102,Gemma-3-27B,Grim Trigger,102,32,0.0
gemma3_27b__vs__grim_trigger__seed102,Gemma-3-27B,Grim Trigger,102,33,0.0
gemma3_27b__vs__grim_trigger__seed102,Gemma-3-27B,Grim Trigger,102,34,0.0
gemma3_27b__vs__grim_trigger__seed102,Gemma-3-27B,Grim Trigger,102,35,0.0
gemma3_27b__vs__grim_trigger__seed102,Gemma-3-27B,Grim Trigger,102,36,0.0
gemma3_27b__vs__grim_trigger__seed102,Gemma-3-27B,Grim Trigger,102,37,0.0
gemma3_27b__vs__grim_trigger__seed102,Gemma-3-27B,Grim Trigger,102,38,0.0
gemma3_27b__vs__grim_trigger__seed102,Gemma-3-27B,Grim Trigger,102,39,0.0
gemma3_27b__vs__grim_trigger__seed102,Gemma-3-27B,Grim Trigger,102,40,0.0
gemma3_27b__vs__grim_trigger__seed102,Gemma-3-27B,Grim Trigger,102,41,0.0
gemma3_27b__vs__grim_trigger__seed102,Gemma-3-27B,Grim Trigger,102,42,0.0
gemma3_27b__vs__grim_trigger__seed102,Gemma-3-27B,Grim Trigger,102,43,0.0
gemma3_27b__vs__grim_trigger__seed102,Gemma-3-27B,Grim Trigger,102,44,0.0
gemma3_27b__vs__grim_trigger__seed102,Gemma-3-27B,Grim Trigger,102,45,0.0
gemma3_27b__vs__grim_trigger__seed102,Gemma-3-27B,Grim Trigger,102,46,0.0
gemma3_27b__vs__grim_trigger__seed102,Gemma-3-27B,Grim Trigger,102,47,0.0
gemma3_27b__vs__grim_trigger__seed102,Gemma-3-27B,Grim Trigger,102,48,0.0
gemma3_27b__vs__grim_trigger__seed102,Gemma-3-27B,Grim Trigger,102,49,0.0
gemma3_27b__vs__grim_trigger__seed102,Gemma-3-27B,Grim Trigger,102,50,0.0
gemma3_27b__vs__grim_trigger__seed103,Gemma-3-27B,Grim Trigger,103,1,0.0
gemma3_27b__vs__grim_trigger__seed103,Gemma-3-27B,Grim Trigger,103,2,0.0
gemma3_27b__vs__grim_trigger__seed103,Gemma-3-27B,Grim Trigger,103,3,0.0
gemma3_27b__vs__grim_trigger__seed103,Gemma-3-27B,Grim Trigger,103,4,0.0
gemma3_27b__vs__grim_trigger__seed103,Gemma-3-27B,Grim Trigger,103,5,0.0
gemma3_27b__vs__grim_trigger__seed103,Gemma-3-27B,Grim Trigger,103,6,0.0
gemma3_27b__vs__grim_trigger__seed103,Gemma-3-27B,Grim Trigger,103,7,0.0
gemma3_27b__vs__grim_trigger__seed103,Gemma-3-27B,Grim Trigger,103,8,0.0
gemma3_27b__vs__grim_trigger__seed103,Gemma-3-27B,Grim Trigger,103,9,0.0
gemma3_27b__vs__grim_trigger__seed103,Gemma-3-27B,Grim Trigger,103,10,0.0
gemma3_27b__vs__grim_trigger__seed103,Gemma-3-27B,Grim Trigger,103,11,0.0
gemma3_27b__vs__grim_trigger__seed103,Gemma-3-27B,Grim Trigger,103,12,0.0
gemma3_27b__vs__grim_trigger__seed103,Gemma-3-27B,Grim Trigger,103,13,0.0
gemma3_27b__vs__grim_trigger__seed103,Gemma-3-27B,Grim Trigger,103,14,0.0
gemma3_27b__vs__grim_trigger__seed103,Gemma-3-27B,Grim Trigger,103,15,0.0
gemma3_27b__vs__grim_trigger__seed103,Gemma-3-27B,Grim Trigger,103,16,0.0
gemma3_27b__vs__grim_trigger__seed103,Gemma-3-27B,Grim Trigger,103,17,0.0
gemma3_27b__vs__grim_trigger__seed103,Gemma-3-27B,Grim Trigger,103,18,0.0
gemma3_27b__vs__grim_trigger__seed103,Gemma-3-27B,Grim Trigger,103,19,0.0
gemma3_27b__vs__grim_trigger__seed103,Gemma-3-27B,Grim Trigger,103,20,0.0
gemma3_27b__vs__grim_trigger__seed103,Gemma-3-27B,Grim Trigger,103,21,0.0
gemma3_27b__vs__grim_trigger__seed103,Gemma-3-27B,Grim Trigger,103,22,0.0
gemma3_27b__vs__grim_trigger__seed103,Gemma-3-27B,Grim Trigger,103,23,0.0
gemma3_27b__vs__grim_trigger__seed103,Gemma-3-27B,Grim Trigger,103,24,0.0
gemma3_27b__vs__grim_trigger__seed103,Gemma-3-27B,Grim Trigger,103,25,0.0
gemma3_27b__vs__grim_trigger__seed103,Gemma-3-27B,Grim Trigger,103,26,0.0
gemma3_27b__vs__grim_trigger__seed103,Gemma-3-27B,Grim Trigger,103,27,0.0
gemma3_27b__vs__grim_trigger__seed103,Gemma-3-27B,Grim Trigger,103,28,0.0
gemma3_27b__vs__grim_trigger__seed103,Gemma-3-27B,Grim Trigger,103,29,0.0
gemma3_27b__vs__grim_trigger__seed103,Gemma-3-27B,Grim Trigger,103,30,0.0
gemma3_27b__vs__grim_trigger__seed103,Gemma-3-27B,Grim Trigger,103,31,0.0
gemma3_27b__vs__grim_trigger__seed103,Gemma-3-27B,Grim Trigger,103,32,0.0
gemma3_27b__vs__grim_trigger__seed103,Gemma-3-27B,Grim Trigger,103,33,0.0
gemma3_27b__vs__grim_trigger__seed103,Gemma-3-27B,Grim Trigger,103,34,0.0
gemma3_27b__vs__grim_trigger__seed103,Gemma-3-27B,Grim Trigger,103,35,0.0
gemma3_27b__vs__grim_trigger__seed103,Gemma-3-27B,Grim Trigger,103,36,0.0
gemma3_27b__vs__grim_trigger__seed103,Gemma-3-27B,Grim Trigger,103,37,0.0
gemma3_27b__vs__grim_trigger__seed103,Gemma-3-27B,Grim Trigger,103,38,0.0
gemma3_27b__vs__grim_trigger__seed103,Gemma-3-27B,Grim Trigger,103,39,0.0
gemma3_27b__vs__grim_trigger__seed103,Gemma-3-27B,Grim Trigger,103,40,0.0
gemma3_27b__vs__grim_trigger__seed103,Gemma-3-27B,Grim Trigger,103,41,0.0
gemma3_27b__vs__grim_trigger__seed103,Gemma-3-27B,Grim Trigger,103,42,0.0
gemma3_27b__vs__grim_trigger__seed103,Gemma-3-27B,Grim Trigger,103,43,0.0
gemma3_27b__vs__grim_trigger__seed103,Gemma-3-27B,Grim Trigger,103,44,0.0
gemma3_27b__vs__grim_trigger__seed103,Gemma-3-27B,Grim Trigger,103,45,0.0
gemma3_27b__vs__grim_trigger__seed103,Gemma-3-27B,Grim Trigger,103,46,0.0
gemma3_27b__vs__grim_trigger__seed103,Gemma-3-27B,Grim Trigger,103,47,0.0
gemma3_27b__vs__grim_trigger__seed103,Gemma-3-27B,Grim Trigger,103,48,0.0
gemma3_27b__vs__grim_trigger__seed103,Gemma-3-27B,Grim Trigger,103,49,0.0
gemma3_27b__vs__grim_trigger__seed103,Gemma-3-27B,Grim Trigger,103,50,0.0
gemma3_27b__vs__grim_trigger__seed104,Gemma-3-27B,Grim Trigger,104,1,0.0
gemma3_27b__vs__grim_trigger__seed104,Gemma-3-27B,Grim Trigger,104,2,0.0
gemma3_27b__vs__grim_trigger__seed104,Gemma-3-27B,Grim Trigger,104,3,0.0
gemma3_27b__vs__grim_trigger__seed104,Gemma-3-27B,Grim Trigger,104,4,0.0
gemma3_27b__vs__grim_trigger__seed104,Gemma-3-27B,Grim Trigger,104,5,0.0
gemma3_27b__vs__grim_trigger__seed104,Gemma-3-27B,Grim Trigger,104,6,0.0
gemma3_27b__vs__grim_trigger__seed104,Gemma-3-27B,Grim Trigger,104,7,0.0
gemma3_27b__vs__grim_trigger__seed104,Gemma-3-27B,Grim Trigger,104,8,0.0
gemma3_27b__vs__grim_trigger__seed104,Gemma-3-27B,Grim Trigger,104,9,0.0
gemma3_27b__vs__grim_trigger__seed104,Gemma-3-27B,Grim Trigger,104,10,0.0
gemma3_27b__vs__grim_trigger__seed104,Gemma-3-27B,Grim Trigger,104,11,0.0
gemma3_27b__vs__grim_trigger__seed104,Gemma-3-27B,Grim Trigger,104,12,0.0
gemma3_27b__vs__grim_trigger__seed104,Gemma-3-27B,Grim Trigger,104,13,0.0
gemma3_27b__vs__grim_trigger__seed104,Gemma-3-27B,Grim Trigger,104,14,0.0
gemma3_27b__vs__grim_trigger__seed104,Gemma-3-27B,Grim Trigger,104,15,0.0
gemma3_27b__vs__grim_trigger__seed104,Gemma-3-27B,Grim Trigger,104,16,0.0
gemma3_27b__vs__grim_trigger__seed104,Gemma-3-27B,Grim Trigger,104,17,0.0
gemma3_27b__vs__grim_trigger__seed104,Gemma-3-27B,Grim Trigger,104,18,0.0
gemma3_27b__vs__grim_trigger__seed104,Gemma-3-27B,Grim Trigger,104,19,0.0
gemma3_27b__vs__grim_trigger__seed104,Gemma-3-27B,Grim Trigger,104,20,0.0
gemma3_27b__vs__grim_trigger__seed104,Gemma-3-27B,Grim Trigger,104,21,0.0
gemma3_27b__vs__grim_trigger__seed104,Gemma-3-27B,Grim Trigger,104,22,0.0
gemma3_27b__vs__grim_trigger__seed104,Gemma-3-27B,Grim Trigger,104,23,0.0
gemma3_27b__vs__grim_trigger__seed104,Gemma-3-27B,Grim Trigger,104,24,0.0
gemma3_27b__vs__grim_trigger__seed104,Gemma-3-27B,Grim Trigger,104,25,0.0
gemma3_27b__vs__grim_trigger__seed104,Gemma-3-27B,Grim Trigger,104,26,0.0
gemma3_27b__vs__grim_trigger__seed104,Gemma-3-27B,Grim Trigger,104,27,0.0
gemma3_27b__vs__grim_trigger__seed104,Gemma-3-27B,Grim Trigger,104,28,0.0
gemma3_27b__vs__grim_trigger__seed104,Gemma-3-27B,Grim Trigger,104,29,0.0
gemma3_27b__vs__grim_trigger__seed104,Gemma-3-27B,Grim Trigger,104,30,0.0
gemma3_27b__vs__grim_trigger__seed104,Gemma-3-27B,Grim Trigger,104,31,0.0
gemma3_27b__vs__grim_trigger__seed104,Gemma-3-27B,Grim Trigger,104,32,0.0
gemma3_27b__vs__grim_trigger__seed104,Gemma-3-27B,Grim Trigger,104,33,0.0
gemma3_27b__vs__grim_trigger__seed104,Gemma-3-27B,Grim Trigger,104,34,0.0
gemma3_27b__vs__grim_trigger__seed104,Gemma-3-27B,Grim Trigger,104,35,0.0
gemma3_27b__vs__grim_trigger__seed104,Gemma-3-27B,Grim Trigger,104,36,0.0
gemma3_27b__vs__grim_trigger__seed104,Gemma-3-27B,Grim Trigger,104,37,0.0
gemma3_27b__vs__grim_trigger__seed104,Gemma-3-27B,Grim Trigger,104,38,0.0
gemma3_27b__vs__grim_trigger__seed104,Gemma-3-27B,Grim Trigger,104,39,0.0
gemma3_27b__vs__grim_trigger__seed104,Gemma-3-27B,Grim Trigger,104,40,0.0
gemma3_27b__vs__grim_trigger__seed104,Gemma-3-27B,Grim Trigger,104,41,0.0
gemma3_27b__vs__grim_trigger__seed104,Gemma-3-27B,Grim Trigger,104,42,0.0
gemma3_27b__vs__grim_trigger__seed104,Gemma-3-27B,Grim Trigger,104,43,0.0
gemma3_27b__vs__grim_trigger__seed104,Gemma-3-27B,Grim Trigger,104,44,0.0
gemma3_27b__vs__grim_trigger__seed104,Gemma-3-27B,Grim Trigger,104,45,0.0
gemma3_27b__vs__grim_trigger__seed104,Gemma-3-27B,Grim Trigger,104,46,0.0
gemma3_27b__vs__grim_trigger__seed104,Gemma-3-27B,Grim Trigger,104,47,0.0
gemma3_27b__vs__grim_trigger__seed104,Gemma-3-27B,Grim Trigger,104,48,0.0
gemma3_27b__vs__grim_trigger__seed104,Gemma-3-27B,Grim Trigger,104,49,0.0
gemma3_27b__vs__grim_trigger__seed104,Gemma-3-27B,Grim Trigger,104,50,0.0
gemma3_27b__vs__grim_trigger__seed105,Gemma-3-27B,Grim Trigger,105,1,0.0
gemma3_27b__vs__grim_trigger__seed105,Gemma-3-27B,Grim Trigger,105,2,0.0
gemma3_27b__vs__grim_trigger__seed105,Gemma-3-27B,Grim Trigger,105,3,0.0
gemma3_27b__vs__grim_trigger__seed105,Gemma-3-27B,Grim Trigger,105,4,0.0
gemma3_27b__vs__grim_trigger__seed105,Gemma-3-27B,Grim Trigger,105,5,0.0
gemma3_27b__vs__grim_trigger__seed105,Gemma-3-27B,Grim Trigger,105,6,0.0
gemma3_27b__vs__grim_trigger__seed105,Gemma-3-27B,Grim Trigger,105,7,0.0
gemma3_27b__vs__grim_trigger__seed105,Gemma-3-27B,Grim Trigger,105,8,0.0
gemma3_27b__vs__grim_trigger__seed105,Gemma-3-27B,Grim Trigger,105,9,0.0
gemma3_27b__vs__grim_trigger__seed105,Gemma-3-27B,Grim Trigger,105,10,0.0
gemma3_27b__vs__grim_trigger__seed105,Gemma-3-27B,Grim Trigger,105,11,0.0
gemma3_27b__vs__grim_trigger__seed105,Gemma-3-27B,Grim Trigger,105,12,0.0
gemma3_27b__vs__grim_trigger__seed105,Gemma-3-27B,Grim Trigger,105,13,0.0
gemma3_27b__vs__grim_trigger__seed105,Gemma-3-27B,Grim Trigger,105,14,0.0
gemma3_27b__vs__grim_trigger__seed105,Gemma-3-27B,Grim Trigger,105,15,0.0
gemma3_27b__vs__grim_trigger__seed105,Gemma-3-27B,Grim Trigger,105,16,0.0
gemma3_27b__vs__grim_trigger__seed105,Gemma-3-27B,Grim Trigger,105,17,0.0
gemma3_27b__vs__grim_trigger__seed105,Gemma-3-27B,Grim Trigger,105,18,0.0
gemma3_27b__vs__grim_trigger__seed105,Gemma-3-27B,Grim Trigger,105,19,0.0
gemma3_27b__vs__grim_trigger__seed105,Gemma-3-27B,Grim Trigger,105,20,0.0
gemma3_27b__vs__grim_trigger__seed105,Gemma-3-27B,Grim Trigger,105,21,0.0
gemma3_27b__vs__grim_trigger__seed105,Gemma-3-27B,Grim Trigger,105,22,0.0
gemma3_27b__vs__grim_trigger__seed105,Gemma-3-27B,Grim Trigger,105,23,0.0
gemma3_27b__vs__grim_trigger__seed105,Gemma-3-27B,Grim Trigger,105,24,0.0
gemma3_27b__vs__grim_trigger__seed105,Gemma-3-27B,Grim Trigger,105,25,0.0
gemma3_27b__vs__grim_trigger__seed105,Gemma-3-27B,Grim Trigger,105,26,0.0
gemma3_27b__vs__grim_trigger__seed105,Gemma-3-27B,Grim Trigger,105,27,0.0
gemma3_27b__vs__grim_trigger__seed105,Gemma-3-27B,Grim Trigger,105,28,0.0
gemma3_27b__vs__grim_trigger__seed105,Gemma-3-27B,Grim Trigger,105,29,0.0
gemma3_27b__vs__grim_trigger__seed105,Gemma-3-27B,Grim Trigger,105,30,0.0
gemma3_27b__vs__grim_trigger__seed105,Gemma-3-27B,Grim Trigger,105,31,0.0
gemma3_27b__vs__grim_trigger__seed105,Gemma-3-27B,Grim Trigger,105,32,0.0
gemma3_27b__vs__grim_trigger__seed105,Gemma-3-27B,Grim Trigger,105,33,0.0
gemma3_27b__vs__grim_trigger__seed105,Gemma-3-27B,Grim Trigger,105,34,0.0
gemma3_27b__vs__grim_trigger__seed105,Gemma-3-27B,Grim Trigger,105,35,0.0
gemma3_27b__vs__grim_trigger__seed105,Gemma-3-27B,Grim Trigger,105,36,0.0
gemma3_27b__vs__grim_trigger__seed105,Gemma-3-27B,Grim Trigger,105,37,0.0
gemma3_27b__vs__grim_trigger__seed105,Gemma-3-27B,Grim Trigger,105,38,0.0
gemma3_27b__vs__grim_trigger__seed105,Gemma-3-27B,Grim Trigger,105,39,0.0
gemma3_27b__vs__grim_trigger__seed105,Gemma-3-27B,Grim Trigger,105,40,0.0
gemma3_27b__vs__grim_trigger__seed105,Gemma-3-27B,Grim Trigger,105,41,0.0
gemma3_27b__vs__grim_trigger__seed105,Gemma-3-27B,Grim Trigger,105,42,0.0
gemma3_27b__vs__grim_trigger__seed105,Gemma-3-27B,Grim Trigger,105,43,0.0
gemma3_27b__vs__grim_trigger__seed105,Gemma-3-27B,Grim Trigger,105,44,0.0
gemma3_27b__vs__grim_trigger__seed105,Gemma-3-27B,Grim Trigger,105,45,0.0
gemma3_27b__vs__grim_trigger__seed105,Gemma-3-27B,Grim Trigger,105,46,0.0
gemma3_27b__vs__grim_trigger__seed105,Gemma-3-27B,Grim Trigger,105,47,0.0
gemma3_27b__vs__grim_trigger__seed105,Gemma-3-27B,Grim Trigger,105,48,0.0
gemma3_27b__vs__grim_trigger__seed105,Gemma-3-27B,Grim Trigger,105,49,0.0
gemma3_27b__vs__grim_trigger__seed105,Gemma-3-27B,Grim Trigger,105,50,0.0
gemma3_27b__vs__random_uniform__seed101,Gemma-3-27B,Random,101,1,0.0
gemma3_27b__vs__random_uniform__seed101,Gemma-3-27B,Random,101,2,0.0
gemma3_27b__vs__random_uniform__seed101,Gemma-3-27B,Random,101,3,0.0
gemma3_27b__vs__random_uniform__seed101,Gemma-3-27B,Random,101,4,0.0
gemma3_27b__vs__random_uniform__seed101,Gemma-3-27B,Random,101,5,0.0
gemma3_27b__vs__random_uniform__seed101,Gemma-3-27B,Random,101,6,0.0
gemma3_27b__vs__random_uniform__seed101,Gemma-3-27B,Random,101,7,0.0
gemma3_27b__vs__random_uniform__seed101,Gemma-3-27B,Random,101,8,0.0
gemma3_27b__vs__random_uniform__seed101,Gemma-3-27B,Random,101,9,0.0
gemma3_27b__vs__random_uniform__seed101,Gemma-3-27B,Random,101,10,0.0
gemma3_27b__vs__random_uniform__seed101,Gemma-3-27B,Random,101,11,0.0
gemma3_27b__vs__random_uniform__seed101,Gemma-3-27B,Random,101,12,0.0
gemma3_27b__vs__random_uniform__seed101,Gemma-3-27B,Random,101,13,0.0
gemma3_27b__vs__random_uniform__seed101,Gemma-3-27B,Random,101,14,0.0
gemma3_27b__vs__random_uniform__seed101,Gemma-3-27B,Random,101,15,0.0
gemma3_27b__vs__random_uniform__seed101,Gemma-3-27B,Random,101,16,0.0
gemma3_27b__vs__random_uniform__seed101,Gemma-3-27B,Random,101,17,0.0
gemma3_27b__vs__random_uniform__seed101,Gemma-3-27B,Random,101,18,0.0
gemma3_27b__vs__random_uniform__seed101,Gemma-3-27B,Random,101,19,0.0
gemma3_27b__vs__random_uniform__seed101,Gemma-3-27B,Random,101,20,0.0
gemma3_27b__vs__random_uniform__seed101,Gemma-3-27B,Random,101,21,0.0
gemma3_27b__vs__random_uniform__seed101,Gemma-3-27B,Random,101,22,0.0
gemma3_27b__vs__random_uniform__seed101,Gemma-3-27B,Random,101,23,0.0
gemma3_27b__vs__random_uniform__seed101,Gemma-3-27B,Random,101,24,0.0
gemma3_27b__vs__random_uniform__seed101,Gemma-3-27B,Random,101,25,0.0
gemma3_27b__vs__random_uniform__seed101,Gemma-3-27B,Random,101,26,0.0
gemma3_27b__vs__random_uniform__seed101,Gemma-3-27B,Random,101,27,0.0
gemma3_27b__vs__random_uniform__seed101,Gemma-3-27B,Random,101,28,0.0
gemma3_27b__vs__random_uniform__seed101,Gemma-3-27B,Random,101,29,0.0
gemma3_27b__vs__random_uniform__seed101,Gemma-3-27B,Random,101,30,0.0
gemma3_27b__vs__random_uniform__seed101,Gemma-3-27B,Random,101,31,0.0
gemma3_27b__vs__random_uniform__seed101,Gemma-3-27B,Random,101,32,0.0
gemma3_27b__vs__random_uniform__seed101,Gemma-3-27B,Random,101,33,0.0
gemma3_27b__vs__random_uniform__seed101,Gemma-3-27B,Random,101,34,0.0
gemma3_27b__vs__random_uniform__seed101,Gemma-3-27B,Random,101,35,0.0
gemma3_27b__vs__random_uniform__seed101,Gemma-3-27B,Random,101,36,0.0
gemma3_27b__vs__random_uniform__seed101,Gemma-3-27B,Random,101,37,0.0
gemma3_27b__vs__random_uniform__seed101,Gemma-3-27B,Random,101,38,0.0
gemma3_27b__vs__random_uniform__seed101,Gemma-3-27B,Random,101,39,0.0
gemma3_27b__vs__random_uniform__seed101,Gemma-3-27B,Random,101,40,0.0
gemma3_27b__vs__random_uniform__seed101,Gemma-3-27B,Random,101,41,0.0
gemma3_27b__vs__random_uniform__seed101,Gemma-3-27B,Random,101,42,0.0
gemma3_27b__vs__random_uniform__seed101,Gemma-3-27B,Random,101,43,0.0
gemma3_27b__vs__random_uniform__seed101,Gemma-3-27B,Random,101,44,0.0
gemma3_27b__vs__random_uniform__seed101,Gemma-3-27B,Random,101,45,0.0
gemma3_27b__vs__random_uniform__seed101,Gemma-3-27B,Random,101,46,0.0
gemma3_27b__vs__random_uniform__seed101,Gemma-3-27B,Random,101,47,0.0
gemma3_27b__vs__random_uniform__seed101,Gemma-3-27B,Random,101,48,0.0
gemma3_27b__vs__random_uniform__seed101,Gemma-3-27B,Random,101,49,0.0
gemma3_27b__vs__random_uniform__seed101,Gemma-3-27B,Random,101,50,0.0
gemma3_27b__vs__random_uniform__seed102,Gemma-3-27B,Random,102,1,0.0
gemma3_27b__vs__random_uniform__seed102,Gemma-3-27B,Random,102,2,0.0
gemma3_27b__vs__random_uniform__seed102,Gemma-3-27B,Random,102,3,0.0
gemma3_27b__vs__random_uniform__seed102,Gemma-3-27B,Random,102,4,0.0
gemma3_27b__vs__random_uniform__seed102,Gemma-3-27B,Random,102,5,0.0
gemma3_27b__vs__random_uniform__seed102,Gemma-3-27B,Random,102,6,0.0
gemma3_27b__vs__random_uniform__seed102,Gemma-3-27B,Random,102,7,0.0
gemma3_27b__vs__random_uniform__seed102,Gemma-3-27B,Random,102,8,0.0
gemma3_27b__vs__random_uniform__seed102,Gemma-3-27B,Random,102,9,0.0
gemma3_27b__vs__random_uniform__seed102,Gemma-3-27B,Random,102,10,0.0
gemma3_27b__vs__random_uniform__seed102,Gemma-3-27B,Random,102,11,0.0
gemma3_27b__vs__random_uniform__seed102,Gemma-3-27B,Random,102,12,0.0
gemma3_27b__vs__random_uniform__seed102,Gemma-3-27B,Random,102,13,0.0
gemma3_27b__vs__random_uniform__seed102,Gemma-3-27B,Random,102,14,0.0
gemma3_27b__vs__random_uniform__seed102,Gemma-3-27B,Random,102,15,0.0
gemma3_27b__vs__random_uniform__seed102,Gemma-3-27B,Random,102,16,0.0
gemma3_27b__vs__random_uniform__seed102,Gemma-3-27B,Random,102,17,0.0
gemma3_27b__vs__random_uniform__seed102,Gemma-3-27B,Random,102,18,0.0
gemma3_27b__vs__random_uniform__seed102,Gemma-3-27B,Random,102,19,0.0
gemma3_27b__vs__random_uniform__seed102,Gemma-3-27B,Random,102,20,0.0
gemma3_27b__vs__random_uniform__seed102,Gemma-3-27B,Random,102,21,0.0
gemma3_27b__vs__random_uniform__seed102,Gemma-3-27B,Random,102,22,0.0
gemma3_27b__vs__random_uniform__seed102,Gemma-3-27B,Random,102,23,0.0
gemma3_27b__vs__random_uniform__seed102,Gemma-3-27B,Random,102,24,0.0
gemma3_27b__vs__random_uniform__seed102,Gemma-3-27B,Random,102,25,0.0
gemma3_27b__vs__random_uniform__seed102,Gemma-3-27B,Random,102,26,0.0
gemma3_27b__vs__random_uniform__seed102,Gemma-3-27B,Random,102,27,0.0
gemma3_27b__vs__random_uniform__seed102,Gemma-3-27B,Random,102,28,0.0
gemma3_27b__vs__random_uniform__seed102,Gemma-3-27B,Random,102,29,0.0
gemma3_27b__vs__random_uniform__seed102,Gemma-3-27B,Random,102,30,0.0
gemma3_27b__vs__random_uniform__seed102,Gemma-3-27B,Random,102,31,0.0
gemma3_27b__vs__random_uniform__seed102,Gemma-3-27B,Random,102,32,0.0
gemma3_27b__vs__random_uniform__seed102,Gemma-3-27B,Random,102,33,0.0
gemma3_27b__vs__random_uniform__seed102,Gemma-3-27B,Random,102,34,0.0
gemma3_27b__vs__random_uniform__seed102,Gemma-3-27B,Random,102,35,0.0
gemma3_27b__vs__random_uniform__seed102,Gemma-3-27B,Random,102,36,0.0
gemma3_27b__vs__random_uniform__seed102,Gemma-3-27B,Random,102,37,0.0
gemma3_27b__vs__random_uniform__seed102,Gemma-3-27B,Random,102,38,0.0
gemma3_27b__vs__random_uniform__seed102,Gemma-3-27B,Random,102,39,0.0
gemma3_27b__vs__random_uniform__seed102,Gemma-3-27B,Random,102,40,0.0
gemma3_27b__vs__random_uniform__seed102,Gemma-3-27B,Random,102,41,0.0
gemma3_27b__vs__random_uniform__seed102,Gemma-3-27B,Random,102,42,0.0
gemma3_27b__vs__random_uniform__seed102,Gemma-3-27B,Random,102,43,0.0
gemma3_27b__vs__random_uniform__seed102,Gemma-3-27B,Random,102,44,0.0
gemma3_27b__vs__random_uniform__seed102,Gemma-3-27B,Random,102,45,0.0
gemma3_27b__vs__random_uniform__seed102,Gemma-3-27B,Random,102,46,0.0
gemma3_27b__vs__random_uniform__seed102,Gemma-3-27B,Random,102,47,0.0
gemma3_27b__vs__random_uniform__seed102,Gemma-3-27B,Random,102,48,0.0
gemma3_27b__vs__random_uniform__seed102,Gemma-3-27B,Random,102,49,0.0
gemma3_27b__vs__random_uniform__seed102,Gemma-3-27B,Random,102,50,0.0
gemma3_27b__vs__random_uniform__seed103,Gemma-3-27B,Random,103,1,0.0
gemma3_27b__vs__random_uniform__seed103,Gemma-3-27B,Random,103,2,0.0
gemma3_27b__vs__random_uniform__seed103,Gemma-3-27B,Random,103,3,0.0
gemma3_27b__vs__random_uniform__seed103,Gemma-3-27B,Random,103,4,0.0
gemma3_27b__vs__random_uniform__seed103,Gemma-3-27B,Random,103,5,0.0
gemma3_27b__vs__random_uniform__seed103,Gemma-3-27B,Random,103,6,0.0
gemma3_27b__vs__random_uniform__seed103,Gemma-3-27B,Random,103,7,0.0
gemma3_27b__vs__random_uniform__seed103,Gemma-3-27B,Random,103,8,0.0
gemma3_27b__vs__random_uniform__seed103,Gemma-3-27B,Random,103,9,0.0
gemma3_27b__vs__random_uniform__seed103,Gemma-3-27B,Random,103,10,0.0
gemma3_27b__vs__random_uniform__seed103,Gemma-3-27B,Random,103,11,0.0
gemma3_27b__vs__random_uniform__seed103,Gemma-3-27B,Random,103,12,0.0
gemma3_27b__vs__random_uniform__seed103,Gemma-3-27B,Random,103,13,0.0
gemma3_27b__vs__random_uniform__seed103,Gemma-3-27B,Random,103,14,0.0
gemma3_27b__vs__random_uniform__seed103,Gemma-3-27B,Random,103,15,0.0
gemma3_27b__vs__random_uniform__seed103,Gemma-3-27B,Random,103,16,0.0
gemma3_27b__vs__random_uniform__seed103,Gemma-3-27B,Random,103,17,0.0
gemma3_27b__vs__random_uniform__seed103,Gemma-3-27B,Random,103,18,0.0
gemma3_27b__vs__random_uniform__seed103,Gemma-3-27B,Random,103,19,0.0
gemma3_27b__vs__random_uniform__seed103,Gemma-3-27B,Random,103,20,0.0
gemma3_27b__vs__random_uniform__seed103,Gemma-3-27B,Random,103,21,0.0
gemma3_27b__vs__random_uniform__seed103,Gemma-3-27B,Random,103,22,0.0
gemma3_27b__vs__random_uniform__seed103,Gemma-3-27B,Random,103,23,0.0
gemma3_27b__vs__random_uniform__seed103,Gemma-3-27B,Random,103,24,0.0
gemma3_27b__vs__random_uniform__seed103,Gemma-3-27B,Random,103,25,0.0
gemma3_27b__vs__random_uniform__seed103,Gemma-3-27B,Random,103,26,0.0
gemma3_27b__vs__random_uniform__seed103,Gemma-3-27B,Random,103,27,0.0
gemma3_27b__vs__random_uniform__seed103,Gemma-3-27B,Random,103,28,0.0
gemma3_27b__vs__random_uniform__seed103,Gemma-3-27B,Random,103,29,0.0
gemma3_27b__vs__random_uniform__seed103,Gemma-3-27B,Random,103,30,0.0
gemma3_27b__vs__random_uniform__seed103,Gemma-3-27B,Random,103,31,0.0
gemma3_27b__vs__random_uniform__seed103,Gemma-3-27B,Random,103,32,0.0
gemma3_27b__vs__random_uniform__seed103,Gemma-3-27B,Random,103,33,0.0
gemma3_27b__vs__random_uniform__seed103,Gemma-3-27B,Random,103,34,0.0
gemma3_27b__vs__random_uniform__seed103,Gemma-3-27B,Random,103,35,0.0
gemma3_27b__vs__random_uniform__seed103,Gemma-3-27B,Random,103,36,0.0
gemma3_27b__vs__random_uniform__seed103,Gemma-3-27B,Random,103,37,0.0
gemma3_27b__vs__random_uniform__seed103,Gemma-3-27B,Random,103,38,0.0
gemma3_27b__vs__random_uniform__seed103,Gemma-3-27B,Random,103,39,0.0
gemma3_27b__vs__random_uniform__seed103,Gemma-3-27B,Random,103,40,0.0
gemma3_27b__vs__random_uniform__seed103,Gemma-3-27B,Random,103,41,0.0
gemma3_27b__vs__random_uniform__seed103,Gemma-3-27B,Random,103,42,0.0
gemma3_27b__vs__random_uniform__seed103,Gemma-3-27B,Random,103,43,0.0
gemma3_27b__vs__random_uniform__seed103,Gemma-3-27B,Random,103,44,0.0
gemma3_27b__vs__random_uniform__seed103,Gemma-3-27B,Random,103,45,0.0
gemma3_27b__vs__random_uniform__seed103,Gemma-3-27B,Random,103,46,0.0
gemma3_27b__vs__random_uniform__seed103,Gemma-3-27B,Random,103,47,0.0
gemma3_27b__vs__random_uniform__seed103,Gemma-3-27B,Random,103,48,0.0
gemma3_27b__vs__random_uniform__seed103,Gemma-3-27B,Random,103,49,0.0
gemma3_27b__vs__random_uniform__seed103,Gemma-3-27B,Random,103,50,0.0
gemma3_27b__vs__random_uniform__seed104,Gemma-3-27B,Random,104,1,0.0
gemma3_27b__vs__random_uniform__seed104,Gemma-3-27B,Random,104,2,0.0
gemma3_27b__vs__random_uniform__seed104,Gemma-3-27B,Random,104,3,0.0
gemma3_27b__vs__random_uniform__seed104,Gemma-3-27B,Random,104,4,0.0
gemma3_27b__vs__random_uniform__seed104,Gemma-3-27B,Random,104,5,0.0
gemma3_27b__vs__random_uniform__seed104,Gemma-3-27B,Random,104,6,0.0
gemma3_27b__vs__random_uniform__seed104,Gemma-3-27B,Random,104,7,0.0
gemma3_27b__vs__random_uniform__seed104,Gemma-3-27B,Random,104,8,0.0
gemma3_27b__vs__random_uniform__seed104,Gemma-3-27B,Random,104,9,0.0
gemma3_27b__vs__random_uniform__seed104,Gemma-3-27B,Random,104,10,0.0
gemma3_27b__vs__random_uniform__seed104,Gemma-3-27B,Random,104,11,0.0
gemma3_27b__vs__random_uniform__seed104,Gemma-3-27B,Random,104,12,0.0
gemma3_27b__vs__random_uniform__seed104,Gemma-3-27B,Random,104,13,0.0
gemma3_27b__vs__random_uniform__seed104,Gemma-3-27B,Random,104,14,0.0
gemma3_27b__vs__random_uniform__seed104,Gemma-3-27B,Random,104,15,0.0
gemma3_27b__vs__random_uniform__seed104,Gemma-3-27B,Random,104,16,0.0
gemma3_27b__vs__random_uniform__seed104,Gemma-3-27B,Random,104,17,0.0
gemma3_27b__vs__random_uniform__seed104,Gemma-3-27B,Random,104,18,0.0
gemma3_27b__vs__random_uniform__seed104,Gemma-3-27B,Random,104,19,0.0
gemma3_27b__vs__random_uniform__seed104,Gemma-3-27B,Random,104,20,0.0
gemma3_27b__vs__random_uniform__seed104,Gemma-3-27B,Random,104,21,0.0
gemma3_27b__vs__random_uniform__seed104,Gemma-3-27B,Random,104,22,0.0
gemma3_27b__vs__random_uniform__seed104,Gemma-3-27B,Random,104,23,0.0
gemma3_27b__vs__random_uniform__seed104,Gemma-3-27B,Random,104,24,0.0
gemma3_27b__vs__random_uniform__seed104,Gemma-3-27B,Random,104,25,0.0
gemma3_27b__vs__random_uniform__seed104,Gemma-3-27B,Random,104,26,0.0
gemma3_27b__vs__random_uniform__seed104,Gemma-3-27B,Random,104,27,0.0
gemma3_27b__vs__random_uniform__seed104,Gemma-3-27B,Random,104,28,0.0
gemma3_27b__vs__random_uniform__seed104,Gemma-3-27B,Random,104,29,0.0
gemma3_27b__vs__random_uniform__seed104,Gemma-3-27B,Random,104,30,0.0
gemma3_27b__vs__random_uniform__seed104,Gemma-3-27B,Random,104,31,0.0
gemma3_27b__vs__random_uniform__seed104,Gemma-3-27B,Random,104,32,0.0
gemma3_27b__vs__random_uniform__seed104,Gemma-3-27B,Random,104,33,0.0
gemma3_27b__vs__random_uniform__seed104,Gemma-3-27B,Random,104,34,0.0
gemma3_27b__vs__random_uniform__seed104,Gemma-3-27B,Random,104,35,0.0
gemma3_27b__vs__random_uniform__seed104,Gemma-3-27B,Random,104,36,0.0
gemma3_27b__vs__random_uniform__seed104,Gemma-3-27B,Random,104,37,0.0
gemma3_27b__vs__random_uniform__seed104,Gemma-3-27B,Random,104,38,0.0
gemma3_27b__vs__random_uniform__seed104,Gemma-3-27B,Random,104,39,0.0
gemma3_27b__vs__random_uniform__seed104,Gemma-3-27B,Random,104,40,0.0
gemma3_27b__vs__random_uniform__seed104,Gemma-3-27B,Random,104,41,0.0
gemma3_27b__vs__random_uniform__seed104,Gemma-3-27B,Random,104,42,0.0
gemma3_27b__vs__random_uniform__seed104,Gemma-3-27B,Random,104,43,0.0
gemma3_27b__vs__random_uniform__seed104,Gemma-3-27B,Random,104,44,0.0
gemma3_27b__vs__random_uniform__seed104,Gemma-3-27B,Random,104,45,0.0
gemma3_27b__vs__random_uniform__seed104,Gemma-3-27B,Random,104,46,0.0
gemma3_27b__vs__random_uniform__seed104,Gemma-3-27B,Random,104,47,0.0
gemma3_27b__vs__random_uniform__seed104,Gemma-3-27B,Random,104,48,0.0
gemma3_27b__vs__random_uniform__seed104,Gemma-3-27B,Random,104,49,0.0
gemma3_27b__vs__random_uniform__seed104,Gemma-3-27B,Random,104,50,0.0
gemma3_27b__vs__random_uniform__seed105,Gemma-3-27B,Random,105,1,0.0
gemma3_27b__vs__random_uniform__seed105,Gemma-3-27B,Random,105,2,0.0
gemma3_27b__vs__random_uniform__seed105,Gemma-3-27B,Random,105,3,0.0
gemma3_27b__vs__random_uniform__seed105,Gemma-3-27B,Random,105,4,0.0
gemma3_27b__vs__random_uniform__seed105,Gemma-3-27B,Random,105,5,0.0
gemma3_27b__vs__random_uniform__seed105,Gemma-3-27B,Random,105,6,0.0
gemma3_27b__vs__random_uniform__seed105,Gemma-3-27B,Random,105,7,0.0
gemma3_27b__vs__random_uniform__seed105,Gemma-3-27B,Random,105,8,0.0
gemma3_27b__vs__random_uniform__seed105,Gemma-3-27B,Random,105,9,0.0
gemma3_27b__vs__random_uniform__seed105,Gemma-3-27B,Random,105,10,0.0
gemma3_27b__vs__random_uniform__seed105,Gemma-3-27B,Random,105,11,0.0
gemma3_27b__vs__random_uniform__seed105,Gemma-3-27B,Random,105,12,0.0
gemma3_27b__vs__random_uniform__seed105,Gemma-3-27B,Random,105,13,0.0
gemma3_27b__vs__random_uniform__seed105,Gemma-3-27B,Random,105,14,0.0
gemma3_27b__vs__random_uniform__seed105,Gemma-3-27B,Random,105,15,0.0
gemma3_27b__vs__random_uniform__seed105,Gemma-3-27B,Random,105,16,0.0
gemma3_27b__vs__random_uniform__seed105,Gemma-3-27B,Random,105,17,0.0
gemma3_27b__vs__random_uniform__seed105,Gemma-3-27B,Random,105,18,0.0
gemma3_27b__vs__random_uniform__seed105,Gemma-3-27B,Random,105,19,0.0
gemma3_27b__vs__random_uniform__seed105,Gemma-3-27B,Random,105,20,0.0
gemma3_27b__vs__random_uniform__seed105,Gemma-3-27B,Random,105,21,0.0
gemma3_27b__vs__random_uniform__seed105,Gemma-3-27B,Random,105,22,0.0
gemma3_27b__vs__random_uniform__seed105,Gemma-3-27B,Random,105,23,0.0
gemma3_27b__vs__random_uniform__seed105,Gemma-3-27B,Random,105,24,0.0
gemma3_27b__vs__random_uniform__seed105,Gemma-3-27B,Random,105,25,0.0
gemma3_27b__vs__random_uniform__seed105,Gemma-3-27B,Random,105,26,0.0
gemma3_27b__vs__random_uniform__seed105,Gemma-3-27B,Random,105,27,0.0
gemma3_27b__vs__random_uniform__seed105,Gemma-3-27B,Random,105,28,0.0
gemma3_27b__vs__random_uniform__seed105,Gemma-3-27B,Random,105,29,0.0
gemma3_27b__vs__random_uniform__seed105,Gemma-3-27B,Random,105,30,0.0
gemma3_27b__vs__random_uniform__seed105,Gemma-3-27B,Random,105,31,0.0
gemma3_27b__vs__random_uniform__seed105,Gemma-3-27B,Random,105,32,0.0
gemma3_27b__vs__random_uniform__seed105,Gemma-3-27B,Random,105,33,0.0
gemma3_27b__vs__random_uniform__seed105,Gemma-3-27B,Random,105,34,0.0
gemma3_27b__vs__random_uniform__seed105,Gemma-3-27B,Random,105,35,0.0
gemma3_27b__vs__random_uniform__seed105,Gemma-3-27B,Random,105,36,0.0
gemma3_27b__vs__random_uniform__seed105,Gemma-3-27B,Random,105,37,0.0
gemma3_27b__vs__random_uniform__seed105,Gemma-3-27B,Random,105,38,0.0
gemma3_27b__vs__random_uniform__seed105,Gemma-3-27B,Random,105,39,0.0
gemma3_27b__vs__random_uniform__seed105,Gemma-3-27B,Random,105,40,0.0
gemma3_27b__vs__random_uniform__seed105,Gemma-3-27B,Random,105,41,0.0
gemma3_27b__vs__random_uniform__seed105,Gemma-3-27B,Random,105,42,0.0
gemma3_27b__vs__random_uniform__seed105,Gemma-3-27B,Random,105,43,0.0
gemma3_27b__vs__random_uniform__seed105,Gemma-3-27B,Random,105,44,0.0
gemma3_27b__vs__random_uniform__seed105,Gemma-3-27B,Random,105,45,0.0
gemma3_27b__vs__random_uniform__seed105,Gemma-3-27B,Random,105,46,0.0
gemma3_27b__vs__random_uniform__seed105,Gemma-3-27B,Random,105,47,0.0
gemma3_27b__vs__random_uniform__seed105,Gemma-3-27B,Random,105,48,0.0
gemma3_27b__vs__random_uniform__seed105,Gemma-3-27B,Random,105,49,0.0
gemma3_27b__vs__random_uniform__seed105,Gemma-3-27B,Random,105,50,0.0
gemma3_27b__vs__wsls__seed101,Gemma-3-27B,WSLS,101,1,0.0
gemma3_27b__vs__wsls__seed101,Gemma-3-27B,WSLS,101,2,0.0
gemma3_27b__vs__wsls__seed101,Gemma-3-27B,WSLS,101,3,0.0
gemma3_27b__vs__wsls__seed101,Gemma-3-27B,WSLS,101,4,0.0
gemma3_27b__vs__wsls__seed101,Gemma-3-27B,WSLS,101,5,0.0
gemma3_27b__vs__wsls__seed101,Gemma-3-27B,WSLS,101,6,0.0
gemma3_27b__vs__wsls__seed101,Gemma-3-27B,WSLS,101,7,0.0
gemma3_27b__vs__wsls__seed101,Gemma-3-27B,WSLS,101,8,0.0
gemma3_27b__vs__wsls__seed101,Gemma-3-27B,WSLS,101,9,0.0
gemma3_27b__vs__wsls__seed101,Gemma-3-27B,WSLS,101,10,0.0
gemma3_27b__vs__wsls__seed101,Gemma-3-27B,WSLS,101,11,0.0
gemma3_27b__vs__wsls__seed101,Gemma-3-27B,WSLS,101,12,0.0
gemma3_27b__vs__wsls__seed101,Gemma-3-27B,WSLS,101,13,0.0
gemma3_27b__vs__wsls__seed101,Gemma-3-27B,WSLS,101,14,0.0
gemma3_27b__vs__wsls__seed101,Gemma-3-27B,WSLS,101,15,0.0
gemma3_27b__vs__wsls__seed101,Gemma-3-27B,WSLS,101,16,0.0
gemma3_27b__vs__wsls__seed101,Gemma-3-27B,WSLS,101,17,0.0
gemma3_27b__vs__wsls__seed101,Gemma-3-27B,WSLS,101,18,0.0
gemma3_27b__vs__wsls__seed101,Gemma-3-27B,WSLS,101,19,0.0
gemma3_27b__vs__wsls__seed101,Gemma-3-27B,WSLS,101,20,0.0
gemma3_27b__vs__wsls__seed101,Gemma-3-27B,WSLS,101,21,0.0
gemma3_27b__vs__wsls__seed101,Gemma-3-27B,WSLS,101,22,0.0
gemma3_27b__vs__wsls__seed101,Gemma-3-27B,WSLS,101,23,0.0
gemma3_27b__vs__wsls__seed101,Gemma-3-27B,WSLS,101,24,0.0
gemma3_27b__vs__wsls__seed101,Gemma-3-27B,WSLS,101,25,0.0
gemma3_27b__vs__wsls__seed101,Gemma-3-27B,WSLS,101,26,0.0
gemma3_27b__vs__wsls__seed101,Gemma-3-27B,WSLS,101,27,0.0
gemma3_27b__vs__wsls__seed101,Gemma-3-27B,WSLS,101,28,0.0
gemma3_27b__vs__wsls__seed101,Gemma-3-27B,WSLS,101,29,0.0
gemma3_27b__vs__wsls__seed101,Gemma-3-27B,WSLS,101,30,0.0
gemma3_27b__vs__wsls__seed101,Gemma-3-27B,WSLS,101,31,0.0
gemma3_27b__vs__wsls__seed101,Gemma-3-27B,WSLS,101,32,0.0
gemma3_27b__vs__wsls__seed101,Gemma-3-27B,WSLS,101,33,0.0
gemma3_27b__vs__wsls__seed101,Gemma-3-27B,WSLS,101,34,0.0
gemma3_27b__vs__wsls__seed101,Gemma-3-27B,WSLS,101,35,0.0
gemma3_27b__vs__wsls__seed101,Gemma-3-27B,WSLS,101,36,0.0
gemma3_27b__vs__wsls__seed101,Gemma-3-27B,WSLS,101,37,0.0
gemma3_27b__vs__wsls__seed101,Gemma-3-27B,WSLS,101,38,0.0
gemma3_27b__vs__wsls__seed101,Gemma-3-27B,WSLS,101,39,0.0
gemma3_27b__vs__wsls__seed101,Gemma-3-27B,WSLS,101,40,0.0
gemma3_27b__vs__wsls__seed101,Gemma-3-27B,WSLS,101,41,0.0
gemma3_27b__vs__wsls__seed101,Gemma-3-27B,WSLS,101,42,0.0
gemma3_27b__vs__wsls__seed101,Gemma-3-27B,WSLS,101,43,0.0
gemma3_27b__vs__wsls__seed101,Gemma-3-27B,WSLS,101,44,0.0
gemma3_27b__vs__wsls__seed101,Gemma-3-27B,WSLS,101,45,0.0
gemma3_27b__vs__wsls__seed101,Gemma-3-27B,WSLS,101,46,0.0
gemma3_27b__vs__wsls__seed101,Gemma-3-27B,WSLS,101,47,0.0
gemma3_27b__vs__wsls__seed101,Gemma-3-27B,WSLS,101,48,0.0
gemma3_27b__vs__wsls__seed101,Gemma-3-27B,WSLS,101,49,0.0
gemma3_27b__vs__wsls__seed101,Gemma-3-27B,WSLS,101,50,0.0
gemma3_27b__vs__wsls__seed102,Gemma-3-27B,WSLS,102,1,0.0
gemma3_27b__vs__wsls__seed102,Gemma-3-27B,WSLS,102,2,0.0
gemma3_27b__vs__wsls__seed102,Gemma-3-27B,WSLS,102,3,0.0
gemma3_27b__vs__wsls__seed102,Gemma-3-27B,WSLS,102,4,0.0
gemma3_27b__vs__wsls__seed102,Gemma-3-27B,WSLS,102,5,0.0
gemma3_27b__vs__wsls__seed102,Gemma-3-27B,WSLS,102,6,0.0
gemma3_27b__vs__wsls__seed102,Gemma-3-27B,WSLS,102,7,0.0
gemma3_27b__vs__wsls__seed102,Gemma-3-27B,WSLS,102,8,0.0
gemma3_27b__vs__wsls__seed102,Gemma-3-27B,WSLS,102,9,0.0
gemma3_27b__vs__wsls__seed102,Gemma-3-27B,WSLS,102,10,0.0
gemma3_27b__vs__wsls__seed102,Gemma-3-27B,WSLS,102,11,0.0
gemma3_27b__vs__wsls__seed102,Gemma-3-27B,WSLS,102,12,0.0
gemma3_27b__vs__wsls__seed102,Gemma-3-27B,WSLS,102,13,0.0
gemma3_27b__vs__wsls__seed102,Gemma-3-27B,WSLS,102,14,0.0
gemma3_27b__vs__wsls__seed102,Gemma-3-27B,WSLS,102,15,0.0
gemma3_27b__vs__wsls__seed102,Gemma-3-27B,WSLS,102,16,0.0
gemma3_27b__vs__wsls__seed102,Gemma-3-27B,WSLS,102,17,0.0
gemma3_27b__vs__wsls__seed102,Gemma-3-27B,WSLS,102,18,0.0
gemma3_27b__vs__wsls__seed102,Gemma-3-27B,WSLS,102,19,0.0
gemma3_27b__vs__wsls__seed102,Gemma-3-27B,WSLS,102,20,0.0
gemma3_27b__vs__wsls__seed102,Gemma-3-27B,WSLS,102,21,0.0
gemma3_27b__vs__wsls__seed102,Gemma-3-27B,WSLS,102,22,0.0
gemma3_27b__vs__wsls__seed102,Gemma-3-27B,WSLS,102,23,0.0
gemma3_27b__vs__wsls__seed102,Gemma-3-27B,WSLS,102,24,0.0
gemma3_27b__vs__wsls__seed102,Gemma-3-27B,WSLS,102,25,0.0
gemma3_27b__vs__wsls__seed102,Gemma-3-27B,WSLS,102,26,0.0
gemma3_27b__vs__wsls__seed102,Gemma-3-27B,WSLS,102,27,0.0
gemma3_27b__vs__wsls__seed102,Gemma-3-27B,WSLS,102,28,0.0
gemma3_27b__vs__wsls__seed102,Gemma-3-27B,WSLS,102,29,0.0
gemma3_27b__vs__wsls__seed102,Gemma-3-27B,WSLS,102,30,0.0
gemma3_27b__vs__wsls__seed102,Gemma-3-27B,WSLS,102,31,0.0
gemma3_27b__vs__wsls__seed102,Gemma-3-27B,WSLS,102,32,0.0
gemma3_27b__vs__wsls__seed102,Gemma-3-27B,WSLS,102,33,0.0
gemma3_27b__vs__wsls__seed102,Gemma-3-27B,WSLS,102,34,0.0
gemma3_27b__vs__wsls__seed102,Gemma-3-27B,WSLS,102,35,0.0
gemma3_27b__vs__wsls__seed102,Gemma-3-27B,WSLS,102,36,0.0
gemma3_27b__vs__wsls__seed102,Gemma-3-27B,WSLS,102,37,0.0
gemma3_27b__vs__wsls__seed102,Gemma-3-27B,WSLS,102,38,0.0
gemma3_27b__vs__wsls__seed102,Gemma-3-27B,WSLS,102,39,0.0
gemma3_27b__vs__wsls__seed102,Gemma-3-27B,WSLS,102,40,0.0
gemma3_27b__vs__wsls__seed102,Gemma-3-27B,WSLS,102,41,0.0
gemma3_27b__vs__wsls__seed102,Gemma-3-27B,WSLS,102,42,0.0
gemma3_27b__vs__wsls__seed102,Gemma-3-27B,WSLS,102,43,0.0
gemma3_27b__vs__wsls__seed102,Gemma-3-27B,WSLS,102,44,0.0
gemma3_27b__vs__wsls__seed102,Gemma-3-27B,WSLS,102,45,0.0
gemma3_27b__vs__wsls__seed102,Gemma-3-27B,WSLS,102,46,0.0
gemma3_27b__vs__wsls__seed102,Gemma-3-27B,WSLS,102,47,0.0
gemma3_27b__vs__wsls__seed102,Gemma-3-27B,WSLS,102,48,0.0
gemma3_27b__vs__wsls__seed102,Gemma-3-27B,WSLS,102,49,0.0
gemma3_27b__vs__wsls__seed102,Gemma-3-27B,WSLS,102,50,0.0
gemma3_27b__vs__wsls__seed103,Gemma-3-27B,WSLS,103,1,0.0
gemma3_27b__vs__wsls__seed103,Gemma-3-27B,WSLS,103,2,0.0
gemma3_27b__vs__wsls__seed103,Gemma-3-27B,WSLS,103,3,0.0
gemma3_27b__vs__wsls__seed103,Gemma-3-27B,WSLS,103,4,0.0
gemma3_27b__vs__wsls__seed103,Gemma-3-27B,WSLS,103,5,0.0
gemma3_27b__vs__wsls__seed103,Gemma-3-27B,WSLS,103,6,0.0
gemma3_27b__vs__wsls__seed103,Gemma-3-27B,WSLS,103,7,0.0
gemma3_27b__vs__wsls__seed103,Gemma-3-27B,WSLS,103,8,0.0
gemma3_27b__vs__wsls__seed103,Gemma-3-27B,WSLS,103,9,0.0
gemma3_27b__vs__wsls__seed103,Gemma-3-27B,WSLS,103,10,0.0
gemma3_27b__vs__wsls__seed103,Gemma-3-27B,WSLS,103,11,0.0
gemma3_27b__vs__wsls__seed103,Gemma-3-27B,WSLS,103,12,0.0
gemma3_27b__vs__wsls__seed103,Gemma-3-27B,WSLS,103,13,0.0
gemma3_27b__vs__wsls__seed103,Gemma-3-27B,WSLS,103,14,0.0
gemma3_27b__vs__wsls__seed103,Gemma-3-27B,WSLS,103,15,0.0
gemma3_27b__vs__wsls__seed103,Gemma-3-27B,WSLS,103,16,0.0
gemma3_27b__vs__wsls__seed103,Gemma-3-27B,WSLS,103,17,0.0
gemma3_27b__vs__wsls__seed103,Gemma-3-27B,WSLS,103,18,0.0
gemma3_27b__vs__wsls__seed103,Gemma-3-27B,WSLS,103,19,0.0
gemma3_27b__vs__wsls__seed103,Gemma-3-27B,WSLS,103,20,0.0
gemma3_27b__vs__wsls__seed103,Gemma-3-27B,WSLS,103,21,0.0
gemma3_27b__vs__wsls__seed103,Gemma-3-27B,WSLS,103,22,0.0
gemma3_27b__vs__wsls__seed103,Gemma-3-27B,WSLS,103,23,0.0
gemma3_27b__vs__wsls__seed103,Gemma-3-27B,WSLS,103,24,0.0
gemma3_27b__vs__wsls__seed103,Gemma-3-27B,WSLS,103,25,0.0
gemma3_27b__vs__wsls__seed103,Gemma-3-27B,WSLS,103,26,0.0
gemma3_27b__vs__wsls__seed103,Gemma-3-27B,WSLS,103,27,0.0
gemma3_27b__vs__wsls__seed103,Gemma-3-27B,WSLS,103,28,0.0
gemma3_27b__vs__wsls__seed103,Gemma-3-27B,WSLS,103,29,0.0
gemma3_27b__vs__wsls__seed103,Gemma-3-27B,WSLS,103,30,0.0
gemma3_27b__vs__wsls__seed103,Gemma-3-27B,WSLS,103,31,0.0
gemma3_27b__vs__wsls__seed103,Gemma-3-27B,WSLS,103,32,0.0
gemma3_27b__vs__wsls__seed103,Gemma-3-27B,WSLS,103,33,0.0
gemma3_27b__vs__wsls__seed103,Gemma-3-27B,WSLS,103,34,0.0
gemma3_27b__vs__wsls__seed103,Gemma-3-27B,WSLS,103,35,0.0
gemma3_27b__vs__wsls__seed103,Gemma-3-27B,WSLS,103,36,0.0
gemma3_27b__vs__wsls__seed103,Gemma-3-27B,WSLS,103,37,0.0
gemma3_27b__vs__wsls__seed103,Gemma-3-27B,WSLS,103,38,0.0
gemma3_27b__vs__wsls__seed103,Gemma-3-27B,WSLS,103,39,0.0
gemma3_27b__vs__wsls__seed103,Gemma-3-27B,WSLS,103,40,0.0
gemma3_27b__vs__wsls__seed103,Gemma-3-27B,WSLS,103,41,0.0
gemma3_27b__vs__wsls__seed103,Gemma-3-27B,WSLS,103,42,0.0
gemma3_27b__vs__wsls__seed103,Gemma-3-27B,WSLS,103,43,0.0
gemma3_27b__vs__wsls__seed103,Gemma-3-27B,WSLS,103,44,0.0
gemma3_27b__vs__wsls__seed103,Gemma-3-27B,WSLS,103,45,0.0
gemma3_27b__vs__wsls__seed103,Gemma-3-27B,WSLS,103,46,0.0
gemma3_27b__vs__wsls__seed103,Gemma-3-27B,WSLS,103,47,0.0
gemma3_27b__vs__wsls__seed103,Gemma-3-27B,WSLS,103,48,0.0
gemma3_27b__vs__wsls__seed103,Gemma-3-27B,WSLS,103,49,0.0
gemma3_27b__vs__wsls__seed103,Gemma-3-27B,WSLS,103,50,0.0
gemma3_27b__vs__wsls__seed104,Gemma-3-27B,WSLS,104,1,0.0
gemma3_27b__vs__wsls__seed104,Gemma-3-27B,WSLS,104,2,0.0
gemma3_27b__vs__wsls__seed104,Gemma-3-27B,WSLS,104,3,0.0
gemma3_27b__vs__wsls__seed104,Gemma-3-27B,WSLS,104,4,0.0
gemma3_27b__vs__wsls__seed104,Gemma-3-27B,WSLS,104,5,0.0
gemma3_27b__vs__wsls__seed104,Gemma-3-27B,WSLS,104,6,0.0
gemma3_27b__vs__wsls__seed104,Gemma-3-27B,WSLS,104,7,0.0
gemma3_27b__vs__wsls__seed104,Gemma-3-27B,WSLS,104,8,0.0
gemma3_27b__vs__wsls__seed104,Gemma-3-27B,WSLS,104,9,0.0
gemma3_27b__vs__wsls__seed104,Gemma-3-27B,WSLS,104,10,0.0
gemma3_27b__vs__wsls__seed104,Gemma-3-27B,WSLS,104,11,0.0
gemma3_27b__vs__wsls__seed104,Gemma-3-27B,WSLS,104,12,0.0
gemma3_27b__vs__wsls__seed104,Gemma-3-27B,WSLS,104,13,0.0
gemma3_27b__vs__wsls__seed104,Gemma-3-27B,WSLS,104,14,0.0
gemma3_27b__vs__wsls__seed104,Gemma-3-27B,WSLS,104,15,0.0
gemma3_27b__vs__wsls__seed104,Gemma-3-27B,WSLS,104,16,0.0
gemma3_27b__vs__wsls__seed104,Gemma-3-27B,WSLS,104,17,0.0
gemma3_27b__vs__wsls__seed104,Gemma-3-27B,WSLS,104,18,0.0
gemma3_27b__vs__wsls__seed104,Gemma-3-27B,WSLS,104,19,0.0
gemma3_27b__vs__wsls__seed104,Gemma-3-27B,WSLS,104,20,0.0
gemma3_27b__vs__wsls__seed104,Gemma-3-27B,WSLS,104,21,0.0
gemma3_27b__vs__wsls__seed104,Gemma-3-27B,WSLS,104,22,0.0
gemma3_27b__vs__wsls__seed104,Gemma-3-27B,WSLS,104,23,0.0
gemma3_27b__vs__wsls__seed104,Gemma-3-27B,WSLS,104,24,0.0
gemma3_27b__vs__wsls__seed104,Gemma-3-27B,WSLS,104,25,0.0
gemma3_27b__vs__wsls__seed104,Gemma-3-27B,WSLS,104,26,0.0
gemma3_27b__vs__wsls__seed104,Gemma-3-27B,WSLS,104,27,0.0
gemma3_27b__vs__wsls__seed104,Gemma-3-27B,WSLS,104,28,0.0
gemma3_27b__vs__wsls__seed104,Gemma-3-27B,WSLS,104,29,0.0
gemma3_27b__vs__wsls__seed104,Gemma-3-27B,WSLS,104,30,0.0
gemma3_27b__vs__wsls__seed104,Gemma-3-27B,WSLS,104,31,0.0
gemma3_27b__vs__wsls__seed104,Gemma-3-27B,WSLS,104,32,0.0
gemma3_27b__vs__wsls__seed104,Gemma-3-27B,WSLS,104,33,0.0
gemma3_27b__vs__wsls__seed104,Gemma-3-27B,WSLS,104,34,0.0
gemma3_27b__vs__wsls__seed104,Gemma-3-27B,WSLS,104,35,0.0
gemma3_27b__vs__wsls__seed104,Gemma-3-27B,WSLS,104,36,0.0
gemma3_27b__vs__wsls__seed104,Gemma-3-27B,WSLS,104,37,0.0
gemma3_27b__vs__wsls__seed104,Gemma-3-27B,WSLS,104,38,0.0
gemma3_27b__vs__wsls__seed104,Gemma-3-27B,WSLS,104,39,0.0
gemma3_27b__vs__wsls__seed104,Gemma-3-27B,WSLS,104,40,0.0
gemma3_27b__vs__wsls__seed104,Gemma-3-27B,WSLS,104,41,0.0
gemma3_27b__vs__wsls__seed104,Gemma-3-27B,WSLS,104,42,0.0
gemma3_27b__vs__wsls__seed104,Gemma-3-27B,WSLS,104,43,0.0
gemma3_27b__vs__wsls__seed104,Gemma-3-27B,WSLS,104,44,0.0
gemma3_27b__vs__wsls__seed104,Gemma-3-27B,WSLS,104,45,0.0
gemma3_27b__vs__wsls__seed104,Gemma-3-27B,WSLS,104,46,0.0
gemma3_27b__vs__wsls__seed104,Gemma-3-27B,WSLS,104,47,0.0
gemma3_27b__vs__wsls__seed104,Gemma-3-27B,WSLS,104,48,0.0
gemma3_27b__vs__wsls__seed104,Gemma-3-27B,WSLS,104,49,0.0
gemma3_27b__vs__wsls__seed104,Gemma-3-27B,WSLS,104,50,0.0
gemma3_27b__vs__wsls__seed105,Gemma-3-27B,WSLS,105,1,0.0
gemma3_27b__vs__wsls__seed105,Gemma-3-27B,WSLS,105,2,0.0
gemma3_27b__vs__wsls__seed105,Gemma-3-27B,WSLS,105,3,0.0
gemma3_27b__vs__wsls__seed105,Gemma-3-27B,WSLS,105,4,0.0
gemma3_27b__vs__wsls__seed105,Gemma-3-27B,WSLS,105,5,0.0
gemma3_27b__vs__wsls__seed105,Gemma-3-27B,WSLS,105,6,0.0
gemma3_27b__vs__wsls__seed105,Gemma-3-27B,WSLS,105,7,0.0
gemma3_27b__vs__wsls__seed105,Gemma-3-27B,WSLS,105,8,0.0
gemma3_27b__vs__wsls__seed105,Gemma-3-27B,WSLS,105,9,0.0
gemma3_27b__vs__wsls__seed105,Gemma-3-27B,WSLS,105,10,0.0
gemma3_27b__vs__wsls__seed105,Gemma-3-27B,WSLS,105,11,0.0
gemma3_27b__vs__wsls__seed105,Gemma-3-27B,WSLS,105,12,0.0
gemma3_27b__vs__wsls__seed105,Gemma-3-27B,WSLS,105,13,0.0
gemma3_27b__vs__wsls__seed105,Gemma-3-27B,WSLS,105,14,0.0
gemma3_27b__vs__wsls__seed105,Gemma-3-27B,WSLS,105,15,0.0
gemma3_27b__vs__wsls__seed105,Gemma-3-27B,WSLS,105,16,0.0
gemma3_27b__vs__wsls__seed105,Gemma-3-27B,WSLS,105,17,0.0
gemma3_27b__vs__wsls__seed105,Gemma-3-27B,WSLS,105,18,0.0
gemma3_27b__vs__wsls__seed105,Gemma-3-27B,WSLS,105,19,0.0
gemma3_27b__vs__wsls__seed105,Gemma-3-27B,WSLS,105,20,0.0
gemma3_27b__vs__wsls__seed105,Gemma-3-27B,WSLS,105,21,0.0
gemma3_27b__vs__wsls__seed105,Gemma-3-27B,WSLS,105,22,0.0
gemma3_27b__vs__wsls__seed105,Gemma-3-27B,WSLS,105,23,0.0
gemma3_27b__vs__wsls__seed105,Gemma-3-27B,WSLS,105,24,0.0
gemma3_27b__vs__wsls__seed105,Gemma-3-27B,WSLS,105,25,0.0
gemma3_27b__vs__wsls__seed105,Gemma-3-27B,WSLS,105,26,0.0
gemma3_27b__vs__wsls__seed105,Gemma-3-27B,WSLS,105,27,0.0
gemma3_27b__vs__wsls__seed105,Gemma-3-27B,WSLS,105,28,0.0
gemma3_27b__vs__wsls__seed105,Gemma-3-27B,WSLS,105,29,0.0
gemma3_27b__vs__wsls__seed105,Gemma-3-27B,WSLS,105,30,0.0
gemma3_27b__vs__wsls__seed105,Gemma-3-27B,WSLS,105,31,0.0
gemma3_27b__vs__wsls__seed105,Gemma-3-27B,WSLS,105,32,0.0
gemma3_27b__vs__wsls__seed105,Gemma-3-27B,WSLS,105,33,0.0
gemma3_27b__vs__wsls__seed105,Gemma-3-27B,WSLS,105,34,0.0
gemma3_27b__vs__wsls__seed105,Gemma-3-27B,WSLS,105,35,0.0
gemma3_27b__vs__wsls__seed105,Gemma-3-27B,WSLS,105,36,0.0
gemma3_27b__vs__wsls__seed105,Gemma-3-27B,WSLS,105,37,0.0
gemma3_27b__vs__wsls__seed105,Gemma-3-27B,WSLS,105,38,0.0
gemma3_27b__vs__wsls__seed105,Gemma-3-27B,WSLS,105,39,0.0
gemma3_27b__vs__wsls__seed105,Gemma-3-27B,WSLS,105,40,0.0
gemma3_27b__vs__wsls__seed105,Gemma-3-27B,WSLS,105,41,0.0
gemma3_27b__vs__wsls__seed105,Gemma-3-27B,WSLS,105,42,0.0
gemma3_27b__vs__wsls__seed105,Gemma-3-27B,WSLS,105,43,0.0
gemma3_27b__vs__wsls__seed105,Gemma-3-27B,WSLS,105,44,0.0
gemma3_27b__vs__wsls__seed105,Gemma-3-27B,WSLS,105,45,0.0
gemma3_27b__vs__wsls__seed105,Gemma-3-27B,WSLS,105,46,0.0
gemma3_27b__vs__wsls__seed105,Gemma-3-27B,WSLS,105,47,0.0
gemma3_27b__vs__wsls__seed105,Gemma-3-27B,WSLS,105,48,0.0
gemma3_27b__vs__wsls__seed105,Gemma-3-27B,WSLS,105,49,0.0
gemma3_27b__vs__wsls__seed105,Gemma-3-27B,WSLS,105,50,0.0
gpt_oss_20b__vs__always_cooperate__seed101,GPT-OSS-20B,Always Cooperate,101,1,0.0
gpt_oss_20b__vs__always_cooperate__seed101,GPT-OSS-20B,Always Cooperate,101,2,0.0
gpt_oss_20b__vs__always_cooperate__seed101,GPT-OSS-20B,Always Cooperate,101,3,0.0
gpt_oss_20b__vs__always_cooperate__seed101,GPT-OSS-20B,Always Cooperate,101,4,0.0
gpt_oss_20b__vs__always_cooperate__seed101,GPT-OSS-20B,Always Cooperate,101,5,0.0
gpt_oss_20b__vs__always_cooperate__seed101,GPT-OSS-20B,Always Cooperate,101,6,0.0
gpt_oss_20b__vs__always_cooperate__seed101,GPT-OSS-20B,Always Cooperate,101,7,0.0
gpt_oss_20b__vs__always_cooperate__seed101,GPT-OSS-20B,Always Cooperate,101,8,0.0
gpt_oss_20b__vs__always_cooperate__seed101,GPT-OSS-20B,Always Cooperate,101,9,0.0
gpt_oss_20b__vs__always_cooperate__seed101,GPT-OSS-20B,Always Cooperate,101,10,0.0
gpt_oss_20b__vs__always_cooperate__seed101,GPT-OSS-20B,Always Cooperate,101,11,0.0
gpt_oss_20b__vs__always_cooperate__seed101,GPT-OSS-20B,Always Cooperate,101,12,0.0
gpt_oss_20b__vs__always_cooperate__seed101,GPT-OSS-20B,Always Cooperate,101,13,0.0
gpt_oss_20b__vs__always_cooperate__seed101,GPT-OSS-20B,Always Cooperate,101,14,0.0
gpt_oss_20b__vs__always_cooperate__seed101,GPT-OSS-20B,Always Cooperate,101,15,0.0
gpt_oss_20b__vs__always_cooperate__seed101,GPT-OSS-20B,Always Cooperate,101,16,0.0
gpt_oss_20b__vs__always_cooperate__seed101,GPT-OSS-20B,Always Cooperate,101,17,0.0
gpt_oss_20b__vs__always_cooperate__seed101,GPT-OSS-20B,Always Cooperate,101,18,0.0
gpt_oss_20b__vs__always_cooperate__seed101,GPT-OSS-20B,Always Cooperate,101,19,0.0
gpt_oss_20b__vs__always_cooperate__seed101,GPT-OSS-20B,Always Cooperate,101,20,0.0
gpt_oss_20b__vs__always_cooperate__seed101,GPT-OSS-20B,Always Cooperate,101,21,0.0
gpt_oss_20b__vs__always_cooperate__seed101,GPT-OSS-20B,Always Cooperate,101,22,0.0
gpt_oss_20b__vs__always_cooperate__seed101,GPT-OSS-20B,Always Cooperate,101,23,0.0
gpt_oss_20b__vs__always_cooperate__seed101,GPT-OSS-20B,Always Cooperate,101,24,0.0
gpt_oss_20b__vs__always_cooperate__seed101,GPT-OSS-20B,Always Cooperate,101,25,0.0
gpt_oss_20b__vs__always_cooperate__seed101,GPT-OSS-20B,Always Cooperate,101,26,0.0
gpt_oss_20b__vs__always_cooperate__seed101,GPT-OSS-20B,Always Cooperate,101,27,0.0
gpt_oss_20b__vs__always_cooperate__seed101,GPT-OSS-20B,Always Cooperate,101,28,0.0
gpt_oss_20b__vs__always_cooperate__seed101,GPT-OSS-20B,Always Cooperate,101,29,0.0
gpt_oss_20b__vs__always_cooperate__seed101,GPT-OSS-20B,Always Cooperate,101,30,0.0
gpt_oss_20b__vs__always_cooperate__seed101,GPT-OSS-20B,Always Cooperate,101,31,0.0
gpt_oss_20b__vs__always_cooperate__seed101,GPT-OSS-20B,Always Cooperate,101,32,0.0
gpt_oss_20b__vs__always_cooperate__seed101,GPT-OSS-20B,Always Cooperate,101,33,0.0
gpt_oss_20b__vs__always_cooperate__seed101,GPT-OSS-20B,Always Cooperate,101,34,0.0
gpt_oss_20b__vs__always_cooperate__seed101,GPT-OSS-20B,Always Cooperate,101,35,0.0
gpt_oss_20b__vs__always_cooperate__seed101,GPT-OSS-20B,Always Cooperate,101,36,0.0
gpt_oss_20b__vs__always_cooperate__seed101,GPT-OSS-20B,Always Cooperate,101,37,0.0
gpt_oss_20b__vs__always_cooperate__seed101,GPT-OSS-20B,Always Cooperate,101,38,0.0
gpt_oss_20b__vs__always_cooperate__seed101,GPT-OSS-20B,Always Cooperate,101,39,0.0
gpt_oss_20b__vs__always_cooperate__seed101,GPT-OSS-20B,Always Cooperate,101,40,0.0
gpt_oss_20b__vs__always_cooperate__seed101,GPT-OSS-20B,Always Cooperate,101,41,0.0
gpt_oss_20b__vs__always_cooperate__seed101,GPT-OSS-20B,Always Cooperate,101,42,0.0
gpt_oss_20b__vs__always_cooperate__seed101,GPT-OSS-20B,Always Cooperate,101,43,1.0
gpt_oss_20b__vs__always_cooperate__seed101,GPT-OSS-20B,Always Cooperate,101,44,0.0
gpt_oss_20b__vs__always_cooperate__seed101,GPT-OSS-20B,Always Cooperate,101,45,0.0
gpt_oss_20b__vs__always_cooperate__seed101,GPT-OSS-20B,Always Cooperate,101,46,1.0
gpt_oss_20b__vs__always_cooperate__seed101,GPT-OSS-20B,Always Cooperate,101,47,0.0
gpt_oss_20b__vs__always_cooperate__seed101,GPT-OSS-20B,Always Cooperate,101,48,0.0
gpt_oss_20b__vs__always_cooperate__seed101,GPT-OSS-20B,Always Cooperate,101,49,0.0
gpt_oss_20b__vs__always_cooperate__seed101,GPT-OSS-20B,Always Cooperate,101,50,0.0
gpt_oss_20b__vs__always_cooperate__seed102,GPT-OSS-20B,Always Cooperate,102,1,1.0
gpt_oss_20b__vs__always_cooperate__seed102,GPT-OSS-20B,Always Cooperate,102,2,0.0
gpt_oss_20b__vs__always_cooperate__seed102,GPT-OSS-20B,Always Cooperate,102,3,1.0
gpt_oss_20b__vs__always_cooperate__seed102,GPT-OSS-20B,Always Cooperate,102,4,0.0
gpt_oss_20b__vs__always_cooperate__seed102,GPT-OSS-20B,Always Cooperate,102,5,0.0
gpt_oss_20b__vs__always_cooperate__seed102,GPT-OSS-20B,Always Cooperate,102,6,0.0
gpt_oss_20b__vs__always_cooperate__seed102,GPT-OSS-20B,Always Cooperate,102,7,0.0
gpt_oss_20b__vs__always_cooperate__seed102,GPT-OSS-20B,Always Cooperate,102,8,0.0
gpt_oss_20b__vs__always_cooperate__seed102,GPT-OSS-20B,Always Cooperate,102,9,0.0
gpt_oss_20b__vs__always_cooperate__seed102,GPT-OSS-20B,Always Cooperate,102,10,0.0
gpt_oss_20b__vs__always_cooperate__seed102,GPT-OSS-20B,Always Cooperate,102,11,1.0
gpt_oss_20b__vs__always_cooperate__seed102,GPT-OSS-20B,Always Cooperate,102,12,0.0
gpt_oss_20b__vs__always_cooperate__seed102,GPT-OSS-20B,Always Cooperate,102,13,0.0
gpt_oss_20b__vs__always_cooperate__seed102,GPT-OSS-20B,Always Cooperate,102,14,0.0
gpt_oss_20b__vs__always_cooperate__seed102,GPT-OSS-20B,Always Cooperate,102,15,0.0
gpt_oss_20b__vs__always_cooperate__seed102,GPT-OSS-20B,Always Cooperate,102,16,0.0
gpt_oss_20b__vs__always_cooperate__seed102,GPT-OSS-20B,Always Cooperate,102,17,0.0
gpt_oss_20b__vs__always_cooperate__seed102,GPT-OSS-20B,Always Cooperate,102,18,0.0
gpt_oss_20b__vs__always_cooperate__seed102,GPT-OSS-20B,Always Cooperate,102,19,0.0
gpt_oss_20b__vs__always_cooperate__seed102,GPT-OSS-20B,Always Cooperate,102,20,0.0
gpt_oss_20b__vs__always_cooperate__seed102,GPT-OSS-20B,Always Cooperate,102,21,0.0
gpt_oss_20b__vs__always_cooperate__seed102,GPT-OSS-20B,Always Cooperate,102,22,0.0
gpt_oss_20b__vs__always_cooperate__seed102,GPT-OSS-20B,Always Cooperate,102,23,0.0
gpt_oss_20b__vs__always_cooperate__seed102,GPT-OSS-20B,Always Cooperate,102,24,0.0
gpt_oss_20b__vs__always_cooperate__seed102,GPT-OSS-20B,Always Cooperate,102,25,1.0
gpt_oss_20b__vs__always_cooperate__seed102,GPT-OSS-20B,Always Cooperate,102,26,0.0
gpt_oss_20b__vs__always_cooperate__seed102,GPT-OSS-20B,Always Cooperate,102,27,0.0
gpt_oss_20b__vs__always_cooperate__seed102,GPT-OSS-20B,Always Cooperate,102,28,0.0
gpt_oss_20b__vs__always_cooperate__seed102,GPT-OSS-20B,Always Cooperate,102,29,0.0
gpt_oss_20b__vs__always_cooperate__seed102,GPT-OSS-20B,Always Cooperate,102,30,0.0
gpt_oss_20b__vs__always_cooperate__seed102,GPT-OSS-20B,Always Cooperate,102,31,0.0
gpt_oss_20b__vs__always_cooperate__seed102,GPT-OSS-20B,Always Cooperate,102,32,0.0
gpt_oss_20b__vs__always_cooperate__seed102,GPT-OSS-20B,Always Cooperate,102,33,0.0
gpt_oss_20b__vs__always_cooperate__seed102,GPT-OSS-20B,Always Cooperate,102,34,0.0
gpt_oss_20b__vs__always_cooperate__seed102,GPT-OSS-20B,Always Cooperate,102,35,0.0
gpt_oss_20b__vs__always_cooperate__seed102,GPT-OSS-20B,Always Cooperate,102,36,0.0
gpt_oss_20b__vs__always_cooperate__seed102,GPT-OSS-20B,Always Cooperate,102,37,0.0
gpt_oss_20b__vs__always_cooperate__seed102,GPT-OSS-20B,Always Cooperate,102,38,0.0
gpt_oss_20b__vs__always_cooperate__seed102,GPT-OSS-20B,Always Cooperate,102,39,1.0
gpt_oss_20b__vs__always_cooperate__seed102,GPT-OSS-20B,Always Cooperate,102,40,0.0
gpt_oss_20b__vs__always_cooperate__seed102,GPT-OSS-20B,Always Cooperate,102,41,0.0
gpt_oss_20b__vs__always_cooperate__seed102,GPT-OSS-20B,Always Cooperate,102,42,0.0
gpt_oss_20b__vs__always_cooperate__seed102,GPT-OSS-20B,Always Cooperate,102,43,0.0
gpt_oss_20b__vs__always_cooperate__seed102,GPT-OSS-20B,Always Cooperate,102,44,0.0
gpt_oss_20b__vs__always_cooperate__seed102,GPT-OSS-20B,Always Cooperate,102,45,0.0
gpt_oss_20b__vs__always_cooperate__seed102,GPT-OSS-20B,Always Cooperate,102,46,0.0
gpt_oss_20b__vs__always_cooperate__seed102,GPT-OSS-20B,Always Cooperate,102,47,0.0
gpt_oss_20b__vs__always_cooperate__seed102,GPT-OSS-20B,Always Cooperate,102,48,0.0
gpt_oss_20b__vs__always_cooperate__seed102,GPT-OSS-20B,Always Cooperate,102,49,0.0
gpt_oss_20b__vs__always_cooperate__seed102,GPT-OSS-20B,Always Cooperate,102,50,0.0
gpt_oss_20b__vs__always_cooperate__seed103,GPT-OSS-20B,Always Cooperate,103,1,0.0
gpt_oss_20b__vs__always_cooperate__seed103,GPT-OSS-20B,Always Cooperate,103,2,0.0
gpt_oss_20b__vs__always_cooperate__seed103,GPT-OSS-20B,Always Cooperate,103,3,1.0
gpt_oss_20b__vs__always_cooperate__seed103,GPT-OSS-20B,Always Cooperate,103,4,0.0
gpt_oss_20b__vs__always_cooperate__seed103,GPT-OSS-20B,Always Cooperate,103,5,0.0
gpt_oss_20b__vs__always_cooperate__seed103,GPT-OSS-20B,Always Cooperate,103,6,0.0
gpt_oss_20b__vs__always_cooperate__seed103,GPT-OSS-20B,Always Cooperate,103,7,0.0
gpt_oss_20b__vs__always_cooperate__seed103,GPT-OSS-20B,Always Cooperate,103,8,0.0
gpt_oss_20b__vs__always_cooperate__seed103,GPT-OSS-20B,Always Cooperate,103,9,0.0
gpt_oss_20b__vs__always_cooperate__seed103,GPT-OSS-20B,Always Cooperate,103,10,0.0
gpt_oss_20b__vs__always_cooperate__seed103,GPT-OSS-20B,Always Cooperate,103,11,0.0
gpt_oss_20b__vs__always_cooperate__seed103,GPT-OSS-20B,Always Cooperate,103,12,0.0
gpt_oss_20b__vs__always_cooperate__seed103,GPT-OSS-20B,Always Cooperate,103,13,0.0
gpt_oss_20b__vs__always_cooperate__seed103,GPT-OSS-20B,Always Cooperate,103,14,0.0
gpt_oss_20b__vs__always_cooperate__seed103,GPT-OSS-20B,Always Cooperate,103,15,0.0
gpt_oss_20b__vs__always_cooperate__seed103,GPT-OSS-20B,Always Cooperate,103,16,0.0
gpt_oss_20b__vs__always_cooperate__seed103,GPT-OSS-20B,Always Cooperate,103,17,0.0
gpt_oss_20b__vs__always_cooperate__seed103,GPT-OSS-20B,Always Cooperate,103,18,0.0
gpt_oss_20b__vs__always_cooperate__seed103,GPT-OSS-20B,Always Cooperate,103,19,0.0
gpt_oss_20b__vs__always_cooperate__seed103,GPT-OSS-20B,Always Cooperate,103,20,0.0
gpt_oss_20b__vs__always_cooperate__seed103,GPT-OSS-20B,Always Cooperate,103,21,0.0
gpt_oss_20b__vs__always_cooperate__seed103,GPT-OSS-20B,Always Cooperate,103,22,0.0
gpt_oss_20b__vs__always_cooperate__seed103,GPT-OSS-20B,Always Cooperate,103,23,0.0
gpt_oss_20b__vs__always_cooperate__seed103,GPT-OSS-20B,Always Cooperate,103,24,0.0
gpt_oss_20b__vs__always_cooperate__seed103,GPT-OSS-20B,Always Cooperate,103,25,0.0
gpt_oss_20b__vs__always_cooperate__seed103,GPT-OSS-20B,Always Cooperate,103,26,0.0
gpt_oss_20b__vs__always_cooperate__seed103,GPT-OSS-20B,Always Cooperate,103,27,0.0
gpt_oss_20b__vs__always_cooperate__seed103,GPT-OSS-20B,Always Cooperate,103,28,0.0
gpt_oss_20b__vs__always_cooperate__seed103,GPT-OSS-20B,Always Cooperate,103,29,0.0
gpt_oss_20b__vs__always_cooperate__seed103,GPT-OSS-20B,Always Cooperate,103,30,0.0
gpt_oss_20b__vs__always_cooperate__seed103,GPT-OSS-20B,Always Cooperate,103,31,0.0
gpt_oss_20b__vs__always_cooperate__seed103,GPT-OSS-20B,Always Cooperate,103,32,0.0
gpt_oss_20b__vs__always_cooperate__seed103,GPT-OSS-20B,Always Cooperate,103,33,0.0
gpt_oss_20b__vs__always_cooperate__seed103,GPT-OSS-20B,Always Cooperate,103,34,0.0
gpt_oss_20b__vs__always_cooperate__seed103,GPT-OSS-20B,Always Cooperate,103,35,0.0
gpt_oss_20b__vs__always_cooperate__seed103,GPT-OSS-20B,Always Cooperate,103,36,0.0
gpt_oss_20b__vs__always_cooperate__seed103,GPT-OSS-20B,Always Cooperate,103,37,0.0
gpt_oss_20b__vs__always_cooperate__seed103,GPT-OSS-20B,Always Cooperate,103,38,0.0
gpt_oss_20b__vs__always_cooperate__seed103,GPT-OSS-20B,Always Cooperate,103,39,0.0
gpt_oss_20b__vs__always_cooperate__seed103,GPT-OSS-20B,Always Cooperate,103,40,0.0
gpt_oss_20b__vs__always_cooperate__seed103,GPT-OSS-20B,Always Cooperate,103,41,0.0
gpt_oss_20b__vs__always_cooperate__seed103,GPT-OSS-20B,Always Cooperate,103,42,0.0
gpt_oss_20b__vs__always_cooperate__seed103,GPT-OSS-20B,Always Cooperate,103,43,0.0
gpt_oss_20b__vs__always_cooperate__seed103,GPT-OSS-20B,Always Cooperate,103,44,0.0
gpt_oss_20b__vs__always_cooperate__seed103,GPT-OSS-20B,Always Cooperate,103,45,0.0
gpt_oss_20b__vs__always_cooperate__seed103,GPT-OSS-20B,Always Cooperate,103,46,0.0
gpt_oss_20b__vs__always_cooperate__seed103,GPT-OSS-20B,Always Cooperate,103,47,0.0
gpt_oss_20b__vs__always_cooperate__seed103,GPT-OSS-20B,Always Cooperate,103,48,0.0
gpt_oss_20b__vs__always_cooperate__seed103,GPT-OSS-20B,Always Cooperate,103,49,0.0
gpt_oss_20b__vs__always_cooperate__seed103,GPT-OSS-20B,Always Cooperate,103,50,0.0
gpt_oss_20b__vs__always_cooperate__seed104,GPT-OSS-20B,Always Cooperate,104,1,0.0
gpt_oss_20b__vs__always_cooperate__seed104,GPT-OSS-20B,Always Cooperate,104,2,0.0
gpt_oss_20b__vs__always_cooperate__seed104,GPT-OSS-20B,Always Cooperate,104,3,0.0
gpt_oss_20b__vs__always_cooperate__seed104,GPT-OSS-20B,Always Cooperate,104,4,0.0
gpt_oss_20b__vs__always_cooperate__seed104,GPT-OSS-20B,Always Cooperate,104,5,0.0
gpt_oss_20b__vs__always_cooperate__seed104,GPT-OSS-20B,Always Cooperate,104,6,0.0
gpt_oss_20b__vs__always_cooperate__seed104,GPT-OSS-20B,Always Cooperate,104,7,0.0
gpt_oss_20b__vs__always_cooperate__seed104,GPT-OSS-20B,Always Cooperate,104,8,0.0
gpt_oss_20b__vs__always_cooperate__seed104,GPT-OSS-20B,Always Cooperate,104,9,0.0
gpt_oss_20b__vs__always_cooperate__seed104,GPT-OSS-20B,Always Cooperate,104,10,0.0
gpt_oss_20b__vs__always_cooperate__seed104,GPT-OSS-20B,Always Cooperate,104,11,0.0
gpt_oss_20b__vs__always_cooperate__seed104,GPT-OSS-20B,Always Cooperate,104,12,0.0
gpt_oss_20b__vs__always_cooperate__seed104,GPT-OSS-20B,Always Cooperate,104,13,0.0
gpt_oss_20b__vs__always_cooperate__seed104,GPT-OSS-20B,Always Cooperate,104,14,0.0
gpt_oss_20b__vs__always_cooperate__seed104,GPT-OSS-20B,Always Cooperate,104,15,0.0
gpt_oss_20b__vs__always_cooperate__seed104,GPT-OSS-20B,Always Cooperate,104,16,0.0
gpt_oss_20b__vs__always_cooperate__seed104,GPT-OSS-20B,Always Cooperate,104,17,0.0
gpt_oss_20b__vs__always_cooperate__seed104,GPT-OSS-20B,Always Cooperate,104,18,0.0
gpt_oss_20b__vs__always_cooperate__seed104,GPT-OSS-20B,Always Cooperate,104,19,0.25
gpt_oss_20b__vs__always_cooperate__seed104,GPT-OSS-20B,Always Cooperate,104,20,0.0
gpt_oss_20b__vs__always_cooperate__seed104,GPT-OSS-20B,Always Cooperate,104,21,0.0
gpt_oss_20b__vs__always_cooperate__seed104,GPT-OSS-20B,Always Cooperate,104,22,0.0
gpt_oss_20b__vs__always_cooperate__seed104,GPT-OSS-20B,Always Cooperate,104,23,0.0
gpt_oss_20b__vs__always_cooperate__seed104,GPT-OSS-20B,Always Cooperate,104,24,0.0
gpt_oss_20b__vs__always_cooperate__seed104,GPT-OSS-20B,Always Cooperate,104,25,0.25
gpt_oss_20b__vs__always_cooperate__seed104,GPT-OSS-20B,Always Cooperate,104,26,0.0
gpt_oss_20b__vs__always_cooperate__seed104,GPT-OSS-20B,Always Cooperate,104,27,0.0
gpt_oss_20b__vs__always_cooperate__seed104,GPT-OSS-20B,Always Cooperate,104,28,0.0
gpt_oss_20b__vs__always_cooperate__seed104,GPT-OSS-20B,Always Cooperate,104,29,0.0
gpt_oss_20b__vs__always_cooperate__seed104,GPT-OSS-20B,Always Cooperate,104,30,0.0
gpt_oss_20b__vs__always_cooperate__seed104,GPT-OSS-20B,Always Cooperate,104,31,0.0
gpt_oss_20b__vs__always_cooperate__seed104,GPT-OSS-20B,Always Cooperate,104,32,0.0
gpt_oss_20b__vs__always_cooperate__seed104,GPT-OSS-20B,Always Cooperate,104,33,0.0
gpt_oss_20b__vs__always_cooperate__seed104,GPT-OSS-20B,Always Cooperate,104,34,0.0
gpt_oss_20b__vs__always_cooperate__seed104,GPT-OSS-20B,Always Cooperate,104,35,0.0
gpt_oss_20b__vs__always_cooperate__seed104,GPT-OSS-20B,Always Cooperate,104,36,0.0
gpt_oss_20b__vs__always_cooperate__seed104,GPT-OSS-20B,Always Cooperate,104,37,0.0
gpt_oss_20b__vs__always_cooperate__seed104,GPT-OSS-20B,Always Cooperate,104,38,0.0
gpt_oss_20b__vs__always_cooperate__seed104,GPT-OSS-20B,Always Cooperate,104,39,0.0
gpt_oss_20b__vs__always_cooperate__seed104,GPT-OSS-20B,Always Cooperate,104,40,0.0
gpt_oss_20b__vs__always_cooperate__seed104,GPT-OSS-20B,Always Cooperate,104,41,0.0
gpt_oss_20b__vs__always_cooperate__seed104,GPT-OSS-20B,Always Cooperate,104,42,0.0
gpt_oss_20b__vs__always_cooperate__seed104,GPT-OSS-20B,Always Cooperate,104,43,0.0
gpt_oss_20b__vs__always_cooperate__seed104,GPT-OSS-20B,Always Cooperate,104,44,0.0
gpt_oss_20b__vs__always_cooperate__seed104,GPT-OSS-20B,Always Cooperate,104,45,0.0
gpt_oss_20b__vs__always_cooperate__seed104,GPT-OSS-20B,Always Cooperate,104,46,0.0
gpt_oss_20b__vs__always_cooperate__seed104,GPT-OSS-20B,Always Cooperate,104,47,0.0
gpt_oss_20b__vs__always_cooperate__seed104,GPT-OSS-20B,Always Cooperate,104,48,0.0
gpt_oss_20b__vs__always_cooperate__seed104,GPT-OSS-20B,Always Cooperate,104,49,0.0
gpt_oss_20b__vs__always_cooperate__seed104,GPT-OSS-20B,Always Cooperate,104,50,0.0
gpt_oss_20b__vs__always_cooperate__seed105,GPT-OSS-20B,Always Cooperate,105,1,0.0
gpt_oss_20b__vs__always_cooperate__seed105,GPT-OSS-20B,Always Cooperate,105,2,0.0
gpt_oss_20b__vs__always_cooperate__seed105,GPT-OSS-20B,Always Cooperate,105,3,0.0
gpt_oss_20b__vs__always_cooperate__seed105,GPT-OSS-20B,Always Cooperate,105,4,0.0
gpt_oss_20b__vs__always_cooperate__seed105,GPT-OSS-20B,Always Cooperate,105,5,0.0
gpt_oss_20b__vs__always_cooperate__seed105,GPT-OSS-20B,Always Cooperate,105,6,0.0
gpt_oss_20b__vs__always_cooperate__seed105,GPT-OSS-20B,Always Cooperate,105,7,0.0
gpt_oss_20b__vs__always_cooperate__seed105,GPT-OSS-20B,Always Cooperate,105,8,0.0
gpt_oss_20b__vs__always_cooperate__seed105,GPT-OSS-20B,Always Cooperate,105,9,0.0
gpt_oss_20b__vs__always_cooperate__seed105,GPT-OSS-20B,Always Cooperate,105,10,0.0
gpt_oss_20b__vs__always_cooperate__seed105,GPT-OSS-20B,Always Cooperate,105,11,0.0
gpt_oss_20b__vs__always_cooperate__seed105,GPT-OSS-20B,Always Cooperate,105,12,0.0
gpt_oss_20b__vs__always_cooperate__seed105,GPT-OSS-20B,Always Cooperate,105,13,0.0
gpt_oss_20b__vs__always_cooperate__seed105,GPT-OSS-20B,Always Cooperate,105,14,0.0
gpt_oss_20b__vs__always_cooperate__seed105,GPT-OSS-20B,Always Cooperate,105,15,0.0
gpt_oss_20b__vs__always_cooperate__seed105,GPT-OSS-20B,Always Cooperate,105,16,0.0
gpt_oss_20b__vs__always_cooperate__seed105,GPT-OSS-20B,Always Cooperate,105,17,0.0
gpt_oss_20b__vs__always_cooperate__seed105,GPT-OSS-20B,Always Cooperate,105,18,0.0
gpt_oss_20b__vs__always_cooperate__seed105,GPT-OSS-20B,Always Cooperate,105,19,0.0
gpt_oss_20b__vs__always_cooperate__seed105,GPT-OSS-20B,Always Cooperate,105,20,0.0
gpt_oss_20b__vs__always_cooperate__seed105,GPT-OSS-20B,Always Cooperate,105,21,0.0
gpt_oss_20b__vs__always_cooperate__seed105,GPT-OSS-20B,Always Cooperate,105,22,0.0
gpt_oss_20b__vs__always_cooperate__seed105,GPT-OSS-20B,Always Cooperate,105,23,0.0
gpt_oss_20b__vs__always_cooperate__seed105,GPT-OSS-20B,Always Cooperate,105,24,0.0
gpt_oss_20b__vs__always_cooperate__seed105,GPT-OSS-20B,Always Cooperate,105,25,0.0
gpt_oss_20b__vs__always_cooperate__seed105,GPT-OSS-20B,Always Cooperate,105,26,0.0
gpt_oss_20b__vs__always_cooperate__seed105,GPT-OSS-20B,Always Cooperate,105,27,0.0
gpt_oss_20b__vs__always_cooperate__seed105,GPT-OSS-20B,Always Cooperate,105,28,0.0
gpt_oss_20b__vs__always_cooperate__seed105,GPT-OSS-20B,Always Cooperate,105,29,0.0
gpt_oss_20b__vs__always_cooperate__seed105,GPT-OSS-20B,Always Cooperate,105,30,0.0
gpt_oss_20b__vs__always_cooperate__seed105,GPT-OSS-20B,Always Cooperate,105,31,0.0
gpt_oss_20b__vs__always_cooperate__seed105,GPT-OSS-20B,Always Cooperate,105,32,0.0
gpt_oss_20b__vs__always_cooperate__seed105,GPT-OSS-20B,Always Cooperate,105,33,0.0
gpt_oss_20b__vs__always_cooperate__seed105,GPT-OSS-20B,Always Cooperate,105,34,0.0
gpt_oss_20b__vs__always_cooperate__seed105,GPT-OSS-20B,Always Cooperate,105,35,0.0
gpt_oss_20b__vs__always_cooperate__seed105,GPT-OSS-20B,Always Cooperate,105,36,0.0
gpt_oss_20b__vs__always_cooperate__seed105,GPT-OSS-20B,Always Cooperate,105,37,0.0
gpt_oss_20b__vs__always_cooperate__seed105,GPT-OSS-20B,Always Cooperate,105,38,0.0
gpt_oss_20b__vs__always_cooperate__seed105,GPT-OSS-20B,Always Cooperate,105,39,0.0
gpt_oss_20b__vs__always_cooperate__seed105,GPT-OSS-20B,Always Cooperate,105,40,0.0
gpt_oss_20b__vs__always_cooperate__seed105,GPT-OSS-20B,Always Cooperate,105,41,0.0
gpt_oss_20b__vs__always_cooperate__seed105,GPT-OSS-20B,Always Cooperate,105,42,0.0
gpt_oss_20b__vs__always_cooperate__seed105,GPT-OSS-20B,Always Cooperate,105,43,0.0
gpt_oss_20b__vs__always_cooperate__seed105,GPT-OSS-20B,Always Cooperate,105,44,0.0
gpt_oss_20b__vs__always_cooperate__seed105,GPT-OSS-20B,Always Cooperate,105,45,0.0
gpt_oss_20b__vs__always_cooperate__seed105,GPT-OSS-20B,Always Cooperate,105,46,0.0
gpt_oss_20b__vs__always_cooperate__seed105,GPT-OSS-20B,Always Cooperate,105,47,0.0
gpt_oss_20b__vs__always_cooperate__seed105,GPT-OSS-20B,Always Cooperate,105,48,0.0
gpt_oss_20b__vs__always_cooperate__seed105,GPT-OSS-20B,Always Cooperate,105,49,0.0
gpt_oss_20b__vs__always_cooperate__seed105,GPT-OSS-20B,Always Cooperate,105,50,0.0
gpt_oss_20b__vs__always_defect__seed101,GPT-OSS-20B,Always Defect,101,1,0.0
gpt_oss_20b__vs__always_defect__seed101,GPT-OSS-20B,Always Defect,101,2,0.0
gpt_oss_20b__vs__always_defect__seed101,GPT-OSS-20B,Always Defect,101,3,0.0
gpt_oss_20b__vs__always_defect__seed101,GPT-OSS-20B,Always Defect,101,4,0.0
gpt_oss_20b__vs__always_defect__seed101,GPT-OSS-20B,Always Defect,101,5,0.0
gpt_oss_20b__vs__always_defect__seed101,GPT-OSS-20B,Always Defect,101,6,0.0
gpt_oss_20b__vs__always_defect__seed101,GPT-OSS-20B,Always Defect,101,7,0.0
gpt_oss_20b__vs__always_defect__seed101,GPT-OSS-20B,Always Defect,101,8,0.0
gpt_oss_20b__vs__always_defect__seed101,GPT-OSS-20B,Always Defect,101,9,0.0
gpt_oss_20b__vs__always_defect__seed101,GPT-OSS-20B,Always Defect,101,10,0.0
gpt_oss_20b__vs__always_defect__seed101,GPT-OSS-20B,Always Defect,101,11,0.0
gpt_oss_20b__vs__always_defect__seed101,GPT-OSS-20B,Always Defect,101,12,0.0
gpt_oss_20b__vs__always_defect__seed101,GPT-OSS-20B,Always Defect,101,13,0.0
gpt_oss_20b__vs__always_defect__seed101,GPT-OSS-20B,Always Defect,101,14,0.0
gpt_oss_20b__vs__always_defect__seed101,GPT-OSS-20B,Always Defect,101,15,0.0
gpt_oss_20b__vs__always_defect__seed101,GPT-OSS-20B,Always Defect,101,16,0.0
gpt_oss_20b__vs__always_defect__seed101,GPT-OSS-20B,Always Defect,101,17,0.0
gpt_oss_20b__vs__always_defect__seed101,GPT-OSS-20B,Always Defect,101,18,0.0
gpt_oss_20b__vs__always_defect__seed101,GPT-OSS-20B,Always Defect,101,19,0.0
gpt_oss_20b__vs__always_defect__seed101,GPT-OSS-20B,Always Defect,101,20,0.0
gpt_oss_20b__vs__always_defect__seed101,GPT-OSS-20B,Always Defect,101,21,0.0
gpt_oss_20b__vs__always_defect__seed101,GPT-OSS-20B,Always Defect,101,22,0.0
gpt_oss_20b__vs__always_defect__seed101,GPT-OSS-20B,Always Defect,101,23,0.0
gpt_oss_20b__vs__always_defect__seed101,GPT-OSS-20B,Always Defect,101,24,0.0
gpt_oss_20b__vs__always_defect__seed101,GPT-OSS-20B,Always Defect,101,25,0.0
gpt_oss_20b__vs__always_defect__seed101,GPT-OSS-20B,Always Defect,101,26,0.0
gpt_oss_20b__vs__always_defect__seed101,GPT-OSS-20B,Always Defect,101,27,0.0
gpt_oss_20b__vs__always_defect__seed101,GPT-OSS-20B,Always Defect,101,28,0.0
gpt_oss_20b__vs__always_defect__seed101,GPT-OSS-20B,Always Defect,101,29,0.0
gpt_oss_20b__vs__always_defect__seed101,GPT-OSS-20B,Always Defect,101,30,0.0
gpt_oss_20b__vs__always_defect__seed101,GPT-OSS-20B,Always Defect,101,31,0.0
gpt_oss_20b__vs__always_defect__seed101,GPT-OSS-20B,Always Defect,101,32,0.0
gpt_oss_20b__vs__always_defect__seed101,GPT-OSS-20B,Always Defect,101,33,0.0
gpt_oss_20b__vs__always_defect__seed101,GPT-OSS-20B,Always Defect,101,34,0.0
gpt_oss_20b__vs__always_defect__seed101,GPT-OSS-20B,Always Defect,101,35,0.0
gpt_oss_20b__vs__always_defect__seed101,GPT-OSS-20B,Always Defect,101,36,0.0
gpt_oss_20b__vs__always_defect__seed101,GPT-OSS-20B,Always Defect,101,37,0.0
gpt_oss_20b__vs__always_defect__seed101,GPT-OSS-20B,Always Defect,101,38,0.0
gpt_oss_20b__vs__always_defect__seed101,GPT-OSS-20B,Always Defect,101,39,0.0
gpt_oss_20b__vs__always_defect__seed101,GPT-OSS-20B,Always Defect,101,40,0.0
gpt_oss_20b__vs__always_defect__seed101,GPT-OSS-20B,Always Defect,101,41,0.0
gpt_oss_20b__vs__always_defect__seed101,GPT-OSS-20B,Always Defect,101,42,0.0
gpt_oss_20b__vs__always_defect__seed101,GPT-OSS-20B,Always Defect,101,43,0.0
gpt_oss_20b__vs__always_defect__seed101,GPT-OSS-20B,Always Defect,101,44,0.0
gpt_oss_20b__vs__always_defect__seed101,GPT-OSS-20B,Always Defect,101,45,0.0
gpt_oss_20b__vs__always_defect__seed101,GPT-OSS-20B,Always Defect,101,46,0.0
gpt_oss_20b__vs__always_defect__seed101,GPT-OSS-20B,Always Defect,101,47,0.0
gpt_oss_20b__vs__always_defect__seed101,GPT-OSS-20B,Always Defect,101,48,0.0
gpt_oss_20b__vs__always_defect__seed101,GPT-OSS-20B,Always Defect,101,49,0.0
gpt_oss_20b__vs__always_defect__seed101,GPT-OSS-20B,Always Defect,101,50,0.0
gpt_oss_20b__vs__always_defect__seed102,GPT-OSS-20B,Always Defect,102,1,0.0
gpt_oss_20b__vs__always_defect__seed102,GPT-OSS-20B,Always Defect,102,2,0.0
gpt_oss_20b__vs__always_defect__seed102,GPT-OSS-20B,Always Defect,102,3,0.0
gpt_oss_20b__vs__always_defect__seed102,GPT-OSS-20B,Always Defect,102,4,0.0
gpt_oss_20b__vs__always_defect__seed102,GPT-OSS-20B,Always Defect,102,5,0.0
gpt_oss_20b__vs__always_defect__seed102,GPT-OSS-20B,Always Defect,102,6,0.0
gpt_oss_20b__vs__always_defect__seed102,GPT-OSS-20B,Always Defect,102,7,0.0
gpt_oss_20b__vs__always_defect__seed102,GPT-OSS-20B,Always Defect,102,8,0.0
gpt_oss_20b__vs__always_defect__seed102,GPT-OSS-20B,Always Defect,102,9,0.0
gpt_oss_20b__vs__always_defect__seed102,GPT-OSS-20B,Always Defect,102,10,0.0
gpt_oss_20b__vs__always_defect__seed102,GPT-OSS-20B,Always Defect,102,11,0.0
gpt_oss_20b__vs__always_defect__seed102,GPT-OSS-20B,Always Defect,102,12,0.0
gpt_oss_20b__vs__always_defect__seed102,GPT-OSS-20B,Always Defect,102,13,0.0
gpt_oss_20b__vs__always_defect__seed102,GPT-OSS-20B,Always Defect,102,14,0.0
gpt_oss_20b__vs__always_defect__seed102,GPT-OSS-20B,Always Defect,102,15,0.0
gpt_oss_20b__vs__always_defect__seed102,GPT-OSS-20B,Always Defect,102,16,0.0
gpt_oss_20b__vs__always_defect__seed102,GPT-OSS-20B,Always Defect,102,17,0.0
gpt_oss_20b__vs__always_defect__seed102,GPT-OSS-20B,Always Defect,102,18,0.0
gpt_oss_20b__vs__always_defect__seed102,GPT-OSS-20B,Always Defect,102,19,0.0
gpt_oss_20b__vs__always_defect__seed102,GPT-OSS-20B,Always Defect,102,20,0.0
gpt_oss_20b__vs__always_defect__seed102,GPT-OSS-20B,Always Defect,102,21,0.0
gpt_oss_20b__vs__always_defect__seed102,GPT-OSS-20B,Always Defect,102,22,0.0
gpt_oss_20b__vs__always_defect__seed102,GPT-OSS-20B,Always Defect,102,23,0.0
gpt_oss_20b__vs__always_defect__seed102,GPT-OSS-20B,Always Defect,102,24,0.0
gpt_oss_20b__vs__always_defect__seed102,GPT-OSS-20B,Always Defect,102,25,0.0
gpt_oss_20b__vs__always_defect__seed102,GPT-OSS-20B,Always Defect,102,26,0.0
gpt_oss_20b__vs__always_defect__seed102,GPT-OSS-20B,Always Defect,102,27,0.0
gpt_oss_20b__vs__always_defect__seed102,GPT-OSS-20B,Always Defect,102,28,0.0
gpt_oss_20b__vs__always_defect__seed102,GPT-OSS-20B,Always Defect,102,29,0.0
gpt_oss_20b__vs__always_defect__seed102,GPT-OSS-20B,Always Defect,102,30,0.0
gpt_oss_20b__vs__always_defect__seed102,GPT-OSS-20B,Always Defect,102,31,0.0
gpt_oss_20b__vs__always_defect__seed102,GPT-OSS-20B,Always Defect,102,32,0.0
gpt_oss_20b__vs__always_defect__seed102,GPT-OSS-20B,Always Defect,102,33,0.0
gpt_oss_20b__vs__always_defect__seed102,GPT-OSS-20B,Always Defect,102,34,0.0
gpt_oss_20b__vs__always_defect__seed102,GPT-OSS-20B,Always Defect,102,35,0.0
gpt_oss_20b__vs__always_defect__seed102,GPT-OSS-20B,Always Defect,102,36,0.0
gpt_oss_20b__vs__always_defect__seed102,GPT-OSS-20B,Always Defect,102,37,0.0
gpt_oss_20b__vs__always_defect__seed102,GPT-OSS-20B,Always Defect,102,38,0.0
gpt_oss_20b__vs__always_defect__seed102,GPT-OSS-20B,Always Defect,102,39,0.0
gpt_oss_20b__vs__always_defect__seed102,GPT-OSS-20B,Always Defect,102,40,0.0
gpt_oss_20b__vs__always_defect__seed102,GPT-OSS-20B,Always Defect,102,41,0.0
gpt_oss_20b__vs__always_defect__seed102,GPT-OSS-20B,Always Defect,102,42,0.0
gpt_oss_20b__vs__always_defect__seed102,GPT-OSS-20B,Always Defect,102,43,0.0
gpt_oss_20b__vs__always_defect__seed102,GPT-OSS-20B,Always Defect,102,44,0.0
gpt_oss_20b__vs__always_defect__seed102,GPT-OSS-20B,Always Defect,102,45,0.0
gpt_oss_20b__vs__always_defect__seed102,GPT-OSS-20B,Always Defect,102,46,0.0
gpt_oss_20b__vs__always_defect__seed102,GPT-OSS-20B,Always Defect,102,47,0.0
gpt_oss_20b__vs__always_defect__seed102,GPT-OSS-20B,Always Defect,102,48,0.0
gpt_oss_20b__vs__always_defect__seed102,GPT-OSS-20B,Always Defect,102,49,0.0
gpt_oss_20b__vs__always_defect__seed102,GPT-OSS-20B,Always Defect,102,50,0.0
gpt_oss_20b__vs__always_defect__seed103,GPT-OSS-20B,Always Defect,103,1,0.0
gpt_oss_20b__vs__always_defect__seed103,GPT-OSS-20B,Always Defect,103,2,0.0
gpt_oss_20b__vs__always_defect__seed103,GPT-OSS-20B,Always Defect,103,3,0.0
gpt_oss_20b__vs__always_defect__seed103,GPT-OSS-20B,Always Defect,103,4,0.0
gpt_oss_20b__vs__always_defect__seed103,GPT-OSS-20B,Always Defect,103,5,0.0
gpt_oss_20b__vs__always_defect__seed103,GPT-OSS-20B,Always Defect,103,6,0.0
gpt_oss_20b__vs__always_defect__seed103,GPT-OSS-20B,Always Defect,103,7,0.0
gpt_oss_20b__vs__always_defect__seed103,GPT-OSS-20B,Always Defect,103,8,0.0
gpt_oss_20b__vs__always_defect__seed103,GPT-OSS-20B,Always Defect,103,9,0.0
gpt_oss_20b__vs__always_defect__seed103,GPT-OSS-20B,Always Defect,103,10,0.0
gpt_oss_20b__vs__always_defect__seed103,GPT-OSS-20B,Always Defect,103,11,0.0
gpt_oss_20b__vs__always_defect__seed103,GPT-OSS-20B,Always Defect,103,12,0.0
gpt_oss_20b__vs__always_defect__seed103,GPT-OSS-20B,Always Defect,103,13,0.0
gpt_oss_20b__vs__always_defect__seed103,GPT-OSS-20B,Always Defect,103,14,0.0
gpt_oss_20b__vs__always_defect__seed103,GPT-OSS-20B,Always Defect,103,15,0.0
gpt_oss_20b__vs__always_defect__seed103,GPT-OSS-20B,Always Defect,103,16,0.0
gpt_oss_20b__vs__always_defect__seed103,GPT-OSS-20B,Always Defect,103,17,0.0
gpt_oss_20b__vs__always_defect__seed103,GPT-OSS-20B,Always Defect,103,18,0.0
gpt_oss_20b__vs__always_defect__seed103,GPT-OSS-20B,Always Defect,103,19,0.0
gpt_oss_20b__vs__always_defect__seed103,GPT-OSS-20B,Always Defect,103,20,0.0
gpt_oss_20b__vs__always_defect__seed103,GPT-OSS-20B,Always Defect,103,21,0.0
gpt_oss_20b__vs__always_defect__seed103,GPT-OSS-20B,Always Defect,103,22,0.0
gpt_oss_20b__vs__always_defect__seed103,GPT-OSS-20B,Always Defect,103,23,0.0
gpt_oss_20b__vs__always_defect__seed103,GPT-OSS-20B,Always Defect,103,24,0.0
gpt_oss_20b__vs__always_defect__seed103,GPT-OSS-20B,Always Defect,103,25,0.0
gpt_oss_20b__vs__always_defect__seed103,GPT-OSS-20B,Always Defect,103,26,0.0
gpt_oss_20b__vs__always_defect__seed103,GPT-OSS-20B,Always Defect,103,27,0.0
gpt_oss_20b__vs__always_defect__seed103,GPT-OSS-20B,Always Defect,103,28,0.0
gpt_oss_20b__vs__always_defect__seed103,GPT-OSS-20B,Always Defect,103,29,0.0
gpt_oss_20b__vs__always_defect__seed103,GPT-OSS-20B,Always Defect,103,30,0.0
gpt_oss_20b__vs__always_defect__seed103,GPT-OSS-20B,Always Defect,103,31,0.0
gpt_oss_20b__vs__always_defect__seed103,GPT-OSS-20B,Always Defect,103,32,0.0
gpt_oss_20b__vs__always_defect__seed103,GPT-OSS-20B,Always Defect,103,33,0.0
gpt_oss_20b__vs__always_defect__seed103,GPT-OSS-20B,Always Defect,103,34,0.0
gpt_oss_20b__vs__always_defect__seed103,GPT-OSS-20B,Always Defect,103,35,0.0
gpt_oss_20b__vs__always_defect__seed103,GPT-OSS-20B,Always Defect,103,36,0.0
gpt_oss_20b__vs__always_defect__seed103,GPT-OSS-20B,Always Defect,103,37,0.0
gpt_oss_20b__vs__always_defect__seed103,GPT-OSS-20B,Always Defect,103,38,0.0
gpt_oss_20b__vs__always_defect__seed103,GPT-OSS-20B,Always Defect,103,39,0.0
gpt_oss_20b__vs__always_defect__seed103,GPT-OSS-20B,Always Defect,103,40,0.0
gpt_oss_20b__vs__always_defect__seed103,GPT-OSS-20B,Always Defect,103,41,0.0
gpt_oss_20b__vs__always_defect__seed103,GPT-OSS-20B,Always Defect,103,42,0.0
gpt_oss_20b__vs__always_defect__seed103,GPT-OSS-20B,Always Defect,103,43,0.0
gpt_oss_20b__vs__always_defect__seed103,GPT-OSS-20B,Always Defect,103,44,0.0
gpt_oss_20b__vs__always_defect__seed103,GPT-OSS-20B,Always Defect,103,45,0.0
gpt_oss_20b__vs__always_defect__seed103,GPT-OSS-20B,Always Defect,103,46,0.0
gpt_oss_20b__vs__always_defect__seed103,GPT-OSS-20B,Always Defect,103,47,0.0
gpt_oss_20b__vs__always_defect__seed103,GPT-OSS-20B,Always Defect,103,48,0.0
gpt_oss_20b__vs__always_defect__seed103,GPT-OSS-20B,Always Defect,103,49,0.0
gpt_oss_20b__vs__always_defect__seed103,GPT-OSS-20B,Always Defect,103,50,0.0
gpt_oss_20b__vs__always_defect__seed104,GPT-OSS-20B,Always Defect,104,1,0.0
gpt_oss_20b__vs__always_defect__seed104,GPT-OSS-20B,Always Defect,104,2,0.0
gpt_oss_20b__vs__always_defect__seed104,GPT-OSS-20B,Always Defect,104,3,0.0
gpt_oss_20b__vs__always_defect__seed104,GPT-OSS-20B,Always Defect,104,4,0.0
gpt_oss_20b__vs__always_defect__seed104,GPT-OSS-20B,Always Defect,104,5,0.0
gpt_oss_20b__vs__always_defect__seed104,GPT-OSS-20B,Always Defect,104,6,0.0
gpt_oss_20b__vs__always_defect__seed104,GPT-OSS-20B,Always Defect,104,7,0.0
gpt_oss_20b__vs__always_defect__seed104,GPT-OSS-20B,Always Defect,104,8,0.0
gpt_oss_20b__vs__always_defect__seed104,GPT-OSS-20B,Always Defect,104,9,0.0
gpt_oss_20b__vs__always_defect__seed104,GPT-OSS-20B,Always Defect,104,10,0.0
gpt_oss_20b__vs__always_defect__seed104,GPT-OSS-20B,Always Defect,104,11,0.0
gpt_oss_20b__vs__always_defect__seed104,GPT-OSS-20B,Always Defect,104,12,0.0
gpt_oss_20b__vs__always_defect__seed104,GPT-OSS-20B,Always Defect,104,13,0.0
gpt_oss_20b__vs__always_defect__seed104,GPT-OSS-20B,Always Defect,104,14,0.0
gpt_oss_20b__vs__always_defect__seed104,GPT-OSS-20B,Always Defect,104,15,0.0
gpt_oss_20b__vs__always_defect__seed104,GPT-OSS-20B,Always Defect,104,16,0.0
gpt_oss_20b__vs__always_defect__seed104,GPT-OSS-20B,Always Defect,104,17,0.0
gpt_oss_20b__vs__always_defect__seed104,GPT-OSS-20B,Always Defect,104,18,0.0
gpt_oss_20b__vs__always_defect__seed104,GPT-OSS-20B,Always Defect,104,19,0.0
gpt_oss_20b__vs__always_defect__seed104,GPT-OSS-20B,Always Defect,104,20,0.0
gpt_oss_20b__vs__always_defect__seed104,GPT-OSS-20B,Always Defect,104,21,0.0
gpt_oss_20b__vs__always_defect__seed104,GPT-OSS-20B,Always Defect,104,22,0.0
gpt_oss_20b__vs__always_defect__seed104,GPT-OSS-20B,Always Defect,104,23,0.0
gpt_oss_20b__vs__always_defect__seed104,GPT-OSS-20B,Always Defect,104,24,0.0
gpt_oss_20b__vs__always_defect__seed104,GPT-OSS-20B,Always Defect,104,25,0.0
gpt_oss_20b__vs__always_defect__seed104,GPT-OSS-20B,Always Defect,104,26,0.0
gpt_oss_20b__vs__always_defect__seed104,GPT-OSS-20B,Always Defect,104,27,0.0
gpt_oss_20b__vs__always_defect__seed104,GPT-OSS-20B,Always Defect,104,28,0.0
gpt_oss_20b__vs__always_defect__seed104,GPT-OSS-20B,Always Defect,104,29,0.0
gpt_oss_20b__vs__always_defect__seed104,GPT-OSS-20B,Always Defect,104,30,0.0
gpt_oss_20b__vs__always_defect__seed104,GPT-OSS-20B,Always Defect,104,31,0.0
gpt_oss_20b__vs__always_defect__seed104,GPT-OSS-20B,Always Defect,104,32,0.0
gpt_oss_20b__vs__always_defect__seed104,GPT-OSS-20B,Always Defect,104,33,0.0
gpt_oss_20b__vs__always_defect__seed104,GPT-OSS-20B,Always Defect,104,34,0.0
gpt_oss_20b__vs__always_defect__seed104,GPT-OSS-20B,Always Defect,104,35,0.0
gpt_oss_20b__vs__always_defect__seed104,GPT-OSS-20B,Always Defect,104,36,0.0
gpt_oss_20b__vs__always_defect__seed104,GPT-OSS-20B,Always Defect,104,37,0.0
gpt_oss_20b__vs__always_defect__seed104,GPT-OSS-20B,Always Defect,104,38,0.0
gpt_oss_20b__vs__always_defect__seed104,GPT-OSS-20B,Always Defect,104,39,0.0
gpt_oss_20b__vs__always_defect__seed104,GPT-OSS-20B,Always Defect,104,40,0.0
gpt_oss_20b__vs__always_defect__seed104,GPT-OSS-20B,Always Defect,104,41,0.0
gpt_oss_20b__vs__always_defect__seed104,GPT-OSS-20B,Always Defect,104,42,0.0
gpt_oss_20b__vs__always_defect__seed104,GPT-OSS-20B,Always Defect,104,43,0.0
gpt_oss_20b__vs__always_defect__seed104,GPT-OSS-20B,Always Defect,104,44,0.0
gpt_oss_20b__vs__always_defect__seed104,GPT-OSS-20B,Always Defect,104,45,0.0
gpt_oss_20b__vs__always_defect__seed104,GPT-OSS-20B,Always Defect,104,46,0.0
gpt_oss_20b__vs__always_defect__seed104,GPT-OSS-20B,Always Defect,104,47,0.0
gpt_oss_20b__vs__always_defect__seed104,GPT-OSS-20B,Always Defect,104,48,0.0
gpt_oss_20b__vs__always_defect__seed104,GPT-OSS-20B,Always Defect,104,49,0.0
gpt_oss_20b__vs__always_defect__seed104,GPT-OSS-20B,Always Defect,104,50,0.0
gpt_oss_20b__vs__always_defect__seed105,GPT-OSS-20B,Always Defect,105,1,0.0
gpt_oss_20b__vs__always_defect__seed105,GPT-OSS-20B,Always Defect,105,2,0.0
gpt_oss_20b__vs__always_defect__seed105,GPT-OSS-20B,Always Defect,105,3,0.0
gpt_oss_20b__vs__always_defect__seed105,GPT-OSS-20B,Always Defect,105,4,0.0
gpt_oss_20b__vs__always_defect__seed105,GPT-OSS-20B,Always Defect,105,5,0.0
gpt_oss_20b__vs__always_defect__seed105,GPT-OSS-20B,Always Defect,105,6,0.0
gpt_oss_20b__vs__always_defect__seed105,GPT-OSS-20B,Always Defect,105,7,0.0
gpt_oss_20b__vs__always_defect__seed105,GPT-OSS-20B,Always Defect,105,8,0.0
gpt_oss_20b__vs__always_defect__seed105,GPT-OSS-20B,Always Defect,105,9,0.0
gpt_oss_20b__vs__always_defect__seed105,GPT-OSS-20B,Always Defect,105,10,0.0
gpt_oss_20b__vs__always_defect__seed105,GPT-OSS-20B,Always Defect,105,11,0.0
gpt_oss_20b__vs__always_defect__seed105,GPT-OSS-20B,Always Defect,105,12,0.0
gpt_oss_20b__vs__always_defect__seed105,GPT-OSS-20B,Always Defect,105,13,0.0
gpt_oss_20b__vs__always_defect__seed105,GPT-OSS-20B,Always Defect,105,14,0.0
gpt_oss_20b__vs__always_defect__seed105,GPT-OSS-20B,Always Defect,105,15,0.0
gpt_oss_20b__vs__always_defect__seed105,GPT-OSS-20B,Always Defect,105,16,0.0
gpt_oss_20b__vs__always_defect__seed105,GPT-OSS-20B,Always Defect,105,17,0.0
gpt_oss_20b__vs__always_defect__seed105,GPT-OSS-20B,Always Defect,105,18,1.0
gpt_oss_20b__vs__always_defect__seed105,GPT-OSS-20B,Always Defect,105,19,0.0
gpt_oss_20b__vs__always_defect__seed105,GPT-OSS-20B,Always Defect,105,20,0.0
gpt_oss_20b__vs__always_defect__seed105,GPT-OSS-20B,Always Defect,105,21,0.0
gpt_oss_20b__vs__always_defect__seed105,GPT-OSS-20B,Always Defect,105,22,0.0
gpt_oss_20b__vs__always_defect__seed105,GPT-OSS-20B,Always Defect,105,23,0.0
gpt_oss_20b__vs__always_defect__seed105,GPT-OSS-20B,Always Defect,105,24,0.0
gpt_oss_20b__vs__always_defect__seed105,GPT-OSS-20B,Always Defect,105,25,0.0
gpt_oss_20b__vs__always_defect__seed105,GPT-OSS-20B,Always Defect,105,26,0.0
gpt_oss_20b__vs__always_defect__seed105,GPT-OSS-20B,Always Defect,105,27,0.0
gpt_oss_20b__vs__always_defect__seed105,GPT-OSS-20B,Always Defect,105,28,0.0
gpt_oss_20b__vs__always_defect__seed105,GPT-OSS-20B,Always Defect,105,29,0.0
gpt_oss_20b__vs__always_defect__seed105,GPT-OSS-20B,Always Defect,105,30,0.0
gpt_oss_20b__vs__always_defect__seed105,GPT-OSS-20B,Always Defect,105,31,0.0
gpt_oss_20b__vs__always_defect__seed105,GPT-OSS-20B,Always Defect,105,32,0.0
gpt_oss_20b__vs__always_defect__seed105,GPT-OSS-20B,Always Defect,105,33,0.0
gpt_oss_20b__vs__always_defect__seed105,GPT-OSS-20B,Always Defect,105,34,0.0
gpt_oss_20b__vs__always_defect__seed105,GPT-OSS-20B,Always Defect,105,35,0.0
gpt_oss_20b__vs__always_defect__seed105,GPT-OSS-20B,Always Defect,105,36,0.0
gpt_oss_20b__vs__always_defect__seed105,GPT-OSS-20B,Always Defect,105,37,0.0
gpt_oss_20b__vs__always_defect__seed105,GPT-OSS-20B,Always Defect,105,38,0.0
gpt_oss_20b__vs__always_defect__seed105,GPT-OSS-20B,Always Defect,105,39,0.0
gpt_oss_20b__vs__always_defect__seed105,GPT-OSS-20B,Always Defect,105,40,0.0
gpt_oss_20b__vs__always_defect__seed105,GPT-OSS-20B,Always Defect,105,41,0.0
gpt_oss_20b__vs__always_defect__seed105,GPT-OSS-20B,Always Defect,105,42,0.0
gpt_oss_20b__vs__always_defect__seed105,GPT-OSS-20B,Always Defect,105,43,0.0
gpt_oss_20b__vs__always_defect__seed105,GPT-OSS-20B,Always Defect,105,44,0.0
gpt_oss_20b__vs__always_defect__seed105,GPT-OSS-20B,Always Defect,105,45,0.0
gpt_oss_20b__vs__always_defect__seed105,GPT-OSS-20B,Always Defect,105,46,0.0
gpt_oss_20b__vs__always_defect__seed105,GPT-OSS-20B,Always Defect,105,47,0.0
gpt_oss_20b__vs__always_defect__seed105,GPT-OSS-20B,Always Defect,105,48,0.0
gpt_oss_20b__vs__always_defect__seed105,GPT-OSS-20B,Always Defect,105,49,0.0
gpt_oss_20b__vs__always_defect__seed105,GPT-OSS-20B,Always Defect,105,50,0.0
gpt_oss_20b__vs__graded_tft__seed101,GPT-OSS-20B,Graded TFT,101,1,0.0
gpt_oss_20b__vs__graded_tft__seed101,GPT-OSS-20B,Graded TFT,101,2,0.0
gpt_oss_20b__vs__graded_tft__seed101,GPT-OSS-20B,Graded TFT,101,3,0.0
gpt_oss_20b__vs__graded_tft__seed101,GPT-OSS-20B,Graded TFT,101,4,0.0
gpt_oss_20b__vs__graded_tft__seed101,GPT-OSS-20B,Graded TFT,101,5,0.0
gpt_oss_20b__vs__graded_tft__seed101,GPT-OSS-20B,Graded TFT,101,6,0.0
gpt_oss_20b__vs__graded_tft__seed101,GPT-OSS-20B,Graded TFT,101,7,0.0
gpt_oss_20b__vs__graded_tft__seed101,GPT-OSS-20B,Graded TFT,101,8,0.0
gpt_oss_20b__vs__graded_tft__seed101,GPT-OSS-20B,Graded TFT,101,9,0.0
gpt_oss_20b__vs__graded_tft__seed101,GPT-OSS-20B,Graded TFT,101,10,0.0
gpt_oss_20b__vs__graded_tft__seed101,GPT-OSS-20B,Graded TFT,101,11,0.0
gpt_oss_20b__vs__graded_tft__seed101,GPT-OSS-20B,Graded TFT,101,12,0.0
gpt_oss_20b__vs__graded_tft__seed101,GPT-OSS-20B,Graded TFT,101,13,0.0
gpt_oss_20b__vs__graded_tft__seed101,GPT-OSS-20B,Graded TFT,101,14,0.0
gpt_oss_20b__vs__graded_tft__seed101,GPT-OSS-20B,Graded TFT,101,15,0.0
gpt_oss_20b__vs__graded_tft__seed101,GPT-OSS-20B,Graded TFT,101,16,0.0
gpt_oss_20b__vs__graded_tft__seed101,GPT-OSS-20B,Graded TFT,101,17,0.0
gpt_oss_20b__vs__graded_tft__seed101,GPT-OSS-20B,Graded TFT,101,18,0.0
gpt_oss_20b__vs__graded_tft__seed101,GPT-OSS-20B,Graded TFT,101,19,0.0
gpt_oss_20b__vs__graded_tft__seed101,GPT-OSS-20B,Graded TFT,101,20,0.0
gpt_oss_20b__vs__graded_tft__seed101,GPT-OSS-20B,Graded TFT,101,21,0.0
gpt_oss_20b__vs__graded_tft__seed101,GPT-OSS-20B,Graded TFT,101,22,0.0
gpt_oss_20b__vs__graded_tft__seed101,GPT-OSS-20B,Graded TFT,101,23,0.0
gpt_oss_20b__vs__graded_tft__seed101,GPT-OSS-20B,Graded TFT,101,24,0.0
gpt_oss_20b__vs__graded_tft__seed101,GPT-OSS-20B,Graded TFT,101,25,0.0
gpt_oss_20b__vs__graded_tft__seed101,GPT-OSS-20B,Graded TFT,101,26,0.0
gpt_oss_20b__vs__graded_tft__seed101,GPT-OSS-20B,Graded TFT,101,27,0.0
gpt_oss_20b__vs__graded_tft__seed101,GPT-OSS-20B,Graded TFT,101,28,0.0
gpt_oss_20b__vs__graded_tft__seed101,GPT-OSS-20B,Graded TFT,101,29,0.0
gpt_oss_20b__vs__graded_tft__seed101,GPT-OSS-20B,Graded TFT,101,30,0.0
gpt_oss_20b__vs__graded_tft__seed101,GPT-OSS-20B,Graded TFT,101,31,0.0
gpt_oss_20b__vs__graded_tft__seed101,GPT-OSS-20B,Graded TFT,101,32,0.0
gpt_oss_20b__vs__graded_tft__seed101,GPT-OSS-20B,Graded TFT,101,33,0.0
gpt_oss_20b__vs__graded_tft__seed101,GPT-OSS-20B,Graded TFT,101,34,0.0
gpt_oss_20b__vs__graded_tft__seed101,GPT-OSS-20B,Graded TFT,101,35,0.0
gpt_oss_20b__vs__graded_tft__seed101,GPT-OSS-20B,Graded TFT,101,36,0.0
gpt_oss_20b__vs__graded_tft__seed101,GPT-OSS-20B,Graded TFT,101,37,0.0
gpt_oss_20b__vs__graded_tft__seed101,GPT-OSS-20B,Graded TFT,101,38,0.0
gpt_oss_20b__vs__graded_tft__seed101,GPT-OSS-20B,Graded TFT,101,39,0.0
gpt_oss_20b__vs__graded_tft__seed101,GPT-OSS-20B,Graded TFT,101,40,0.0
gpt_oss_20b__vs__graded_tft__seed101,GPT-OSS-20B,Graded TFT,101,41,0.0
gpt_oss_20b__vs__graded_tft__seed101,GPT-OSS-20B,Graded TFT,101,42,0.0
gpt_oss_20b__vs__graded_tft__seed101,GPT-OSS-20B,Graded TFT,101,43,0.0
gpt_oss_20b__vs__graded_tft__seed101,GPT-OSS-20B,Graded TFT,101,44,0.0
gpt_oss_20b__vs__graded_tft__seed101,GPT-OSS-20B,Graded TFT,101,45,0.0
gpt_oss_20b__vs__graded_tft__seed101,GPT-OSS-20B,Graded TFT,101,46,0.0
gpt_oss_20b__vs__graded_tft__seed101,GPT-OSS-20B,Graded TFT,101,47,0.0
gpt_oss_20b__vs__graded_tft__seed101,GPT-OSS-20B,Graded TFT,101,48,0.0
gpt_oss_20b__vs__graded_tft__seed101,GPT-OSS-20B,Graded TFT,101,49,0.0
gpt_oss_20b__vs__graded_tft__seed101,GPT-OSS-20B,Graded TFT,101,50,0.0
gpt_oss_20b__vs__graded_tft__seed102,GPT-OSS-20B,Graded TFT,102,1,0.0
gpt_oss_20b__vs__graded_tft__seed102,GPT-OSS-20B,Graded TFT,102,2,0.0
gpt_oss_20b__vs__graded_tft__seed102,GPT-OSS-20B,Graded TFT,102,3,0.0
gpt_oss_20b__vs__graded_tft__seed102,GPT-OSS-20B,Graded TFT,102,4,0.25
gpt_oss_20b__vs__graded_tft__seed102,GPT-OSS-20B,Graded TFT,102,5,0.0
gpt_oss_20b__vs__graded_tft__seed102,GPT-OSS-20B,Graded TFT,102,6,0.0
gpt_oss_20b__vs__graded_tft__seed102,GPT-OSS-20B,Graded TFT,102,7,0.0
gpt_oss_20b__vs__graded_tft__seed102,GPT-OSS-20B,Graded TFT,102,8,0.0
gpt_oss_20b__vs__graded_tft__seed102,GPT-OSS-20B,Graded TFT,102,9,0.0
gpt_oss_20b__vs__graded_tft__seed102,GPT-OSS-20B,Graded TFT,102,10,0.5
gpt_oss_20b__vs__graded_tft__seed102,GPT-OSS-20B,Graded TFT,102,11,0.0
gpt_oss_20b__vs__graded_tft__seed102,GPT-OSS-20B,Graded TFT,102,12,0.0
gpt_oss_20b__vs__graded_tft__seed102,GPT-OSS-20B,Graded TFT,102,13,0.0
gpt_oss_20b__vs__graded_tft__seed102,GPT-OSS-20B,Graded TFT,102,14,0.0
gpt_oss_20b__vs__graded_tft__seed102,GPT-OSS-20B,Graded TFT,102,15,0.0
gpt_oss_20b__vs__graded_tft__seed102,GPT-OSS-20B,Graded TFT,102,16,0.0
gpt_oss_20b__vs__graded_tft__seed102,GPT-OSS-20B,Graded TFT,102,17,0.0
gpt_oss_20b__vs__graded_tft__seed102,GPT-OSS-20B,Graded TFT,102,18,0.0
gpt_oss_20b__vs__graded_tft__seed102,GPT-OSS-20B,Graded TFT,102,19,0.0
gpt_oss_20b__vs__graded_tft__seed102,GPT-OSS-20B,Graded TFT,102,20,0.0
gpt_oss_20b__vs__graded_tft__seed102,GPT-OSS-20B,Graded TFT,102,21,0.0
gpt_oss_20b__vs__graded_tft__seed102,GPT-OSS-20B,Graded TFT,102,22,0.0
gpt_oss_20b__vs__graded_tft__seed102,GPT-OSS-20B,Graded TFT,102,23,0.0
gpt_oss_20b__vs__graded_tft__seed102,GPT-OSS-20B,Graded TFT,102,24,0.0
gpt_oss_20b__vs__graded_tft__seed102,GPT-OSS-20B,Graded TFT,102,25,0.0
gpt_oss_20b__vs__graded_tft__seed102,GPT-OSS-20B,Graded TFT,102,26,0.0
gpt_oss_20b__vs__graded_tft__seed102,GPT-OSS-20B,Graded TFT,102,27,0.0
gpt_oss_20b__vs__graded_tft__seed102,GPT-OSS-20B,Graded TFT,102,28,0.0
gpt_oss_20b__vs__graded_tft__seed102,GPT-OSS-20B,Graded TFT,102,29,0.0
gpt_oss_20b__vs__graded_tft__seed102,GPT-OSS-20B,Graded TFT,102,30,0.0
gpt_oss_20b__vs__graded_tft__seed102,GPT-OSS-20B,Graded TFT,102,31,0.0
gpt_oss_20b__vs__graded_tft__seed102,GPT-OSS-20B,Graded TFT,102,32,0.0
gpt_oss_20b__vs__graded_tft__seed102,GPT-OSS-20B,Graded TFT,102,33,0.0
gpt_oss_20b__vs__graded_tft__seed102,GPT-OSS-20B,Graded TFT,102,34,0.0
gpt_oss_20b__vs__graded_tft__seed102,GPT-OSS-20B,Graded TFT,102,35,0.0
gpt_oss_20b__vs__graded_tft__seed102,GPT-OSS-20B,Graded TFT,102,36,0.0
gpt_oss_20b__vs__graded_tft__seed102,GPT-OSS-20B,Graded TFT,102,37,0.0
gpt_oss_20b__vs__graded_tft__seed102,GPT-OSS-20B,Graded TFT,102,38,0.0
gpt_oss_20b__vs__graded_tft__seed102,GPT-OSS-20B,Graded TFT,102,39,0.0
gpt_oss_20b__vs__graded_tft__seed102,GPT-OSS-20B,Graded TFT,102,40,0.0
gpt_oss_20b__vs__graded_tft__seed102,GPT-OSS-20B,Graded TFT,102,41,0.0
gpt_oss_20b__vs__graded_tft__seed102,GPT-OSS-20B,Graded TFT,102,42,0.0
gpt_oss_20b__vs__graded_tft__seed102,GPT-OSS-20B,Graded TFT,102,43,0.0
gpt_oss_20b__vs__graded_tft__seed102,GPT-OSS-20B,Graded TFT,102,44,0.0
gpt_oss_20b__vs__graded_tft__seed102,GPT-OSS-20B,Graded TFT,102,45,0.0
gpt_oss_20b__vs__graded_tft__seed102,GPT-OSS-20B,Graded TFT,102,46,0.0
gpt_oss_20b__vs__graded_tft__seed102,GPT-OSS-20B,Graded TFT,102,47,0.0
gpt_oss_20b__vs__graded_tft__seed102,GPT-OSS-20B,Graded TFT,102,48,0.0
gpt_oss_20b__vs__graded_tft__seed102,GPT-OSS-20B,Graded TFT,102,49,0.0
gpt_oss_20b__vs__graded_tft__seed102,GPT-OSS-20B,Graded TFT,102,50,0.0
gpt_oss_20b__vs__graded_tft__seed103,GPT-OSS-20B,Graded TFT,103,1,0.0
gpt_oss_20b__vs__graded_tft__seed103,GPT-OSS-20B,Graded TFT,103,2,0.0
gpt_oss_20b__vs__graded_tft__seed103,GPT-OSS-20B,Graded TFT,103,3,0.0
gpt_oss_20b__vs__graded_tft__seed103,GPT-OSS-20B,Graded TFT,103,4,0.0
gpt_oss_20b__vs__graded_tft__seed103,GPT-OSS-20B,Graded TFT,103,5,0.0
gpt_oss_20b__vs__graded_tft__seed103,GPT-OSS-20B,Graded TFT,103,6,0.0
gpt_oss_20b__vs__graded_tft__seed103,GPT-OSS-20B,Graded TFT,103,7,0.0
gpt_oss_20b__vs__graded_tft__seed103,GPT-OSS-20B,Graded TFT,103,8,0.0
gpt_oss_20b__vs__graded_tft__seed103,GPT-OSS-20B,Graded TFT,103,9,0.0
gpt_oss_20b__vs__graded_tft__seed103,GPT-OSS-20B,Graded TFT,103,10,0.0
gpt_oss_20b__vs__graded_tft__seed103,GPT-OSS-20B,Graded TFT,103,11,0.0
gpt_oss_20b__vs__graded_tft__seed103,GPT-OSS-20B,Graded TFT,103,12,0.0
gpt_oss_20b__vs__graded_tft__seed103,GPT-OSS-20B,Graded TFT,103,13,0.0
gpt_oss_20b__vs__graded_tft__seed103,GPT-OSS-20B,Graded TFT,103,14,0.0
gpt_oss_20b__vs__graded_tft__seed103,GPT-OSS-20B,Graded TFT,103,15,0.0
gpt_oss_20b__vs__graded_tft__seed103,GPT-OSS-20B,Graded TFT,103,16,0.0
gpt_oss_20b__vs__graded_tft__seed103,GPT-OSS-20B,Graded TFT,103,17,0.0
gpt_oss_20b__vs__graded_tft__seed103,GPT-OSS-20B,Graded TFT,103,18,0.0
gpt_oss_20b__vs__graded_tft__seed103,GPT-OSS-20B,Graded TFT,103,19,0.0
gpt_oss_20b__vs__graded_tft__seed103,GPT-OSS-20B,Graded TFT,103,20,0.0
gpt_oss_20b__vs__graded_tft__seed103,GPT-OSS-20B,Graded TFT,103,21,0.0
gpt_oss_20b__vs__graded_tft__seed103,GPT-OSS-20B,Graded TFT,103,22,0.0
gpt_oss_20b__vs__graded_tft__seed103,GPT-OSS-20B,Graded TFT,103,23,0.0
gpt_oss_20b__vs__graded_tft__seed103,GPT-OSS-20B,Graded TFT,103,24,0.0
gpt_oss_20b__vs__graded_tft__seed103,GPT-OSS-20B,Graded TFT,103,25,0.0
gpt_oss_20b__vs__graded_tft__seed103,GPT-OSS-20B,Graded TFT,103,26,0.0
gpt_oss_20b__vs__graded_tft__seed103,GPT-OSS-20B,Graded TFT,103,27,0.0
gpt_oss_20b__vs__graded_tft__seed103,GPT-OSS-20B,Graded TFT,103,28,0.0
gpt_oss_20b__vs__graded_tft__seed103,GPT-OSS-20B,Graded TFT,103,29,0.0
gpt_oss_20b__vs__graded_tft__seed103,GPT-OSS-20B,Graded TFT,103,30,0.0
gpt_oss_20b__vs__graded_tft__seed103,GPT-OSS-20B,Graded TFT,103,31,0.0
gpt_oss_20b__vs__graded_tft__seed103,GPT-OSS-20B,Graded TFT,103,32,0.0
gpt_oss_20b__vs__graded_tft__seed103,GPT-OSS-20B,Graded TFT,103,33,0.0
gpt_oss_20b__vs__graded_tft__seed103,GPT-OSS-20B,Graded TFT,103,34,0.0
gpt_oss_20b__vs__graded_tft__seed103,GPT-OSS-20B,Graded TFT,103,35,0.0
gpt_oss_20b__vs__graded_tft__seed103,GPT-OSS-20B,Graded TFT,103,36,0.0
gpt_oss_20b__vs__graded_tft__seed103,GPT-OSS-20B,Graded TFT,103,37,0.0
gpt_oss_20b__vs__graded_tft__seed103,GPT-OSS-20B,Graded TFT,103,38,0.0
gpt_oss_20b__vs__graded_tft__seed103,GPT-OSS-20B,Graded TFT,103,39,0.0
gpt_oss_20b__vs__graded_tft__seed103,GPT-OSS-20B,Graded TFT,103,40,0.0
gpt_oss_20b__vs__graded_tft__seed103,GPT-OSS-20B,Graded TFT,103,41,0.0
gpt_oss_20b__vs__graded_tft__seed103,GPT-OSS-20B,Graded TFT,103,42,0.0
gpt_oss_20b__vs__graded_tft__seed103,GPT-OSS-20B,Graded TFT,103,43,0.0
gpt_oss_20b__vs__graded_tft__seed103,GPT-OSS-20B,Graded TFT,103,44,0.0
gpt_oss_20b__vs__graded_tft__seed103,GPT-OSS-20B,Graded TFT,103,45,0.0
gpt_oss_20b__vs__graded_tft__seed103,GPT-OSS-20B,Graded TFT,103,46,0.0
gpt_oss_20b__vs__graded_tft__seed103,GPT-OSS-20B,Graded TFT,103,47,0.0
gpt_oss_20b__vs__graded_tft__seed103,GPT-OSS-20B,Graded TFT,103,48,0.0
gpt_oss_20b__vs__graded_tft__seed103,GPT-OSS-20B,Graded TFT,103,49,0.0
gpt_oss_20b__vs__graded_tft__seed103,GPT-OSS-20B,Graded TFT,103,50,0.0
gpt_oss_20b__vs__graded_tft__seed104,GPT-OSS-20B,Graded TFT,104,1,0.0
gpt_oss_20b__vs__graded_tft__seed104,GPT-OSS-20B,Graded TFT,104,2,0.0
gpt_oss_20b__vs__graded_tft__seed104,GPT-OSS-20B,Graded TFT,104,3,0.0
gpt_oss_20b__vs__graded_tft__seed104,GPT-OSS-20B,Graded TFT,104,4,0.0
gpt_oss_20b__vs__graded_tft__seed104,GPT-OSS-20B,Graded TFT,104,5,0.0
gpt_oss_20b__vs__graded_tft__seed104,GPT-OSS-20B,Graded TFT,104,6,0.0
gpt_oss_20b__vs__graded_tft__seed104,GPT-OSS-20B,Graded TFT,104,7,0.0
gpt_oss_20b__vs__graded_tft__seed104,GPT-OSS-20B,Graded TFT,104,8,0.0
gpt_oss_20b__vs__graded_tft__seed104,GPT-OSS-20B,Graded TFT,104,9,0.0
gpt_oss_20b__vs__graded_tft__seed104,GPT-OSS-20B,Graded TFT,104,10,0.0
gpt_oss_20b__vs__graded_tft__seed104,GPT-OSS-20B,Graded TFT,104,11,0.0
gpt_oss_20b__vs__graded_tft__seed104,GPT-OSS-20B,Graded TFT,104,12,0.0
gpt_oss_20b__vs__graded_tft__seed104,GPT-OSS-20B,Graded TFT,104,13,0.0
gpt_oss_20b__vs__graded_tft__seed104,GPT-OSS-20B,Graded TFT,104,14,0.0
gpt_oss_20b__vs__graded_tft__seed104,GPT-OSS-20B,Graded TFT,104,15,0.0
gpt_oss_20b__vs__graded_tft__seed104,GPT-OSS-20B,Graded TFT,104,16,0.0
gpt_oss_20b__vs__graded_tft__seed104,GPT-OSS-20B,Graded TFT,104,17,0.0
gpt_oss_20b__vs__graded_tft__seed104,GPT-OSS-20B,Graded TFT,104,18,0.0
gpt_oss_20b__vs__graded_tft__seed104,GPT-OSS-20B,Graded TFT,104,19,0.0
gpt_oss_20b__vs__graded_tft__seed104,GPT-OSS-20B,Graded TFT,104,20,0.0
gpt_oss_20b__vs__graded_tft__seed104,GPT-OSS-20B,Graded TFT,104,21,0.0
gpt_oss_20b__vs__graded_tft__seed104,GPT-OSS-20B,Graded TFT,104,22,0.0
gpt_oss_20b__vs__graded_tft__seed104,GPT-OSS-20B,Graded TFT,104,23,0.0
gpt_oss_20b__vs__graded_tft__seed104,GPT-OSS-20B,Graded TFT,104,24,0.0
gpt_oss_20b__vs__graded_tft__seed104,GPT-OSS-20B,Graded TFT,104,25,0.0
gpt_oss_20b__vs__graded_tft__seed104,GPT-OSS-20B,Graded TFT,104,26,0.0
gpt_oss_20b__vs__graded_tft__seed104,GPT-OSS-20B,Graded TFT,104,27,0.0
gpt_oss_20b__vs__graded_tft__seed104,GPT-OSS-20B,Graded TFT,104,28,0.0
gpt_oss_20b__vs__graded_tft__seed104,GPT-OSS-20B,Graded TFT,104,29,0.0
gpt_oss_20b__vs__graded_tft__seed104,GPT-OSS-20B,Graded TFT,104,30,0.0
gpt_oss_20b__vs__graded_tft__seed104,GPT-OSS-20B,Graded TFT,104,31,0.0
gpt_oss_20b__vs__graded_tft__seed104,GPT-OSS-20B,Graded TFT,104,32,0.0
gpt_oss_20b__vs__graded_tft__seed104,GPT-OSS-20B,Graded TFT,104,33,0.0
gpt_oss_20b__vs__graded_tft__seed104,GPT-OSS-20B,Graded TFT,104,34,0.0
gpt_oss_20b__vs__graded_tft__seed104,GPT-OSS-20B,Graded TFT,104,35,0.0
gpt_oss_20b__vs__graded_tft__seed104,GPT-OSS-20B,Graded TFT,104,36,0.0
gpt_oss_20b__vs__graded_tft__seed104,GPT-OSS-20B,Graded TFT,104,37,0.0
gpt_oss_20b__vs__graded_tft__seed104,GPT-OSS-20B,Graded TFT,104,38,0.0
gpt_oss_20b__vs__graded_tft__seed104,GPT-OSS-20B,Graded TFT,104,39,0.0
gpt_oss_20b__vs__graded_tft__seed104,GPT-OSS-20B,Graded TFT,104,40,0.0
gpt_oss_20b__vs__graded_tft__seed104,GPT-OSS-20B,Graded TFT,104,41,0.0
gpt_oss_20b__vs__graded_tft__seed104,GPT-OSS-20B,Graded TFT,104,42,0.0
gpt_oss_20b__vs__graded_tft__seed104,GPT-OSS-20B,Graded TFT,104,43,0.0
gpt_oss_20b__vs__graded_tft__seed104,GPT-OSS-20B,Graded TFT,104,44,0.0
gpt_oss_20b__vs__graded_tft__seed104,GPT-OSS-20B,Graded TFT,104,45,0.0
gpt_oss_20b__vs__graded_tft__seed104,GPT-OSS-20B,Graded TFT,104,46,0.0
gpt_oss_20b__vs__graded_tft__seed104,GPT-OSS-20B,Graded TFT,104,47,0.0
gpt_oss_20b__vs__graded_tft__seed104,GPT-OSS-20B,Graded TFT,104,48,0.0
gpt_oss_20b__vs__graded_tft__seed104,GPT-OSS-20B,Graded TFT,104,49,0.0
gpt_oss_20b__vs__graded_tft__seed104,GPT-OSS-20B,Graded TFT,104,50,0.0
gpt_oss_20b__vs__graded_tft__seed105,GPT-OSS-20B,Graded TFT,105,1,0.0
gpt_oss_20b__vs__graded_tft__seed105,GPT-OSS-20B,Graded TFT,105,2,0.0
gpt_oss_20b__vs__graded_tft__seed105,GPT-OSS-20B,Graded TFT,105,3,0.0
gpt_oss_20b__vs__graded_tft__seed105,GPT-OSS-20B,Graded TFT,105,4,0.0
gpt_oss_20b__vs__graded_tft__seed105,GPT-OSS-20B,Graded TFT,105,5,0.0
gpt_oss_20b__vs__graded_tft__seed105,GPT-OSS-20B,Graded TFT,105,6,0.0
gpt_oss_20b__vs__graded_tft__seed105,GPT-OSS-20B,Graded TFT,105,7,0.0
gpt_oss_20b__vs__graded_tft__seed105,GPT-OSS-20B,Graded TFT,105,8,0.0
gpt_oss_20b__vs__graded_tft__seed105,GPT-OSS-20B,Graded TFT,105,9,0.0
gpt_oss_20b__vs__graded_tft__seed105,GPT-OSS-20B,Graded TFT,105,10,0.0
gpt_oss_20b__vs__graded_tft__seed105,GPT-OSS-20B,Graded TFT,105,11,0.0
gpt_oss_20b__vs__graded_tft__seed105,GPT-OSS-20B,Graded TFT,105,12,0.0
gpt_oss_20b__vs__graded_tft__seed105,GPT-OSS-20B,Graded TFT,105,13,0.0
gpt_oss_20b__vs__graded_tft__seed105,GPT-OSS-20B,Graded TFT,105,14,0.0
gpt_oss_20b__vs__graded_tft__seed105,GPT-OSS-20B,Graded TFT,105,15,0.0
gpt_oss_20b__vs__graded_tft__seed105,GPT-OSS-20B,Graded TFT,105,16,0.0
gpt_oss_20b__vs__graded_tft__seed105,GPT-OSS-20B,Graded TFT,105,17,0.0
gpt_oss_20b__vs__graded_tft__seed105,GPT-OSS-20B,Graded TFT,105,18,0.0
gpt_oss_20b__vs__graded_tft__seed105,GPT-OSS-20B,Graded TFT,105,19,0.0
gpt_oss_20b__vs__graded_tft__seed105,GPT-OSS-20B,Graded TFT,105,20,0.0
gpt_oss_20b__vs__graded_tft__seed105,GPT-OSS-20B,Graded TFT,105,21,0.0
gpt_oss_20b__vs__graded_tft__seed105,GPT-OSS-20B,Graded TFT,105,22,0.0
gpt_oss_20b__vs__graded_tft__seed105,GPT-OSS-20B,Graded TFT,105,23,0.0
gpt_oss_20b__vs__graded_tft__seed105,GPT-OSS-20B,Graded TFT,105,24,0.0
gpt_oss_20b__vs__graded_tft__seed105,GPT-OSS-20B,Graded TFT,105,25,0.0
gpt_oss_20b__vs__graded_tft__seed105,GPT-OSS-20B,Graded TFT,105,26,0.0
gpt_oss_20b__vs__graded_tft__seed105,GPT-OSS-20B,Graded TFT,105,27,0.0
gpt_oss_20b__vs__graded_tft__seed105,GPT-OSS-20B,Graded TFT,105,28,0.0
gpt_oss_20b__vs__graded_tft__seed105,GPT-OSS-20B,Graded TFT,105,29,0.0
gpt_oss_20b__vs__graded_tft__seed105,GPT-OSS-20B,Graded TFT,105,30,0.0
gpt_oss_20b__vs__graded_tft__seed105,GPT-OSS-20B,Graded TFT,105,31,0.0
gpt_oss_20b__vs__graded_tft__seed105,GPT-OSS-20B,Graded TFT,105,32,0.0
gpt_oss_20b__vs__graded_tft__seed105,GPT-OSS-20B,Graded TFT,105,33,0.0
gpt_oss_20b__vs__graded_tft__seed105,GPT-OSS-20B,Graded TFT,105,34,0.0
gpt_oss_20b__vs__graded_tft__seed105,GPT-OSS-20B,Graded TFT,105,35,0.0
gpt_oss_20b__vs__graded_tft__seed105,GPT-OSS-20B,Graded TFT,105,36,0.0
gpt_oss_20b__vs__graded_tft__seed105,GPT-OSS-20B,Graded TFT,105,37,0.0
gpt_oss_20b__vs__graded_tft__seed105,GPT-OSS-20B,Graded TFT,105,38,0.0
gpt_oss_20b__vs__graded_tft__seed105,GPT-OSS-20B,Graded TFT,105,39,0.0
gpt_oss_20b__vs__graded_tft__seed105,GPT-OSS-20B,Graded TFT,105,40,0.0
gpt_oss_20b__vs__graded_tft__seed105,GPT-OSS-20B,Graded TFT,105,41,0.0
gpt_oss_20b__vs__graded_tft__seed105,GPT-OSS-20B,Graded TFT,105,42,0.0
gpt_oss_20b__vs__graded_tft__seed105,GPT-OSS-20B,Graded TFT,105,43,0.0
gpt_oss_20b__vs__graded_tft__seed105,GPT-OSS-20B,Graded TFT,105,44,0.0
gpt_oss_20b__vs__graded_tft__seed105,GPT-OSS-20B,Graded TFT,105,45,0.0
gpt_oss_20b__vs__graded_tft__seed105,GPT-OSS-20B,Graded TFT,105,46,0.0
gpt_oss_20b__vs__graded_tft__seed105,GPT-OSS-20B,Graded TFT,105,47,0.0
gpt_oss_20b__vs__graded_tft__seed105,GPT-OSS-20B,Graded TFT,105,48,0.0
gpt_oss_20b__vs__graded_tft__seed105,GPT-OSS-20B,Graded TFT,105,49,0.0
gpt_oss_20b__vs__graded_tft__seed105,GPT-OSS-20B,Graded TFT,105,50,0.0
gpt_oss_20b__vs__grim_trigger__seed101,GPT-OSS-20B,Grim Trigger,101,1,0.0
gpt_oss_20b__vs__grim_trigger__seed101,GPT-OSS-20B,Grim Trigger,101,2,0.0
gpt_oss_20b__vs__grim_trigger__seed101,GPT-OSS-20B,Grim Trigger,101,3,0.0
gpt_oss_20b__vs__grim_trigger__seed101,GPT-OSS-20B,Grim Trigger,101,4,0.0
gpt_oss_20b__vs__grim_trigger__seed101,GPT-OSS-20B,Grim Trigger,101,5,0.0
gpt_oss_20b__vs__grim_trigger__seed101,GPT-OSS-20B,Grim Trigger,101,6,0.0
gpt_oss_20b__vs__grim_trigger__seed101,GPT-OSS-20B,Grim Trigger,101,7,0.0
gpt_oss_20b__vs__grim_trigger__seed101,GPT-OSS-20B,Grim Trigger,101,8,0.0
gpt_oss_20b__vs__grim_trigger__seed101,GPT-OSS-20B,Grim Trigger,101,9,0.0
gpt_oss_20b__vs__grim_trigger__seed101,GPT-OSS-20B,Grim Trigger,101,10,0.0
gpt_oss_20b__vs__grim_trigger__seed101,GPT-OSS-20B,Grim Trigger,101,11,0.0
gpt_oss_20b__vs__grim_trigger__seed101,GPT-OSS-20B,Grim Trigger,101,12,0.0
gpt_oss_20b__vs__grim_trigger__seed101,GPT-OSS-20B,Grim Trigger,101,13,0.0
gpt_oss_20b__vs__grim_trigger__seed101,GPT-OSS-20B,Grim Trigger,101,14,0.0
gpt_oss_20b__vs__grim_trigger__seed101,GPT-OSS-20B,Grim Trigger,101,15,0.0
gpt_oss_20b__vs__grim_trigger__seed101,GPT-OSS-20B,Grim Trigger,101,16,0.0
gpt_oss_20b__vs__grim_trigger__seed101,GPT-OSS-20B,Grim Trigger,101,17,0.0
gpt_oss_20b__vs__grim_trigger__seed101,GPT-OSS-20B,Grim Trigger,101,18,0.0
gpt_oss_20b__vs__grim_trigger__seed101,GPT-OSS-20B,Grim Trigger,101,19,0.0
gpt_oss_20b__vs__grim_trigger__seed101,GPT-OSS-20B,Grim Trigger,101,20,0.0
gpt_oss_20b__vs__grim_trigger__seed101,GPT-OSS-20B,Grim Trigger,101,21,0.0
gpt_oss_20b__vs__grim_trigger__seed101,GPT-OSS-20B,Grim Trigger,101,22,0.0
gpt_oss_20b__vs__grim_trigger__seed101,GPT-OSS-20B,Grim Trigger,101,23,0.0
gpt_oss_20b__vs__grim_trigger__seed101,GPT-OSS-20B,Grim Trigger,101,24,0.0
gpt_oss_20b__vs__grim_trigger__seed101,GPT-OSS-20B,Grim Trigger,101,25,0.0
gpt_oss_20b__vs__grim_trigger__seed101,GPT-OSS-20B,Grim Trigger,101,26,0.0
gpt_oss_20b__vs__grim_trigger__seed101,GPT-OSS-20B,Grim Trigger,101,27,0.0
gpt_oss_20b__vs__grim_trigger__seed101,GPT-OSS-20B,Grim Trigger,101,28,0.0
gpt_oss_20b__vs__grim_trigger__seed101,GPT-OSS-20B,Grim Trigger,101,29,0.0
gpt_oss_20b__vs__grim_trigger__seed101,GPT-OSS-20B,Grim Trigger,101,30,0.0
gpt_oss_20b__vs__grim_trigger__seed101,GPT-OSS-20B,Grim Trigger,101,31,0.0
gpt_oss_20b__vs__grim_trigger__seed101,GPT-OSS-20B,Grim Trigger,101,32,0.0
gpt_oss_20b__vs__grim_trigger__seed101,GPT-OSS-20B,Grim Trigger,101,33,0.0
gpt_oss_20b__vs__grim_trigger__seed101,GPT-OSS-20B,Grim Trigger,101,34,0.0
gpt_oss_20b__vs__grim_trigger__seed101,GPT-OSS-20B,Grim Trigger,101,35,0.0
gpt_oss_20b__vs__grim_trigger__seed101,GPT-OSS-20B,Grim Trigger,101,36,0.0
gpt_oss_20b__vs__grim_trigger__seed101,GPT-OSS-20B,Grim Trigger,101,37,0.0
gpt_oss_20b__vs__grim_trigger__seed101,GPT-OSS-20B,Grim Trigger,101,38,0.0
gpt_oss_20b__vs__grim_trigger__seed101,GPT-OSS-20B,Grim Trigger,101,39,0.0
gpt_oss_20b__vs__grim_trigger__seed101,GPT-OSS-20B,Grim Trigger,101,40,0.0
gpt_oss_20b__vs__grim_trigger__seed101,GPT-OSS-20B,Grim Trigger,101,41,0.0
gpt_oss_20b__vs__grim_trigger__seed101,GPT-OSS-20B,Grim Trigger,101,42,0.0
gpt_oss_20b__vs__grim_trigger__seed101,GPT-OSS-20B,Grim Trigger,101,43,0.0
gpt_oss_20b__vs__grim_trigger__seed101,GPT-OSS-20B,Grim Trigger,101,44,0.0
gpt_oss_20b__vs__grim_trigger__seed101,GPT-OSS-20B,Grim Trigger,101,45,0.0
gpt_oss_20b__vs__grim_trigger__seed101,GPT-OSS-20B,Grim Trigger,101,46,0.0
gpt_oss_20b__vs__grim_trigger__seed101,GPT-OSS-20B,Grim Trigger,101,47,0.0
gpt_oss_20b__vs__grim_trigger__seed101,GPT-OSS-20B,Grim Trigger,101,48,0.0
gpt_oss_20b__vs__grim_trigger__seed101,GPT-OSS-20B,Grim Trigger,101,49,0.0
gpt_oss_20b__vs__grim_trigger__seed101,GPT-OSS-20B,Grim Trigger,101,50,0.0
gpt_oss_20b__vs__grim_trigger__seed102,GPT-OSS-20B,Grim Trigger,102,1,0.0
gpt_oss_20b__vs__grim_trigger__seed102,GPT-OSS-20B,Grim Trigger,102,2,0.0
gpt_oss_20b__vs__grim_trigger__seed102,GPT-OSS-20B,Grim Trigger,102,3,0.0
gpt_oss_20b__vs__grim_trigger__seed102,GPT-OSS-20B,Grim Trigger,102,4,0.0
gpt_oss_20b__vs__grim_trigger__seed102,GPT-OSS-20B,Grim Trigger,102,5,0.0
gpt_oss_20b__vs__grim_trigger__seed102,GPT-OSS-20B,Grim Trigger,102,6,0.0
gpt_oss_20b__vs__grim_trigger__seed102,GPT-OSS-20B,Grim Trigger,102,7,0.0
gpt_oss_20b__vs__grim_trigger__seed102,GPT-OSS-20B,Grim Trigger,102,8,0.0
gpt_oss_20b__vs__grim_trigger__seed102,GPT-OSS-20B,Grim Trigger,102,9,0.0
gpt_oss_20b__vs__grim_trigger__seed102,GPT-OSS-20B,Grim Trigger,102,10,0.0
gpt_oss_20b__vs__grim_trigger__seed102,GPT-OSS-20B,Grim Trigger,102,11,0.0
gpt_oss_20b__vs__grim_trigger__seed102,GPT-OSS-20B,Grim Trigger,102,12,0.0
gpt_oss_20b__vs__grim_trigger__seed102,GPT-OSS-20B,Grim Trigger,102,13,0.0
gpt_oss_20b__vs__grim_trigger__seed102,GPT-OSS-20B,Grim Trigger,102,14,0.0
gpt_oss_20b__vs__grim_trigger__seed102,GPT-OSS-20B,Grim Trigger,102,15,0.0
gpt_oss_20b__vs__grim_trigger__seed102,GPT-OSS-20B,Grim Trigger,102,16,0.0
gpt_oss_20b__vs__grim_trigger__seed102,GPT-OSS-20B,Grim Trigger,102,17,0.0
gpt_oss_20b__vs__grim_trigger__seed102,GPT-OSS-20B,Grim Trigger,102,18,0.0
gpt_oss_20b__vs__grim_trigger__seed102,GPT-OSS-20B,Grim Trigger,102,19,0.0
gpt_oss_20b__vs__grim_trigger__seed102,GPT-OSS-20B,Grim Trigger,102,20,0.0
gpt_oss_20b__vs__grim_trigger__seed102,GPT-OSS-20B,Grim Trigger,102,21,0.0
gpt_oss_20b__vs__grim_trigger__seed102,GPT-OSS-20B,Grim Trigger,102,22,0.0
gpt_oss_20b__vs__grim_trigger__seed102,GPT-OSS-20B,Grim Trigger,102,23,0.0
gpt_oss_20b__vs__grim_trigger__seed102,GPT-OSS-20B,Grim Trigger,102,24,0.0
gpt_oss_20b__vs__grim_trigger__seed102,GPT-OSS-20B,Grim Trigger,102,25,0.0
gpt_oss_20b__vs__grim_trigger__seed102,GPT-OSS-20B,Grim Trigger,102,26,0.0
gpt_oss_20b__vs__grim_trigger__seed102,GPT-OSS-20B,Grim Trigger,102,27,0.0
gpt_oss_20b__vs__grim_trigger__seed102,GPT-OSS-20B,Grim Trigger,102,28,0.0
gpt_oss_20b__vs__grim_trigger__seed102,GPT-OSS-20B,Grim Trigger,102,29,0.0
gpt_oss_20b__vs__grim_trigger__seed102,GPT-OSS-20B,Grim Trigger,102,30,0.0
gpt_oss_20b__vs__grim_trigger__seed102,GPT-OSS-20B,Grim Trigger,102,31,0.0
gpt_oss_20b__vs__grim_trigger__seed102,GPT-OSS-20B,Grim Trigger,102,32,0.0
gpt_oss_20b__vs__grim_trigger__seed102,GPT-OSS-20B,Grim Trigger,102,33,0.0
gpt_oss_20b__vs__grim_trigger__seed102,GPT-OSS-20B,Grim Trigger,102,34,0.0
gpt_oss_20b__vs__grim_trigger__seed102,GPT-OSS-20B,Grim Trigger,102,35,0.0
gpt_oss_20b__vs__grim_trigger__seed102,GPT-OSS-20B,Grim Trigger,102,36,0.0
gpt_oss_20b__vs__grim_trigger__seed102,GPT-OSS-20B,Grim Trigger,102,37,0.0
gpt_oss_20b__vs__grim_trigger__seed102,GPT-OSS-20B,Grim Trigger,102,38,0.0
gpt_oss_20b__vs__grim_trigger__seed102,GPT-OSS-20B,Grim Trigger,102,39,0.0
gpt_oss_20b__vs__grim_trigger__seed102,GPT-OSS-20B,Grim Trigger,102,40,0.0
gpt_oss_20b__vs__grim_trigger__seed102,GPT-OSS-20B,Grim Trigger,102,41,0.0
gpt_oss_20b__vs__grim_trigger__seed102,GPT-OSS-20B,Grim Trigger,102,42,0.0
gpt_oss_20b__vs__grim_trigger__seed102,GPT-OSS-20B,Grim Trigger,102,43,0.0
gpt_oss_20b__vs__grim_trigger__seed102,GPT-OSS-20B,Grim Trigger,102,44,0.0
gpt_oss_20b__vs__grim_trigger__seed102,GPT-OSS-20B,Grim Trigger,102,45,0.0
gpt_oss_20b__vs__grim_trigger__seed102,GPT-OSS-20B,Grim Trigger,102,46,0.0
gpt_oss_20b__vs__grim_trigger__seed102,GPT-OSS-20B,Grim Trigger,102,47,0.0
gpt_oss_20b__vs__grim_trigger__seed102,GPT-OSS-20B,Grim Trigger,102,48,0.0
gpt_oss_20b__vs__grim_trigger__seed102,GPT-OSS-20B,Grim Trigger,102,49,0.0
gpt_oss_20b__vs__grim_trigger__seed102,GPT-OSS-20B,Grim Trigger,102,50,0.0
gpt_oss_20b__vs__grim_trigger__seed103,GPT-OSS-20B,Grim Trigger,103,1,0.0
gpt_oss_20b__vs__grim_trigger__seed103,GPT-OSS-20B,Grim Trigger,103,2,0.0
gpt_oss_20b__vs__grim_trigger__seed103,GPT-OSS-20B,Grim Trigger,103,3,0.0
gpt_oss_20b__vs__grim_trigger__seed103,GPT-OSS-20B,Grim Trigger,103,4,0.0
gpt_oss_20b__vs__grim_trigger__seed103,GPT-OSS-20B,Grim Trigger,103,5,0.0
gpt_oss_20b__vs__grim_trigger__seed103,GPT-OSS-20B,Grim Trigger,103,6,0.0
gpt_oss_20b__vs__grim_trigger__seed103,GPT-OSS-20B,Grim Trigger,103,7,0.0
gpt_oss_20b__vs__grim_trigger__seed103,GPT-OSS-20B,Grim Trigger,103,8,0.0
gpt_oss_20b__vs__grim_trigger__seed103,GPT-OSS-20B,Grim Trigger,103,9,0.0
gpt_oss_20b__vs__grim_trigger__seed103,GPT-OSS-20B,Grim Trigger,103,10,0.0
gpt_oss_20b__vs__grim_trigger__seed103,GPT-OSS-20B,Grim Trigger,103,11,0.0
gpt_oss_20b__vs__grim_trigger__seed103,GPT-OSS-20B,Grim Trigger,103,12,0.0
gpt_oss_20b__vs__grim_trigger__seed103,GPT-OSS-20B,Grim Trigger,103,13,0.0
gpt_oss_20b__vs__grim_trigger__seed103,GPT-OSS-20B,Grim Trigger,103,14,0.0
gpt_oss_20b__vs__grim_trigger__seed103,GPT-OSS-20B,Grim Trigger,103,15,0.0
gpt_oss_20b__vs__grim_trigger__seed103,GPT-OSS-20B,Grim Trigger,103,16,0.0
gpt_oss_20b__vs__grim_trigger__seed103,GPT-OSS-20B,Grim Trigger,103,17,0.0
gpt_oss_20b__vs__grim_trigger__seed103,GPT-OSS-20B,Grim Trigger,103,18,0.0
gpt_oss_20b__vs__grim_trigger__seed103,GPT-OSS-20B,Grim Trigger,103,19,0.0
gpt_oss_20b__vs__grim_trigger__seed103,GPT-OSS-20B,Grim Trigger,103,20,0.0
gpt_oss_20b__vs__grim_trigger__seed103,GPT-OSS-20B,Grim Trigger,103,21,0.0
gpt_oss_20b__vs__grim_trigger__seed103,GPT-OSS-20B,Grim Trigger,103,22,0.0
gpt_oss_20b__vs__grim_trigger__seed103,GPT-OSS-20B,Grim Trigger,103,23,0.0
gpt_oss_20b__vs__grim_trigger__seed103,GPT-OSS-20B,Grim Trigger,103,24,0.0
gpt_oss_20b__vs__grim_trigger__seed103,GPT-OSS-20B,Grim Trigger,103,25,0.0
gpt_oss_20b__vs__grim_trigger__seed103,GPT-OSS-20B,Grim Trigger,103,26,0.0
gpt_oss_20b__vs__grim_trigger__seed103,GPT-OSS-20B,Grim Trigger,103,27,0.0
gpt_oss_20b__vs__grim_trigger__seed103,GPT-OSS-20B,Grim Trigger,103,28,0.0
gpt_oss_20b__vs__grim_trigger__seed103,GPT-OSS-20B,Grim Trigger,103,29,0.0
gpt_oss_20b__vs__grim_trigger__seed103,GPT-OSS-20B,Grim Trigger,103,30,0.0
gpt_oss_20b__vs__grim_trigger__seed103,GPT-OSS-20B,Grim Trigger,103,31,0.0
gpt_oss_20b__vs__grim_trigger__seed103,GPT-OSS-20B,Grim Trigger,103,32,0.0
gpt_oss_20b__vs__grim_trigger__seed103,GPT-OSS-20B,Grim Trigger,103,33,0.0
gpt_oss_20b__vs__grim_trigger__seed103,GPT-OSS-20B,Grim Trigger,103,34,0.0
gpt_oss_20b__vs__grim_trigger__seed103,GPT-OSS-20B,Grim Trigger,103,35,0.0
gpt_oss_20b__vs__grim_trigger__seed103,GPT-OSS-20B,Grim Trigger,103,36,0.0
gpt_oss_20b__vs__grim_trigger__seed103,GPT-OSS-20B,Grim Trigger,103,37,0.0
gpt_oss_20b__vs__grim_trigger__seed103,GPT-OSS-20B,Grim Trigger,103,38,0.0
gpt_oss_20b__vs__grim_trigger__seed103,GPT-OSS-20B,Grim Trigger,103,39,0.0
gpt_oss_20b__vs__grim_trigger__seed103,GPT-OSS-20B,Grim Trigger,103,40,0.0
gpt_oss_20b__vs__grim_trigger__seed103,GPT-OSS-20B,Grim Trigger,103,41,0.0
gpt_oss_20b__vs__grim_trigger__seed103,GPT-OSS-20B,Grim Trigger,103,42,0.0
gpt_oss_20b__vs__grim_trigger__seed103,GPT-OSS-20B,Grim Trigger,103,43,0.0
gpt_oss_20b__vs__grim_trigger__seed103,GPT-OSS-20B,Grim Trigger,103,44,0.0
gpt_oss_20b__vs__grim_trigger__seed103,GPT-OSS-20B,Grim Trigger,103,45,0.0
gpt_oss_20b__vs__grim_trigger__seed103,GPT-OSS-20B,Grim Trigger,103,46,0.0
gpt_oss_20b__vs__grim_trigger__seed103,GPT-OSS-20B,Grim Trigger,103,47,0.0
gpt_oss_20b__vs__grim_trigger__seed103,GPT-OSS-20B,Grim Trigger,103,48,0.0
gpt_oss_20b__vs__grim_trigger__seed103,GPT-OSS-20B,Grim Trigger,103,49,0.0
gpt_oss_20b__vs__grim_trigger__seed103,GPT-OSS-20B,Grim Trigger,103,50,0.0
gpt_oss_20b__vs__grim_trigger__seed104,GPT-OSS-20B,Grim Trigger,104,1,0.0
gpt_oss_20b__vs__grim_trigger__seed104,GPT-OSS-20B,Grim Trigger,104,2,0.0
gpt_oss_20b__vs__grim_trigger__seed104,GPT-OSS-20B,Grim Trigger,104,3,0.0
gpt_oss_20b__vs__grim_trigger__seed104,GPT-OSS-20B,Grim Trigger,104,4,0.0
gpt_oss_20b__vs__grim_trigger__seed104,GPT-OSS-20B,Grim Trigger,104,5,0.0
gpt_oss_20b__vs__grim_trigger__seed104,GPT-OSS-20B,Grim Trigger,104,6,0.0
gpt_oss_20b__vs__grim_trigger__seed104,GPT-OSS-20B,Grim Trigger,104,7,0.0
gpt_oss_20b__vs__grim_trigger__seed104,GPT-OSS-20B,Grim Trigger,104,8,0.0
gpt_oss_20b__vs__grim_trigger__seed104,GPT-OSS-20B,Grim Trigger,104,9,0.0
gpt_oss_20b__vs__grim_trigger__seed104,GPT-OSS-20B,Grim Trigger,104,10,0.0
gpt_oss_20b__vs__grim_trigger__seed104,GPT-OSS-20B,Grim Trigger,104,11,0.0
gpt_oss_20b__vs__grim_trigger__seed104,GPT-OSS-20B,Grim Trigger,104,12,0.0
gpt_oss_20b__vs__grim_trigger__seed104,GPT-OSS-20B,Grim Trigger,104,13,0.0
gpt_oss_20b__vs__grim_trigger__seed104,GPT-OSS-20B,Grim Trigger,104,14,0.0
gpt_oss_20b__vs__grim_trigger__seed104,GPT-OSS-20B,Grim Trigger,104,15,0.0
gpt_oss_20b__vs__grim_trigger__seed104,GPT-OSS-20B,Grim Trigger,104,16,0.0
gpt_oss_20b__vs__grim_trigger__seed104,GPT-OSS-20B,Grim Trigger,104,17,0.0
gpt_oss_20b__vs__grim_trigger__seed104,GPT-OSS-20B,Grim Trigger,104,18,0.0
gpt_oss_20b__vs__grim_trigger__seed104,GPT-OSS-20B,Grim Trigger,104,19,0.0
gpt_oss_20b__vs__grim_trigger__seed104,GPT-OSS-20B,Grim Trigger,104,20,0.0
gpt_oss_20b__vs__grim_trigger__seed104,GPT-OSS-20B,Grim Trigger,104,21,0.0
gpt_oss_20b__vs__grim_trigger__seed104,GPT-OSS-20B,Grim Trigger,104,22,0.0
gpt_oss_20b__vs__grim_trigger__seed104,GPT-OSS-20B,Grim Trigger,104,23,0.0
gpt_oss_20b__vs__grim_trigger__seed104,GPT-OSS-20B,Grim Trigger,104,24,0.0
gpt_oss_20b__vs__grim_trigger__seed104,GPT-OSS-20B,Grim Trigger,104,25,0.0
gpt_oss_20b__vs__grim_trigger__seed104,GPT-OSS-20B,Grim Trigger,104,26,0.0
gpt_oss_20b__vs__grim_trigger__seed104,GPT-OSS-20B,Grim Trigger,104,27,0.0
gpt_oss_20b__vs__grim_trigger__seed104,GPT-OSS-20B,Grim Trigger,104,28,0.0
gpt_oss_20b__vs__grim_trigger__seed104,GPT-OSS-20B,Grim Trigger,104,29,0.0
gpt_oss_20b__vs__grim_trigger__seed104,GPT-OSS-20B,Grim Trigger,104,30,0.0
gpt_oss_20b__vs__grim_trigger__seed104,GPT-OSS-20B,Grim Trigger,104,31,0.0
gpt_oss_20b__vs__grim_trigger__seed104,GPT-OSS-20B,Grim Trigger,104,32,0.0
gpt_oss_20b__vs__grim_trigger__seed104,GPT-OSS-20B,Grim Trigger,104,33,0.0
gpt_oss_20b__vs__grim_trigger__seed104,GPT-OSS-20B,Grim Trigger,104,34,0.0
gpt_oss_20b__vs__grim_trigger__seed104,GPT-OSS-20B,Grim Trigger,104,35,0.0
gpt_oss_20b__vs__grim_trigger__seed104,GPT-OSS-20B,Grim Trigger,104,36,0.0
gpt_oss_20b__vs__grim_trigger__seed104,GPT-OSS-20B,Grim Trigger,104,37,0.0
gpt_oss_20b__vs__grim_trigger__seed104,GPT-OSS-20B,Grim Trigger,104,38,0.0
gpt_oss_20b__vs__grim_trigger__seed104,GPT-OSS-20B,Grim Trigger,104,39,0.0
gpt_oss_20b__vs__grim_trigger__seed104,GPT-OSS-20B,Grim Trigger,104,40,0.0
gpt_oss_20b__vs__grim_trigger__seed104,GPT-OSS-20B,Grim Trigger,104,41,0.0
gpt_oss_20b__vs__grim_trigger__seed104,GPT-OSS-20B,Grim Trigger,104,42,0.0
gpt_oss_20b__vs__grim_trigger__seed104,GPT-OSS-20B,Grim Trigger,104,43,0.0
gpt_oss_20b__vs__grim_trigger__seed104,GPT-OSS-20B,Grim Trigger,104,44,0.0
gpt_oss_20b__vs__grim_trigger__seed104,GPT-OSS-20B,Grim Trigger,104,45,0.0
gpt_oss_20b__vs__grim_trigger__seed104,GPT-OSS-20B,Grim Trigger,104,46,0.0
gpt_oss_20b__vs__grim_trigger__seed104,GPT-OSS-20B,Grim Trigger,104,47,0.0
gpt_oss_20b__vs__grim_trigger__seed104,GPT-OSS-20B,Grim Trigger,104,48,0.0
gpt_oss_20b__vs__grim_trigger__seed104,GPT-OSS-20B,Grim Trigger,104,49,0.0
gpt_oss_20b__vs__grim_trigger__seed104,GPT-OSS-20B,Grim Trigger,104,50,0.0
gpt_oss_20b__vs__grim_trigger__seed105,GPT-OSS-20B,Grim Trigger,105,1,0.0
gpt_oss_20b__vs__grim_trigger__seed105,GPT-OSS-20B,Grim Trigger,105,2,0.0
gpt_oss_20b__vs__grim_trigger__seed105,GPT-OSS-20B,Grim Trigger,105,3,0.0
gpt_oss_20b__vs__grim_trigger__seed105,GPT-OSS-20B,Grim Trigger,105,4,0.0
gpt_oss_20b__vs__grim_trigger__seed105,GPT-OSS-20B,Grim Trigger,105,5,0.0
gpt_oss_20b__vs__grim_trigger__seed105,GPT-OSS-20B,Grim Trigger,105,6,0.0
gpt_oss_20b__vs__grim_trigger__seed105,GPT-OSS-20B,Grim Trigger,105,7,0.0
gpt_oss_20b__vs__grim_trigger__seed105,GPT-OSS-20B,Grim Trigger,105,8,0.0
gpt_oss_20b__vs__grim_trigger__seed105,GPT-OSS-20B,Grim Trigger,105,9,0.0
gpt_oss_20b__vs__grim_trigger__seed105,GPT-OSS-20B,Grim Trigger,105,10,0.0
gpt_oss_20b__vs__grim_trigger__seed105,GPT-OSS-20B,Grim Trigger,105,11,0.0
gpt_oss_20b__vs__grim_trigger__seed105,GPT-OSS-20B,Grim Trigger,105,12,0.0
gpt_oss_20b__vs__grim_trigger__seed105,GPT-OSS-20B,Grim Trigger,105,13,0.0
gpt_oss_20b__vs__grim_trigger__seed105,GPT-OSS-20B,Grim Trigger,105,14,0.0
gpt_oss_20b__vs__grim_trigger__seed105,GPT-OSS-20B,Grim Trigger,105,15,0.0
gpt_oss_20b__vs__grim_trigger__seed105,GPT-OSS-20B,Grim Trigger,105,16,0.0
gpt_oss_20b__vs__grim_trigger__seed105,GPT-OSS-20B,Grim Trigger,105,17,0.0
gpt_oss_20b__vs__grim_trigger__seed105,GPT-OSS-20B,Grim Trigger,105,18,0.0
gpt_oss_20b__vs__grim_trigger__seed105,GPT-OSS-20B,Grim Trigger,105,19,0.0
gpt_oss_20b__vs__grim_trigger__seed105,GPT-OSS-20B,Grim Trigger,105,20,0.0
gpt_oss_20b__vs__grim_trigger__seed105,GPT-OSS-20B,Grim Trigger,105,21,0.0
gpt_oss_20b__vs__grim_trigger__seed105,GPT-OSS-20B,Grim Trigger,105,22,0.0
gpt_oss_20b__vs__grim_trigger__seed105,GPT-OSS-20B,Grim Trigger,105,23,0.0
gpt_oss_20b__vs__grim_trigger__seed105,GPT-OSS-20B,Grim Trigger,105,24,0.0
gpt_oss_20b__vs__grim_trigger__seed105,GPT-OSS-20B,Grim Trigger,105,25,0.0
gpt_oss_20b__vs__grim_trigger__seed105,GPT-OSS-20B,Grim Trigger,105,26,0.0
gpt_oss_20b__vs__grim_trigger__seed105,GPT-OSS-20B,Grim Trigger,105,27,0.0
gpt_oss_20b__vs__grim_trigger__seed105,GPT-OSS-20B,Grim Trigger,105,28,0.0
gpt_oss_20b__vs__grim_trigger__seed105,GPT-OSS-20B,Grim Trigger,105,29,0.0
gpt_oss_20b__vs__grim_trigger__seed105,GPT-OSS-20B,Grim Trigger,105,30,0.0
gpt_oss_20b__vs__grim_trigger__seed105,GPT-OSS-20B,Grim Trigger,105,31,0.0
gpt_oss_20b__vs__grim_trigger__seed105,GPT-OSS-20B,Grim Trigger,105,32,0.0
gpt_oss_20b__vs__grim_trigger__seed105,GPT-OSS-20B,Grim Trigger,105,33,0.0
gpt_oss_20b__vs__grim_trigger__seed105,GPT-OSS-20B,Grim Trigger,105,34,0.0
gpt_oss_20b__vs__grim_trigger__seed105,GPT-OSS-20B,Grim Trigger,105,35,0.0
gpt_oss_20b__vs__grim_trigger__seed105,GPT-OSS-20B,Grim Trigger,105,36,0.0
gpt_oss_20b__vs__grim_trigger__seed105,GPT-OSS-20B,Grim Trigger,105,37,0.0
gpt_oss_20b__vs__grim_trigger__seed105,GPT-OSS-20B,Grim Trigger,105,38,0.0
gpt_oss_20b__vs__grim_trigger__seed105,GPT-OSS-20B,Grim Trigger,105,39,0.0
gpt_oss_20b__vs__grim_trigger__seed105,GPT-OSS-20B,Grim Trigger,105,40,0.0
gpt_oss_20b__vs__grim_trigger__seed105,GPT-OSS-20B,Grim Trigger,105,41,0.0
gpt_oss_20b__vs__grim_trigger__seed105,GPT-OSS-20B,Grim Trigger,105,42,0.0
gpt_oss_20b__vs__grim_trigger__seed105,GPT-OSS-20B,Grim Trigger,105,43,0.0
gpt_oss_20b__vs__grim_trigger__seed105,GPT-OSS-20B,Grim Trigger,105,44,0.0
gpt_oss_20b__vs__grim_trigger__seed105,GPT-OSS-20B,Grim Trigger,105,45,0.0
gpt_oss_20b__vs__grim_trigger__seed105,GPT-OSS-20B,Grim Trigger,105,46,0.0
gpt_oss_20b__vs__grim_trigger__seed105,GPT-OSS-20B,Grim Trigger,105,47,0.0
gpt_oss_20b__vs__grim_trigger__seed105,GPT-OSS-20B,Grim Trigger,105,48,0.0
gpt_oss_20b__vs__grim_trigger__seed105,GPT-OSS-20B,Grim Trigger,105,49,0.0
gpt_oss_20b__vs__grim_trigger__seed105,GPT-OSS-20B,Grim Trigger,105,50,0.0
gpt_oss_20b__vs__random_uniform__seed101,GPT-OSS-20B,Random,101,1,1.0
gpt_oss_20b__vs__random_uniform__seed101,GPT-OSS-20B,Random,101,2,0.0
gpt_oss_20b__vs__random_uniform__seed101,GPT-OSS-20B,Random,101,3,0.0
gpt_oss_20b__vs__random_uniform__seed101,GPT-OSS-20B,Random,101,4,0.0
gpt_oss_20b__vs__random_uniform__seed101,GPT-OSS-20B,Random,101,5,0.0
gpt_oss_20b__vs__random_uniform__seed101,GPT-OSS-20B,Random,101,6,0.0
gpt_oss_20b__vs__random_uniform__seed101,GPT-OSS-20B,Random,101,7,0.5
gpt_oss_20b__vs__random_uniform__seed101,GPT-OSS-20B,Random,101,8,0.0
gpt_oss_20b__vs__random_uniform__seed101,GPT-OSS-20B,Random,101,9,0.0
gpt_oss_20b__vs__random_uniform__seed101,GPT-OSS-20B,Random,101,10,0.0
gpt_oss_20b__vs__random_uniform__seed101,GPT-OSS-20B,Random,101,11,0.0
gpt_oss_20b__vs__random_uniform__seed101,GPT-OSS-20B,Random,101,12,0.0
gpt_oss_20b__vs__random_uniform__seed101,GPT-OSS-20B,Random,101,13,0.0
gpt_oss_20b__vs__random_uniform__seed101,GPT-OSS-20B,Random,101,14,0.0
gpt_oss_20b__vs__random_uniform__seed101,GPT-OSS-20B,Random,101,15,0.0
gpt_oss_20b__vs__random_uniform__seed101,GPT-OSS-20B,Random,101,16,0.0
gpt_oss_20b__vs__random_uniform__seed101,GPT-OSS-20B,Random,101,17,0.0
gpt_oss_20b__vs__random_uniform__seed101,GPT-OSS-20B,Random,101,18,0.0
gpt_oss_20b__vs__random_uniform__seed101,GPT-OSS-20B,Random,101,19,0.0
gpt_oss_20b__vs__random_uniform__seed101,GPT-OSS-20B,Random,101,20,0.0
gpt_oss_20b__vs__random_uniform__seed101,GPT-OSS-20B,Random,101,21,0.0
gpt_oss_20b__vs__random_uniform__seed101,GPT-OSS-20B,Random,101,22,0.0
gpt_oss_20b__vs__random_uniform__seed101,GPT-OSS-20B,Random,101,23,0.0
gpt_oss_20b__vs__random_uniform__seed101,GPT-OSS-20B,Random,101,24,0.0
gpt_oss_20b__vs__random_uniform__seed101,GPT-OSS-20B,Random,101,25,0.0
gpt_oss_20b__vs__random_uniform__seed101,GPT-OSS-20B,Random,101,26,0.0
gpt_oss_20b__vs__random_uniform__seed101,GPT-OSS-20B,Random,101,27,0.0
gpt_oss_20b__vs__random_uniform__seed101,GPT-OSS-20B,Random,101,28,0.0
gpt_oss_20b__vs__random_uniform__seed101,GPT-OSS-20B,Random,101,29,0.0
gpt_oss_20b__vs__random_uniform__seed101,GPT-OSS-20B,Random,101,30,0.0
gpt_oss_20b__vs__random_uniform__seed101,GPT-OSS-20B,Random,101,31,0.0
gpt_oss_20b__vs__random_uniform__seed101,GPT-OSS-20B,Random,101,32,0.0
gpt_oss_20b__vs__random_uniform__seed101,GPT-OSS-20B,Random,101,33,0.0
gpt_oss_20b__vs__random_uniform__seed101,GPT-OSS-20B,Random,101,34,0.0
gpt_oss_20b__vs__random_uniform__seed101,GPT-OSS-20B,Random,101,35,0.0
gpt_oss_20b__vs__random_uniform__seed101,GPT-OSS-20B,Random,101,36,0.0
gpt_oss_20b__vs__random_uniform__seed101,GPT-OSS-20B,Random,101,37,0.0
gpt_oss_20b__vs__random_uniform__seed101,GPT-OSS-20B,Random,101,38,0.0
gpt_oss_20b__vs__random_uniform__seed101,GPT-OSS-20B,Random,101,39,0.0
gpt_oss_20b__vs__random_uniform__seed101,GPT-OSS-20B,Random,101,40,0.0
gpt_oss_20b__vs__random_uniform__seed101,GPT-OSS-20B,Random,101,41,0.0
gpt_oss_20b__vs__random_uniform__seed101,GPT-OSS-20B,Random,101,42,0.0
gpt_oss_20b__vs__random_uniform__seed101,GPT-OSS-20B,Random,101,43,0.0
gpt_oss_20b__vs__random_uniform__seed101,GPT-OSS-20B,Random,101,44,0.0
gpt_oss_20b__vs__random_uniform__seed101,GPT-OSS-20B,Random,101,45,0.0
gpt_oss_20b__vs__random_uniform__seed101,GPT-OSS-20B,Random,101,46,0.0
gpt_oss_20b__vs__random_uniform__seed101,GPT-OSS-20B,Random,101,47,0.0
gpt_oss_20b__vs__random_uniform__seed101,GPT-OSS-20B,Random,101,48,0.0
gpt_oss_20b__vs__random_uniform__seed101,GPT-OSS-20B,Random,101,49,0.0
gpt_oss_20b__vs__random_uniform__seed101,GPT-OSS-20B,Random,101,50,0.0
gpt_oss_20b__vs__random_uniform__seed102,GPT-OSS-20B,Random,102,1,0.0
gpt_oss_20b__vs__random_uniform__seed102,GPT-OSS-20B,Random,102,2,0.25
gpt_oss_20b__vs__random_uniform__seed102,GPT-OSS-20B,Random,102,3,0.0
gpt_oss_20b__vs__random_uniform__seed102,GPT-OSS-20B,Random,102,4,0.25
gpt_oss_20b__vs__random_uniform__seed102,GPT-OSS-20B,Random,102,5,0.0
gpt_oss_20b__vs__random_uniform__seed102,GPT-OSS-20B,Random,102,6,0.0
gpt_oss_20b__vs__random_uniform__seed102,GPT-OSS-20B,Random,102,7,0.0
gpt_oss_20b__vs__random_uniform__seed102,GPT-OSS-20B,Random,102,8,0.0
gpt_oss_20b__vs__random_uniform__seed102,GPT-OSS-20B,Random,102,9,0.0
gpt_oss_20b__vs__random_uniform__seed102,GPT-OSS-20B,Random,102,10,0.0
gpt_oss_20b__vs__random_uniform__seed102,GPT-OSS-20B,Random,102,11,0.0
gpt_oss_20b__vs__random_uniform__seed102,GPT-OSS-20B,Random,102,12,0.0
gpt_oss_20b__vs__random_uniform__seed102,GPT-OSS-20B,Random,102,13,0.0
gpt_oss_20b__vs__random_uniform__seed102,GPT-OSS-20B,Random,102,14,0.0
gpt_oss_20b__vs__random_uniform__seed102,GPT-OSS-20B,Random,102,15,0.0
gpt_oss_20b__vs__random_uniform__seed102,GPT-OSS-20B,Random,102,16,0.0
gpt_oss_20b__vs__random_uniform__seed102,GPT-OSS-20B,Random,102,17,0.0
gpt_oss_20b__vs__random_uniform__seed102,GPT-OSS-20B,Random,102,18,0.0
gpt_oss_20b__vs__random_uniform__seed102,GPT-OSS-20B,Random,102,19,0.0
gpt_oss_20b__vs__random_uniform__seed102,GPT-OSS-20B,Random,102,20,0.0
gpt_oss_20b__vs__random_uniform__seed102,GPT-OSS-20B,Random,102,21,0.0
gpt_oss_20b__vs__random_uniform__seed102,GPT-OSS-20B,Random,102,22,0.0
gpt_oss_20b__vs__random_uniform__seed102,GPT-OSS-20B,Random,102,23,0.0
gpt_oss_20b__vs__random_uniform__seed102,GPT-OSS-20B,Random,102,24,0.0
gpt_oss_20b__vs__random_uniform__seed102,GPT-OSS-20B,Random,102,25,0.0
gpt_oss_20b__vs__random_uniform__seed102,GPT-OSS-20B,Random,102,26,0.0
gpt_oss_20b__vs__random_uniform__seed102,GPT-OSS-20B,Random,102,27,0.0
gpt_oss_20b__vs__random_uniform__seed102,GPT-OSS-20B,Random,102,28,0.0
gpt_oss_20b__vs__random_uniform__seed102,GPT-OSS-20B,Random,102,29,0.0
gpt_oss_20b__vs__random_uniform__seed102,GPT-OSS-20B,Random,102,30,0.0
gpt_oss_20b__vs__random_uniform__seed102,GPT-OSS-20B,Random,102,31,0.0
gpt_oss_20b__vs__random_uniform__seed102,GPT-OSS-20B,Random,102,32,0.0
gpt_oss_20b__vs__random_uniform__seed102,GPT-OSS-20B,Random,102,33,0.0
gpt_oss_20b__vs__random_uniform__seed102,GPT-OSS-20B,Random,102,34,0.0
gpt_oss_20b__vs__random_uniform__seed102,GPT-OSS-20B,Random,102,35,0.0
gpt_oss_20b__vs__random_uniform__seed102,GPT-OSS-20B,Random,102,36,0.0
gpt_oss_20b__vs__random_uniform__seed102,GPT-OSS-20B,Random,102,37,0.0
gpt_oss_20b__vs__random_uniform__seed102,GPT-OSS-20B,Random,102,38,0.0
gpt_oss_20b__vs__random_uniform__seed102,GPT-OSS-20B,Random,102,39,0.0
gpt_oss_20b__vs__random_uniform__seed102,GPT-OSS-20B,Random,102,40,0.0
gpt_oss_20b__vs__random_uniform__seed102,GPT-OSS-20B,Random,102,41,0.0
gpt_oss_20b__vs__random_uniform__seed102,GPT-OSS-20B,Random,102,42,0.0
gpt_oss_20b__vs__random_uniform__seed102,GPT-OSS-20B,Random,102,43,0.0
gpt_oss_20b__vs__random_uniform__seed102,GPT-OSS-20B,Random,102,44,0.0
gpt_oss_20b__vs__random_uniform__seed102,GPT-OSS-20B,Random,102,45,0.0
gpt_oss_20b__vs__random_uniform__seed102,GPT-OSS-20B,Random,102,46,0.0
gpt_oss_20b__vs__random_uniform__seed102,GPT-OSS-20B,Random,102,47,0.0
gpt_oss_20b__vs__random_uniform__seed102,GPT-OSS-20B,Random,102,48,0.0
gpt_oss_20b__vs__random_uniform__seed102,GPT-OSS-20B,Random,102,49,0.0
gpt_oss_20b__vs__random_uniform__seed102,GPT-OSS-20B,Random,102,50,0.0
gpt_oss_20b__vs__random_uniform__seed103,GPT-OSS-20B,Random,103,1,1.0
gpt_oss_20b__vs__random_uniform__seed103,GPT-OSS-20B,Random,103,2,1.0
gpt_oss_20b__vs__random_uniform__seed103,GPT-OSS-20B,Random,103,3,0.0
gpt_oss_20b__vs__random_uniform__seed103,GPT-OSS-20B,Random,103,4,0.0
gpt_oss_20b__vs__random_uniform__seed103,GPT-OSS-20B,Random,103,5,0.0
gpt_oss_20b__vs__random_uniform__seed103,GPT-OSS-20B,Random,103,6,0.0
gpt_oss_20b__vs__random_uniform__seed103,GPT-OSS-20B,Random,103,7,0.0
gpt_oss_20b__vs__random_uniform__seed103,GPT-OSS-20B,Random,103,8,0.0
gpt_oss_20b__vs__random_uniform__seed103,GPT-OSS-20B,Random,103,9,0.0
gpt_oss_20b__vs__random_uniform__seed103,GPT-OSS-20B,Random,103,10,1.0
gpt_oss_20b__vs__random_uniform__seed103,GPT-OSS-20B,Random,103,11,0.0
gpt_oss_20b__vs__random_uniform__seed103,GPT-OSS-20B,Random,103,12,0.0
gpt_oss_20b__vs__random_uniform__seed103,GPT-OSS-20B,Random,103,13,0.0
gpt_oss_20b__vs__random_uniform__seed103,GPT-OSS-20B,Random,103,14,0.0
gpt_oss_20b__vs__random_uniform__seed103,GPT-OSS-20B,Random,103,15,0.0
gpt_oss_20b__vs__random_uniform__seed103,GPT-OSS-20B,Random,103,16,1.0
gpt_oss_20b__vs__random_uniform__seed103,GPT-OSS-20B,Random,103,17,0.0
gpt_oss_20b__vs__random_uniform__seed103,GPT-OSS-20B,Random,103,18,0.0
gpt_oss_20b__vs__random_uniform__seed103,GPT-OSS-20B,Random,103,19,0.0
gpt_oss_20b__vs__random_uniform__seed103,GPT-OSS-20B,Random,103,20,0.0
gpt_oss_20b__vs__random_uniform__seed103,GPT-OSS-20B,Random,103,21,0.0
gpt_oss_20b__vs__random_uniform__seed103,GPT-OSS-20B,Random,103,22,0.0
gpt_oss_20b__vs__random_uniform__seed103,GPT-OSS-20B,Random,103,23,0.0
gpt_oss_20b__vs__random_uniform__seed103,GPT-OSS-20B,Random,103,24,0.0
gpt_oss_20b__vs__random_uniform__seed103,GPT-OSS-20B,Random,103,25,0.0
gpt_oss_20b__vs__random_uniform__seed103,GPT-OSS-20B,Random,103,26,0.0
gpt_oss_20b__vs__random_uniform__seed103,GPT-OSS-20B,Random,103,27,0.0
gpt_oss_20b__vs__random_uniform__seed103,GPT-OSS-20B,Random,103,28,0.0
gpt_oss_20b__vs__random_uniform__seed103,GPT-OSS-20B,Random,103,29,0.0
gpt_oss_20b__vs__random_uniform__seed103,GPT-OSS-20B,Random,103,30,0.0
gpt_oss_20b__vs__random_uniform__seed103,GPT-OSS-20B,Random,103,31,0.0
gpt_oss_20b__vs__random_uniform__seed103,GPT-OSS-20B,Random,103,32,0.0
gpt_oss_20b__vs__random_uniform__seed103,GPT-OSS-20B,Random,103,33,0.0
gpt_oss_20b__vs__random_uniform__seed103,GPT-OSS-20B,Random,103,34,0.0
gpt_oss_20b__vs__random_uniform__seed103,GPT-OSS-20B,Random,103,35,0.0
gpt_oss_20b__vs__random_uniform__seed103,GPT-OSS-20B,Random,103,36,0.0
gpt_oss_20b__vs__random_uniform__seed103,GPT-OSS-20B,Random,103,37,0.0
gpt_oss_20b__vs__random_uniform__seed103,GPT-OSS-20B,Random,103,38,0.0
gpt_oss_20b__vs__random_uniform__seed103,GPT-OSS-20B,Random,103,39,0.0
gpt_oss_20b__vs__random_uniform__seed103,GPT-OSS-20B,Random,103,40,0.0
gpt_oss_20b__vs__random_uniform__seed103,GPT-OSS-20B,Random,103,41,0.0
gpt_oss_20b__vs__random_uniform__seed103,GPT-OSS-20B,Random,103,42,0.0
gpt_oss_20b__vs__random_uniform__seed103,GPT-OSS-20B,Random,103,43,0.0
gpt_oss_20b__vs__random_uniform__seed103,GPT-OSS-20B,Random,103,44,0.0
gpt_oss_20b__vs__random_uniform__seed103,GPT-OSS-20B,Random,103,45,0.0
gpt_oss_20b__vs__random_uniform__seed103,GPT-OSS-20B,Random,103,46,0.0
gpt_oss_20b__vs__random_uniform__seed103,GPT-OSS-20B,Random,103,47,0.0
gpt_oss_20b__vs__random_uniform__seed103,GPT-OSS-20B,Random,103,48,0.0
gpt_oss_20b__vs__random_uniform__seed103,GPT-OSS-20B,Random,103,49,0.0
gpt_oss_20b__vs__random_uniform__seed103,GPT-OSS-20B,Random,103,50,0.0
gpt_oss_20b__vs__random_uniform__seed104,GPT-OSS-20B,Random,104,1,0.0
gpt_oss_20b__vs__random_uniform__seed104,GPT-OSS-20B,Random,104,2,0.0
gpt_oss_20b__vs__random_uniform__seed104,GPT-OSS-20B,Random,104,3,0.0
gpt_oss_20b__vs__random_uniform__seed104,GPT-OSS-20B,Random,104,4,0.0
gpt_oss_20b__vs__random_uniform__seed104,GPT-OSS-20B,Random,104,5,0.0
gpt_oss_20b__vs__random_uniform__seed104,GPT-OSS-20B,Random,104,6,0.0
gpt_oss_20b__vs__random_uniform__seed104,GPT-OSS-20B,Random,104,7,0.0
gpt_oss_20b__vs__random_uniform__seed104,GPT-OSS-20B,Random,104,8,0.0
gpt_oss_20b__vs__random_uniform__seed104,GPT-OSS-20B,Random,104,9,0.0
gpt_oss_20b__vs__random_uniform__seed104,GPT-OSS-20B,Random,104,10,0.0
gpt_oss_20b__vs__random_uniform__seed104,GPT-OSS-20B,Random,104,11,0.0
gpt_oss_20b__vs__random_uniform__seed104,GPT-OSS-20B,Random,104,12,0.0
gpt_oss_20b__vs__random_uniform__seed104,GPT-OSS-20B,Random,104,13,0.0
gpt_oss_20b__vs__random_uniform__seed104,GPT-OSS-20B,Random,104,14,0.0
gpt_oss_20b__vs__random_uniform__seed104,GPT-OSS-20B,Random,104,15,0.0
gpt_oss_20b__vs__random_uniform__seed104,GPT-OSS-20B,Random,104,16,0.0
gpt_oss_20b__vs__random_uniform__seed104,GPT-OSS-20B,Random,104,17,0.0
gpt_oss_20b__vs__random_uniform__seed104,GPT-OSS-20B,Random,104,18,0.0
gpt_oss_20b__vs__random_uniform__seed104,GPT-OSS-20B,Random,104,19,0.0
gpt_oss_20b__vs__random_uniform__seed104,GPT-OSS-20B,Random,104,20,0.0
gpt_oss_20b__vs__random_uniform__seed104,GPT-OSS-20B,Random,104,21,0.0
gpt_oss_20b__vs__random_uniform__seed104,GPT-OSS-20B,Random,104,22,0.0
gpt_oss_20b__vs__random_uniform__seed104,GPT-OSS-20B,Random,104,23,0.0
gpt_oss_20b__vs__random_uniform__seed104,GPT-OSS-20B,Random,104,24,0.0
gpt_oss_20b__vs__random_uniform__seed104,GPT-OSS-20B,Random,104,25,0.0
gpt_oss_20b__vs__random_uniform__seed104,GPT-OSS-20B,Random,104,26,0.0
gpt_oss_20b__vs__random_uniform__seed104,GPT-OSS-20B,Random,104,27,0.0
gpt_oss_20b__vs__random_uniform__seed104,GPT-OSS-20B,Random,104,28,0.0
gpt_oss_20b__vs__random_uniform__seed104,GPT-OSS-20B,Random,104,29,0.0
gpt_oss_20b__vs__random_uniform__seed104,GPT-OSS-20B,Random,104,30,0.0
gpt_oss_20b__vs__random_uniform__seed104,GPT-OSS-20B,Random,104,31,0.0
gpt_oss_20b__vs__random_uniform__seed104,GPT-OSS-20B,Random,104,32,0.0
gpt_oss_20b__vs__random_uniform__seed104,GPT-OSS-20B,Random,104,33,0.0
gpt_oss_20b__vs__random_uniform__seed104,GPT-OSS-20B,Random,104,34,0.0
gpt_oss_20b__vs__random_uniform__seed104,GPT-OSS-20B,Random,104,35,0.0
gpt_oss_20b__vs__random_uniform__seed104,GPT-OSS-20B,Random,104,36,0.0
gpt_oss_20b__vs__random_uniform__seed104,GPT-OSS-20B,Random,104,37,0.0
gpt_oss_20b__vs__random_uniform__seed104,GPT-OSS-20B,Random,104,38,0.0
gpt_oss_20b__vs__random_uniform__seed104,GPT-OSS-20B,Random,104,39,0.0
gpt_oss_20b__vs__random_uniform__seed104,GPT-OSS-20B,Random,104,40,0.0
gpt_oss_20b__vs__random_uniform__seed104,GPT-OSS-20B,Random,104,41,0.0
gpt_oss_20b__vs__random_uniform__seed104,GPT-OSS-20B,Random,104,42,0.0
gpt_oss_20b__vs__random_uniform__seed104,GPT-OSS-20B,Random,104,43,0.0
gpt_oss_20b__vs__random_uniform__seed104,GPT-OSS-20B,Random,104,44,0.0
gpt_oss_20b__vs__random_uniform__seed104,GPT-OSS-20B,Random,104,45,0.0
gpt_oss_20b__vs__random_uniform__seed104,GPT-OSS-20B,Random,104,46,0.0
gpt_oss_20b__vs__random_uniform__seed104,GPT-OSS-20B,Random,104,47,0.0
gpt_oss_20b__vs__random_uniform__seed104,GPT-OSS-20B,Random,104,48,0.0
gpt_oss_20b__vs__random_uniform__seed104,GPT-OSS-20B,Random,104,49,0.0
gpt_oss_20b__vs__random_uniform__seed104,GPT-OSS-20B,Random,104,50,0.0
gpt_oss_20b__vs__random_uniform__seed105,GPT-OSS-20B,Random,105,1,0.0
gpt_oss_20b__vs__random_uniform__seed105,GPT-OSS-20B,Random,105,2,0.25
gpt_oss_20b__vs__random_uniform__seed105,GPT-OSS-20B,Random,105,3,0.0
gpt_oss_20b__vs__random_uniform__seed105,GPT-OSS-20B,Random,105,4,0.0
gpt_oss_20b__vs__random_uniform__seed105,GPT-OSS-20B,Random,105,5,0.0
gpt_oss_20b__vs__random_uniform__seed105,GPT-OSS-20B,Random,105,6,0.0
gpt_oss_20b__vs__random_uniform__seed105,GPT-OSS-20B,Random,105,7,0.0
gpt_oss_20b__vs__random_uniform__seed105,GPT-OSS-20B,Random,105,8,0.0
gpt_oss_20b__vs__random_uniform__seed105,GPT-OSS-20B,Random,105,9,0.0
gpt_oss_20b__vs__random_uniform__seed105,GPT-OSS-20B,Random,105,10,0.0
gpt_oss_20b__vs__random_uniform__seed105,GPT-OSS-20B,Random,105,11,0.0
gpt_oss_20b__vs__random_uniform__seed105,GPT-OSS-20B,Random,105,12,0.0
gpt_oss_20b__vs__random_uniform__seed105,GPT-OSS-20B,Random,105,13,0.0
gpt_oss_20b__vs__random_uniform__seed105,GPT-OSS-20B,Random,105,14,0.0
gpt_oss_20b__vs__random_uniform__seed105,GPT-OSS-20B,Random,105,15,0.0
gpt_oss_20b__vs__random_uniform__seed105,GPT-OSS-20B,Random,105,16,0.0
gpt_oss_20b__vs__random_uniform__seed105,GPT-OSS-20B,Random,105,17,0.0
gpt_oss_20b__vs__random_uniform__seed105,GPT-OSS-20B,Random,105,18,0.0
gpt_oss_20b__vs__random_uniform__seed105,GPT-OSS-20B,Random,105,19,0.0
gpt_oss_20b__vs__random_uniform__seed105,GPT-OSS-20B,Random,105,20,0.0
gpt_oss_20b__vs__random_uniform__seed105,GPT-OSS-20B,Random,105,21,0.0
gpt_oss_20b__vs__random_uniform__seed105,GPT-OSS-20B,Random,105,22,0.0
gpt_oss_20b__vs__random_uniform__seed105,GPT-OSS-20B,Random,105,23,0.0
gpt_oss_20b__vs__random_uniform__seed105,GPT-OSS-20B,Random,105,24,0.0
gpt_oss_20b__vs__random_uniform__seed105,GPT-OSS-20B,Random,105,25,0.0
gpt_oss_20b__vs__random_uniform__seed105,GPT-OSS-20B,Random,105,26,0.0
gpt_oss_20b__vs__random_uniform__seed105,GPT-OSS-20B,Random,105,27,0.0
gpt_oss_20b__vs__random_uniform__seed105,GPT-OSS-20B,Random,105,28,0.0
gpt_oss_20b__vs__random_uniform__seed105,GPT-OSS-20B,Random,105,29,0.0
gpt_oss_20b__vs__random_uniform__seed105,GPT-OSS-20B,Random,105,30,0.0
gpt_oss_20b__vs__random_uniform__seed105,GPT-OSS-20B,Random,105,31,0.0
gpt_oss_20b__vs__random_uniform__seed105,GPT-OSS-20B,Random,105,32,0.0
gpt_oss_20b__vs__random_uniform__seed105,GPT-OSS-20B,Random,105,33,0.0
gpt_oss_20b__vs__random_uniform__seed105,GPT-OSS-20B,Random,105,34,0.0
gpt_oss_20b__vs__random_uniform__seed105,GPT-OSS-20B,Random,105,35,0.0
gpt_oss_20b__vs__random_uniform__seed105,GPT-OSS-20B,Random,105,36,0.0
gpt_oss_20b__vs__random_uniform__seed105,GPT-OSS-20B,Random,105,37,0.0
gpt_oss_20b__vs__random_uniform__seed105,GPT-OSS-20B,Random,105,38,0.0
gpt_oss_20b__vs__random_uniform__seed105,GPT-OSS-20B,Random,105,39,0.0
gpt_oss_20b__vs__random_uniform__seed105,GPT-OSS-20B,Random,105,40,0.0
gpt_oss_20b__vs__random_uniform__seed105,GPT-OSS-20B,Random,105,41,0.0
gpt_oss_20b__vs__random_uniform__seed105,GPT-OSS-20B,Random,105,42,0.0
gpt_oss_20b__vs__random_uniform__seed105,GPT-OSS-20B,Random,105,43,0.0
gpt_oss_20b__vs__random_uniform__seed105,GPT-OSS-20B,Random,105,44,0.0
gpt_oss_20b__vs__random_uniform__seed105,GPT-OSS-20B,Random,105,45,0.0
gpt_oss_20b__vs__random_uniform__seed105,GPT-OSS-20B,Random,105,46,0.0
gpt_oss_20b__vs__random_uniform__seed105,GPT-OSS-20B,Random,105,47,0.0
gpt_oss_20b__vs__random_uniform__seed105,GPT-OSS-20B,Random,105,48,0.0
gpt_oss_20b__vs__random_uniform__seed105,GPT-OSS-20B,Random,105,49,0.0
gpt_oss_20b__vs__random_uniform__seed105,GPT-OSS-20B,Random,105,50,0.0
gpt_oss_20b__vs__wsls__seed101,GPT-OSS-20B,WSLS,101,1,0.0
gpt_oss_20b__vs__wsls__seed101,GPT-OSS-20B,WSLS,101,2,0.0
gpt_oss_20b__vs__wsls__seed101,GPT-OSS-20B,WSLS,101,3,0.0
gpt_oss_20b__vs__wsls__seed101,GPT-OSS-20B,WSLS,101,4,0.0
gpt_oss_20b__vs__wsls__seed101,GPT-OSS-20B,WSLS,101,5,0.0
gpt_oss_20b__vs__wsls__seed101,GPT-OSS-20B,WSLS,101,6,0.0
gpt_oss_20b__vs__wsls__seed101,GPT-OSS-20B,WSLS,101,7,0.0
gpt_oss_20b__vs__wsls__seed101,GPT-OSS-20B,WSLS,101,8,0.0
gpt_oss_20b__vs__wsls__seed101,GPT-OSS-20B,WSLS,101,9,0.0
gpt_oss_20b__vs__wsls__seed101,GPT-OSS-20B,WSLS,101,10,0.0
gpt_oss_20b__vs__wsls__seed101,GPT-OSS-20B,WSLS,101,11,0.0
gpt_oss_20b__vs__wsls__seed101,GPT-OSS-20B,WSLS,101,12,0.0
gpt_oss_20b__vs__wsls__seed101,GPT-OSS-20B,WSLS,101,13,0.0
gpt_oss_20b__vs__wsls__seed101,GPT-OSS-20B,WSLS,101,14,0.0
gpt_oss_20b__vs__wsls__seed101,GPT-OSS-20B,WSLS,101,15,0.0
gpt_oss_20b__vs__wsls__seed101,GPT-OSS-20B,WSLS,101,16,0.0
gpt_oss_20b__vs__wsls__seed101,GPT-OSS-20B,WSLS,101,17,0.0
gpt_oss_20b__vs__wsls__seed101,GPT-OSS-20B,WSLS,101,18,0.0
gpt_oss_20b__vs__wsls__seed101,GPT-OSS-20B,WSLS,101,19,0.0
gpt_oss_20b__vs__wsls__seed101,GPT-OSS-20B,WSLS,101,20,0.0
gpt_oss_20b__vs__wsls__seed101,GPT-OSS-20B,WSLS,101,21,0.0
gpt_oss_20b__vs__wsls__seed101,GPT-OSS-20B,WSLS,101,22,0.0
gpt_oss_20b__vs__wsls__seed101,GPT-OSS-20B,WSLS,101,23,0.0
gpt_oss_20b__vs__wsls__seed101,GPT-OSS-20B,WSLS,101,24,0.0
gpt_oss_20b__vs__wsls__seed101,GPT-OSS-20B,WSLS,101,25,0.0
gpt_oss_20b__vs__wsls__seed101,GPT-OSS-20B,WSLS,101,26,0.0
gpt_oss_20b__vs__wsls__seed101,GPT-OSS-20B,WSLS,101,27,0.0
gpt_oss_20b__vs__wsls__seed101,GPT-OSS-20B,WSLS,101,28,0.0
gpt_oss_20b__vs__wsls__seed101,GPT-OSS-20B,WSLS,101,29,0.0
gpt_oss_20b__vs__wsls__seed101,GPT-OSS-20B,WSLS,101,30,0.0
gpt_oss_20b__vs__wsls__seed101,GPT-OSS-20B,WSLS,101,31,0.0
gpt_oss_20b__vs__wsls__seed101,GPT-OSS-20B,WSLS,101,32,0.0
gpt_oss_20b__vs__wsls__seed101,GPT-OSS-20B,WSLS,101,33,0.0
gpt_oss_20b__vs__wsls__seed101,GPT-OSS-20B,WSLS,101,34,0.0
gpt_oss_20b__vs__wsls__seed101,GPT-OSS-20B,WSLS,101,35,0.0
gpt_oss_20b__vs__wsls__seed101,GPT-OSS-20B,WSLS,101,36,0.0
gpt_oss_20b__vs__wsls__seed101,GPT-OSS-20B,WSLS,101,37,0.0
gpt_oss_20b__vs__wsls__seed101,GPT-OSS-20B,WSLS,101,38,0.0
gpt_oss_20b__vs__wsls__seed101,GPT-OSS-20B,WSLS,101,39,0.0
gpt_oss_20b__vs__wsls__seed101,GPT-OSS-20B,WSLS,101,40,0.0
gpt_oss_20b__vs__wsls__seed101,GPT-OSS-20B,WSLS,101,41,0.0
gpt_oss_20b__vs__wsls__seed101,GPT-OSS-20B,WSLS,101,42,0.0
gpt_oss_20b__vs__wsls__seed101,GPT-OSS-20B,WSLS,101,43,0.0
gpt_oss_20b__vs__wsls__seed101,GPT-OSS-20B,WSLS,101,44,0.0
gpt_oss_20b__vs__wsls__seed101,GPT-OSS-20B,WSLS,101,45,0.0
gpt_oss_20b__vs__wsls__seed101,GPT-OSS-20B,WSLS,101,46,0.0
gpt_oss_20b__vs__wsls__seed101,GPT-OSS-20B,WSLS,101,47,0.0
gpt_oss_20b__vs__wsls__seed101,GPT-OSS-20B,WSLS,101,48,0.0
gpt_oss_20b__vs__wsls__seed101,GPT-OSS-20B,WSLS,101,49,0.0
gpt_oss_20b__vs__wsls__seed101,GPT-OSS-20B,WSLS,101,50,0.0
gpt_oss_20b__vs__wsls__seed102,GPT-OSS-20B,WSLS,102,1,0.0
gpt_oss_20b__vs__wsls__seed102,GPT-OSS-20B,WSLS,102,2,0.0
gpt_oss_20b__vs__wsls__seed102,GPT-OSS-20B,WSLS,102,3,0.0
gpt_oss_20b__vs__wsls__seed102,GPT-OSS-20B,WSLS,102,4,0.0
gpt_oss_20b__vs__wsls__seed102,GPT-OSS-20B,WSLS,102,5,0.0
gpt_oss_20b__vs__wsls__seed102,GPT-OSS-20B,WSLS,102,6,0.0
gpt_oss_20b__vs__wsls__seed102,GPT-OSS-20B,WSLS,102,7,0.0
gpt_oss_20b__vs__wsls__seed102,GPT-OSS-20B,WSLS,102,8,0.0
gpt_oss_20b__vs__wsls__seed102,GPT-OSS-20B,WSLS,102,9,0.0
gpt_oss_20b__vs__wsls__seed102,GPT-OSS-20B,WSLS,102,10,0.0
gpt_oss_20b__vs__wsls__seed102,GPT-OSS-20B,WSLS,102,11,0.0
gpt_oss_20b__vs__wsls__seed102,GPT-OSS-20B,WSLS,102,12,0.0
gpt_oss_20b__vs__wsls__seed102,GPT-OSS-20B,WSLS,102,13,0.0
gpt_oss_20b__vs__wsls__seed102,GPT-OSS-20B,WSLS,102,14,0.0
gpt_oss_20b__vs__wsls__seed102,GPT-OSS-20B,WSLS,102,15,0.0
gpt_oss_20b__vs__wsls__seed102,GPT-OSS-20B,WSLS,102,16,0.0
gpt_oss_20b__vs__wsls__seed102,GPT-OSS-20B,WSLS,102,17,0.0
gpt_oss_20b__vs__wsls__seed102,GPT-OSS-20B,WSLS,102,18,0.0
gpt_oss_20b__vs__wsls__seed102,GPT-OSS-20B,WSLS,102,19,0.0
gpt_oss_20b__vs__wsls__seed102,GPT-OSS-20B,WSLS,102,20,0.0
gpt_oss_20b__vs__wsls__seed102,GPT-OSS-20B,WSLS,102,21,0.0
gpt_oss_20b__vs__wsls__seed102,GPT-OSS-20B,WSLS,102,22,0.0
gpt_oss_20b__vs__wsls__seed102,GPT-OSS-20B,WSLS,102,23,0.0
gpt_oss_20b__vs__wsls__seed102,GPT-OSS-20B,WSLS,102,24,0.0
gpt_oss_20b__vs__wsls__seed102,GPT-OSS-20B,WSLS,102,25,0.0
gpt_oss_20b__vs__wsls__seed102,GPT-OSS-20B,WSLS,102,26,0.0
gpt_oss_20b__vs__wsls__seed102,GPT-OSS-20B,WSLS,102,27,0.0
gpt_oss_20b__vs__wsls__seed102,GPT-OSS-20B,WSLS,102,28,0.0
gpt_oss_20b__vs__wsls__seed102,GPT-OSS-20B,WSLS,102,29,0.0
gpt_oss_20b__vs__wsls__seed102,GPT-OSS-20B,WSLS,102,30,0.0
gpt_oss_20b__vs__wsls__seed102,GPT-OSS-20B,WSLS,102,31,0.0
gpt_oss_20b__vs__wsls__seed102,GPT-OSS-20B,WSLS,102,32,0.0
gpt_oss_20b__vs__wsls__seed102,GPT-OSS-20B,WSLS,102,33,0.0
gpt_oss_20b__vs__wsls__seed102,GPT-OSS-20B,WSLS,102,34,0.0
gpt_oss_20b__vs__wsls__seed102,GPT-OSS-20B,WSLS,102,35,0.0
gpt_oss_20b__vs__wsls__seed102,GPT-OSS-20B,WSLS,102,36,0.0
gpt_oss_20b__vs__wsls__seed102,GPT-OSS-20B,WSLS,102,37,0.0
gpt_oss_20b__vs__wsls__seed102,GPT-OSS-20B,WSLS,102,38,0.0
gpt_oss_20b__vs__wsls__seed102,GPT-OSS-20B,WSLS,102,39,0.0
gpt_oss_20b__vs__wsls__seed102,GPT-OSS-20B,WSLS,102,40,0.0
gpt_oss_20b__vs__wsls__seed102,GPT-OSS-20B,WSLS,102,41,0.0
gpt_oss_20b__vs__wsls__seed102,GPT-OSS-20B,WSLS,102,42,0.0
gpt_oss_20b__vs__wsls__seed102,GPT-OSS-20B,WSLS,102,43,0.0
gpt_oss_20b__vs__wsls__seed102,GPT-OSS-20B,WSLS,102,44,0.0
gpt_oss_20b__vs__wsls__seed102,GPT-OSS-20B,WSLS,102,45,0.0
gpt_oss_20b__vs__wsls__seed102,GPT-OSS-20B,WSLS,102,46,0.0
gpt_oss_20b__vs__wsls__seed102,GPT-OSS-20B,WSLS,102,47,0.0
gpt_oss_20b__vs__wsls__seed102,GPT-OSS-20B,WSLS,102,48,0.0
gpt_oss_20b__vs__wsls__seed102,GPT-OSS-20B,WSLS,102,49,0.0
gpt_oss_20b__vs__wsls__seed102,GPT-OSS-20B,WSLS,102,50,0.0
gpt_oss_20b__vs__wsls__seed103,GPT-OSS-20B,WSLS,103,1,0.0
gpt_oss_20b__vs__wsls__seed103,GPT-OSS-20B,WSLS,103,2,0.0
gpt_oss_20b__vs__wsls__seed103,GPT-OSS-20B,WSLS,103,3,0.0
gpt_oss_20b__vs__wsls__seed103,GPT-OSS-20B,WSLS,103,4,0.0
gpt_oss_20b__vs__wsls__seed103,GPT-OSS-20B,WSLS,103,5,0.0
gpt_oss_20b__vs__wsls__seed103,GPT-OSS-20B,WSLS,103,6,0.0
gpt_oss_20b__vs__wsls__seed103,GPT-OSS-20B,WSLS,103,7,0.0
gpt_oss_20b__vs__wsls__seed103,GPT-OSS-20B,WSLS,103,8,0.0
gpt_oss_20b__vs__wsls__seed103,GPT-OSS-20B,WSLS,103,9,0.0
gpt_oss_20b__vs__wsls__seed103,GPT-OSS-20B,WSLS,103,10,0.0
gpt_oss_20b__vs__wsls__seed103,GPT-OSS-20B,WSLS,103,11,0.0
gpt_oss_20b__vs__wsls__seed103,GPT-OSS-20B,WSLS,103,12,0.0
gpt_oss_20b__vs__wsls__seed103,GPT-OSS-20B,WSLS,103,13,0.0
gpt_oss_20b__vs__wsls__seed103,GPT-OSS-20B,WSLS,103,14,0.0
gpt_oss_20b__vs__wsls__seed103,GPT-OSS-20B,WSLS,103,15,0.0
gpt_oss_20b__vs__wsls__seed103,GPT-OSS-20B,WSLS,103,16,0.0
gpt_oss_20b__vs__wsls__seed103,GPT-OSS-20B,WSLS,103,17,0.0
gpt_oss_20b__vs__wsls__seed103,GPT-OSS-20B,WSLS,103,18,0.0
gpt_oss_20b__vs__wsls__seed103,GPT-OSS-20B,WSLS,103,19,0.0
gpt_oss_20b__vs__wsls__seed103,GPT-OSS-20B,WSLS,103,20,0.0
gpt_oss_20b__vs__wsls__seed103,GPT-OSS-20B,WSLS,103,21,0.0
gpt_oss_20b__vs__wsls__seed103,GPT-OSS-20B,WSLS,103,22,0.0
gpt_oss_20b__vs__wsls__seed103,GPT-OSS-20B,WSLS,103,23,0.0
gpt_oss_20b__vs__wsls__seed103,GPT-OSS-20B,WSLS,103,24,0.0
gpt_oss_20b__vs__wsls__seed103,GPT-OSS-20B,WSLS,103,25,0.0
gpt_oss_20b__vs__wsls__seed103,GPT-OSS-20B,WSLS,103,26,0.0
gpt_oss_20b__vs__wsls__seed103,GPT-OSS-20B,WSLS,103,27,0.0
gpt_oss_20b__vs__wsls__seed103,GPT-OSS-20B,WSLS,103,28,0.0
gpt_oss_20b__vs__wsls__seed103,GPT-OSS-20B,WSLS,103,29,0.0
gpt_oss_20b__vs__wsls__seed103,GPT-OSS-20B,WSLS,103,30,0.0
gpt_oss_20b__vs__wsls__seed103,GPT-OSS-20B,WSLS,103,31,0.0
gpt_oss_20b__vs__wsls__seed103,GPT-OSS-20B,WSLS,103,32,0.0
gpt_oss_20b__vs__wsls__seed103,GPT-OSS-20B,WSLS,103,33,0.0
gpt_oss_20b__vs__wsls__seed103,GPT-OSS-20B,WSLS,103,34,0.0
gpt_oss_20b__vs__wsls__seed103,GPT-OSS-20B,WSLS,103,35,0.0
gpt_oss_20b__vs__wsls__seed103,GPT-OSS-20B,WSLS,103,36,0.0
gpt_oss_20b__vs__wsls__seed103,GPT-OSS-20B,WSLS,103,37,0.0
gpt_oss_20b__vs__wsls__seed103,GPT-OSS-20B,WSLS,103,38,0.0
gpt_oss_20b__vs__wsls__seed103,GPT-OSS-20B,WSLS,103,39,0.0
gpt_oss_20b__vs__wsls__seed103,GPT-OSS-20B,WSLS,103,40,0.0
gpt_oss_20b__vs__wsls__seed103,GPT-OSS-20B,WSLS,103,41,0.0
gpt_oss_20b__vs__wsls__seed103,GPT-OSS-20B,WSLS,103,42,0.0
gpt_oss_20b__vs__wsls__seed103,GPT-OSS-20B,WSLS,103,43,0.0
gpt_oss_20b__vs__wsls__seed103,GPT-OSS-20B,WSLS,103,44,0.0
gpt_oss_20b__vs__wsls__seed103,GPT-OSS-20B,WSLS,103,45,0.0
gpt_oss_20b__vs__wsls__seed103,GPT-OSS-20B,WSLS,103,46,0.0
gpt_oss_20b__vs__wsls__seed103,GPT-OSS-20B,WSLS,103,47,0.0
gpt_oss_20b__vs__wsls__seed103,GPT-OSS-20B,WSLS,103,48,0.0
gpt_oss_20b__vs__wsls__seed103,GPT-OSS-20B,WSLS,103,49,0.0
gpt_oss_20b__vs__wsls__seed103,GPT-OSS-20B,WSLS,103,50,0.0
gpt_oss_20b__vs__wsls__seed104,GPT-OSS-20B,WSLS,104,1,0.0
gpt_oss_20b__vs__wsls__seed104,GPT-OSS-20B,WSLS,104,2,0.0
gpt_oss_20b__vs__wsls__seed104,GPT-OSS-20B,WSLS,104,3,0.0
gpt_oss_20b__vs__wsls__seed104,GPT-OSS-20B,WSLS,104,4,0.0
gpt_oss_20b__vs__wsls__seed104,GPT-OSS-20B,WSLS,104,5,0.0
gpt_oss_20b__vs__wsls__seed104,GPT-OSS-20B,WSLS,104,6,0.0
gpt_oss_20b__vs__wsls__seed104,GPT-OSS-20B,WSLS,104,7,0.0
gpt_oss_20b__vs__wsls__seed104,GPT-OSS-20B,WSLS,104,8,0.0
gpt_oss_20b__vs__wsls__seed104,GPT-OSS-20B,WSLS,104,9,0.0
gpt_oss_20b__vs__wsls__seed104,GPT-OSS-20B,WSLS,104,10,0.0
gpt_oss_20b__vs__wsls__seed104,GPT-OSS-20B,WSLS,104,11,0.0
gpt_oss_20b__vs__wsls__seed104,GPT-OSS-20B,WSLS,104,12,0.0
gpt_oss_20b__vs__wsls__seed104,GPT-OSS-20B,WSLS,104,13,0.0
gpt_oss_20b__vs__wsls__seed104,GPT-OSS-20B,WSLS,104,14,0.0
gpt_oss_20b__vs__wsls__seed104,GPT-OSS-20B,WSLS,104,15,0.0
gpt_oss_20b__vs__wsls__seed104,GPT-OSS-20B,WSLS,104,16,0.0
gpt_oss_20b__vs__wsls__seed104,GPT-OSS-20B,WSLS,104,17,0.0
gpt_oss_20b__vs__wsls__seed104,GPT-OSS-20B,WSLS,104,18,0.0
gpt_oss_20b__vs__wsls__seed104,GPT-OSS-20B,WSLS,104,19,0.0
gpt_oss_20b__vs__wsls__seed104,GPT-OSS-20B,WSLS,104,20,0.0
gpt_oss_20b__vs__wsls__seed104,GPT-OSS-20B,WSLS,104,21,0.0
gpt_oss_20b__vs__wsls__seed104,GPT-OSS-20B,WSLS,104,22,0.0
gpt_oss_20b__vs__wsls__seed104,GPT-OSS-20B,WSLS,104,23,0.0
gpt_oss_20b__vs__wsls__seed104,GPT-OSS-20B,WSLS,104,24,0.0
gpt_oss_20b__vs__wsls__seed104,GPT-OSS-20B,WSLS,104,25,0.0
gpt_oss_20b__vs__wsls__seed104,GPT-OSS-20B,WSLS,104,26,0.0
gpt_oss_20b__vs__wsls__seed104,GPT-OSS-20B,WSLS,104,27,0.0
gpt_oss_20b__vs__wsls__seed104,GPT-OSS-20B,WSLS,104,28,0.0
gpt_oss_20b__vs__wsls__seed104,GPT-OSS-20B,WSLS,104,29,0.0
gpt_oss_20b__vs__wsls__seed104,GPT-OSS-20B,WSLS,104,30,0.0
gpt_oss_20b__vs__wsls__seed104,GPT-OSS-20B,WSLS,104,31,0.0
gpt_oss_20b__vs__wsls__seed104,GPT-OSS-20B,WSLS,104,32,0.0
gpt_oss_20b__vs__wsls__seed104,GPT-OSS-20B,WSLS,104,33,0.0
gpt_oss_20b__vs__wsls__seed104,GPT-OSS-20B,WSLS,104,34,0.0
gpt_oss_20b__vs__wsls__seed104,GPT-OSS-20B,WSLS,104,35,0.0
gpt_oss_20b__vs__wsls__seed104,GPT-OSS-20B,WSLS,104,36,0.0
gpt_oss_20b__vs__wsls__seed104,GPT-OSS-20B,WSLS,104,37,0.0
gpt_oss_20b__vs__wsls__seed104,GPT-OSS-20B,WSLS,104,38,0.0
gpt_oss_20b__vs__wsls__seed104,GPT-OSS-20B,WSLS,104,39,0.0
gpt_oss_20b__vs__wsls__seed104,GPT-OSS-20B,WSLS,104,40,0.0
gpt_oss_20b__vs__wsls__seed104,GPT-OSS-20B,WSLS,104,41,0.0
gpt_oss_20b__vs__wsls__seed104,GPT-OSS-20B,WSLS,104,42,0.0
gpt_oss_20b__vs__wsls__seed104,GPT-OSS-20B,WSLS,104,43,0.0
gpt_oss_20b__vs__wsls__seed104,GPT-OSS-20B,WSLS,104,44,0.0
gpt_oss_20b__vs__wsls__seed104,GPT-OSS-20B,WSLS,104,45,0.0
gpt_oss_20b__vs__wsls__seed104,GPT-OSS-20B,WSLS,104,46,0.0
gpt_oss_20b__vs__wsls__seed104,GPT-OSS-20B,WSLS,104,47,0.0
gpt_oss_20b__vs__wsls__seed104,GPT-OSS-20B,WSLS,104,48,0.0
gpt_oss_20b__vs__wsls__seed104,GPT-OSS-20B,WSLS,104,49,0.0
gpt_oss_20b__vs__wsls__seed104,GPT-OSS-20B,WSLS,104,50,0.0
gpt_oss_20b__vs__wsls__seed105,GPT-OSS-20B,WSLS,105,1,0.0
gpt_oss_20b__vs__wsls__seed105,GPT-OSS-20B,WSLS,105,2,0.0
gpt_oss_20b__vs__wsls__seed105,GPT-OSS-20B,WSLS,105,3,0.0
gpt_oss_20b__vs__wsls__seed105,GPT-OSS-20B,WSLS,105,4,0.0
gpt_oss_20b__vs__wsls__seed105,GPT-OSS-20B,WSLS,105,5,0.0
gpt_oss_20b__vs__wsls__seed105,GPT-OSS-20B,WSLS,105,6,0.0
gpt_oss_20b__vs__wsls__seed105,GPT-OSS-20B,WSLS,105,7,0.0
gpt_oss_20b__vs__wsls__seed105,GPT-OSS-20B,WSLS,105,8,0.0
gpt_oss_20b__vs__wsls__seed105,GPT-OSS-20B,WSLS,105,9,0.0
gpt_oss_20b__vs__wsls__seed105,GPT-OSS-20B,WSLS,105,10,0.0
gpt_oss_20b__vs__wsls__seed105,GPT-OSS-20B,WSLS,105,11,0.0
gpt_oss_20b__vs__wsls__seed105,GPT-OSS-20B,WSLS,105,12,0.0
gpt_oss_20b__vs__wsls__seed105,GPT-OSS-20B,WSLS,105,13,0.0
gpt_oss_20b__vs__wsls__seed105,GPT-OSS-20B,WSLS,105,14,0.0
gpt_oss_20b__vs__wsls__seed105,GPT-OSS-20B,WSLS,105,15,0.0
gpt_oss_20b__vs__wsls__seed105,GPT-OSS-20B,WSLS,105,16,0.0
gpt_oss_20b__vs__wsls__seed105,GPT-OSS-20B,WSLS,105,17,0.0
gpt_oss_20b__vs__wsls__seed105,GPT-OSS-20B,WSLS,105,18,0.0
gpt_oss_20b__vs__wsls__seed105,GPT-OSS-20B,WSLS,105,19,0.0
gpt_oss_20b__vs__wsls__seed105,GPT-OSS-20B,WSLS,105,20,0.0
gpt_oss_20b__vs__wsls__seed105,GPT-OSS-20B,WSLS,105,21,0.0
gpt_oss_20b__vs__wsls__seed105,GPT-OSS-20B,WSLS,105,22,0.0
gpt_oss_20b__vs__wsls__seed105,GPT-OSS-20B,WSLS,105,23,0.0
gpt_oss_20b__vs__wsls__seed105,GPT-OSS-20B,WSLS,105,24,0.0
gpt_oss_20b__vs__wsls__seed105,GPT-OSS-20B,WSLS,105,25,0.0
gpt_oss_20b__vs__wsls__seed105,GPT-OSS-20B,WSLS,105,26,0.0
gpt_oss_20b__vs__wsls__seed105,GPT-OSS-20B,WSLS,105,27,0.0
gpt_oss_20b__vs__wsls__seed105,GPT-OSS-20B,WSLS,105,28,0.0
gpt_oss_20b__vs__wsls__seed105,GPT-OSS-20B,WSLS,105,29,0.0
gpt_oss_20b__vs__wsls__seed105,GPT-OSS-20B,WSLS,105,30,0.0
gpt_oss_20b__vs__wsls__seed105,GPT-OSS-20B,WSLS,105,31,0.0
gpt_oss_20b__vs__wsls__seed105,GPT-OSS-20B,WSLS,105,32,0.0
gpt_oss_20b__vs__wsls__seed105,GPT-OSS-20B,WSLS,105,33,0.0
gpt_oss_20b__vs__wsls__seed105,GPT-OSS-20B,WSLS,105,34,0.0
gpt_oss_20b__vs__wsls__seed105,GPT-OSS-20B,WSLS,105,35,0.0
gpt_oss_20b__vs__wsls__seed105,GPT-OSS-20B,WSLS,105,36,0.0
gpt_oss_20b__vs__wsls__seed105,GPT-OSS-20B,WSLS,105,37,0.0
gpt_oss_20b__vs__wsls__seed105,GPT-OSS-20B,WSLS,105,38,0.0
gpt_oss_20b__vs__wsls__seed105,GPT-OSS-20B,WSLS,105,39,0.0
gpt_oss_20b__vs__wsls__seed105,GPT-OSS-20B,WSLS,105,40,0.0
gpt_oss_20b__vs__wsls__seed105,GPT-OSS-20B,WSLS,105,41,0.0
gpt_oss_20b__vs__wsls__seed105,GPT-OSS-20B,WSLS,105,42,0.0
gpt_oss_20b__vs__wsls__seed105,GPT-OSS-20B,WSLS,105,43,0.0
gpt_oss_20b__vs__wsls__seed105,GPT-OSS-20B,WSLS,105,44,0.0
gpt_oss_20b__vs__wsls__seed105,GPT-OSS-20B,WSLS,105,45,0.0
gpt_oss_20b__vs__wsls__seed105,GPT-OSS-20B,WSLS,105,46,0.0
gpt_oss_20b__vs__wsls__seed105,GPT-OSS-20B,WSLS,105,47,0.0
gpt_oss_20b__vs__wsls__seed105,GPT-OSS-20B,WSLS,105,48,0.0
gpt_oss_20b__vs__wsls__seed105,GPT-OSS-20B,WSLS,105,49,0.0
gpt_oss_20b__vs__wsls__seed105,GPT-OSS-20B,WSLS,105,50,0.0
llama31_8b__vs__always_cooperate__seed101,Llama-3.1-8B,Always Cooperate,101,1,0.0
llama31_8b__vs__always_cooperate__seed101,Llama-3.1-8B,Always Cooperate,101,2,0.0
llama31_8b__vs__always_cooperate__seed101,Llama-3.1-8B,Always Cooperate,101,3,0.0
llama31_8b__vs__always_cooperate__seed101,Llama-3.1-8B,Always Cooperate,101,4,0.0
llama31_8b__vs__always_cooperate__seed101,Llama-3.1-8B,Always Cooperate,101,5,0.0
llama31_8b__vs__always_cooperate__seed101,Llama-3.1-8B,Always Cooperate,101,6,0.0
llama31_8b__vs__always_cooperate__seed101,Llama-3.1-8B,Always Cooperate,101,7,0.0
llama31_8b__vs__always_cooperate__seed101,Llama-3.1-8B,Always Cooperate,101,8,0.0
llama31_8b__vs__always_cooperate__seed101,Llama-3.1-8B,Always Cooperate,101,9,0.0
llama31_8b__vs__always_cooperate__seed101,Llama-3.1-8B,Always Cooperate,101,10,0.0
llama31_8b__vs__always_cooperate__seed101,Llama-3.1-8B,Always Cooperate,101,11,0.0
llama31_8b__vs__always_cooperate__seed101,Llama-3.1-8B,Always Cooperate,101,12,0.0
llama31_8b__vs__always_cooperate__seed101,Llama-3.1-8B,Always Cooperate,101,13,0.0
llama31_8b__vs__always_cooperate__seed101,Llama-3.1-8B,Always Cooperate,101,14,0.0
llama31_8b__vs__always_cooperate__seed101,Llama-3.1-8B,Always Cooperate,101,15,0.0
llama31_8b__vs__always_cooperate__seed101,Llama-3.1-8B,Always Cooperate,101,16,0.0
llama31_8b__vs__always_cooperate__seed101,Llama-3.1-8B,Always Cooperate,101,17,0.0
llama31_8b__vs__always_cooperate__seed101,Llama-3.1-8B,Always Cooperate,101,18,0.0
llama31_8b__vs__always_cooperate__seed101,Llama-3.1-8B,Always Cooperate,101,19,0.0
llama31_8b__vs__always_cooperate__seed101,Llama-3.1-8B,Always Cooperate,101,20,0.0
llama31_8b__vs__always_cooperate__seed101,Llama-3.1-8B,Always Cooperate,101,21,0.0
llama31_8b__vs__always_cooperate__seed101,Llama-3.1-8B,Always Cooperate,101,22,0.0
llama31_8b__vs__always_cooperate__seed101,Llama-3.1-8B,Always Cooperate,101,23,0.0
llama31_8b__vs__always_cooperate__seed101,Llama-3.1-8B,Always Cooperate,101,24,0.0
llama31_8b__vs__always_cooperate__seed101,Llama-3.1-8B,Always Cooperate,101,25,0.0
llama31_8b__vs__always_cooperate__seed101,Llama-3.1-8B,Always Cooperate,101,26,0.0
llama31_8b__vs__always_cooperate__seed101,Llama-3.1-8B,Always Cooperate,101,27,0.0
llama31_8b__vs__always_cooperate__seed101,Llama-3.1-8B,Always Cooperate,101,28,0.0
llama31_8b__vs__always_cooperate__seed101,Llama-3.1-8B,Always Cooperate,101,29,0.0
llama31_8b__vs__always_cooperate__seed101,Llama-3.1-8B,Always Cooperate,101,30,0.0
llama31_8b__vs__always_cooperate__seed101,Llama-3.1-8B,Always Cooperate,101,31,0.0
llama31_8b__vs__always_cooperate__seed101,Llama-3.1-8B,Always Cooperate,101,32,0.0
llama31_8b__vs__always_cooperate__seed101,Llama-3.1-8B,Always Cooperate,101,33,0.0
llama31_8b__vs__always_cooperate__seed101,Llama-3.1-8B,Always Cooperate,101,34,0.0
llama31_8b__vs__always_cooperate__seed101,Llama-3.1-8B,Always Cooperate,101,35,0.0
llama31_8b__vs__always_cooperate__seed101,Llama-3.1-8B,Always Cooperate,101,36,0.0
llama31_8b__vs__always_cooperate__seed101,Llama-3.1-8B,Always Cooperate,101,37,0.0
llama31_8b__vs__always_cooperate__seed101,Llama-3.1-8B,Always Cooperate,101,38,0.0
llama31_8b__vs__always_cooperate__seed101,Llama-3.1-8B,Always Cooperate,101,39,0.0
llama31_8b__vs__always_cooperate__seed101,Llama-3.1-8B,Always Cooperate,101,40,0.0
llama31_8b__vs__always_cooperate__seed101,Llama-3.1-8B,Always Cooperate,101,41,0.0
llama31_8b__vs__always_cooperate__seed101,Llama-3.1-8B,Always Cooperate,101,42,0.0
llama31_8b__vs__always_cooperate__seed101,Llama-3.1-8B,Always Cooperate,101,43,0.0
llama31_8b__vs__always_cooperate__seed101,Llama-3.1-8B,Always Cooperate,101,44,0.0
llama31_8b__vs__always_cooperate__seed101,Llama-3.1-8B,Always Cooperate,101,45,0.0
llama31_8b__vs__always_cooperate__seed101,Llama-3.1-8B,Always Cooperate,101,46,0.0
llama31_8b__vs__always_cooperate__seed101,Llama-3.1-8B,Always Cooperate,101,47,0.0
llama31_8b__vs__always_cooperate__seed101,Llama-3.1-8B,Always Cooperate,101,48,0.0
llama31_8b__vs__always_cooperate__seed101,Llama-3.1-8B,Always Cooperate,101,49,0.0
llama31_8b__vs__always_cooperate__seed101,Llama-3.1-8B,Always Cooperate,101,50,0.0
llama31_8b__vs__always_cooperate__seed102,Llama-3.1-8B,Always Cooperate,102,1,0.0
llama31_8b__vs__always_cooperate__seed102,Llama-3.1-8B,Always Cooperate,102,2,0.0
llama31_8b__vs__always_cooperate__seed102,Llama-3.1-8B,Always Cooperate,102,3,0.0
llama31_8b__vs__always_cooperate__seed102,Llama-3.1-8B,Always Cooperate,102,4,0.0
llama31_8b__vs__always_cooperate__seed102,Llama-3.1-8B,Always Cooperate,102,5,0.0
llama31_8b__vs__always_cooperate__seed102,Llama-3.1-8B,Always Cooperate,102,6,0.0
llama31_8b__vs__always_cooperate__seed102,Llama-3.1-8B,Always Cooperate,102,7,0.0
llama31_8b__vs__always_cooperate__seed102,Llama-3.1-8B,Always Cooperate,102,8,0.0
llama31_8b__vs__always_cooperate__seed102,Llama-3.1-8B,Always Cooperate,102,9,0.0
llama31_8b__vs__always_cooperate__seed102,Llama-3.1-8B,Always Cooperate,102,10,0.0
llama31_8b__vs__always_cooperate__seed102,Llama-3.1-8B,Always Cooperate,102,11,0.0
llama31_8b__vs__always_cooperate__seed102,Llama-3.1-8B,Always Cooperate,102,12,0.0
llama31_8b__vs__always_cooperate__seed102,Llama-3.1-8B,Always Cooperate,102,13,0.0
llama31_8b__vs__always_cooperate__seed102,Llama-3.1-8B,Always Cooperate,102,14,0.0
llama31_8b__vs__always_cooperate__seed102,Llama-3.1-8B,Always Cooperate,102,15,0.0
llama31_8b__vs__always_cooperate__seed102,Llama-3.1-8B,Always Cooperate,102,16,0.0
llama31_8b__vs__always_cooperate__seed102,Llama-3.1-8B,Always Cooperate,102,17,0.0
llama31_8b__vs__always_cooperate__seed102,Llama-3.1-8B,Always Cooperate,102,18,0.0
llama31_8b__vs__always_cooperate__seed102,Llama-3.1-8B,Always Cooperate,102,19,0.0
llama31_8b__vs__always_cooperate__seed102,Llama-3.1-8B,Always Cooperate,102,20,0.0
llama31_8b__vs__always_cooperate__seed102,Llama-3.1-8B,Always Cooperate,102,21,0.0
llama31_8b__vs__always_cooperate__seed102,Llama-3.1-8B,Always Cooperate,102,22,0.0
llama31_8b__vs__always_cooperate__seed102,Llama-3.1-8B,Always Cooperate,102,23,0.0
llama31_8b__vs__always_cooperate__seed102,Llama-3.1-8B,Always Cooperate,102,24,0.0
llama31_8b__vs__always_cooperate__seed102,Llama-3.1-8B,Always Cooperate,102,25,0.0
llama31_8b__vs__always_cooperate__seed102,Llama-3.1-8B,Always Cooperate,102,26,0.0
llama31_8b__vs__always_cooperate__seed102,Llama-3.1-8B,Always Cooperate,102,27,0.0
llama31_8b__vs__always_cooperate__seed102,Llama-3.1-8B,Always Cooperate,102,28,0.0
llama31_8b__vs__always_cooperate__seed102,Llama-3.1-8B,Always Cooperate,102,29,0.0
llama31_8b__vs__always_cooperate__seed102,Llama-3.1-8B,Always Cooperate,102,30,0.0
llama31_8b__vs__always_cooperate__seed102,Llama-3.1-8B,Always Cooperate,102,31,0.0
llama31_8b__vs__always_cooperate__seed102,Llama-3.1-8B,Always Cooperate,102,32,0.0
llama31_8b__vs__always_cooperate__seed102,Llama-3.1-8B,Always Cooperate,102,33,0.0
llama31_8b__vs__always_cooperate__seed102,Llama-3.1-8B,Always Cooperate,102,34,0.0
llama31_8b__vs__always_cooperate__seed102,Llama-3.1-8B,Always Cooperate,102,35,0.0
llama31_8b__vs__always_cooperate__seed102,Llama-3.1-8B,Always Cooperate,102,36,0.0
llama31_8b__vs__always_cooperate__seed102,Llama-3.1-8B,Always Cooperate,102,37,0.0
llama31_8b__vs__always_cooperate__seed102,Llama-3.1-8B,Always Cooperate,102,38,0.0
llama31_8b__vs__always_cooperate__seed102,Llama-3.1-8B,Always Cooperate,102,39,0.0
llama31_8b__vs__always_cooperate__seed102,Llama-3.1-8B,Always Cooperate,102,40,0.0
llama31_8b__vs__always_cooperate__seed102,Llama-3.1-8B,Always Cooperate,102,41,0.0
llama31_8b__vs__always_cooperate__seed102,Llama-3.1-8B,Always Cooperate,102,42,0.0
llama31_8b__vs__always_cooperate__seed102,Llama-3.1-8B,Always Cooperate,102,43,0.0
llama31_8b__vs__always_cooperate__seed102,Llama-3.1-8B,Always Cooperate,102,44,0.0
llama31_8b__vs__always_cooperate__seed102,Llama-3.1-8B,Always Cooperate,102,45,0.0
llama31_8b__vs__always_cooperate__seed102,Llama-3.1-8B,Always Cooperate,102,46,0.0
llama31_8b__vs__always_cooperate__seed102,Llama-3.1-8B,Always Cooperate,102,47,0.0
llama31_8b__vs__always_cooperate__seed102,Llama-3.1-8B,Always Cooperate,102,48,0.0
llama31_8b__vs__always_cooperate__seed102,Llama-3.1-8B,Always Cooperate,102,49,0.0
llama31_8b__vs__always_cooperate__seed102,Llama-3.1-8B,Always Cooperate,102,50,0.0
llama31_8b__vs__always_cooperate__seed103,Llama-3.1-8B,Always Cooperate,103,1,0.0
llama31_8b__vs__always_cooperate__seed103,Llama-3.1-8B,Always Cooperate,103,2,0.0
llama31_8b__vs__always_cooperate__seed103,Llama-3.1-8B,Always Cooperate,103,3,0.0
llama31_8b__vs__always_cooperate__seed103,Llama-3.1-8B,Always Cooperate,103,4,0.0
llama31_8b__vs__always_cooperate__seed103,Llama-3.1-8B,Always Cooperate,103,5,0.0
llama31_8b__vs__always_cooperate__seed103,Llama-3.1-8B,Always Cooperate,103,6,0.0
llama31_8b__vs__always_cooperate__seed103,Llama-3.1-8B,Always Cooperate,103,7,0.0
llama31_8b__vs__always_cooperate__seed103,Llama-3.1-8B,Always Cooperate,103,8,0.0
llama31_8b__vs__always_cooperate__seed103,Llama-3.1-8B,Always Cooperate,103,9,0.0
llama31_8b__vs__always_cooperate__seed103,Llama-3.1-8B,Always Cooperate,103,10,0.0
llama31_8b__vs__always_cooperate__seed103,Llama-3.1-8B,Always Cooperate,103,11,0.0
llama31_8b__vs__always_cooperate__seed103,Llama-3.1-8B,Always Cooperate,103,12,0.0
llama31_8b__vs__always_cooperate__seed103,Llama-3.1-8B,Always Cooperate,103,13,0.0
llama31_8b__vs__always_cooperate__seed103,Llama-3.1-8B,Always Cooperate,103,14,0.0
llama31_8b__vs__always_cooperate__seed103,Llama-3.1-8B,Always Cooperate,103,15,0.0
llama31_8b__vs__always_cooperate__seed103,Llama-3.1-8B,Always Cooperate,103,16,0.0
llama31_8b__vs__always_cooperate__seed103,Llama-3.1-8B,Always Cooperate,103,17,0.0
llama31_8b__vs__always_cooperate__seed103,Llama-3.1-8B,Always Cooperate,103,18,0.0
llama31_8b__vs__always_cooperate__seed103,Llama-3.1-8B,Always Cooperate,103,19,0.0
llama31_8b__vs__always_cooperate__seed103,Llama-3.1-8B,Always Cooperate,103,20,0.0
llama31_8b__vs__always_cooperate__seed103,Llama-3.1-8B,Always Cooperate,103,21,0.0
llama31_8b__vs__always_cooperate__seed103,Llama-3.1-8B,Always Cooperate,103,22,0.0
llama31_8b__vs__always_cooperate__seed103,Llama-3.1-8B,Always Cooperate,103,23,0.0
llama31_8b__vs__always_cooperate__seed103,Llama-3.1-8B,Always Cooperate,103,24,0.0
llama31_8b__vs__always_cooperate__seed103,Llama-3.1-8B,Always Cooperate,103,25,0.0
llama31_8b__vs__always_cooperate__seed103,Llama-3.1-8B,Always Cooperate,103,26,0.0
llama31_8b__vs__always_cooperate__seed103,Llama-3.1-8B,Always Cooperate,103,27,0.0
llama31_8b__vs__always_cooperate__seed103,Llama-3.1-8B,Always Cooperate,103,28,0.0
llama31_8b__vs__always_cooperate__seed103,Llama-3.1-8B,Always Cooperate,103,29,0.0
llama31_8b__vs__always_cooperate__seed103,Llama-3.1-8B,Always Cooperate,103,30,0.0
llama31_8b__vs__always_cooperate__seed103,Llama-3.1-8B,Always Cooperate,103,31,0.0
llama31_8b__vs__always_cooperate__seed103,Llama-3.1-8B,Always Cooperate,103,32,0.0
llama31_8b__vs__always_cooperate__seed103,Llama-3.1-8B,Always Cooperate,103,33,0.0
llama31_8b__vs__always_cooperate__seed103,Llama-3.1-8B,Always Cooperate,103,34,0.0
llama31_8b__vs__always_cooperate__seed103,Llama-3.1-8B,Always Cooperate,103,35,0.0
llama31_8b__vs__always_cooperate__seed103,Llama-3.1-8B,Always Cooperate,103,36,0.0
llama31_8b__vs__always_cooperate__seed103,Llama-3.1-8B,Always Cooperate,103,37,0.0
llama31_8b__vs__always_cooperate__seed103,Llama-3.1-8B,Always Cooperate,103,38,0.0
llama31_8b__vs__always_cooperate__seed103,Llama-3.1-8B,Always Cooperate,103,39,0.0
llama31_8b__vs__always_cooperate__seed103,Llama-3.1-8B,Always Cooperate,103,40,0.0
llama31_8b__vs__always_cooperate__seed103,Llama-3.1-8B,Always Cooperate,103,41,0.0
llama31_8b__vs__always_cooperate__seed103,Llama-3.1-8B,Always Cooperate,103,42,0.0
llama31_8b__vs__always_cooperate__seed103,Llama-3.1-8B,Always Cooperate,103,43,0.0
llama31_8b__vs__always_cooperate__seed103,Llama-3.1-8B,Always Cooperate,103,44,0.0
llama31_8b__vs__always_cooperate__seed103,Llama-3.1-8B,Always Cooperate,103,45,0.0
llama31_8b__vs__always_cooperate__seed103,Llama-3.1-8B,Always Cooperate,103,46,0.0
llama31_8b__vs__always_cooperate__seed103,Llama-3.1-8B,Always Cooperate,103,47,0.0
llama31_8b__vs__always_cooperate__seed103,Llama-3.1-8B,Always Cooperate,103,48,0.0
llama31_8b__vs__always_cooperate__seed103,Llama-3.1-8B,Always Cooperate,103,49,0.0
llama31_8b__vs__always_cooperate__seed103,Llama-3.1-8B,Always Cooperate,103,50,0.0
llama31_8b__vs__always_cooperate__seed104,Llama-3.1-8B,Always Cooperate,104,1,0.0
llama31_8b__vs__always_cooperate__seed104,Llama-3.1-8B,Always Cooperate,104,2,0.0
llama31_8b__vs__always_cooperate__seed104,Llama-3.1-8B,Always Cooperate,104,3,0.0
llama31_8b__vs__always_cooperate__seed104,Llama-3.1-8B,Always Cooperate,104,4,0.0
llama31_8b__vs__always_cooperate__seed104,Llama-3.1-8B,Always Cooperate,104,5,0.0
llama31_8b__vs__always_cooperate__seed104,Llama-3.1-8B,Always Cooperate,104,6,0.0
llama31_8b__vs__always_cooperate__seed104,Llama-3.1-8B,Always Cooperate,104,7,0.0
llama31_8b__vs__always_cooperate__seed104,Llama-3.1-8B,Always Cooperate,104,8,0.0
llama31_8b__vs__always_cooperate__seed104,Llama-3.1-8B,Always Cooperate,104,9,0.0
llama31_8b__vs__always_cooperate__seed104,Llama-3.1-8B,Always Cooperate,104,10,0.0
llama31_8b__vs__always_cooperate__seed104,Llama-3.1-8B,Always Cooperate,104,11,0.0
llama31_8b__vs__always_cooperate__seed104,Llama-3.1-8B,Always Cooperate,104,12,0.0
llama31_8b__vs__always_cooperate__seed104,Llama-3.1-8B,Always Cooperate,104,13,0.0
llama31_8b__vs__always_cooperate__seed104,Llama-3.1-8B,Always Cooperate,104,14,0.0
llama31_8b__vs__always_cooperate__seed104,Llama-3.1-8B,Always Cooperate,104,15,0.0
llama31_8b__vs__always_cooperate__seed104,Llama-3.1-8B,Always Cooperate,104,16,0.0
llama31_8b__vs__always_cooperate__seed104,Llama-3.1-8B,Always Cooperate,104,17,0.0
llama31_8b__vs__always_cooperate__seed104,Llama-3.1-8B,Always Cooperate,104,18,0.0
llama31_8b__vs__always_cooperate__seed104,Llama-3.1-8B,Always Cooperate,104,19,0.0
llama31_8b__vs__always_cooperate__seed104,Llama-3.1-8B,Always Cooperate,104,20,0.0
llama31_8b__vs__always_cooperate__seed104,Llama-3.1-8B,Always Cooperate,104,21,0.0
llama31_8b__vs__always_cooperate__seed104,Llama-3.1-8B,Always Cooperate,104,22,0.0
llama31_8b__vs__always_cooperate__seed104,Llama-3.1-8B,Always Cooperate,104,23,0.0
llama31_8b__vs__always_cooperate__seed104,Llama-3.1-8B,Always Cooperate,104,24,0.0
llama31_8b__vs__always_cooperate__seed104,Llama-3.1-8B,Always Cooperate,104,25,0.0
llama31_8b__vs__always_cooperate__seed104,Llama-3.1-8B,Always Cooperate,104,26,0.0
llama31_8b__vs__always_cooperate__seed104,Llama-3.1-8B,Always Cooperate,104,27,0.0
llama31_8b__vs__always_cooperate__seed104,Llama-3.1-8B,Always Cooperate,104,28,0.0
llama31_8b__vs__always_cooperate__seed104,Llama-3.1-8B,Always Cooperate,104,29,0.0
llama31_8b__vs__always_cooperate__seed104,Llama-3.1-8B,Always Cooperate,104,30,0.0
llama31_8b__vs__always_cooperate__seed104,Llama-3.1-8B,Always Cooperate,104,31,0.0
llama31_8b__vs__always_cooperate__seed104,Llama-3.1-8B,Always Cooperate,104,32,0.0
llama31_8b__vs__always_cooperate__seed104,Llama-3.1-8B,Always Cooperate,104,33,0.0
llama31_8b__vs__always_cooperate__seed104,Llama-3.1-8B,Always Cooperate,104,34,0.0
llama31_8b__vs__always_cooperate__seed104,Llama-3.1-8B,Always Cooperate,104,35,0.0
llama31_8b__vs__always_cooperate__seed104,Llama-3.1-8B,Always Cooperate,104,36,0.0
llama31_8b__vs__always_cooperate__seed104,Llama-3.1-8B,Always Cooperate,104,37,0.0
llama31_8b__vs__always_cooperate__seed104,Llama-3.1-8B,Always Cooperate,104,38,0.0
llama31_8b__vs__always_cooperate__seed104,Llama-3.1-8B,Always Cooperate,104,39,0.0
llama31_8b__vs__always_cooperate__seed104,Llama-3.1-8B,Always Cooperate,104,40,0.0
llama31_8b__vs__always_cooperate__seed104,Llama-3.1-8B,Always Cooperate,104,41,0.0
llama31_8b__vs__always_cooperate__seed104,Llama-3.1-8B,Always Cooperate,104,42,0.0
llama31_8b__vs__always_cooperate__seed104,Llama-3.1-8B,Always Cooperate,104,43,0.0
llama31_8b__vs__always_cooperate__seed104,Llama-3.1-8B,Always Cooperate,104,44,0.0
llama31_8b__vs__always_cooperate__seed104,Llama-3.1-8B,Always Cooperate,104,45,0.0
llama31_8b__vs__always_cooperate__seed104,Llama-3.1-8B,Always Cooperate,104,46,0.0
llama31_8b__vs__always_cooperate__seed104,Llama-3.1-8B,Always Cooperate,104,47,0.0
llama31_8b__vs__always_cooperate__seed104,Llama-3.1-8B,Always Cooperate,104,48,0.0
llama31_8b__vs__always_cooperate__seed104,Llama-3.1-8B,Always Cooperate,104,49,0.0
llama31_8b__vs__always_cooperate__seed104,Llama-3.1-8B,Always Cooperate,104,50,0.0
llama31_8b__vs__always_cooperate__seed105,Llama-3.1-8B,Always Cooperate,105,1,0.0
llama31_8b__vs__always_cooperate__seed105,Llama-3.1-8B,Always Cooperate,105,2,0.0
llama31_8b__vs__always_cooperate__seed105,Llama-3.1-8B,Always Cooperate,105,3,0.0
llama31_8b__vs__always_cooperate__seed105,Llama-3.1-8B,Always Cooperate,105,4,0.0
llama31_8b__vs__always_cooperate__seed105,Llama-3.1-8B,Always Cooperate,105,5,0.0
llama31_8b__vs__always_cooperate__seed105,Llama-3.1-8B,Always Cooperate,105,6,0.0
llama31_8b__vs__always_cooperate__seed105,Llama-3.1-8B,Always Cooperate,105,7,0.0
llama31_8b__vs__always_cooperate__seed105,Llama-3.1-8B,Always Cooperate,105,8,0.0
llama31_8b__vs__always_cooperate__seed105,Llama-3.1-8B,Always Cooperate,105,9,0.0
llama31_8b__vs__always_cooperate__seed105,Llama-3.1-8B,Always Cooperate,105,10,0.0
llama31_8b__vs__always_cooperate__seed105,Llama-3.1-8B,Always Cooperate,105,11,0.0
llama31_8b__vs__always_cooperate__seed105,Llama-3.1-8B,Always Cooperate,105,12,0.0
llama31_8b__vs__always_cooperate__seed105,Llama-3.1-8B,Always Cooperate,105,13,0.0
llama31_8b__vs__always_cooperate__seed105,Llama-3.1-8B,Always Cooperate,105,14,0.0
llama31_8b__vs__always_cooperate__seed105,Llama-3.1-8B,Always Cooperate,105,15,0.0
llama31_8b__vs__always_cooperate__seed105,Llama-3.1-8B,Always Cooperate,105,16,0.0
llama31_8b__vs__always_cooperate__seed105,Llama-3.1-8B,Always Cooperate,105,17,0.0
llama31_8b__vs__always_cooperate__seed105,Llama-3.1-8B,Always Cooperate,105,18,0.0
llama31_8b__vs__always_cooperate__seed105,Llama-3.1-8B,Always Cooperate,105,19,0.0
llama31_8b__vs__always_cooperate__seed105,Llama-3.1-8B,Always Cooperate,105,20,0.0
llama31_8b__vs__always_cooperate__seed105,Llama-3.1-8B,Always Cooperate,105,21,0.0
llama31_8b__vs__always_cooperate__seed105,Llama-3.1-8B,Always Cooperate,105,22,0.0
llama31_8b__vs__always_cooperate__seed105,Llama-3.1-8B,Always Cooperate,105,23,0.0
llama31_8b__vs__always_cooperate__seed105,Llama-3.1-8B,Always Cooperate,105,24,0.0
llama31_8b__vs__always_cooperate__seed105,Llama-3.1-8B,Always Cooperate,105,25,0.0
llama31_8b__vs__always_cooperate__seed105,Llama-3.1-8B,Always Cooperate,105,26,0.0
llama31_8b__vs__always_cooperate__seed105,Llama-3.1-8B,Always Cooperate,105,27,0.0
llama31_8b__vs__always_cooperate__seed105,Llama-3.1-8B,Always Cooperate,105,28,0.0
llama31_8b__vs__always_cooperate__seed105,Llama-3.1-8B,Always Cooperate,105,29,0.0
llama31_8b__vs__always_cooperate__seed105,Llama-3.1-8B,Always Cooperate,105,30,0.0
llama31_8b__vs__always_cooperate__seed105,Llama-3.1-8B,Always Cooperate,105,31,0.0
llama31_8b__vs__always_cooperate__seed105,Llama-3.1-8B,Always Cooperate,105,32,0.0
llama31_8b__vs__always_cooperate__seed105,Llama-3.1-8B,Always Cooperate,105,33,0.0
llama31_8b__vs__always_cooperate__seed105,Llama-3.1-8B,Always Cooperate,105,34,0.0
llama31_8b__vs__always_cooperate__seed105,Llama-3.1-8B,Always Cooperate,105,35,0.0
llama31_8b__vs__always_cooperate__seed105,Llama-3.1-8B,Always Cooperate,105,36,0.0
llama31_8b__vs__always_cooperate__seed105,Llama-3.1-8B,Always Cooperate,105,37,0.0
llama31_8b__vs__always_cooperate__seed105,Llama-3.1-8B,Always Cooperate,105,38,0.0
llama31_8b__vs__always_cooperate__seed105,Llama-3.1-8B,Always Cooperate,105,39,0.0
llama31_8b__vs__always_cooperate__seed105,Llama-3.1-8B,Always Cooperate,105,40,0.0
llama31_8b__vs__always_cooperate__seed105,Llama-3.1-8B,Always Cooperate,105,41,0.0
llama31_8b__vs__always_cooperate__seed105,Llama-3.1-8B,Always Cooperate,105,42,0.0
llama31_8b__vs__always_cooperate__seed105,Llama-3.1-8B,Always Cooperate,105,43,0.0
llama31_8b__vs__always_cooperate__seed105,Llama-3.1-8B,Always Cooperate,105,44,0.0
llama31_8b__vs__always_cooperate__seed105,Llama-3.1-8B,Always Cooperate,105,45,0.0
llama31_8b__vs__always_cooperate__seed105,Llama-3.1-8B,Always Cooperate,105,46,0.0
llama31_8b__vs__always_cooperate__seed105,Llama-3.1-8B,Always Cooperate,105,47,0.0
llama31_8b__vs__always_cooperate__seed105,Llama-3.1-8B,Always Cooperate,105,48,0.0
llama31_8b__vs__always_cooperate__seed105,Llama-3.1-8B,Always Cooperate,105,49,0.0
llama31_8b__vs__always_cooperate__seed105,Llama-3.1-8B,Always Cooperate,105,50,0.0
llama31_8b__vs__always_defect__seed101,Llama-3.1-8B,Always Defect,101,1,0.0
llama31_8b__vs__always_defect__seed101,Llama-3.1-8B,Always Defect,101,2,0.0
llama31_8b__vs__always_defect__seed101,Llama-3.1-8B,Always Defect,101,3,0.0
llama31_8b__vs__always_defect__seed101,Llama-3.1-8B,Always Defect,101,4,0.0
llama31_8b__vs__always_defect__seed101,Llama-3.1-8B,Always Defect,101,5,0.0
llama31_8b__vs__always_defect__seed101,Llama-3.1-8B,Always Defect,101,6,0.0
llama31_8b__vs__always_defect__seed101,Llama-3.1-8B,Always Defect,101,7,0.0
llama31_8b__vs__always_defect__seed101,Llama-3.1-8B,Always Defect,101,8,0.0
llama31_8b__vs__always_defect__seed101,Llama-3.1-8B,Always Defect,101,9,0.0
llama31_8b__vs__always_defect__seed101,Llama-3.1-8B,Always Defect,101,10,0.0
llama31_8b__vs__always_defect__seed101,Llama-3.1-8B,Always Defect,101,11,0.0
llama31_8b__vs__always_defect__seed101,Llama-3.1-8B,Always Defect,101,12,0.0
llama31_8b__vs__always_defect__seed101,Llama-3.1-8B,Always Defect,101,13,0.0
llama31_8b__vs__always_defect__seed101,Llama-3.1-8B,Always Defect,101,14,0.0
llama31_8b__vs__always_defect__seed101,Llama-3.1-8B,Always Defect,101,15,0.0
llama31_8b__vs__always_defect__seed101,Llama-3.1-8B,Always Defect,101,16,0.0
llama31_8b__vs__always_defect__seed101,Llama-3.1-8B,Always Defect,101,17,0.0
llama31_8b__vs__always_defect__seed101,Llama-3.1-8B,Always Defect,101,18,0.0
llama31_8b__vs__always_defect__seed101,Llama-3.1-8B,Always Defect,101,19,0.0
llama31_8b__vs__always_defect__seed101,Llama-3.1-8B,Always Defect,101,20,0.0
llama31_8b__vs__always_defect__seed101,Llama-3.1-8B,Always Defect,101,21,0.0
llama31_8b__vs__always_defect__seed101,Llama-3.1-8B,Always Defect,101,22,0.0
llama31_8b__vs__always_defect__seed101,Llama-3.1-8B,Always Defect,101,23,0.0
llama31_8b__vs__always_defect__seed101,Llama-3.1-8B,Always Defect,101,24,0.0
llama31_8b__vs__always_defect__seed101,Llama-3.1-8B,Always Defect,101,25,0.0
llama31_8b__vs__always_defect__seed101,Llama-3.1-8B,Always Defect,101,26,0.0
llama31_8b__vs__always_defect__seed101,Llama-3.1-8B,Always Defect,101,27,0.0
llama31_8b__vs__always_defect__seed101,Llama-3.1-8B,Always Defect,101,28,0.0
llama31_8b__vs__always_defect__seed101,Llama-3.1-8B,Always Defect,101,29,0.0
llama31_8b__vs__always_defect__seed101,Llama-3.1-8B,Always Defect,101,30,0.0
llama31_8b__vs__always_defect__seed101,Llama-3.1-8B,Always Defect,101,31,0.0
llama31_8b__vs__always_defect__seed101,Llama-3.1-8B,Always Defect,101,32,0.0
llama31_8b__vs__always_defect__seed101,Llama-3.1-8B,Always Defect,101,33,0.0
llama31_8b__vs__always_defect__seed101,Llama-3.1-8B,Always Defect,101,34,0.0
llama31_8b__vs__always_defect__seed101,Llama-3.1-8B,Always Defect,101,35,0.0
llama31_8b__vs__always_defect__seed101,Llama-3.1-8B,Always Defect,101,36,0.0
llama31_8b__vs__always_defect__seed101,Llama-3.1-8B,Always Defect,101,37,0.0
llama31_8b__vs__always_defect__seed101,Llama-3.1-8B,Always Defect,101,38,0.0
llama31_8b__vs__always_defect__seed101,Llama-3.1-8B,Always Defect,101,39,0.0
llama31_8b__vs__always_defect__seed101,Llama-3.1-8B,Always Defect,101,40,0.0
llama31_8b__vs__always_defect__seed101,Llama-3.1-8B,Always Defect,101,41,0.0
llama31_8b__vs__always_defect__seed101,Llama-3.1-8B,Always Defect,101,42,0.0
llama31_8b__vs__always_defect__seed101,Llama-3.1-8B,Always Defect,101,43,0.0
llama31_8b__vs__always_defect__seed101,Llama-3.1-8B,Always Defect,101,44,0.0
llama31_8b__vs__always_defect__seed101,Llama-3.1-8B,Always Defect,101,45,0.0
llama31_8b__vs__always_defect__seed101,Llama-3.1-8B,Always Defect,101,46,0.0
llama31_8b__vs__always_defect__seed101,Llama-3.1-8B,Always Defect,101,47,0.0
llama31_8b__vs__always_defect__seed101,Llama-3.1-8B,Always Defect,101,48,0.0
llama31_8b__vs__always_defect__seed101,Llama-3.1-8B,Always Defect,101,49,0.0
llama31_8b__vs__always_defect__seed101,Llama-3.1-8B,Always Defect,101,50,0.0
llama31_8b__vs__always_defect__seed102,Llama-3.1-8B,Always Defect,102,1,0.0
llama31_8b__vs__always_defect__seed102,Llama-3.1-8B,Always Defect,102,2,0.0
llama31_8b__vs__always_defect__seed102,Llama-3.1-8B,Always Defect,102,3,0.0
llama31_8b__vs__always_defect__seed102,Llama-3.1-8B,Always Defect,102,4,0.0
llama31_8b__vs__always_defect__seed102,Llama-3.1-8B,Always Defect,102,5,0.0
llama31_8b__vs__always_defect__seed102,Llama-3.1-8B,Always Defect,102,6,0.0
llama31_8b__vs__always_defect__seed102,Llama-3.1-8B,Always Defect,102,7,0.0
llama31_8b__vs__always_defect__seed102,Llama-3.1-8B,Always Defect,102,8,0.0
llama31_8b__vs__always_defect__seed102,Llama-3.1-8B,Always Defect,102,9,0.0
llama31_8b__vs__always_defect__seed102,Llama-3.1-8B,Always Defect,102,10,0.0
llama31_8b__vs__always_defect__seed102,Llama-3.1-8B,Always Defect,102,11,0.0
llama31_8b__vs__always_defect__seed102,Llama-3.1-8B,Always Defect,102,12,0.0
llama31_8b__vs__always_defect__seed102,Llama-3.1-8B,Always Defect,102,13,0.0
llama31_8b__vs__always_defect__seed102,Llama-3.1-8B,Always Defect,102,14,0.0
llama31_8b__vs__always_defect__seed102,Llama-3.1-8B,Always Defect,102,15,0.0
llama31_8b__vs__always_defect__seed102,Llama-3.1-8B,Always Defect,102,16,0.0
llama31_8b__vs__always_defect__seed102,Llama-3.1-8B,Always Defect,102,17,0.0
llama31_8b__vs__always_defect__seed102,Llama-3.1-8B,Always Defect,102,18,0.0
llama31_8b__vs__always_defect__seed102,Llama-3.1-8B,Always Defect,102,19,0.0
llama31_8b__vs__always_defect__seed102,Llama-3.1-8B,Always Defect,102,20,0.0
llama31_8b__vs__always_defect__seed102,Llama-3.1-8B,Always Defect,102,21,0.0
llama31_8b__vs__always_defect__seed102,Llama-3.1-8B,Always Defect,102,22,0.0
llama31_8b__vs__always_defect__seed102,Llama-3.1-8B,Always Defect,102,23,0.0
llama31_8b__vs__always_defect__seed102,Llama-3.1-8B,Always Defect,102,24,0.0
llama31_8b__vs__always_defect__seed102,Llama-3.1-8B,Always Defect,102,25,0.0
llama31_8b__vs__always_defect__seed102,Llama-3.1-8B,Always Defect,102,26,0.0
llama31_8b__vs__always_defect__seed102,Llama-3.1-8B,Always Defect,102,27,0.0
llama31_8b__vs__always_defect__seed102,Llama-3.1-8B,Always Defect,102,28,0.0
llama31_8b__vs__always_defect__seed102,Llama-3.1-8B,Always Defect,102,29,0.0
llama31_8b__vs__always_defect__seed102,Llama-3.1-8B,Always Defect,102,30,0.0
llama31_8b__vs__always_defect__seed102,Llama-3.1-8B,Always Defect,102,31,0.0
llama31_8b__vs__always_defect__seed102,Llama-3.1-8B,Always Defect,102,32,0.0
llama31_8b__vs__always_defect__seed102,Llama-3.1-8B,Always Defect,102,33,0.0
llama31_8b__vs__always_defect__seed102,Llama-3.1-8B,Always Defect,102,34,0.0
llama31_8b__vs__always_defect__seed102,Llama-3.1-8B,Always Defect,102,35,0.0
llama31_8b__vs__always_defect__seed102,Llama-3.1-8B,Always Defect,102,36,0.0
llama31_8b__vs__always_defect__seed102,Llama-3.1-8B,Always Defect,102,37,0.0
llama31_8b__vs__always_defect__seed102,Llama-3.1-8B,Always Defect,102,38,0.0
llama31_8b__vs__always_defect__seed102,Llama-3.1-8B,Always Defect,102,39,0.0
llama31_8b__vs__always_defect__seed102,Llama-3.1-8B,Always Defect,102,40,0.0
llama31_8b__vs__always_defect__seed102,Llama-3.1-8B,Always Defect,102,41,0.0
llama31_8b__vs__always_defect__seed102,Llama-3.1-8B,Always Defect,102,42,0.0
llama31_8b__vs__always_defect__seed102,Llama-3.1-8B,Always Defect,102,43,0.0
llama31_8b__vs__always_defect__seed102,Llama-3.1-8B,Always Defect,102,44,0.0
llama31_8b__vs__always_defect__seed102,Llama-3.1-8B,Always Defect,102,45,0.0
llama31_8b__vs__always_defect__seed102,Llama-3.1-8B,Always Defect,102,46,0.0
llama31_8b__vs__always_defect__seed102,Llama-3.1-8B,Always Defect,102,47,0.0
llama31_8b__vs__always_defect__seed102,Llama-3.1-8B,Always Defect,102,48,0.0
llama31_8b__vs__always_defect__seed102,Llama-3.1-8B,Always Defect,102,49,0.0
llama31_8b__vs__always_defect__seed102,Llama-3.1-8B,Always Defect,102,50,0.0
llama31_8b__vs__always_defect__seed103,Llama-3.1-8B,Always Defect,103,1,0.0
llama31_8b__vs__always_defect__seed103,Llama-3.1-8B,Always Defect,103,2,0.0
llama31_8b__vs__always_defect__seed103,Llama-3.1-8B,Always Defect,103,3,0.0
llama31_8b__vs__always_defect__seed103,Llama-3.1-8B,Always Defect,103,4,0.0
llama31_8b__vs__always_defect__seed103,Llama-3.1-8B,Always Defect,103,5,0.0
llama31_8b__vs__always_defect__seed103,Llama-3.1-8B,Always Defect,103,6,0.0
llama31_8b__vs__always_defect__seed103,Llama-3.1-8B,Always Defect,103,7,0.0
llama31_8b__vs__always_defect__seed103,Llama-3.1-8B,Always Defect,103,8,0.0
llama31_8b__vs__always_defect__seed103,Llama-3.1-8B,Always Defect,103,9,0.0
llama31_8b__vs__always_defect__seed103,Llama-3.1-8B,Always Defect,103,10,0.0
llama31_8b__vs__always_defect__seed103,Llama-3.1-8B,Always Defect,103,11,0.0
llama31_8b__vs__always_defect__seed103,Llama-3.1-8B,Always Defect,103,12,0.0
llama31_8b__vs__always_defect__seed103,Llama-3.1-8B,Always Defect,103,13,0.0
llama31_8b__vs__always_defect__seed103,Llama-3.1-8B,Always Defect,103,14,0.0
llama31_8b__vs__always_defect__seed103,Llama-3.1-8B,Always Defect,103,15,0.0
llama31_8b__vs__always_defect__seed103,Llama-3.1-8B,Always Defect,103,16,0.0
llama31_8b__vs__always_defect__seed103,Llama-3.1-8B,Always Defect,103,17,0.0
llama31_8b__vs__always_defect__seed103,Llama-3.1-8B,Always Defect,103,18,0.0
llama31_8b__vs__always_defect__seed103,Llama-3.1-8B,Always Defect,103,19,0.0
llama31_8b__vs__always_defect__seed103,Llama-3.1-8B,Always Defect,103,20,0.0
llama31_8b__vs__always_defect__seed103,Llama-3.1-8B,Always Defect,103,21,0.0
llama31_8b__vs__always_defect__seed103,Llama-3.1-8B,Always Defect,103,22,0.0
llama31_8b__vs__always_defect__seed103,Llama-3.1-8B,Always Defect,103,23,0.0
llama31_8b__vs__always_defect__seed103,Llama-3.1-8B,Always Defect,103,24,0.0
llama31_8b__vs__always_defect__seed103,Llama-3.1-8B,Always Defect,103,25,0.0
llama31_8b__vs__always_defect__seed103,Llama-3.1-8B,Always Defect,103,26,0.0
llama31_8b__vs__always_defect__seed103,Llama-3.1-8B,Always Defect,103,27,0.0
llama31_8b__vs__always_defect__seed103,Llama-3.1-8B,Always Defect,103,28,0.0
llama31_8b__vs__always_defect__seed103,Llama-3.1-8B,Always Defect,103,29,0.0
llama31_8b__vs__always_defect__seed103,Llama-3.1-8B,Always Defect,103,30,0.0
llama31_8b__vs__always_defect__seed103,Llama-3.1-8B,Always Defect,103,31,0.0
llama31_8b__vs__always_defect__seed103,Llama-3.1-8B,Always Defect,103,32,0.0
llama31_8b__vs__always_defect__seed103,Llama-3.1-8B,Always Defect,103,33,0.0
llama31_8b__vs__always_defect__seed103,Llama-3.1-8B,Always Defect,103,34,0.0
llama31_8b__vs__always_defect__seed103,Llama-3.1-8B,Always Defect,103,35,0.0
llama31_8b__vs__always_defect__seed103,Llama-3.1-8B,Always Defect,103,36,0.0
llama31_8b__vs__always_defect__seed103,Llama-3.1-8B,Always Defect,103,37,0.0
llama31_8b__vs__always_defect__seed103,Llama-3.1-8B,Always Defect,103,38,0.0
llama31_8b__vs__always_defect__seed103,Llama-3.1-8B,Always Defect,103,39,0.0
llama31_8b__vs__always_defect__seed103,Llama-3.1-8B,Always Defect,103,40,0.0
llama31_8b__vs__always_defect__seed103,Llama-3.1-8B,Always Defect,103,41,0.0
llama31_8b__vs__always_defect__seed103,Llama-3.1-8B,Always Defect,103,42,0.0
llama31_8b__vs__always_defect__seed103,Llama-3.1-8B,Always Defect,103,43,0.0
llama31_8b__vs__always_defect__seed103,Llama-3.1-8B,Always Defect,103,44,0.0
llama31_8b__vs__always_defect__seed103,Llama-3.1-8B,Always Defect,103,45,0.0
llama31_8b__vs__always_defect__seed103,Llama-3.1-8B,Always Defect,103,46,0.0
llama31_8b__vs__always_defect__seed103,Llama-3.1-8B,Always Defect,103,47,0.0
llama31_8b__vs__always_defect__seed103,Llama-3.1-8B,Always Defect,103,48,0.0
llama31_8b__vs__always_defect__seed103,Llama-3.1-8B,Always Defect,103,49,0.0
llama31_8b__vs__always_defect__seed103,Llama-3.1-8B,Always Defect,103,50,0.0
llama31_8b__vs__always_defect__seed104,Llama-3.1-8B,Always Defect,104,1,0.0
llama31_8b__vs__always_defect__seed104,Llama-3.1-8B,Always Defect,104,2,0.0
llama31_8b__vs__always_defect__seed104,Llama-3.1-8B,Always Defect,104,3,0.0
llama31_8b__vs__always_defect__seed104,Llama-3.1-8B,Always Defect,104,4,0.0
llama31_8b__vs__always_defect__seed104,Llama-3.1-8B,Always Defect,104,5,0.0
llama31_8b__vs__always_defect__seed104,Llama-3.1-8B,Always Defect,104,6,0.0
llama31_8b__vs__always_defect__seed104,Llama-3.1-8B,Always Defect,104,7,0.0
llama31_8b__vs__always_defect__seed104,Llama-3.1-8B,Always Defect,104,8,0.0
llama31_8b__vs__always_defect__seed104,Llama-3.1-8B,Always Defect,104,9,0.0
llama31_8b__vs__always_defect__seed104,Llama-3.1-8B,Always Defect,104,10,0.0
llama31_8b__vs__always_defect__seed104,Llama-3.1-8B,Always Defect,104,11,0.0
llama31_8b__vs__always_defect__seed104,Llama-3.1-8B,Always Defect,104,12,0.0
llama31_8b__vs__always_defect__seed104,Llama-3.1-8B,Always Defect,104,13,0.0
llama31_8b__vs__always_defect__seed104,Llama-3.1-8B,Always Defect,104,14,0.0
llama31_8b__vs__always_defect__seed104,Llama-3.1-8B,Always Defect,104,15,0.0
llama31_8b__vs__always_defect__seed104,Llama-3.1-8B,Always Defect,104,16,0.0
llama31_8b__vs__always_defect__seed104,Llama-3.1-8B,Always Defect,104,17,0.0
llama31_8b__vs__always_defect__seed104,Llama-3.1-8B,Always Defect,104,18,0.0
llama31_8b__vs__always_defect__seed104,Llama-3.1-8B,Always Defect,104,19,0.0
llama31_8b__vs__always_defect__seed104,Llama-3.1-8B,Always Defect,104,20,0.0
llama31_8b__vs__always_defect__seed104,Llama-3.1-8B,Always Defect,104,21,0.0
llama31_8b__vs__always_defect__seed104,Llama-3.1-8B,Always Defect,104,22,0.0
llama31_8b__vs__always_defect__seed104,Llama-3.1-8B,Always Defect,104,23,0.0
llama31_8b__vs__always_defect__seed104,Llama-3.1-8B,Always Defect,104,24,0.0
llama31_8b__vs__always_defect__seed104,Llama-3.1-8B,Always Defect,104,25,0.0
llama31_8b__vs__always_defect__seed104,Llama-3.1-8B,Always Defect,104,26,0.0
llama31_8b__vs__always_defect__seed104,Llama-3.1-8B,Always Defect,104,27,0.0
llama31_8b__vs__always_defect__seed104,Llama-3.1-8B,Always Defect,104,28,0.0
llama31_8b__vs__always_defect__seed104,Llama-3.1-8B,Always Defect,104,29,0.0
llama31_8b__vs__always_defect__seed104,Llama-3.1-8B,Always Defect,104,30,0.0
llama31_8b__vs__always_defect__seed104,Llama-3.1-8B,Always Defect,104,31,0.0
llama31_8b__vs__always_defect__seed104,Llama-3.1-8B,Always Defect,104,32,0.0
llama31_8b__vs__always_defect__seed104,Llama-3.1-8B,Always Defect,104,33,0.0
llama31_8b__vs__always_defect__seed104,Llama-3.1-8B,Always Defect,104,34,0.0
llama31_8b__vs__always_defect__seed104,Llama-3.1-8B,Always Defect,104,35,0.0
llama31_8b__vs__always_defect__seed104,Llama-3.1-8B,Always Defect,104,36,0.0
llama31_8b__vs__always_defect__seed104,Llama-3.1-8B,Always Defect,104,37,0.0
llama31_8b__vs__always_defect__seed104,Llama-3.1-8B,Always Defect,104,38,0.0
llama31_8b__vs__always_defect__seed104,Llama-3.1-8B,Always Defect,104,39,0.0
llama31_8b__vs__always_defect__seed104,Llama-3.1-8B,Always Defect,104,40,0.0
llama31_8b__vs__always_defect__seed104,Llama-3.1-8B,Always Defect,104,41,0.0
llama31_8b__vs__always_defect__seed104,Llama-3.1-8B,Always Defect,104,42,0.0
llama31_8b__vs__always_defect__seed104,Llama-3.1-8B,Always Defect,104,43,0.0
llama31_8b__vs__always_defect__seed104,Llama-3.1-8B,Always Defect,104,44,0.0
llama31_8b__vs__always_defect__seed104,Llama-3.1-8B,Always Defect,104,45,0.0
llama31_8b__vs__always_defect__seed104,Llama-3.1-8B,Always Defect,104,46,0.0
llama31_8b__vs__always_defect__seed104,Llama-3.1-8B,Always Defect,104,47,0.0
llama31_8b__vs__always_defect__seed104,Llama-3.1-8B,Always Defect,104,48,0.0
llama31_8b__vs__always_defect__seed104,Llama-3.1-8B,Always Defect,104,49,0.0
llama31_8b__vs__always_defect__seed104,Llama-3.1-8B,Always Defect,104,50,0.0
llama31_8b__vs__always_defect__seed105,Llama-3.1-8B,Always Defect,105,1,0.0
llama31_8b__vs__always_defect__seed105,Llama-3.1-8B,Always Defect,105,2,0.0
llama31_8b__vs__always_defect__seed105,Llama-3.1-8B,Always Defect,105,3,0.0
llama31_8b__vs__always_defect__seed105,Llama-3.1-8B,Always Defect,105,4,0.0
llama31_8b__vs__always_defect__seed105,Llama-3.1-8B,Always Defect,105,5,0.0
llama31_8b__vs__always_defect__seed105,Llama-3.1-8B,Always Defect,105,6,0.0
llama31_8b__vs__always_defect__seed105,Llama-3.1-8B,Always Defect,105,7,0.0
llama31_8b__vs__always_defect__seed105,Llama-3.1-8B,Always Defect,105,8,0.0
llama31_8b__vs__always_defect__seed105,Llama-3.1-8B,Always Defect,105,9,0.0
llama31_8b__vs__always_defect__seed105,Llama-3.1-8B,Always Defect,105,10,0.0
llama31_8b__vs__always_defect__seed105,Llama-3.1-8B,Always Defect,105,11,0.0
llama31_8b__vs__always_defect__seed105,Llama-3.1-8B,Always Defect,105,12,0.0
llama31_8b__vs__always_defect__seed105,Llama-3.1-8B,Always Defect,105,13,0.0
llama31_8b__vs__always_defect__seed105,Llama-3.1-8B,Always Defect,105,14,0.0
llama31_8b__vs__always_defect__seed105,Llama-3.1-8B,Always Defect,105,15,0.0
llama31_8b__vs__always_defect__seed105,Llama-3.1-8B,Always Defect,105,16,0.0
llama31_8b__vs__always_defect__seed105,Llama-3.1-8B,Always Defect,105,17,0.0
llama31_8b__vs__always_defect__seed105,Llama-3.1-8B,Always Defect,105,18,0.0
llama31_8b__vs__always_defect__seed105,Llama-3.1-8B,Always Defect,105,19,0.0
llama31_8b__vs__always_defect__seed105,Llama-3.1-8B,Always Defect,105,20,0.0
llama31_8b__vs__always_defect__seed105,Llama-3.1-8B,Always Defect,105,21,0.0
llama31_8b__vs__always_defect__seed105,Llama-3.1-8B,Always Defect,105,22,0.0
llama31_8b__vs__always_defect__seed105,Llama-3.1-8B,Always Defect,105,23,0.0
llama31_8b__vs__always_defect__seed105,Llama-3.1-8B,Always Defect,105,24,0.0
llama31_8b__vs__always_defect__seed105,Llama-3.1-8B,Always Defect,105,25,0.0
llama31_8b__vs__always_defect__seed105,Llama-3.1-8B,Always Defect,105,26,0.0
llama31_8b__vs__always_defect__seed105,Llama-3.1-8B,Always Defect,105,27,0.0
llama31_8b__vs__always_defect__seed105,Llama-3.1-8B,Always Defect,105,28,0.0
llama31_8b__vs__always_defect__seed105,Llama-3.1-8B,Always Defect,105,29,0.0
llama31_8b__vs__always_defect__seed105,Llama-3.1-8B,Always Defect,105,30,0.0
llama31_8b__vs__always_defect__seed105,Llama-3.1-8B,Always Defect,105,31,0.0
llama31_8b__vs__always_defect__seed105,Llama-3.1-8B,Always Defect,105,32,0.0
llama31_8b__vs__always_defect__seed105,Llama-3.1-8B,Always Defect,105,33,0.0
llama31_8b__vs__always_defect__seed105,Llama-3.1-8B,Always Defect,105,34,0.0
llama31_8b__vs__always_defect__seed105,Llama-3.1-8B,Always Defect,105,35,0.0
llama31_8b__vs__always_defect__seed105,Llama-3.1-8B,Always Defect,105,36,0.0
llama31_8b__vs__always_defect__seed105,Llama-3.1-8B,Always Defect,105,37,0.0
llama31_8b__vs__always_defect__seed105,Llama-3.1-8B,Always Defect,105,38,0.0
llama31_8b__vs__always_defect__seed105,Llama-3.1-8B,Always Defect,105,39,0.0
llama31_8b__vs__always_defect__seed105,Llama-3.1-8B,Always Defect,105,40,0.0
llama31_8b__vs__always_defect__seed105,Llama-3.1-8B,Always Defect,105,41,0.0
llama31_8b__vs__always_defect__seed105,Llama-3.1-8B,Always Defect,105,42,0.0
llama31_8b__vs__always_defect__seed105,Llama-3.1-8B,Always Defect,105,43,0.0
llama31_8b__vs__always_defect__seed105,Llama-3.1-8B,Always Defect,105,44,0.0
llama31_8b__vs__always_defect__seed105,Llama-3.1-8B,Always Defect,105,45,0.0
llama31_8b__vs__always_defect__seed105,Llama-3.1-8B,Always Defect,105,46,0.0
llama31_8b__vs__always_defect__seed105,Llama-3.1-8B,Always Defect,105,47,0.0
llama31_8b__vs__always_defect__seed105,Llama-3.1-8B,Always Defect,105,48,0.0
llama31_8b__vs__always_defect__seed105,Llama-3.1-8B,Always Defect,105,49,0.0
llama31_8b__vs__always_defect__seed105,Llama-3.1-8B,Always Defect,105,50,0.0
llama31_8b__vs__graded_tft__seed101,Llama-3.1-8B,Graded TFT,101,1,0.0
llama31_8b__vs__graded_tft__seed101,Llama-3.1-8B,Graded TFT,101,2,0.0
llama31_8b__vs__graded_tft__seed101,Llama-3.1-8B,Graded TFT,101,3,0.0
llama31_8b__vs__graded_tft__seed101,Llama-3.1-8B,Graded TFT,101,4,0.0
llama31_8b__vs__graded_tft__seed101,Llama-3.1-8B,Graded TFT,101,5,0.0
llama31_8b__vs__graded_tft__seed101,Llama-3.1-8B,Graded TFT,101,6,0.0
llama31_8b__vs__graded_tft__seed101,Llama-3.1-8B,Graded TFT,101,7,0.0
llama31_8b__vs__graded_tft__seed101,Llama-3.1-8B,Graded TFT,101,8,0.0
llama31_8b__vs__graded_tft__seed101,Llama-3.1-8B,Graded TFT,101,9,0.0
llama31_8b__vs__graded_tft__seed101,Llama-3.1-8B,Graded TFT,101,10,0.0
llama31_8b__vs__graded_tft__seed101,Llama-3.1-8B,Graded TFT,101,11,0.0
llama31_8b__vs__graded_tft__seed101,Llama-3.1-8B,Graded TFT,101,12,0.0
llama31_8b__vs__graded_tft__seed101,Llama-3.1-8B,Graded TFT,101,13,0.0
llama31_8b__vs__graded_tft__seed101,Llama-3.1-8B,Graded TFT,101,14,0.0
llama31_8b__vs__graded_tft__seed101,Llama-3.1-8B,Graded TFT,101,15,0.0
llama31_8b__vs__graded_tft__seed101,Llama-3.1-8B,Graded TFT,101,16,0.0
llama31_8b__vs__graded_tft__seed101,Llama-3.1-8B,Graded TFT,101,17,0.0
llama31_8b__vs__graded_tft__seed101,Llama-3.1-8B,Graded TFT,101,18,0.0
llama31_8b__vs__graded_tft__seed101,Llama-3.1-8B,Graded TFT,101,19,0.0
llama31_8b__vs__graded_tft__seed101,Llama-3.1-8B,Graded TFT,101,20,0.0
llama31_8b__vs__graded_tft__seed101,Llama-3.1-8B,Graded TFT,101,21,0.0
llama31_8b__vs__graded_tft__seed101,Llama-3.1-8B,Graded TFT,101,22,0.0
llama31_8b__vs__graded_tft__seed101,Llama-3.1-8B,Graded TFT,101,23,0.0
llama31_8b__vs__graded_tft__seed101,Llama-3.1-8B,Graded TFT,101,24,0.0
llama31_8b__vs__graded_tft__seed101,Llama-3.1-8B,Graded TFT,101,25,0.0
llama31_8b__vs__graded_tft__seed101,Llama-3.1-8B,Graded TFT,101,26,0.0
llama31_8b__vs__graded_tft__seed101,Llama-3.1-8B,Graded TFT,101,27,0.0
llama31_8b__vs__graded_tft__seed101,Llama-3.1-8B,Graded TFT,101,28,0.0
llama31_8b__vs__graded_tft__seed101,Llama-3.1-8B,Graded TFT,101,29,0.0
llama31_8b__vs__graded_tft__seed101,Llama-3.1-8B,Graded TFT,101,30,0.0
llama31_8b__vs__graded_tft__seed101,Llama-3.1-8B,Graded TFT,101,31,0.0
llama31_8b__vs__graded_tft__seed101,Llama-3.1-8B,Graded TFT,101,32,0.0
llama31_8b__vs__graded_tft__seed101,Llama-3.1-8B,Graded TFT,101,33,0.0
llama31_8b__vs__graded_tft__seed101,Llama-3.1-8B,Graded TFT,101,34,0.0
llama31_8b__vs__graded_tft__seed101,Llama-3.1-8B,Graded TFT,101,35,0.0
llama31_8b__vs__graded_tft__seed101,Llama-3.1-8B,Graded TFT,101,36,0.0
llama31_8b__vs__graded_tft__seed101,Llama-3.1-8B,Graded TFT,101,37,0.0
llama31_8b__vs__graded_tft__seed101,Llama-3.1-8B,Graded TFT,101,38,0.0
llama31_8b__vs__graded_tft__seed101,Llama-3.1-8B,Graded TFT,101,39,0.0
llama31_8b__vs__graded_tft__seed101,Llama-3.1-8B,Graded TFT,101,40,0.0
llama31_8b__vs__graded_tft__seed101,Llama-3.1-8B,Graded TFT,101,41,0.0
llama31_8b__vs__graded_tft__seed101,Llama-3.1-8B,Graded TFT,101,42,0.0
llama31_8b__vs__graded_tft__seed101,Llama-3.1-8B,Graded TFT,101,43,0.0
llama31_8b__vs__graded_tft__seed101,Llama-3.1-8B,Graded TFT,101,44,0.0
llama31_8b__vs__graded_tft__seed101,Llama-3.1-8B,Graded TFT,101,45,0.0
llama31_8b__vs__graded_tft__seed101,Llama-3.1-8B,Graded TFT,101,46,0.0
llama31_8b__vs__graded_tft__seed101,Llama-3.1-8B,Graded TFT,101,47,0.0
llama31_8b__vs__graded_tft__seed101,Llama-3.1-8B,Graded TFT,101,48,0.0
llama31_8b__vs__graded_tft__seed101,Llama-3.1-8B,Graded TFT,101,49,0.0
llama31_8b__vs__graded_tft__seed101,Llama-3.1-8B,Graded TFT,101,50,0.0
llama31_8b__vs__graded_tft__seed102,Llama-3.1-8B,Graded TFT,102,1,0.0
llama31_8b__vs__graded_tft__seed102,Llama-3.1-8B,Graded TFT,102,2,0.0
llama31_8b__vs__graded_tft__seed102,Llama-3.1-8B,Graded TFT,102,3,0.0
llama31_8b__vs__graded_tft__seed102,Llama-3.1-8B,Graded TFT,102,4,0.0
llama31_8b__vs__graded_tft__seed102,Llama-3.1-8B,Graded TFT,102,5,0.0
llama31_8b__vs__graded_tft__seed102,Llama-3.1-8B,Graded TFT,102,6,0.0
llama31_8b__vs__graded_tft__seed102,Llama-3.1-8B,Graded TFT,102,7,0.0
llama31_8b__vs__graded_tft__seed102,Llama-3.1-8B,Graded TFT,102,8,0.0
llama31_8b__vs__graded_tft__seed102,Llama-3.1-8B,Graded TFT,102,9,0.0
llama31_8b__vs__graded_tft__seed102,Llama-3.1-8B,Graded TFT,102,10,0.0
llama31_8b__vs__graded_tft__seed102,Llama-3.1-8B,Graded TFT,102,11,0.0
llama31_8b__vs__graded_tft__seed102,Llama-3.1-8B,Graded TFT,102,12,0.0
llama31_8b__vs__graded_tft__seed102,Llama-3.1-8B,Graded TFT,102,13,0.0
llama31_8b__vs__graded_tft__seed102,Llama-3.1-8B,Graded TFT,102,14,0.0
llama31_8b__vs__graded_tft__seed102,Llama-3.1-8B,Graded TFT,102,15,0.0
llama31_8b__vs__graded_tft__seed102,Llama-3.1-8B,Graded TFT,102,16,0.0
llama31_8b__vs__graded_tft__seed102,Llama-3.1-8B,Graded TFT,102,17,0.0
llama31_8b__vs__graded_tft__seed102,Llama-3.1-8B,Graded TFT,102,18,0.0
llama31_8b__vs__graded_tft__seed102,Llama-3.1-8B,Graded TFT,102,19,0.0
llama31_8b__vs__graded_tft__seed102,Llama-3.1-8B,Graded TFT,102,20,0.0
llama31_8b__vs__graded_tft__seed102,Llama-3.1-8B,Graded TFT,102,21,0.0
llama31_8b__vs__graded_tft__seed102,Llama-3.1-8B,Graded TFT,102,22,0.0
llama31_8b__vs__graded_tft__seed102,Llama-3.1-8B,Graded TFT,102,23,0.0
llama31_8b__vs__graded_tft__seed102,Llama-3.1-8B,Graded TFT,102,24,0.0
llama31_8b__vs__graded_tft__seed102,Llama-3.1-8B,Graded TFT,102,25,0.0
llama31_8b__vs__graded_tft__seed102,Llama-3.1-8B,Graded TFT,102,26,0.0
llama31_8b__vs__graded_tft__seed102,Llama-3.1-8B,Graded TFT,102,27,0.0
llama31_8b__vs__graded_tft__seed102,Llama-3.1-8B,Graded TFT,102,28,0.0
llama31_8b__vs__graded_tft__seed102,Llama-3.1-8B,Graded TFT,102,29,0.0
llama31_8b__vs__graded_tft__seed102,Llama-3.1-8B,Graded TFT,102,30,0.0
llama31_8b__vs__graded_tft__seed102,Llama-3.1-8B,Graded TFT,102,31,0.0
llama31_8b__vs__graded_tft__seed102,Llama-3.1-8B,Graded TFT,102,32,0.0
llama31_8b__vs__graded_tft__seed102,Llama-3.1-8B,Graded TFT,102,33,0.0
llama31_8b__vs__graded_tft__seed102,Llama-3.1-8B,Graded TFT,102,34,0.0
llama31_8b__vs__graded_tft__seed102,Llama-3.1-8B,Graded TFT,102,35,0.0
llama31_8b__vs__graded_tft__seed102,Llama-3.1-8B,Graded TFT,102,36,0.0
llama31_8b__vs__graded_tft__seed102,Llama-3.1-8B,Graded TFT,102,37,0.0
llama31_8b__vs__graded_tft__seed102,Llama-3.1-8B,Graded TFT,102,38,0.0
llama31_8b__vs__graded_tft__seed102,Llama-3.1-8B,Graded TFT,102,39,0.0
llama31_8b__vs__graded_tft__seed102,Llama-3.1-8B,Graded TFT,102,40,0.0
llama31_8b__vs__graded_tft__seed102,Llama-3.1-8B,Graded TFT,102,41,0.0
llama31_8b__vs__graded_tft__seed102,Llama-3.1-8B,Graded TFT,102,42,0.0
llama31_8b__vs__graded_tft__seed102,Llama-3.1-8B,Graded TFT,102,43,0.0
llama31_8b__vs__graded_tft__seed102,Llama-3.1-8B,Graded TFT,102,44,0.0
llama31_8b__vs__graded_tft__seed102,Llama-3.1-8B,Graded TFT,102,45,0.0
llama31_8b__vs__graded_tft__seed102,Llama-3.1-8B,Graded TFT,102,46,0.0
llama31_8b__vs__graded_tft__seed102,Llama-3.1-8B,Graded TFT,102,47,0.0
llama31_8b__vs__graded_tft__seed102,Llama-3.1-8B,Graded TFT,102,48,0.0
llama31_8b__vs__graded_tft__seed102,Llama-3.1-8B,Graded TFT,102,49,0.0
llama31_8b__vs__graded_tft__seed102,Llama-3.1-8B,Graded TFT,102,50,0.0
llama31_8b__vs__graded_tft__seed103,Llama-3.1-8B,Graded TFT,103,1,0.0
llama31_8b__vs__graded_tft__seed103,Llama-3.1-8B,Graded TFT,103,2,0.0
llama31_8b__vs__graded_tft__seed103,Llama-3.1-8B,Graded TFT,103,3,0.0
llama31_8b__vs__graded_tft__seed103,Llama-3.1-8B,Graded TFT,103,4,0.0
llama31_8b__vs__graded_tft__seed103,Llama-3.1-8B,Graded TFT,103,5,0.0
llama31_8b__vs__graded_tft__seed103,Llama-3.1-8B,Graded TFT,103,6,0.0
llama31_8b__vs__graded_tft__seed103,Llama-3.1-8B,Graded TFT,103,7,0.0
llama31_8b__vs__graded_tft__seed103,Llama-3.1-8B,Graded TFT,103,8,0.0
llama31_8b__vs__graded_tft__seed103,Llama-3.1-8B,Graded TFT,103,9,0.0
llama31_8b__vs__graded_tft__seed103,Llama-3.1-8B,Graded TFT,103,10,0.0
llama31_8b__vs__graded_tft__seed103,Llama-3.1-8B,Graded TFT,103,11,0.0
llama31_8b__vs__graded_tft__seed103,Llama-3.1-8B,Graded TFT,103,12,0.0
llama31_8b__vs__graded_tft__seed103,Llama-3.1-8B,Graded TFT,103,13,0.0
llama31_8b__vs__graded_tft__seed103,Llama-3.1-8B,Graded TFT,103,14,0.0
llama31_8b__vs__graded_tft__seed103,Llama-3.1-8B,Graded TFT,103,15,0.0
llama31_8b__vs__graded_tft__seed103,Llama-3.1-8B,Graded TFT,103,16,0.0
llama31_8b__vs__graded_tft__seed103,Llama-3.1-8B,Graded TFT,103,17,0.0
llama31_8b__vs__graded_tft__seed103,Llama-3.1-8B,Graded TFT,103,18,0.0
llama31_8b__vs__graded_tft__seed103,Llama-3.1-8B,Graded TFT,103,19,0.0
llama31_8b__vs__graded_tft__seed103,Llama-3.1-8B,Graded TFT,103,20,0.0
llama31_8b__vs__graded_tft__seed103,Llama-3.1-8B,Graded TFT,103,21,0.0
llama31_8b__vs__graded_tft__seed103,Llama-3.1-8B,Graded TFT,103,22,0.0
llama31_8b__vs__graded_tft__seed103,Llama-3.1-8B,Graded TFT,103,23,0.0
llama31_8b__vs__graded_tft__seed103,Llama-3.1-8B,Graded TFT,103,24,0.0
llama31_8b__vs__graded_tft__seed103,Llama-3.1-8B,Graded TFT,103,25,0.0
llama31_8b__vs__graded_tft__seed103,Llama-3.1-8B,Graded TFT,103,26,0.0
llama31_8b__vs__graded_tft__seed103,Llama-3.1-8B,Graded TFT,103,27,0.0
llama31_8b__vs__graded_tft__seed103,Llama-3.1-8B,Graded TFT,103,28,0.0
llama31_8b__vs__graded_tft__seed103,Llama-3.1-8B,Graded TFT,103,29,0.0
llama31_8b__vs__graded_tft__seed103,Llama-3.1-8B,Graded TFT,103,30,0.0
llama31_8b__vs__graded_tft__seed103,Llama-3.1-8B,Graded TFT,103,31,0.0
llama31_8b__vs__graded_tft__seed103,Llama-3.1-8B,Graded TFT,103,32,0.0
llama31_8b__vs__graded_tft__seed103,Llama-3.1-8B,Graded TFT,103,33,0.0
llama31_8b__vs__graded_tft__seed103,Llama-3.1-8B,Graded TFT,103,34,0.0
llama31_8b__vs__graded_tft__seed103,Llama-3.1-8B,Graded TFT,103,35,0.0
llama31_8b__vs__graded_tft__seed103,Llama-3.1-8B,Graded TFT,103,36,0.0
llama31_8b__vs__graded_tft__seed103,Llama-3.1-8B,Graded TFT,103,37,0.0
llama31_8b__vs__graded_tft__seed103,Llama-3.1-8B,Graded TFT,103,38,0.0
llama31_8b__vs__graded_tft__seed103,Llama-3.1-8B,Graded TFT,103,39,0.0
llama31_8b__vs__graded_tft__seed103,Llama-3.1-8B,Graded TFT,103,40,0.0
llama31_8b__vs__graded_tft__seed103,Llama-3.1-8B,Graded TFT,103,41,0.0
llama31_8b__vs__graded_tft__seed103,Llama-3.1-8B,Graded TFT,103,42,0.0
llama31_8b__vs__graded_tft__seed103,Llama-3.1-8B,Graded TFT,103,43,0.0
llama31_8b__vs__graded_tft__seed103,Llama-3.1-8B,Graded TFT,103,44,0.0
llama31_8b__vs__graded_tft__seed103,Llama-3.1-8B,Graded TFT,103,45,0.0
llama31_8b__vs__graded_tft__seed103,Llama-3.1-8B,Graded TFT,103,46,0.0
llama31_8b__vs__graded_tft__seed103,Llama-3.1-8B,Graded TFT,103,47,0.0
llama31_8b__vs__graded_tft__seed103,Llama-3.1-8B,Graded TFT,103,48,0.0
llama31_8b__vs__graded_tft__seed103,Llama-3.1-8B,Graded TFT,103,49,0.0
llama31_8b__vs__graded_tft__seed103,Llama-3.1-8B,Graded TFT,103,50,0.0
llama31_8b__vs__graded_tft__seed104,Llama-3.1-8B,Graded TFT,104,1,0.0
llama31_8b__vs__graded_tft__seed104,Llama-3.1-8B,Graded TFT,104,2,0.0
llama31_8b__vs__graded_tft__seed104,Llama-3.1-8B,Graded TFT,104,3,0.0
llama31_8b__vs__graded_tft__seed104,Llama-3.1-8B,Graded TFT,104,4,0.0
llama31_8b__vs__graded_tft__seed104,Llama-3.1-8B,Graded TFT,104,5,0.0
llama31_8b__vs__graded_tft__seed104,Llama-3.1-8B,Graded TFT,104,6,0.0
llama31_8b__vs__graded_tft__seed104,Llama-3.1-8B,Graded TFT,104,7,0.0
llama31_8b__vs__graded_tft__seed104,Llama-3.1-8B,Graded TFT,104,8,0.0
llama31_8b__vs__graded_tft__seed104,Llama-3.1-8B,Graded TFT,104,9,0.0
llama31_8b__vs__graded_tft__seed104,Llama-3.1-8B,Graded TFT,104,10,0.0
llama31_8b__vs__graded_tft__seed104,Llama-3.1-8B,Graded TFT,104,11,0.0
llama31_8b__vs__graded_tft__seed104,Llama-3.1-8B,Graded TFT,104,12,0.0
llama31_8b__vs__graded_tft__seed104,Llama-3.1-8B,Graded TFT,104,13,0.0
llama31_8b__vs__graded_tft__seed104,Llama-3.1-8B,Graded TFT,104,14,0.0
llama31_8b__vs__graded_tft__seed104,Llama-3.1-8B,Graded TFT,104,15,0.0
llama31_8b__vs__graded_tft__seed104,Llama-3.1-8B,Graded TFT,104,16,0.0
llama31_8b__vs__graded_tft__seed104,Llama-3.1-8B,Graded TFT,104,17,0.0
llama31_8b__vs__graded_tft__seed104,Llama-3.1-8B,Graded TFT,104,18,0.0
llama31_8b__vs__graded_tft__seed104,Llama-3.1-8B,Graded TFT,104,19,0.0
llama31_8b__vs__graded_tft__seed104,Llama-3.1-8B,Graded TFT,104,20,0.0
llama31_8b__vs__graded_tft__seed104,Llama-3.1-8B,Graded TFT,104,21,0.0
llama31_8b__vs__graded_tft__seed104,Llama-3.1-8B,Graded TFT,104,22,0.0
llama31_8b__vs__graded_tft__seed104,Llama-3.1-8B,Graded TFT,104,23,0.0
llama31_8b__vs__graded_tft__seed104,Llama-3.1-8B,Graded TFT,104,24,0.0
llama31_8b__vs__graded_tft__seed104,Llama-3.1-8B,Graded TFT,104,25,0.0
llama31_8b__vs__graded_tft__seed104,Llama-3.1-8B,Graded TFT,104,26,0.0
llama31_8b__vs__graded_tft__seed104,Llama-3.1-8B,Graded TFT,104,27,0.0
llama31_8b__vs__graded_tft__seed104,Llama-3.1-8B,Graded TFT,104,28,0.0
llama31_8b__vs__graded_tft__seed104,Llama-3.1-8B,Graded TFT,104,29,0.0
llama31_8b__vs__graded_tft__seed104,Llama-3.1-8B,Graded TFT,104,30,0.0
llama31_8b__vs__graded_tft__seed104,Llama-3.1-8B,Graded TFT,104,31,0.0
llama31_8b__vs__graded_tft__seed104,Llama-3.1-8B,Graded TFT,104,32,0.0
llama31_8b__vs__graded_tft__seed104,Llama-3.1-8B,Graded TFT,104,33,0.0
llama31_8b__vs__graded_tft__seed104,Llama-3.1-8B,Graded TFT,104,34,0.0
llama31_8b__vs__graded_tft__seed104,Llama-3.1-8B,Graded TFT,104,35,0.0
llama31_8b__vs__graded_tft__seed104,Llama-3.1-8B,Graded TFT,104,36,0.0
llama31_8b__vs__graded_tft__seed104,Llama-3.1-8B,Graded TFT,104,37,0.0
llama31_8b__vs__graded_tft__seed104,Llama-3.1-8B,Graded TFT,104,38,0.0
llama31_8b__vs__graded_tft__seed104,Llama-3.1-8B,Graded TFT,104,39,0.0
llama31_8b__vs__graded_tft__seed104,Llama-3.1-8B,Graded TFT,104,40,0.0
llama31_8b__vs__graded_tft__seed104,Llama-3.1-8B,Graded TFT,104,41,0.0
llama31_8b__vs__graded_tft__seed104,Llama-3.1-8B,Graded TFT,104,42,0.0
llama31_8b__vs__graded_tft__seed104,Llama-3.1-8B,Graded TFT,104,43,0.0
llama31_8b__vs__graded_tft__seed104,Llama-3.1-8B,Graded TFT,104,44,0.0
llama31_8b__vs__graded_tft__seed104,Llama-3.1-8B,Graded TFT,104,45,0.0
llama31_8b__vs__graded_tft__seed104,Llama-3.1-8B,Graded TFT,104,46,0.0
llama31_8b__vs__graded_tft__seed104,Llama-3.1-8B,Graded TFT,104,47,0.0
llama31_8b__vs__graded_tft__seed104,Llama-3.1-8B,Graded TFT,104,48,0.0
llama31_8b__vs__graded_tft__seed104,Llama-3.1-8B,Graded TFT,104,49,0.0
llama31_8b__vs__graded_tft__seed104,Llama-3.1-8B,Graded TFT,104,50,0.0
llama31_8b__vs__graded_tft__seed105,Llama-3.1-8B,Graded TFT,105,1,0.0
llama31_8b__vs__graded_tft__seed105,Llama-3.1-8B,Graded TFT,105,2,0.0
llama31_8b__vs__graded_tft__seed105,Llama-3.1-8B,Graded TFT,105,3,0.0
llama31_8b__vs__graded_tft__seed105,Llama-3.1-8B,Graded TFT,105,4,0.0
llama31_8b__vs__graded_tft__seed105,Llama-3.1-8B,Graded TFT,105,5,0.0
llama31_8b__vs__graded_tft__seed105,Llama-3.1-8B,Graded TFT,105,6,0.0
llama31_8b__vs__graded_tft__seed105,Llama-3.1-8B,Graded TFT,105,7,0.0
llama31_8b__vs__graded_tft__seed105,Llama-3.1-8B,Graded TFT,105,8,0.0
llama31_8b__vs__graded_tft__seed105,Llama-3.1-8B,Graded TFT,105,9,0.0
llama31_8b__vs__graded_tft__seed105,Llama-3.1-8B,Graded TFT,105,10,0.0
llama31_8b__vs__graded_tft__seed105,Llama-3.1-8B,Graded TFT,105,11,0.0
llama31_8b__vs__graded_tft__seed105,Llama-3.1-8B,Graded TFT,105,12,0.0
llama31_8b__vs__graded_tft__seed105,Llama-3.1-8B,Graded TFT,105,13,0.0
llama31_8b__vs__graded_tft__seed105,Llama-3.1-8B,Graded TFT,105,14,0.0
llama31_8b__vs__graded_tft__seed105,Llama-3.1-8B,Graded TFT,105,15,0.0
llama31_8b__vs__graded_tft__seed105,Llama-3.1-8B,Graded TFT,105,16,0.0
llama31_8b__vs__graded_tft__seed105,Llama-3.1-8B,Graded TFT,105,17,0.0
llama31_8b__vs__graded_tft__seed105,Llama-3.1-8B,Graded TFT,105,18,0.0
llama31_8b__vs__graded_tft__seed105,Llama-3.1-8B,Graded TFT,105,19,0.0
llama31_8b__vs__graded_tft__seed105,Llama-3.1-8B,Graded TFT,105,20,0.0
llama31_8b__vs__graded_tft__seed105,Llama-3.1-8B,Graded TFT,105,21,0.0
llama31_8b__vs__graded_tft__seed105,Llama-3.1-8B,Graded TFT,105,22,0.0
llama31_8b__vs__graded_tft__seed105,Llama-3.1-8B,Graded TFT,105,23,0.0
llama31_8b__vs__graded_tft__seed105,Llama-3.1-8B,Graded TFT,105,24,0.0
llama31_8b__vs__graded_tft__seed105,Llama-3.1-8B,Graded TFT,105,25,0.0
llama31_8b__vs__graded_tft__seed105,Llama-3.1-8B,Graded TFT,105,26,0.0
llama31_8b__vs__graded_tft__seed105,Llama-3.1-8B,Graded TFT,105,27,0.0
llama31_8b__vs__graded_tft__seed105,Llama-3.1-8B,Graded TFT,105,28,0.0
llama31_8b__vs__graded_tft__seed105,Llama-3.1-8B,Graded TFT,105,29,0.0
llama31_8b__vs__graded_tft__seed105,Llama-3.1-8B,Graded TFT,105,30,0.0
llama31_8b__vs__graded_tft__seed105,Llama-3.1-8B,Graded TFT,105,31,0.0
llama31_8b__vs__graded_tft__seed105,Llama-3.1-8B,Graded TFT,105,32,0.0
llama31_8b__vs__graded_tft__seed105,Llama-3.1-8B,Graded TFT,105,33,0.0
llama31_8b__vs__graded_tft__seed105,Llama-3.1-8B,Graded TFT,105,34,0.0
llama31_8b__vs__graded_tft__seed105,Llama-3.1-8B,Graded TFT,105,35,0.0
llama31_8b__vs__graded_tft__seed105,Llama-3.1-8B,Graded TFT,105,36,0.0
llama31_8b__vs__graded_tft__seed105,Llama-3.1-8B,Graded TFT,105,37,0.0
llama31_8b__vs__graded_tft__seed105,Llama-3.1-8B,Graded TFT,105,38,0.0
llama31_8b__vs__graded_tft__seed105,Llama-3.1-8B,Graded TFT,105,39,0.0
llama31_8b__vs__graded_tft__seed105,Llama-3.1-8B,Graded TFT,105,40,0.0
llama31_8b__vs__graded_tft__seed105,Llama-3.1-8B,Graded TFT,105,41,0.0
llama31_8b__vs__graded_tft__seed105,Llama-3.1-8B,Graded TFT,105,42,0.0
llama31_8b__vs__graded_tft__seed105,Llama-3.1-8B,Graded TFT,105,43,0.0
llama31_8b__vs__graded_tft__seed105,Llama-3.1-8B,Graded TFT,105,44,0.0
llama31_8b__vs__graded_tft__seed105,Llama-3.1-8B,Graded TFT,105,45,0.0
llama31_8b__vs__graded_tft__seed105,Llama-3.1-8B,Graded TFT,105,46,0.0
llama31_8b__vs__graded_tft__seed105,Llama-3.1-8B,Graded TFT,105,47,0.0
llama31_8b__vs__graded_tft__seed105,Llama-3.1-8B,Graded TFT,105,48,0.0
llama31_8b__vs__graded_tft__seed105,Llama-3.1-8B,Graded TFT,105,49,0.0
llama31_8b__vs__graded_tft__seed105,Llama-3.1-8B,Graded TFT,105,50,0.0
llama31_8b__vs__grim_trigger__seed101,Llama-3.1-8B,Grim Trigger,101,1,0.0
llama31_8b__vs__grim_trigger__seed101,Llama-3.1-8B,Grim Trigger,101,2,0.0
llama31_8b__vs__grim_trigger__seed101,Llama-3.1-8B,Grim Trigger,101,3,0.0
llama31_8b__vs__grim_trigger__seed101,Llama-3.1-8B,Grim Trigger,101,4,0.0
llama31_8b__vs__grim_trigger__seed101,Llama-3.1-8B,Grim Trigger,101,5,0.0
llama31_8b__vs__grim_trigger__seed101,Llama-3.1-8B,Grim Trigger,101,6,0.0
llama31_8b__vs__grim_trigger__seed101,Llama-3.1-8B,Grim Trigger,101,7,0.0
llama31_8b__vs__grim_trigger__seed101,Llama-3.1-8B,Grim Trigger,101,8,0.0
llama31_8b__vs__grim_trigger__seed101,Llama-3.1-8B,Grim Trigger,101,9,0.0
llama31_8b__vs__grim_trigger__seed101,Llama-3.1-8B,Grim Trigger,101,10,0.0
llama31_8b__vs__grim_trigger__seed101,Llama-3.1-8B,Grim Trigger,101,11,0.0
llama31_8b__vs__grim_trigger__seed101,Llama-3.1-8B,Grim Trigger,101,12,0.0
llama31_8b__vs__grim_trigger__seed101,Llama-3.1-8B,Grim Trigger,101,13,0.0
llama31_8b__vs__grim_trigger__seed101,Llama-3.1-8B,Grim Trigger,101,14,0.0
llama31_8b__vs__grim_trigger__seed101,Llama-3.1-8B,Grim Trigger,101,15,0.0
llama31_8b__vs__grim_trigger__seed101,Llama-3.1-8B,Grim Trigger,101,16,0.0
llama31_8b__vs__grim_trigger__seed101,Llama-3.1-8B,Grim Trigger,101,17,0.0
llama31_8b__vs__grim_trigger__seed101,Llama-3.1-8B,Grim Trigger,101,18,0.0
llama31_8b__vs__grim_trigger__seed101,Llama-3.1-8B,Grim Trigger,101,19,0.0
llama31_8b__vs__grim_trigger__seed101,Llama-3.1-8B,Grim Trigger,101,20,0.0
llama31_8b__vs__grim_trigger__seed101,Llama-3.1-8B,Grim Trigger,101,21,0.0
llama31_8b__vs__grim_trigger__seed101,Llama-3.1-8B,Grim Trigger,101,22,0.0
llama31_8b__vs__grim_trigger__seed101,Llama-3.1-8B,Grim Trigger,101,23,0.0
llama31_8b__vs__grim_trigger__seed101,Llama-3.1-8B,Grim Trigger,101,24,0.0
llama31_8b__vs__grim_trigger__seed101,Llama-3.1-8B,Grim Trigger,101,25,0.0
llama31_8b__vs__grim_trigger__seed101,Llama-3.1-8B,Grim Trigger,101,26,0.0
llama31_8b__vs__grim_trigger__seed101,Llama-3.1-8B,Grim Trigger,101,27,0.0
llama31_8b__vs__grim_trigger__seed101,Llama-3.1-8B,Grim Trigger,101,28,0.0
llama31_8b__vs__grim_trigger__seed101,Llama-3.1-8B,Grim Trigger,101,29,0.0
llama31_8b__vs__grim_trigger__seed101,Llama-3.1-8B,Grim Trigger,101,30,0.0
llama31_8b__vs__grim_trigger__seed101,Llama-3.1-8B,Grim Trigger,101,31,0.0
llama31_8b__vs__grim_trigger__seed101,Llama-3.1-8B,Grim Trigger,101,32,0.0
llama31_8b__vs__grim_trigger__seed101,Llama-3.1-8B,Grim Trigger,101,33,0.0
llama31_8b__vs__grim_trigger__seed101,Llama-3.1-8B,Grim Trigger,101,34,0.0
llama31_8b__vs__grim_trigger__seed101,Llama-3.1-8B,Grim Trigger,101,35,0.0
llama31_8b__vs__grim_trigger__seed101,Llama-3.1-8B,Grim Trigger,101,36,0.0
llama31_8b__vs__grim_trigger__seed101,Llama-3.1-8B,Grim Trigger,101,37,0.0
llama31_8b__vs__grim_trigger__seed101,Llama-3.1-8B,Grim Trigger,101,38,0.0
llama31_8b__vs__grim_trigger__seed101,Llama-3.1-8B,Grim Trigger,101,39,0.0
llama31_8b__vs__grim_trigger__seed101,Llama-3.1-8B,Grim Trigger,101,40,0.0
llama31_8b__vs__grim_trigger__seed101,Llama-3.1-8B,Grim Trigger,101,41,0.0
llama31_8b__vs__grim_trigger__seed101,Llama-3.1-8B,Grim Trigger,101,42,0.0
llama31_8b__vs__grim_trigger__seed101,Llama-3.1-8B,Grim Trigger,101,43,0.0
llama31_8b__vs__grim_trigger__seed101,Llama-3.1-8B,Grim Trigger,101,44,0.0
llama31_8b__vs__grim_trigger__seed101,Llama-3.1-8B,Grim Trigger,101,45,0.0
llama31_8b__vs__grim_trigger__seed101,Llama-3.1-8B,Grim Trigger,101,46,0.0
llama31_8b__vs__grim_trigger__seed101,Llama-3.1-8B,Grim Trigger,101,47,0.0
llama31_8b__vs__grim_trigger__seed101,Llama-3.1-8B,Grim Trigger,101,48,0.0
llama31_8b__vs__grim_trigger__seed101,Llama-3.1-8B,Grim Trigger,101,49,0.0
llama31_8b__vs__grim_trigger__seed101,Llama-3.1-8B,Grim Trigger,101,50,0.0
llama31_8b__vs__grim_trigger__seed102,Llama-3.1-8B,Grim Trigger,102,1,0.0
llama31_8b__vs__grim_trigger__seed102,Llama-3.1-8B,Grim Trigger,102,2,0.0
llama31_8b__vs__grim_trigger__seed102,Llama-3.1-8B,Grim Trigger,102,3,0.0
llama31_8b__vs__grim_trigger__seed102,Llama-3.1-8B,Grim Trigger,102,4,0.0
llama31_8b__vs__grim_trigger__seed102,Llama-3.1-8B,Grim Trigger,102,5,0.0
llama31_8b__vs__grim_trigger__seed102,Llama-3.1-8B,Grim Trigger,102,6,0.0
llama31_8b__vs__grim_trigger__seed102,Llama-3.1-8B,Grim Trigger,102,7,0.0
llama31_8b__vs__grim_trigger__seed102,Llama-3.1-8B,Grim Trigger,102,8,0.0
llama31_8b__vs__grim_trigger__seed102,Llama-3.1-8B,Grim Trigger,102,9,0.0
llama31_8b__vs__grim_trigger__seed102,Llama-3.1-8B,Grim Trigger,102,10,0.0
llama31_8b__vs__grim_trigger__seed102,Llama-3.1-8B,Grim Trigger,102,11,0.0
llama31_8b__vs__grim_trigger__seed102,Llama-3.1-8B,Grim Trigger,102,12,0.0
llama31_8b__vs__grim_trigger__seed102,Llama-3.1-8B,Grim Trigger,102,13,0.0
llama31_8b__vs__grim_trigger__seed102,Llama-3.1-8B,Grim Trigger,102,14,0.0
llama31_8b__vs__grim_trigger__seed102,Llama-3.1-8B,Grim Trigger,102,15,0.0
llama31_8b__vs__grim_trigger__seed102,Llama-3.1-8B,Grim Trigger,102,16,0.0
llama31_8b__vs__grim_trigger__seed102,Llama-3.1-8B,Grim Trigger,102,17,0.0
llama31_8b__vs__grim_trigger__seed102,Llama-3.1-8B,Grim Trigger,102,18,0.0
llama31_8b__vs__grim_trigger__seed102,Llama-3.1-8B,Grim Trigger,102,19,0.0
llama31_8b__vs__grim_trigger__seed102,Llama-3.1-8B,Grim Trigger,102,20,0.0
llama31_8b__vs__grim_trigger__seed102,Llama-3.1-8B,Grim Trigger,102,21,0.0
llama31_8b__vs__grim_trigger__seed102,Llama-3.1-8B,Grim Trigger,102,22,0.0
llama31_8b__vs__grim_trigger__seed102,Llama-3.1-8B,Grim Trigger,102,23,0.0
llama31_8b__vs__grim_trigger__seed102,Llama-3.1-8B,Grim Trigger,102,24,0.0
llama31_8b__vs__grim_trigger__seed102,Llama-3.1-8B,Grim Trigger,102,25,0.0
llama31_8b__vs__grim_trigger__seed102,Llama-3.1-8B,Grim Trigger,102,26,0.0
llama31_8b__vs__grim_trigger__seed102,Llama-3.1-8B,Grim Trigger,102,27,0.0
llama31_8b__vs__grim_trigger__seed102,Llama-3.1-8B,Grim Trigger,102,28,0.0
llama31_8b__vs__grim_trigger__seed102,Llama-3.1-8B,Grim Trigger,102,29,0.0
llama31_8b__vs__grim_trigger__seed102,Llama-3.1-8B,Grim Trigger,102,30,0.0
llama31_8b__vs__grim_trigger__seed102,Llama-3.1-8B,Grim Trigger,102,31,0.0
llama31_8b__vs__grim_trigger__seed102,Llama-3.1-8B,Grim Trigger,102,32,0.0
llama31_8b__vs__grim_trigger__seed102,Llama-3.1-8B,Grim Trigger,102,33,0.0
llama31_8b__vs__grim_trigger__seed102,Llama-3.1-8B,Grim Trigger,102,34,0.0
llama31_8b__vs__grim_trigger__seed102,Llama-3.1-8B,Grim Trigger,102,35,0.0
llama31_8b__vs__grim_trigger__seed102,Llama-3.1-8B,Grim Trigger,102,36,0.0
llama31_8b__vs__grim_trigger__seed102,Llama-3.1-8B,Grim Trigger,102,37,0.0
llama31_8b__vs__grim_trigger__seed102,Llama-3.1-8B,Grim Trigger,102,38,0.0
llama31_8b__vs__grim_trigger__seed102,Llama-3.1-8B,Grim Trigger,102,39,0.0
llama31_8b__vs__grim_trigger__seed102,Llama-3.1-8B,Grim Trigger,102,40,0.0
llama31_8b__vs__grim_trigger__seed102,Llama-3.1-8B,Grim Trigger,102,41,0.0
llama31_8b__vs__grim_trigger__seed102,Llama-3.1-8B,Grim Trigger,102,42,0.0
llama31_8b__vs__grim_trigger__seed102,Llama-3.1-8B,Grim Trigger,102,43,0.0
llama31_8b__vs__grim_trigger__seed102,Llama-3.1-8B,Grim Trigger,102,44,0.0
llama31_8b__vs__grim_trigger__seed102,Llama-3.1-8B,Grim Trigger,102,45,0.0
llama31_8b__vs__grim_trigger__seed102,Llama-3.1-8B,Grim Trigger,102,46,0.0
llama31_8b__vs__grim_trigger__seed102,Llama-3.1-8B,Grim Trigger,102,47,0.0
llama31_8b__vs__grim_trigger__seed102,Llama-3.1-8B,Grim Trigger,102,48,0.0
llama31_8b__vs__grim_trigger__seed102,Llama-3.1-8B,Grim Trigger,102,49,0.0
llama31_8b__vs__grim_trigger__seed102,Llama-3.1-8B,Grim Trigger,102,50,0.0
llama31_8b__vs__grim_trigger__seed103,Llama-3.1-8B,Grim Trigger,103,1,0.0
llama31_8b__vs__grim_trigger__seed103,Llama-3.1-8B,Grim Trigger,103,2,0.0
llama31_8b__vs__grim_trigger__seed103,Llama-3.1-8B,Grim Trigger,103,3,0.0
llama31_8b__vs__grim_trigger__seed103,Llama-3.1-8B,Grim Trigger,103,4,0.0
llama31_8b__vs__grim_trigger__seed103,Llama-3.1-8B,Grim Trigger,103,5,0.0
llama31_8b__vs__grim_trigger__seed103,Llama-3.1-8B,Grim Trigger,103,6,0.0
llama31_8b__vs__grim_trigger__seed103,Llama-3.1-8B,Grim Trigger,103,7,0.0
llama31_8b__vs__grim_trigger__seed103,Llama-3.1-8B,Grim Trigger,103,8,0.0
llama31_8b__vs__grim_trigger__seed103,Llama-3.1-8B,Grim Trigger,103,9,0.0
llama31_8b__vs__grim_trigger__seed103,Llama-3.1-8B,Grim Trigger,103,10,0.0
llama31_8b__vs__grim_trigger__seed103,Llama-3.1-8B,Grim Trigger,103,11,0.0
llama31_8b__vs__grim_trigger__seed103,Llama-3.1-8B,Grim Trigger,103,12,0.0
llama31_8b__vs__grim_trigger__seed103,Llama-3.1-8B,Grim Trigger,103,13,0.0
llama31_8b__vs__grim_trigger__seed103,Llama-3.1-8B,Grim Trigger,103,14,0.0
llama31_8b__vs__grim_trigger__seed103,Llama-3.1-8B,Grim Trigger,103,15,0.0
llama31_8b__vs__grim_trigger__seed103,Llama-3.1-8B,Grim Trigger,103,16,0.0
llama31_8b__vs__grim_trigger__seed103,Llama-3.1-8B,Grim Trigger,103,17,0.0
llama31_8b__vs__grim_trigger__seed103,Llama-3.1-8B,Grim Trigger,103,18,0.0
llama31_8b__vs__grim_trigger__seed103,Llama-3.1-8B,Grim Trigger,103,19,0.0
llama31_8b__vs__grim_trigger__seed103,Llama-3.1-8B,Grim Trigger,103,20,0.0
llama31_8b__vs__grim_trigger__seed103,Llama-3.1-8B,Grim Trigger,103,21,0.0
llama31_8b__vs__grim_trigger__seed103,Llama-3.1-8B,Grim Trigger,103,22,0.0
llama31_8b__vs__grim_trigger__seed103,Llama-3.1-8B,Grim Trigger,103,23,0.0
llama31_8b__vs__grim_trigger__seed103,Llama-3.1-8B,Grim Trigger,103,24,0.0
llama31_8b__vs__grim_trigger__seed103,Llama-3.1-8B,Grim Trigger,103,25,0.0
llama31_8b__vs__grim_trigger__seed103,Llama-3.1-8B,Grim Trigger,103,26,0.0
llama31_8b__vs__grim_trigger__seed103,Llama-3.1-8B,Grim Trigger,103,27,0.0
llama31_8b__vs__grim_trigger__seed103,Llama-3.1-8B,Grim Trigger,103,28,0.0
llama31_8b__vs__grim_trigger__seed103,Llama-3.1-8B,Grim Trigger,103,29,0.0
llama31_8b__vs__grim_trigger__seed103,Llama-3.1-8B,Grim Trigger,103,30,0.0
llama31_8b__vs__grim_trigger__seed103,Llama-3.1-8B,Grim Trigger,103,31,0.0
llama31_8b__vs__grim_trigger__seed103,Llama-3.1-8B,Grim Trigger,103,32,0.0
llama31_8b__vs__grim_trigger__seed103,Llama-3.1-8B,Grim Trigger,103,33,0.0
llama31_8b__vs__grim_trigger__seed103,Llama-3.1-8B,Grim Trigger,103,34,0.0
llama31_8b__vs__grim_trigger__seed103,Llama-3.1-8B,Grim Trigger,103,35,0.0
llama31_8b__vs__grim_trigger__seed103,Llama-3.1-8B,Grim Trigger,103,36,0.0
llama31_8b__vs__grim_trigger__seed103,Llama-3.1-8B,Grim Trigger,103,37,0.0
llama31_8b__vs__grim_trigger__seed103,Llama-3.1-8B,Grim Trigger,103,38,0.0
llama31_8b__vs__grim_trigger__seed103,Llama-3.1-8B,Grim Trigger,103,39,0.0
llama31_8b__vs__grim_trigger__seed103,Llama-3.1-8B,Grim Trigger,103,40,0.0
llama31_8b__vs__grim_trigger__seed103,Llama-3.1-8B,Grim Trigger,103,41,0.0
llama31_8b__vs__grim_trigger__seed103,Llama-3.1-8B,Grim Trigger,103,42,0.0
llama31_8b__vs__grim_trigger__seed103,Llama-3.1-8B,Grim Trigger,103,43,0.0
llama31_8b__vs__grim_trigger__seed103,Llama-3.1-8B,Grim Trigger,103,44,0.0
llama31_8b__vs__grim_trigger__seed103,Llama-3.1-8B,Grim Trigger,103,45,0.0
llama31_8b__vs__grim_trigger__seed103,Llama-3.1-8B,Grim Trigger,103,46,0.0
llama31_8b__vs__grim_trigger__seed103,Llama-3.1-8B,Grim Trigger,103,47,0.0
llama31_8b__vs__grim_trigger__seed103,Llama-3.1-8B,Grim Trigger,103,48,0.0
llama31_8b__vs__grim_trigger__seed103,Llama-3.1-8B,Grim Trigger,103,49,0.0
llama31_8b__vs__grim_trigger__seed103,Llama-3.1-8B,Grim Trigger,103,50,0.0
llama31_8b__vs__grim_trigger__seed104,Llama-3.1-8B,Grim Trigger,104,1,0.0
llama31_8b__vs__grim_trigger__seed104,Llama-3.1-8B,Grim Trigger,104,2,0.0
llama31_8b__vs__grim_trigger__seed104,Llama-3.1-8B,Grim Trigger,104,3,0.0
llama31_8b__vs__grim_trigger__seed104,Llama-3.1-8B,Grim Trigger,104,4,0.0
llama31_8b__vs__grim_trigger__seed104,Llama-3.1-8B,Grim Trigger,104,5,0.0
llama31_8b__vs__grim_trigger__seed104,Llama-3.1-8B,Grim Trigger,104,6,0.0
llama31_8b__vs__grim_trigger__seed104,Llama-3.1-8B,Grim Trigger,104,7,0.0
llama31_8b__vs__grim_trigger__seed104,Llama-3.1-8B,Grim Trigger,104,8,0.0
llama31_8b__vs__grim_trigger__seed104,Llama-3.1-8B,Grim Trigger,104,9,0.0
llama31_8b__vs__grim_trigger__seed104,Llama-3.1-8B,Grim Trigger,104,10,0.0
llama31_8b__vs__grim_trigger__seed104,Llama-3.1-8B,Grim Trigger,104,11,0.0
llama31_8b__vs__grim_trigger__seed104,Llama-3.1-8B,Grim Trigger,104,12,0.0
llama31_8b__vs__grim_trigger__seed104,Llama-3.1-8B,Grim Trigger,104,13,0.0
llama31_8b__vs__grim_trigger__seed104,Llama-3.1-8B,Grim Trigger,104,14,0.0
llama31_8b__vs__grim_trigger__seed104,Llama-3.1-8B,Grim Trigger,104,15,0.0
llama31_8b__vs__grim_trigger__seed104,Llama-3.1-8B,Grim Trigger,104,16,0.0
llama31_8b__vs__grim_trigger__seed104,Llama-3.1-8B,Grim Trigger,104,17,0.0
llama31_8b__vs__grim_trigger__seed104,Llama-3.1-8B,Grim Trigger,104,18,0.0
llama31_8b__vs__grim_trigger__seed104,Llama-3.1-8B,Grim Trigger,104,19,0.0
llama31_8b__vs__grim_trigger__seed104,Llama-3.1-8B,Grim Trigger,104,20,0.0
llama31_8b__vs__grim_trigger__seed104,Llama-3.1-8B,Grim Trigger,104,21,0.0
llama31_8b__vs__grim_trigger__seed104,Llama-3.1-8B,Grim Trigger,104,22,0.0
llama31_8b__vs__grim_trigger__seed104,Llama-3.1-8B,Grim Trigger,104,23,0.0
llama31_8b__vs__grim_trigger__seed104,Llama-3.1-8B,Grim Trigger,104,24,0.0
llama31_8b__vs__grim_trigger__seed104,Llama-3.1-8B,Grim Trigger,104,25,0.0
llama31_8b__vs__grim_trigger__seed104,Llama-3.1-8B,Grim Trigger,104,26,0.0
llama31_8b__vs__grim_trigger__seed104,Llama-3.1-8B,Grim Trigger,104,27,0.0
llama31_8b__vs__grim_trigger__seed104,Llama-3.1-8B,Grim Trigger,104,28,0.0
llama31_8b__vs__grim_trigger__seed104,Llama-3.1-8B,Grim Trigger,104,29,0.0
llama31_8b__vs__grim_trigger__seed104,Llama-3.1-8B,Grim Trigger,104,30,0.0
llama31_8b__vs__grim_trigger__seed104,Llama-3.1-8B,Grim Trigger,104,31,0.0
llama31_8b__vs__grim_trigger__seed104,Llama-3.1-8B,Grim Trigger,104,32,0.0
llama31_8b__vs__grim_trigger__seed104,Llama-3.1-8B,Grim Trigger,104,33,0.0
llama31_8b__vs__grim_trigger__seed104,Llama-3.1-8B,Grim Trigger,104,34,0.0
llama31_8b__vs__grim_trigger__seed104,Llama-3.1-8B,Grim Trigger,104,35,0.0
llama31_8b__vs__grim_trigger__seed104,Llama-3.1-8B,Grim Trigger,104,36,0.0
llama31_8b__vs__grim_trigger__seed104,Llama-3.1-8B,Grim Trigger,104,37,0.0
llama31_8b__vs__grim_trigger__seed104,Llama-3.1-8B,Grim Trigger,104,38,0.0
llama31_8b__vs__grim_trigger__seed104,Llama-3.1-8B,Grim Trigger,104,39,0.0
llama31_8b__vs__grim_trigger__seed104,Llama-3.1-8B,Grim Trigger,104,40,0.0
llama31_8b__vs__grim_trigger__seed104,Llama-3.1-8B,Grim Trigger,104,41,0.0
llama31_8b__vs__grim_trigger__seed104,Llama-3.1-8B,Grim Trigger,104,42,0.0
llama31_8b__vs__grim_trigger__seed104,Llama-3.1-8B,Grim Trigger,104,43,0.0
llama31_8b__vs__grim_trigger__seed104,Llama-3.1-8B,Grim Trigger,104,44,0.0
llama31_8b__vs__grim_trigger__seed104,Llama-3.1-8B,Grim Trigger,104,45,0.0
llama31_8b__vs__grim_trigger__seed104,Llama-3.1-8B,Grim Trigger,104,46,0.0
llama31_8b__vs__grim_trigger__seed104,Llama-3.1-8B,Grim Trigger,104,47,0.0
llama31_8b__vs__grim_trigger__seed104,Llama-3.1-8B,Grim Trigger,104,48,0.0
llama31_8b__vs__grim_trigger__seed104,Llama-3.1-8B,Grim Trigger,104,49,0.0
llama31_8b__vs__grim_trigger__seed104,Llama-3.1-8B,Grim Trigger,104,50,0.0
llama31_8b__vs__grim_trigger__seed105,Llama-3.1-8B,Grim Trigger,105,1,0.0
llama31_8b__vs__grim_trigger__seed105,Llama-3.1-8B,Grim Trigger,105,2,0.0
llama31_8b__vs__grim_trigger__seed105,Llama-3.1-8B,Grim Trigger,105,3,0.0
llama31_8b__vs__grim_trigger__seed105,Llama-3.1-8B,Grim Trigger,105,4,0.0
llama31_8b__vs__grim_trigger__seed105,Llama-3.1-8B,Grim Trigger,105,5,0.0
llama31_8b__vs__grim_trigger__seed105,Llama-3.1-8B,Grim Trigger,105,6,0.0
llama31_8b__vs__grim_trigger__seed105,Llama-3.1-8B,Grim Trigger,105,7,0.0
llama31_8b__vs__grim_trigger__seed105,Llama-3.1-8B,Grim Trigger,105,8,0.0
llama31_8b__vs__grim_trigger__seed105,Llama-3.1-8B,Grim Trigger,105,9,0.0
llama31_8b__vs__grim_trigger__seed105,Llama-3.1-8B,Grim Trigger,105,10,0.0
llama31_8b__vs__grim_trigger__seed105,Llama-3.1-8B,Grim Trigger,105,11,0.0
llama31_8b__vs__grim_trigger__seed105,Llama-3.1-8B,Grim Trigger,105,12,0.0
llama31_8b__vs__grim_trigger__seed105,Llama-3.1-8B,Grim Trigger,105,13,0.0
llama31_8b__vs__grim_trigger__seed105,Llama-3.1-8B,Grim Trigger,105,14,0.0
llama31_8b__vs__grim_trigger__seed105,Llama-3.1-8B,Grim Trigger,105,15,0.0
llama31_8b__vs__grim_trigger__seed105,Llama-3.1-8B,Grim Trigger,105,16,0.0
llama31_8b__vs__grim_trigger__seed105,Llama-3.1-8B,Grim Trigger,105,17,0.0
llama31_8b__vs__grim_trigger__seed105,Llama-3.1-8B,Grim Trigger,105,18,0.0
llama31_8b__vs__grim_trigger__seed105,Llama-3.1-8B,Grim Trigger,105,19,0.0
llama31_8b__vs__grim_trigger__seed105,Llama-3.1-8B,Grim Trigger,105,20,0.0
llama31_8b__vs__grim_trigger__seed105,Llama-3.1-8B,Grim Trigger,105,21,0.0
llama31_8b__vs__grim_trigger__seed105,Llama-3.1-8B,Grim Trigger,105,22,0.0
llama31_8b__vs__grim_trigger__seed105,Llama-3.1-8B,Grim Trigger,105,23,0.0
llama31_8b__vs__grim_trigger__seed105,Llama-3.1-8B,Grim Trigger,105,24,0.0
llama31_8b__vs__grim_trigger__seed105,Llama-3.1-8B,Grim Trigger,105,25,0.0
llama31_8b__vs__grim_trigger__seed105,Llama-3.1-8B,Grim Trigger,105,26,0.0
llama31_8b__vs__grim_trigger__seed105,Llama-3.1-8B,Grim Trigger,105,27,0.0
llama31_8b__vs__grim_trigger__seed105,Llama-3.1-8B,Grim Trigger,105,28,0.0
llama31_8b__vs__grim_trigger__seed105,Llama-3.1-8B,Grim Trigger,105,29,0.0
llama31_8b__vs__grim_trigger__seed105,Llama-3.1-8B,Grim Trigger,105,30,0.0
llama31_8b__vs__grim_trigger__seed105,Llama-3.1-8B,Grim Trigger,105,31,0.0
llama31_8b__vs__grim_trigger__seed105,Llama-3.1-8B,Grim Trigger,105,32,0.0
llama31_8b__vs__grim_trigger__seed105,Llama-3.1-8B,Grim Trigger,105,33,0.0
llama31_8b__vs__grim_trigger__seed105,Llama-3.1-8B,Grim Trigger,105,34,0.0
llama31_8b__vs__grim_trigger__seed105,Llama-3.1-8B,Grim Trigger,105,35,0.0
llama31_8b__vs__grim_trigger__seed105,Llama-3.1-8B,Grim Trigger,105,36,0.0
llama31_8b__vs__grim_trigger__seed105,Llama-3.1-8B,Grim Trigger,105,37,0.0
llama31_8b__vs__grim_trigger__seed105,Llama-3.1-8B,Grim Trigger,105,38,0.0
llama31_8b__vs__grim_trigger__seed105,Llama-3.1-8B,Grim Trigger,105,39,0.0
llama31_8b__vs__grim_trigger__seed105,Llama-3.1-8B,Grim Trigger,105,40,0.0
llama31_8b__vs__grim_trigger__seed105,Llama-3.1-8B,Grim Trigger,105,41,0.0
llama31_8b__vs__grim_trigger__seed105,Llama-3.1-8B,Grim Trigger,105,42,0.0
llama31_8b__vs__grim_trigger__seed105,Llama-3.1-8B,Grim Trigger,105,43,0.0
llama31_8b__vs__grim_trigger__seed105,Llama-3.1-8B,Grim Trigger,105,44,0.0
llama31_8b__vs__grim_trigger__seed105,Llama-3.1-8B,Grim Trigger,105,45,0.0
llama31_8b__vs__grim_trigger__seed105,Llama-3.1-8B,Grim Trigger,105,46,0.0
llama31_8b__vs__grim_trigger__seed105,Llama-3.1-8B,Grim Trigger,105,47,0.0
llama31_8b__vs__grim_trigger__seed105,Llama-3.1-8B,Grim Trigger,105,48,0.0
llama31_8b__vs__grim_trigger__seed105,Llama-3.1-8B,Grim Trigger,105,49,0.0
llama31_8b__vs__grim_trigger__seed105,Llama-3.1-8B,Grim Trigger,105,50,0.0
llama31_8b__vs__random_uniform__seed101,Llama-3.1-8B,Random,101,1,0.0
llama31_8b__vs__random_uniform__seed101,Llama-3.1-8B,Random,101,2,0.0
llama31_8b__vs__random_uniform__seed101,Llama-3.1-8B,Random,101,3,0.0
llama31_8b__vs__random_uniform__seed101,Llama-3.1-8B,Random,101,4,0.0
llama31_8b__vs__random_uniform__seed101,Llama-3.1-8B,Random,101,5,0.0
llama31_8b__vs__random_uniform__seed101,Llama-3.1-8B,Random,101,6,0.0
llama31_8b__vs__random_uniform__seed101,Llama-3.1-8B,Random,101,7,0.0
llama31_8b__vs__random_uniform__seed101,Llama-3.1-8B,Random,101,8,0.0
llama31_8b__vs__random_uniform__seed101,Llama-3.1-8B,Random,101,9,0.0
llama31_8b__vs__random_uniform__seed101,Llama-3.1-8B,Random,101,10,0.0
llama31_8b__vs__random_uniform__seed101,Llama-3.1-8B,Random,101,11,0.0
llama31_8b__vs__random_uniform__seed101,Llama-3.1-8B,Random,101,12,0.0
llama31_8b__vs__random_uniform__seed101,Llama-3.1-8B,Random,101,13,0.0
llama31_8b__vs__random_uniform__seed101,Llama-3.1-8B,Random,101,14,0.0
llama31_8b__vs__random_uniform__seed101,Llama-3.1-8B,Random,101,15,0.0
llama31_8b__vs__random_uniform__seed101,Llama-3.1-8B,Random,101,16,0.0
llama31_8b__vs__random_uniform__seed101,Llama-3.1-8B,Random,101,17,0.0
llama31_8b__vs__random_uniform__seed101,Llama-3.1-8B,Random,101,18,0.0
llama31_8b__vs__random_uniform__seed101,Llama-3.1-8B,Random,101,19,0.0
llama31_8b__vs__random_uniform__seed101,Llama-3.1-8B,Random,101,20,0.0
llama31_8b__vs__random_uniform__seed101,Llama-3.1-8B,Random,101,21,0.0
llama31_8b__vs__random_uniform__seed101,Llama-3.1-8B,Random,101,22,0.0
llama31_8b__vs__random_uniform__seed101,Llama-3.1-8B,Random,101,23,0.0
llama31_8b__vs__random_uniform__seed101,Llama-3.1-8B,Random,101,24,0.0
llama31_8b__vs__random_uniform__seed101,Llama-3.1-8B,Random,101,25,0.0
llama31_8b__vs__random_uniform__seed101,Llama-3.1-8B,Random,101,26,0.0
llama31_8b__vs__random_uniform__seed101,Llama-3.1-8B,Random,101,27,0.0
llama31_8b__vs__random_uniform__seed101,Llama-3.1-8B,Random,101,28,0.0
llama31_8b__vs__random_uniform__seed101,Llama-3.1-8B,Random,101,29,0.0
llama31_8b__vs__random_uniform__seed101,Llama-3.1-8B,Random,101,30,0.0
llama31_8b__vs__random_uniform__seed101,Llama-3.1-8B,Random,101,31,0.0
llama31_8b__vs__random_uniform__seed101,Llama-3.1-8B,Random,101,32,0.0
llama31_8b__vs__random_uniform__seed101,Llama-3.1-8B,Random,101,33,0.0
llama31_8b__vs__random_uniform__seed101,Llama-3.1-8B,Random,101,34,0.0
llama31_8b__vs__random_uniform__seed101,Llama-3.1-8B,Random,101,35,0.0
llama31_8b__vs__random_uniform__seed101,Llama-3.1-8B,Random,101,36,0.0
llama31_8b__vs__random_uniform__seed101,Llama-3.1-8B,Random,101,37,0.0
llama31_8b__vs__random_uniform__seed101,Llama-3.1-8B,Random,101,38,0.0
llama31_8b__vs__random_uniform__seed101,Llama-3.1-8B,Random,101,39,0.0
llama31_8b__vs__random_uniform__seed101,Llama-3.1-8B,Random,101,40,0.0
llama31_8b__vs__random_uniform__seed101,Llama-3.1-8B,Random,101,41,0.0
llama31_8b__vs__random_uniform__seed101,Llama-3.1-8B,Random,101,42,0.0
llama31_8b__vs__random_uniform__seed101,Llama-3.1-8B,Random,101,43,0.0
llama31_8b__vs__random_uniform__seed101,Llama-3.1-8B,Random,101,44,0.0
llama31_8b__vs__random_uniform__seed101,Llama-3.1-8B,Random,101,45,0.0
llama31_8b__vs__random_uniform__seed101,Llama-3.1-8B,Random,101,46,0.0
llama31_8b__vs__random_uniform__seed101,Llama-3.1-8B,Random,101,47,0.0
llama31_8b__vs__random_uniform__seed101,Llama-3.1-8B,Random,101,48,0.0
llama31_8b__vs__random_uniform__seed101,Llama-3.1-8B,Random,101,49,0.0
llama31_8b__vs__random_uniform__seed101,Llama-3.1-8B,Random,101,50,0.0
llama31_8b__vs__random_uniform__seed102,Llama-3.1-8B,Random,102,1,0.0
llama31_8b__vs__random_uniform__seed102,Llama-3.1-8B,Random,102,2,0.0
llama31_8b__vs__random_uniform__seed102,Llama-3.1-8B,Random,102,3,0.0
llama31_8b__vs__random_uniform__seed102,Llama-3.1-8B,Random,102,4,0.0
llama31_8b__vs__random_uniform__seed102,Llama-3.1-8B,Random,102,5,0.0
llama31_8b__vs__random_uniform__seed102,Llama-3.1-8B,Random,102,6,0.0
llama31_8b__vs__random_uniform__seed102,Llama-3.1-8B,Random,102,7,0.0
llama31_8b__vs__random_uniform__seed102,Llama-3.1-8B,Random,102,8,0.0
llama31_8b__vs__random_uniform__seed102,Llama-3.1-8B,Random,102,9,0.0
llama31_8b__vs__random_uniform__seed102,Llama-3.1-8B,Random,102,10,0.0
llama31_8b__vs__random_uniform__seed102,Llama-3.1-8B,Random,102,11,0.0
llama31_8b__vs__random_uniform__seed102,Llama-3.1-8B,Random,102,12,0.0
llama31_8b__vs__random_uniform__seed102,Llama-3.1-8B,Random,102,13,0.0
llama31_8b__vs__random_uniform__seed102,Llama-3.1-8B,Random,102,14,0.0
llama31_8b__vs__random_uniform__seed102,Llama-3.1-8B,Random,102,15,0.0
llama31_8b__vs__random_uniform__seed102,Llama-3.1-8B,Random,102,16,0.0
llama31_8b__vs__random_uniform__seed102,Llama-3.1-8B,Random,102,17,0.0
llama31_8b__vs__random_uniform__seed102,Llama-3.1-8B,Random,102,18,0.0
llama31_8b__vs__random_uniform__seed102,Llama-3.1-8B,Random,102,19,0.0
llama31_8b__vs__random_uniform__seed102,Llama-3.1-8B,Random,102,20,0.0
llama31_8b__vs__random_uniform__seed102,Llama-3.1-8B,Random,102,21,0.0
llama31_8b__vs__random_uniform__seed102,Llama-3.1-8B,Random,102,22,0.0
llama31_8b__vs__random_uniform__seed102,Llama-3.1-8B,Random,102,23,0.0
llama31_8b__vs__random_uniform__seed102,Llama-3.1-8B,Random,102,24,0.0
llama31_8b__vs__random_uniform__seed102,Llama-3.1-8B,Random,102,25,0.0
llama31_8b__vs__random_uniform__seed102,Llama-3.1-8B,Random,102,26,0.0
llama31_8b__vs__random_uniform__seed102,Llama-3.1-8B,Random,102,27,0.0
llama31_8b__vs__random_uniform__seed102,Llama-3.1-8B,Random,102,28,0.0
llama31_8b__vs__random_uniform__seed102,Llama-3.1-8B,Random,102,29,0.0
llama31_8b__vs__random_uniform__seed102,Llama-3.1-8B,Random,102,30,0.0
llama31_8b__vs__random_uniform__seed102,Llama-3.1-8B,Random,102,31,0.0
llama31_8b__vs__random_uniform__seed102,Llama-3.1-8B,Random,102,32,0.0
llama31_8b__vs__random_uniform__seed102,Llama-3.1-8B,Random,102,33,0.0
llama31_8b__vs__random_uniform__seed102,Llama-3.1-8B,Random,102,34,0.0
llama31_8b__vs__random_uniform__seed102,Llama-3.1-8B,Random,102,35,0.0
llama31_8b__vs__random_uniform__seed102,Llama-3.1-8B,Random,102,36,0.0
llama31_8b__vs__random_uniform__seed102,Llama-3.1-8B,Random,102,37,0.0
llama31_8b__vs__random_uniform__seed102,Llama-3.1-8B,Random,102,38,0.0
llama31_8b__vs__random_uniform__seed102,Llama-3.1-8B,Random,102,39,0.0
llama31_8b__vs__random_uniform__seed102,Llama-3.1-8B,Random,102,40,0.0
llama31_8b__vs__random_uniform__seed102,Llama-3.1-8B,Random,102,41,0.0
llama31_8b__vs__random_uniform__seed102,Llama-3.1-8B,Random,102,42,0.0
llama31_8b__vs__random_uniform__seed102,Llama-3.1-8B,Random,102,43,0.0
llama31_8b__vs__random_uniform__seed102,Llama-3.1-8B,Random,102,44,0.0
llama31_8b__vs__random_uniform__seed102,Llama-3.1-8B,Random,102,45,0.0
llama31_8b__vs__random_uniform__seed102,Llama-3.1-8B,Random,102,46,0.0
llama31_8b__vs__random_uniform__seed102,Llama-3.1-8B,Random,102,47,0.0
llama31_8b__vs__random_uniform__seed102,Llama-3.1-8B,Random,102,48,0.0
llama31_8b__vs__random_uniform__seed102,Llama-3.1-8B,Random,102,49,0.0
llama31_8b__vs__random_uniform__seed102,Llama-3.1-8B,Random,102,50,0.0
llama31_8b__vs__random_uniform__seed103,Llama-3.1-8B,Random,103,1,0.0
llama31_8b__vs__random_uniform__seed103,Llama-3.1-8B,Random,103,2,0.0
llama31_8b__vs__random_uniform__seed103,Llama-3.1-8B,Random,103,3,0.0
llama31_8b__vs__random_uniform__seed103,Llama-3.1-8B,Random,103,4,0.0
llama31_8b__vs__random_uniform__seed103,Llama-3.1-8B,Random,103,5,0.0
llama31_8b__vs__random_uniform__seed103,Llama-3.1-8B,Random,103,6,0.0
llama31_8b__vs__random_uniform__seed103,Llama-3.1-8B,Random,103,7,0.0
llama31_8b__vs__random_uniform__seed103,Llama-3.1-8B,Random,103,8,0.0
llama31_8b__vs__random_uniform__seed103,Llama-3.1-8B,Random,103,9,0.0
llama31_8b__vs__random_uniform__seed103,Llama-3.1-8B,Random,103,10,0.0
llama31_8b__vs__random_uniform__seed103,Llama-3.1-8B,Random,103,11,0.0
llama31_8b__vs__random_uniform__seed103,Llama-3.1-8B,Random,103,12,0.0
llama31_8b__vs__random_uniform__seed103,Llama-3.1-8B,Random,103,13,0.0
llama31_8b__vs__random_uniform__seed103,Llama-3.1-8B,Random,103,14,0.0
llama31_8b__vs__random_uniform__seed103,Llama-3.1-8B,Random,103,15,0.0
llama31_8b__vs__random_uniform__seed103,Llama-3.1-8B,Random,103,16,0.0
llama31_8b__vs__random_uniform__seed103,Llama-3.1-8B,Random,103,17,0.0
llama31_8b__vs__random_uniform__seed103,Llama-3.1-8B,Random,103,18,0.0
llama31_8b__vs__random_uniform__seed103,Llama-3.1-8B,Random,103,19,0.0
llama31_8b__vs__random_uniform__seed103,Llama-3.1-8B,Random,103,20,0.0
llama31_8b__vs__random_uniform__seed103,Llama-3.1-8B,Random,103,21,0.0
llama31_8b__vs__random_uniform__seed103,Llama-3.1-8B,Random,103,22,0.0
llama31_8b__vs__random_uniform__seed103,Llama-3.1-8B,Random,103,23,0.0
llama31_8b__vs__random_uniform__seed103,Llama-3.1-8B,Random,103,24,0.0
llama31_8b__vs__random_uniform__seed103,Llama-3.1-8B,Random,103,25,0.0
llama31_8b__vs__random_uniform__seed103,Llama-3.1-8B,Random,103,26,0.0
llama31_8b__vs__random_uniform__seed103,Llama-3.1-8B,Random,103,27,0.0
llama31_8b__vs__random_uniform__seed103,Llama-3.1-8B,Random,103,28,0.0
llama31_8b__vs__random_uniform__seed103,Llama-3.1-8B,Random,103,29,0.0
llama31_8b__vs__random_uniform__seed103,Llama-3.1-8B,Random,103,30,0.0
llama31_8b__vs__random_uniform__seed103,Llama-3.1-8B,Random,103,31,0.0
llama31_8b__vs__random_uniform__seed103,Llama-3.1-8B,Random,103,32,0.0
llama31_8b__vs__random_uniform__seed103,Llama-3.1-8B,Random,103,33,0.0
llama31_8b__vs__random_uniform__seed103,Llama-3.1-8B,Random,103,34,0.0
llama31_8b__vs__random_uniform__seed103,Llama-3.1-8B,Random,103,35,0.0
llama31_8b__vs__random_uniform__seed103,Llama-3.1-8B,Random,103,36,0.0
llama31_8b__vs__random_uniform__seed103,Llama-3.1-8B,Random,103,37,0.0
llama31_8b__vs__random_uniform__seed103,Llama-3.1-8B,Random,103,38,0.0
llama31_8b__vs__random_uniform__seed103,Llama-3.1-8B,Random,103,39,0.0
llama31_8b__vs__random_uniform__seed103,Llama-3.1-8B,Random,103,40,0.0
llama31_8b__vs__random_uniform__seed103,Llama-3.1-8B,Random,103,41,0.0
llama31_8b__vs__random_uniform__seed103,Llama-3.1-8B,Random,103,42,0.0
llama31_8b__vs__random_uniform__seed103,Llama-3.1-8B,Random,103,43,0.0
llama31_8b__vs__random_uniform__seed103,Llama-3.1-8B,Random,103,44,0.0
llama31_8b__vs__random_uniform__seed103,Llama-3.1-8B,Random,103,45,0.0
llama31_8b__vs__random_uniform__seed103,Llama-3.1-8B,Random,103,46,0.0
llama31_8b__vs__random_uniform__seed103,Llama-3.1-8B,Random,103,47,0.0
llama31_8b__vs__random_uniform__seed103,Llama-3.1-8B,Random,103,48,0.0
llama31_8b__vs__random_uniform__seed103,Llama-3.1-8B,Random,103,49,0.0
llama31_8b__vs__random_uniform__seed103,Llama-3.1-8B,Random,103,50,0.0
llama31_8b__vs__random_uniform__seed104,Llama-3.1-8B,Random,104,1,0.0
llama31_8b__vs__random_uniform__seed104,Llama-3.1-8B,Random,104,2,0.0
llama31_8b__vs__random_uniform__seed104,Llama-3.1-8B,Random,104,3,0.0
llama31_8b__vs__random_uniform__seed104,Llama-3.1-8B,Random,104,4,0.0
llama31_8b__vs__random_uniform__seed104,Llama-3.1-8B,Random,104,5,0.0
llama31_8b__vs__random_uniform__seed104,Llama-3.1-8B,Random,104,6,0.0
llama31_8b__vs__random_uniform__seed104,Llama-3.1-8B,Random,104,7,0.0
llama31_8b__vs__random_uniform__seed104,Llama-3.1-8B,Random,104,8,0.0
llama31_8b__vs__random_uniform__seed104,Llama-3.1-8B,Random,104,9,0.0
llama31_8b__vs__random_uniform__seed104,Llama-3.1-8B,Random,104,10,0.0
llama31_8b__vs__random_uniform__seed104,Llama-3.1-8B,Random,104,11,0.0
llama31_8b__vs__random_uniform__seed104,Llama-3.1-8B,Random,104,12,0.0
llama31_8b__vs__random_uniform__seed104,Llama-3.1-8B,Random,104,13,0.0
llama31_8b__vs__random_uniform__seed104,Llama-3.1-8B,Random,104,14,0.0
llama31_8b__vs__random_uniform__seed104,Llama-3.1-8B,Random,104,15,0.0
llama31_8b__vs__random_uniform__seed104,Llama-3.1-8B,Random,104,16,0.0
llama31_8b__vs__random_uniform__seed104,Llama-3.1-8B,Random,104,17,0.0
llama31_8b__vs__random_uniform__seed104,Llama-3.1-8B,Random,104,18,0.0
llama31_8b__vs__random_uniform__seed104,Llama-3.1-8B,Random,104,19,0.0
llama31_8b__vs__random_uniform__seed104,Llama-3.1-8B,Random,104,20,0.0
llama31_8b__vs__random_uniform__seed104,Llama-3.1-8B,Random,104,21,0.0
llama31_8b__vs__random_uniform__seed104,Llama-3.1-8B,Random,104,22,0.0
llama31_8b__vs__random_uniform__seed104,Llama-3.1-8B,Random,104,23,0.0
llama31_8b__vs__random_uniform__seed104,Llama-3.1-8B,Random,104,24,0.0
llama31_8b__vs__random_uniform__seed104,Llama-3.1-8B,Random,104,25,0.0
llama31_8b__vs__random_uniform__seed104,Llama-3.1-8B,Random,104,26,0.0
llama31_8b__vs__random_uniform__seed104,Llama-3.1-8B,Random,104,27,0.0
llama31_8b__vs__random_uniform__seed104,Llama-3.1-8B,Random,104,28,0.0
llama31_8b__vs__random_uniform__seed104,Llama-3.1-8B,Random,104,29,0.0
llama31_8b__vs__random_uniform__seed104,Llama-3.1-8B,Random,104,30,0.0
llama31_8b__vs__random_uniform__seed104,Llama-3.1-8B,Random,104,31,0.0
llama31_8b__vs__random_uniform__seed104,Llama-3.1-8B,Random,104,32,0.0
llama31_8b__vs__random_uniform__seed104,Llama-3.1-8B,Random,104,33,0.0
llama31_8b__vs__random_uniform__seed104,Llama-3.1-8B,Random,104,34,0.0
llama31_8b__vs__random_uniform__seed104,Llama-3.1-8B,Random,104,35,0.0
llama31_8b__vs__random_uniform__seed104,Llama-3.1-8B,Random,104,36,0.0
llama31_8b__vs__random_uniform__seed104,Llama-3.1-8B,Random,104,37,0.0
llama31_8b__vs__random_uniform__seed104,Llama-3.1-8B,Random,104,38,0.0
llama31_8b__vs__random_uniform__seed104,Llama-3.1-8B,Random,104,39,0.0
llama31_8b__vs__random_uniform__seed104,Llama-3.1-8B,Random,104,40,0.0
llama31_8b__vs__random_uniform__seed104,Llama-3.1-8B,Random,104,41,0.0
llama31_8b__vs__random_uniform__seed104,Llama-3.1-8B,Random,104,42,0.0
llama31_8b__vs__random_uniform__seed104,Llama-3.1-8B,Random,104,43,0.0
llama31_8b__vs__random_uniform__seed104,Llama-3.1-8B,Random,104,44,0.0
llama31_8b__vs__random_uniform__seed104,Llama-3.1-8B,Random,104,45,0.0
llama31_8b__vs__random_uniform__seed104,Llama-3.1-8B,Random,104,46,0.0
llama31_8b__vs__random_uniform__seed104,Llama-3.1-8B,Random,104,47,0.0
llama31_8b__vs__random_uniform__seed104,Llama-3.1-8B,Random,104,48,0.0
llama31_8b__vs__random_uniform__seed104,Llama-3.1-8B,Random,104,49,0.0
llama31_8b__vs__random_uniform__seed104,Llama-3.1-8B,Random,104,50,0.0
llama31_8b__vs__random_uniform__seed105,Llama-3.1-8B,Random,105,1,0.0
llama31_8b__vs__random_uniform__seed105,Llama-3.1-8B,Random,105,2,0.0
llama31_8b__vs__random_uniform__seed105,Llama-3.1-8B,Random,105,3,0.0
llama31_8b__vs__random_uniform__seed105,Llama-3.1-8B,Random,105,4,0.0
llama31_8b__vs__random_uniform__seed105,Llama-3.1-8B,Random,105,5,0.0
llama31_8b__vs__random_uniform__seed105,Llama-3.1-8B,Random,105,6,0.0
llama31_8b__vs__random_uniform__seed105,Llama-3.1-8B,Random,105,7,0.0
llama31_8b__vs__random_uniform__seed105,Llama-3.1-8B,Random,105,8,0.0
llama31_8b__vs__random_uniform__seed105,Llama-3.1-8B,Random,105,9,0.0
llama31_8b__vs__random_uniform__seed105,Llama-3.1-8B,Random,105,10,0.0
llama31_8b__vs__random_uniform__seed105,Llama-3.1-8B,Random,105,11,0.0
llama31_8b__vs__random_uniform__seed105,Llama-3.1-8B,Random,105,12,0.0
llama31_8b__vs__random_uniform__seed105,Llama-3.1-8B,Random,105,13,0.0
llama31_8b__vs__random_uniform__seed105,Llama-3.1-8B,Random,105,14,0.0
llama31_8b__vs__random_uniform__seed105,Llama-3.1-8B,Random,105,15,0.0
llama31_8b__vs__random_uniform__seed105,Llama-3.1-8B,Random,105,16,0.0
llama31_8b__vs__random_uniform__seed105,Llama-3.1-8B,Random,105,17,0.0
llama31_8b__vs__random_uniform__seed105,Llama-3.1-8B,Random,105,18,0.0
llama31_8b__vs__random_uniform__seed105,Llama-3.1-8B,Random,105,19,0.0
llama31_8b__vs__random_uniform__seed105,Llama-3.1-8B,Random,105,20,0.0
llama31_8b__vs__random_uniform__seed105,Llama-3.1-8B,Random,105,21,0.0
llama31_8b__vs__random_uniform__seed105,Llama-3.1-8B,Random,105,22,0.0
llama31_8b__vs__random_uniform__seed105,Llama-3.1-8B,Random,105,23,0.0
llama31_8b__vs__random_uniform__seed105,Llama-3.1-8B,Random,105,24,0.0
llama31_8b__vs__random_uniform__seed105,Llama-3.1-8B,Random,105,25,0.0
llama31_8b__vs__random_uniform__seed105,Llama-3.1-8B,Random,105,26,0.0
llama31_8b__vs__random_uniform__seed105,Llama-3.1-8B,Random,105,27,0.0
llama31_8b__vs__random_uniform__seed105,Llama-3.1-8B,Random,105,28,0.0
llama31_8b__vs__random_uniform__seed105,Llama-3.1-8B,Random,105,29,0.0
llama31_8b__vs__random_uniform__seed105,Llama-3.1-8B,Random,105,30,0.0
llama31_8b__vs__random_uniform__seed105,Llama-3.1-8B,Random,105,31,0.0
llama31_8b__vs__random_uniform__seed105,Llama-3.1-8B,Random,105,32,0.0
llama31_8b__vs__random_uniform__seed105,Llama-3.1-8B,Random,105,33,0.0
llama31_8b__vs__random_uniform__seed105,Llama-3.1-8B,Random,105,34,0.0
llama31_8b__vs__random_uniform__seed105,Llama-3.1-8B,Random,105,35,0.0
llama31_8b__vs__random_uniform__seed105,Llama-3.1-8B,Random,105,36,0.0
llama31_8b__vs__random_uniform__seed105,Llama-3.1-8B,Random,105,37,0.0
llama31_8b__vs__random_uniform__seed105,Llama-3.1-8B,Random,105,38,0.0
llama31_8b__vs__random_uniform__seed105,Llama-3.1-8B,Random,105,39,0.0
llama31_8b__vs__random_uniform__seed105,Llama-3.1-8B,Random,105,40,0.0
llama31_8b__vs__random_uniform__seed105,Llama-3.1-8B,Random,105,41,0.0
llama31_8b__vs__random_uniform__seed105,Llama-3.1-8B,Random,105,42,0.0
llama31_8b__vs__random_uniform__seed105,Llama-3.1-8B,Random,105,43,0.0
llama31_8b__vs__random_uniform__seed105,Llama-3.1-8B,Random,105,44,0.0
llama31_8b__vs__random_uniform__seed105,Llama-3.1-8B,Random,105,45,0.0
llama31_8b__vs__random_uniform__seed105,Llama-3.1-8B,Random,105,46,0.0
llama31_8b__vs__random_uniform__seed105,Llama-3.1-8B,Random,105,47,0.0
llama31_8b__vs__random_uniform__seed105,Llama-3.1-8B,Random,105,48,0.0
llama31_8b__vs__random_uniform__seed105,Llama-3.1-8B,Random,105,49,0.0
llama31_8b__vs__random_uniform__seed105,Llama-3.1-8B,Random,105,50,0.0
llama31_8b__vs__wsls__seed101,Llama-3.1-8B,WSLS,101,1,0.0
llama31_8b__vs__wsls__seed101,Llama-3.1-8B,WSLS,101,2,0.0
llama31_8b__vs__wsls__seed101,Llama-3.1-8B,WSLS,101,3,0.0
llama31_8b__vs__wsls__seed101,Llama-3.1-8B,WSLS,101,4,0.0
llama31_8b__vs__wsls__seed101,Llama-3.1-8B,WSLS,101,5,0.0
llama31_8b__vs__wsls__seed101,Llama-3.1-8B,WSLS,101,6,0.0
llama31_8b__vs__wsls__seed101,Llama-3.1-8B,WSLS,101,7,0.0
llama31_8b__vs__wsls__seed101,Llama-3.1-8B,WSLS,101,8,0.0
llama31_8b__vs__wsls__seed101,Llama-3.1-8B,WSLS,101,9,0.0
llama31_8b__vs__wsls__seed101,Llama-3.1-8B,WSLS,101,10,0.0
llama31_8b__vs__wsls__seed101,Llama-3.1-8B,WSLS,101,11,0.0
llama31_8b__vs__wsls__seed101,Llama-3.1-8B,WSLS,101,12,0.0
llama31_8b__vs__wsls__seed101,Llama-3.1-8B,WSLS,101,13,0.0
llama31_8b__vs__wsls__seed101,Llama-3.1-8B,WSLS,101,14,0.0
llama31_8b__vs__wsls__seed101,Llama-3.1-8B,WSLS,101,15,0.0
llama31_8b__vs__wsls__seed101,Llama-3.1-8B,WSLS,101,16,0.0
llama31_8b__vs__wsls__seed101,Llama-3.1-8B,WSLS,101,17,0.0
llama31_8b__vs__wsls__seed101,Llama-3.1-8B,WSLS,101,18,0.0
llama31_8b__vs__wsls__seed101,Llama-3.1-8B,WSLS,101,19,0.0
llama31_8b__vs__wsls__seed101,Llama-3.1-8B,WSLS,101,20,0.0
llama31_8b__vs__wsls__seed101,Llama-3.1-8B,WSLS,101,21,0.0
llama31_8b__vs__wsls__seed101,Llama-3.1-8B,WSLS,101,22,0.0
llama31_8b__vs__wsls__seed101,Llama-3.1-8B,WSLS,101,23,0.0
llama31_8b__vs__wsls__seed101,Llama-3.1-8B,WSLS,101,24,0.0
llama31_8b__vs__wsls__seed101,Llama-3.1-8B,WSLS,101,25,0.0
llama31_8b__vs__wsls__seed101,Llama-3.1-8B,WSLS,101,26,0.0
llama31_8b__vs__wsls__seed101,Llama-3.1-8B,WSLS,101,27,0.0
llama31_8b__vs__wsls__seed101,Llama-3.1-8B,WSLS,101,28,0.0
llama31_8b__vs__wsls__seed101,Llama-3.1-8B,WSLS,101,29,0.0
llama31_8b__vs__wsls__seed101,Llama-3.1-8B,WSLS,101,30,0.0
llama31_8b__vs__wsls__seed101,Llama-3.1-8B,WSLS,101,31,0.0
llama31_8b__vs__wsls__seed101,Llama-3.1-8B,WSLS,101,32,0.0
llama31_8b__vs__wsls__seed101,Llama-3.1-8B,WSLS,101,33,0.0
llama31_8b__vs__wsls__seed101,Llama-3.1-8B,WSLS,101,34,0.0
llama31_8b__vs__wsls__seed101,Llama-3.1-8B,WSLS,101,35,0.0
llama31_8b__vs__wsls__seed101,Llama-3.1-8B,WSLS,101,36,0.0
llama31_8b__vs__wsls__seed101,Llama-3.1-8B,WSLS,101,37,0.0
llama31_8b__vs__wsls__seed101,Llama-3.1-8B,WSLS,101,38,0.0
llama31_8b__vs__wsls__seed101,Llama-3.1-8B,WSLS,101,39,0.0
llama31_8b__vs__wsls__seed101,Llama-3.1-8B,WSLS,101,40,0.0
llama31_8b__vs__wsls__seed101,Llama-3.1-8B,WSLS,101,41,0.0
llama31_8b__vs__wsls__seed101,Llama-3.1-8B,WSLS,101,42,0.0
llama31_8b__vs__wsls__seed101,Llama-3.1-8B,WSLS,101,43,0.0
llama31_8b__vs__wsls__seed101,Llama-3.1-8B,WSLS,101,44,0.0
llama31_8b__vs__wsls__seed101,Llama-3.1-8B,WSLS,101,45,0.0
llama31_8b__vs__wsls__seed101,Llama-3.1-8B,WSLS,101,46,0.0
llama31_8b__vs__wsls__seed101,Llama-3.1-8B,WSLS,101,47,0.0
llama31_8b__vs__wsls__seed101,Llama-3.1-8B,WSLS,101,48,0.0
llama31_8b__vs__wsls__seed101,Llama-3.1-8B,WSLS,101,49,0.0
llama31_8b__vs__wsls__seed101,Llama-3.1-8B,WSLS,101,50,0.0
llama31_8b__vs__wsls__seed102,Llama-3.1-8B,WSLS,102,1,0.0
llama31_8b__vs__wsls__seed102,Llama-3.1-8B,WSLS,102,2,0.0
llama31_8b__vs__wsls__seed102,Llama-3.1-8B,WSLS,102,3,0.0
llama31_8b__vs__wsls__seed102,Llama-3.1-8B,WSLS,102,4,0.0
llama31_8b__vs__wsls__seed102,Llama-3.1-8B,WSLS,102,5,0.0
llama31_8b__vs__wsls__seed102,Llama-3.1-8B,WSLS,102,6,0.0
llama31_8b__vs__wsls__seed102,Llama-3.1-8B,WSLS,102,7,0.0
llama31_8b__vs__wsls__seed102,Llama-3.1-8B,WSLS,102,8,0.0
llama31_8b__vs__wsls__seed102,Llama-3.1-8B,WSLS,102,9,0.0
llama31_8b__vs__wsls__seed102,Llama-3.1-8B,WSLS,102,10,0.0
llama31_8b__vs__wsls__seed102,Llama-3.1-8B,WSLS,102,11,0.0
llama31_8b__vs__wsls__seed102,Llama-3.1-8B,WSLS,102,12,0.0
llama31_8b__vs__wsls__seed102,Llama-3.1-8B,WSLS,102,13,0.0
llama31_8b__vs__wsls__seed102,Llama-3.1-8B,WSLS,102,14,0.0
llama31_8b__vs__wsls__seed102,Llama-3.1-8B,WSLS,102,15,0.0
llama31_8b__vs__wsls__seed102,Llama-3.1-8B,WSLS,102,16,0.0
llama31_8b__vs__wsls__seed102,Llama-3.1-8B,WSLS,102,17,0.0
llama31_8b__vs__wsls__seed102,Llama-3.1-8B,WSLS,102,18,0.0
llama31_8b__vs__wsls__seed102,Llama-3.1-8B,WSLS,102,19,0.0
llama31_8b__vs__wsls__seed102,Llama-3.1-8B,WSLS,102,20,0.0
llama31_8b__vs__wsls__seed102,Llama-3.1-8B,WSLS,102,21,0.0
llama31_8b__vs__wsls__seed102,Llama-3.1-8B,WSLS,102,22,0.0
llama31_8b__vs__wsls__seed102,Llama-3.1-8B,WSLS,102,23,0.0
llama31_8b__vs__wsls__seed102,Llama-3.1-8B,WSLS,102,24,0.0
llama31_8b__vs__wsls__seed102,Llama-3.1-8B,WSLS,102,25,0.0
llama31_8b__vs__wsls__seed102,Llama-3.1-8B,WSLS,102,26,0.0
llama31_8b__vs__wsls__seed102,Llama-3.1-8B,WSLS,102,27,0.0
llama31_8b__vs__wsls__seed102,Llama-3.1-8B,WSLS,102,28,0.0
llama31_8b__vs__wsls__seed102,Llama-3.1-8B,WSLS,102,29,0.0
llama31_8b__vs__wsls__seed102,Llama-3.1-8B,WSLS,102,30,0.0
llama31_8b__vs__wsls__seed102,Llama-3.1-8B,WSLS,102,31,0.0
llama31_8b__vs__wsls__seed102,Llama-3.1-8B,WSLS,102,32,0.0
llama31_8b__vs__wsls__seed102,Llama-3.1-8B,WSLS,102,33,0.0
llama31_8b__vs__wsls__seed102,Llama-3.1-8B,WSLS,102,34,0.0
llama31_8b__vs__wsls__seed102,Llama-3.1-8B,WSLS,102,35,0.0
llama31_8b__vs__wsls__seed102,Llama-3.1-8B,WSLS,102,36,0.0
llama31_8b__vs__wsls__seed102,Llama-3.1-8B,WSLS,102,37,0.0
llama31_8b__vs__wsls__seed102,Llama-3.1-8B,WSLS,102,38,0.0
llama31_8b__vs__wsls__seed102,Llama-3.1-8B,WSLS,102,39,0.0
llama31_8b__vs__wsls__seed102,Llama-3.1-8B,WSLS,102,40,0.0
llama31_8b__vs__wsls__seed102,Llama-3.1-8B,WSLS,102,41,0.0
llama31_8b__vs__wsls__seed102,Llama-3.1-8B,WSLS,102,42,0.0
llama31_8b__vs__wsls__seed102,Llama-3.1-8B,WSLS,102,43,0.0
llama31_8b__vs__wsls__seed102,Llama-3.1-8B,WSLS,102,44,0.0
llama31_8b__vs__wsls__seed102,Llama-3.1-8B,WSLS,102,45,0.0
llama31_8b__vs__wsls__seed102,Llama-3.1-8B,WSLS,102,46,0.0
llama31_8b__vs__wsls__seed102,Llama-3.1-8B,WSLS,102,47,0.0
llama31_8b__vs__wsls__seed102,Llama-3.1-8B,WSLS,102,48,0.0
llama31_8b__vs__wsls__seed102,Llama-3.1-8B,WSLS,102,49,0.0
llama31_8b__vs__wsls__seed102,Llama-3.1-8B,WSLS,102,50,0.0
llama31_8b__vs__wsls__seed103,Llama-3.1-8B,WSLS,103,1,0.0
llama31_8b__vs__wsls__seed103,Llama-3.1-8B,WSLS,103,2,0.0
llama31_8b__vs__wsls__seed103,Llama-3.1-8B,WSLS,103,3,0.0
llama31_8b__vs__wsls__seed103,Llama-3.1-8B,WSLS,103,4,0.0
llama31_8b__vs__wsls__seed103,Llama-3.1-8B,WSLS,103,5,0.0
llama31_8b__vs__wsls__seed103,Llama-3.1-8B,WSLS,103,6,0.0
llama31_8b__vs__wsls__seed103,Llama-3.1-8B,WSLS,103,7,0.0
llama31_8b__vs__wsls__seed103,Llama-3.1-8B,WSLS,103,8,0.0
llama31_8b__vs__wsls__seed103,Llama-3.1-8B,WSLS,103,9,0.0
llama31_8b__vs__wsls__seed103,Llama-3.1-8B,WSLS,103,10,0.0
llama31_8b__vs__wsls__seed103,Llama-3.1-8B,WSLS,103,11,0.0
llama31_8b__vs__wsls__seed103,Llama-3.1-8B,WSLS,103,12,0.0
llama31_8b__vs__wsls__seed103,Llama-3.1-8B,WSLS,103,13,0.0
llama31_8b__vs__wsls__seed103,Llama-3.1-8B,WSLS,103,14,0.0
llama31_8b__vs__wsls__seed103,Llama-3.1-8B,WSLS,103,15,0.0
llama31_8b__vs__wsls__seed103,Llama-3.1-8B,WSLS,103,16,0.0
llama31_8b__vs__wsls__seed103,Llama-3.1-8B,WSLS,103,17,0.0
llama31_8b__vs__wsls__seed103,Llama-3.1-8B,WSLS,103,18,0.0
llama31_8b__vs__wsls__seed103,Llama-3.1-8B,WSLS,103,19,0.0
llama31_8b__vs__wsls__seed103,Llama-3.1-8B,WSLS,103,20,0.0
llama31_8b__vs__wsls__seed103,Llama-3.1-8B,WSLS,103,21,0.0
llama31_8b__vs__wsls__seed103,Llama-3.1-8B,WSLS,103,22,0.0
llama31_8b__vs__wsls__seed103,Llama-3.1-8B,WSLS,103,23,0.0
llama31_8b__vs__wsls__seed103,Llama-3.1-8B,WSLS,103,24,0.0
llama31_8b__vs__wsls__seed103,Llama-3.1-8B,WSLS,103,25,0.0
llama31_8b__vs__wsls__seed103,Llama-3.1-8B,WSLS,103,26,0.0
llama31_8b__vs__wsls__seed103,Llama-3.1-8B,WSLS,103,27,0.0
llama31_8b__vs__wsls__seed103,Llama-3.1-8B,WSLS,103,28,0.0
llama31_8b__vs__wsls__seed103,Llama-3.1-8B,WSLS,103,29,0.0
llama31_8b__vs__wsls__seed103,Llama-3.1-8B,WSLS,103,30,0.0
llama31_8b__vs__wsls__seed103,Llama-3.1-8B,WSLS,103,31,0.0
llama31_8b__vs__wsls__seed103,Llama-3.1-8B,WSLS,103,32,0.0
llama31_8b__vs__wsls__seed103,Llama-3.1-8B,WSLS,103,33,0.0
llama31_8b__vs__wsls__seed103,Llama-3.1-8B,WSLS,103,34,0.0
llama31_8b__vs__wsls__seed103,Llama-3.1-8B,WSLS,103,35,0.0
llama31_8b__vs__wsls__seed103,Llama-3.1-8B,WSLS,103,36,0.0
llama31_8b__vs__wsls__seed103,Llama-3.1-8B,WSLS,103,37,0.0
llama31_8b__vs__wsls__seed103,Llama-3.1-8B,WSLS,103,38,0.0
llama31_8b__vs__wsls__seed103,Llama-3.1-8B,WSLS,103,39,0.0
llama31_8b__vs__wsls__seed103,Llama-3.1-8B,WSLS,103,40,0.0
llama31_8b__vs__wsls__seed103,Llama-3.1-8B,WSLS,103,41,0.0
llama31_8b__vs__wsls__seed103,Llama-3.1-8B,WSLS,103,42,0.0
llama31_8b__vs__wsls__seed103,Llama-3.1-8B,WSLS,103,43,0.0
llama31_8b__vs__wsls__seed103,Llama-3.1-8B,WSLS,103,44,0.0
llama31_8b__vs__wsls__seed103,Llama-3.1-8B,WSLS,103,45,0.0
llama31_8b__vs__wsls__seed103,Llama-3.1-8B,WSLS,103,46,0.0
llama31_8b__vs__wsls__seed103,Llama-3.1-8B,WSLS,103,47,0.0
llama31_8b__vs__wsls__seed103,Llama-3.1-8B,WSLS,103,48,0.0
llama31_8b__vs__wsls__seed103,Llama-3.1-8B,WSLS,103,49,0.0
llama31_8b__vs__wsls__seed103,Llama-3.1-8B,WSLS,103,50,0.0
llama31_8b__vs__wsls__seed104,Llama-3.1-8B,WSLS,104,1,0.0
llama31_8b__vs__wsls__seed104,Llama-3.1-8B,WSLS,104,2,0.0
llama31_8b__vs__wsls__seed104,Llama-3.1-8B,WSLS,104,3,0.0
llama31_8b__vs__wsls__seed104,Llama-3.1-8B,WSLS,104,4,0.0
llama31_8b__vs__wsls__seed104,Llama-3.1-8B,WSLS,104,5,0.0
llama31_8b__vs__wsls__seed104,Llama-3.1-8B,WSLS,104,6,0.0
llama31_8b__vs__wsls__seed104,Llama-3.1-8B,WSLS,104,7,0.0
llama31_8b__vs__wsls__seed104,Llama-3.1-8B,WSLS,104,8,0.0
llama31_8b__vs__wsls__seed104,Llama-3.1-8B,WSLS,104,9,0.0
llama31_8b__vs__wsls__seed104,Llama-3.1-8B,WSLS,104,10,0.0
llama31_8b__vs__wsls__seed104,Llama-3.1-8B,WSLS,104,11,0.0
llama31_8b__vs__wsls__seed104,Llama-3.1-8B,WSLS,104,12,0.0
llama31_8b__vs__wsls__seed104,Llama-3.1-8B,WSLS,104,13,0.0
llama31_8b__vs__wsls__seed104,Llama-3.1-8B,WSLS,104,14,0.0
llama31_8b__vs__wsls__seed104,Llama-3.1-8B,WSLS,104,15,0.0
llama31_8b__vs__wsls__seed104,Llama-3.1-8B,WSLS,104,16,0.0
llama31_8b__vs__wsls__seed104,Llama-3.1-8B,WSLS,104,17,0.0
llama31_8b__vs__wsls__seed104,Llama-3.1-8B,WSLS,104,18,0.0
llama31_8b__vs__wsls__seed104,Llama-3.1-8B,WSLS,104,19,0.0
llama31_8b__vs__wsls__seed104,Llama-3.1-8B,WSLS,104,20,0.0
llama31_8b__vs__wsls__seed104,Llama-3.1-8B,WSLS,104,21,0.0
llama31_8b__vs__wsls__seed104,Llama-3.1-8B,WSLS,104,22,0.0
llama31_8b__vs__wsls__seed104,Llama-3.1-8B,WSLS,104,23,0.0
llama31_8b__vs__wsls__seed104,Llama-3.1-8B,WSLS,104,24,0.0
llama31_8b__vs__wsls__seed104,Llama-3.1-8B,WSLS,104,25,0.0
llama31_8b__vs__wsls__seed104,Llama-3.1-8B,WSLS,104,26,0.0
llama31_8b__vs__wsls__seed104,Llama-3.1-8B,WSLS,104,27,0.0
llama31_8b__vs__wsls__seed104,Llama-3.1-8B,WSLS,104,28,0.0
llama31_8b__vs__wsls__seed104,Llama-3.1-8B,WSLS,104,29,0.0
llama31_8b__vs__wsls__seed104,Llama-3.1-8B,WSLS,104,30,0.0
llama31_8b__vs__wsls__seed104,Llama-3.1-8B,WSLS,104,31,0.0
llama31_8b__vs__wsls__seed104,Llama-3.1-8B,WSLS,104,32,0.0
llama31_8b__vs__wsls__seed104,Llama-3.1-8B,WSLS,104,33,0.0
llama31_8b__vs__wsls__seed104,Llama-3.1-8B,WSLS,104,34,0.0
llama31_8b__vs__wsls__seed104,Llama-3.1-8B,WSLS,104,35,0.0
llama31_8b__vs__wsls__seed104,Llama-3.1-8B,WSLS,104,36,0.0
llama31_8b__vs__wsls__seed104,Llama-3.1-8B,WSLS,104,37,0.0
llama31_8b__vs__wsls__seed104,Llama-3.1-8B,WSLS,104,38,0.0
llama31_8b__vs__wsls__seed104,Llama-3.1-8B,WSLS,104,39,0.0
llama31_8b__vs__wsls__seed104,Llama-3.1-8B,WSLS,104,40,0.0
llama31_8b__vs__wsls__seed104,Llama-3.1-8B,WSLS,104,41,0.0
llama31_8b__vs__wsls__seed104,Llama-3.1-8B,WSLS,104,42,0.0
llama31_8b__vs__wsls__seed104,Llama-3.1-8B,WSLS,104,43,0.0
llama31_8b__vs__wsls__seed104,Llama-3.1-8B,WSLS,104,44,0.0
llama31_8b__vs__wsls__seed104,Llama-3.1-8B,WSLS,104,45,0.0
llama31_8b__vs__wsls__seed104,Llama-3.1-8B,WSLS,104,46,0.0
llama31_8b__vs__wsls__seed104,Llama-3.1-8B,WSLS,104,47,0.0
llama31_8b__vs__wsls__seed104,Llama-3.1-8B,WSLS,104,48,0.0
llama31_8b__vs__wsls__seed104,Llama-3.1-8B,WSLS,104,49,0.0
llama31_8b__vs__wsls__seed104,Llama-3.1-8B,WSLS,104,50,0.0
llama31_8b__vs__wsls__seed105,Llama-3.1-8B,WSLS,105,1,0.0
llama31_8b__vs__wsls__seed105,Llama-3.1-8B,WSLS,105,2,0.0
llama31_8b__vs__wsls__seed105,Llama-3.1-8B,WSLS,105,3,0.0
llama31_8b__vs__wsls__seed105,Llama-3.1-8B,WSLS,105,4,0.0
llama31_8b__vs__wsls__seed105,Llama-3.1-8B,WSLS,105,5,0.0
llama31_8b__vs__wsls__seed105,Llama-3.1-8B,WSLS,105,6,0.0
llama31_8b__vs__wsls__seed105,Llama-3.1-8B,WSLS,105,7,0.0
llama31_8b__vs__wsls__seed105,Llama-3.1-8B,WSLS,105,8,0.0
llama31_8b__vs__wsls__seed105,Llama-3.1-8B,WSLS,105,9,0.0
llama31_8b__vs__wsls__seed105,Llama-3.1-8B,WSLS,105,10,0.0
llama31_8b__vs__wsls__seed105,Llama-3.1-8B,WSLS,105,11,0.0
llama31_8b__vs__wsls__seed105,Llama-3.1-8B,WSLS,105,12,0.0
llama31_8b__vs__wsls__seed105,Llama-3.1-8B,WSLS,105,13,0.0
llama31_8b__vs__wsls__seed105,Llama-3.1-8B,WSLS,105,14,0.0
llama31_8b__vs__wsls__seed105,Llama-3.1-8B,WSLS,105,15,0.0
llama31_8b__vs__wsls__seed105,Llama-3.1-8B,WSLS,105,16,0.0
llama31_8b__vs__wsls__seed105,Llama-3.1-8B,WSLS,105,17,0.0
llama31_8b__vs__wsls__seed105,Llama-3.1-8B,WSLS,105,18,0.0
llama31_8b__vs__wsls__seed105,Llama-3.1-8B,WSLS,105,19,0.0
llama31_8b__vs__wsls__seed105,Llama-3.1-8B,WSLS,105,20,0.0
llama31_8b__vs__wsls__seed105,Llama-3.1-8B,WSLS,105,21,0.0
llama31_8b__vs__wsls__seed105,Llama-3.1-8B,WSLS,105,22,0.0
llama31_8b__vs__wsls__seed105,Llama-3.1-8B,WSLS,105,23,0.0
llama31_8b__vs__wsls__seed105,Llama-3.1-8B,WSLS,105,24,0.0
llama31_8b__vs__wsls__seed105,Llama-3.1-8B,WSLS,105,25,0.0
llama31_8b__vs__wsls__seed105,Llama-3.1-8B,WSLS,105,26,0.0
llama31_8b__vs__wsls__seed105,Llama-3.1-8B,WSLS,105,27,0.0
llama31_8b__vs__wsls__seed105,Llama-3.1-8B,WSLS,105,28,0.0
llama31_8b__vs__wsls__seed105,Llama-3.1-8B,WSLS,105,29,0.0
llama31_8b__vs__wsls__seed105,Llama-3.1-8B,WSLS,105,30,0.0
llama31_8b__vs__wsls__seed105,Llama-3.1-8B,WSLS,105,31,0.0
llama31_8b__vs__wsls__seed105,Llama-3.1-8B,WSLS,105,32,0.0
llama31_8b__vs__wsls__seed105,Llama-3.1-8B,WSLS,105,33,0.0
llama31_8b__vs__wsls__seed105,Llama-3.1-8B,WSLS,105,34,0.0
llama31_8b__vs__wsls__seed105,Llama-3.1-8B,WSLS,105,35,0.0
llama31_8b__vs__wsls__seed105,Llama-3.1-8B,WSLS,105,36,0.0
llama31_8b__vs__wsls__seed105,Llama-3.1-8B,WSLS,105,37,0.0
llama31_8b__vs__wsls__seed105,Llama-3.1-8B,WSLS,105,38,0.0
llama31_8b__vs__wsls__seed105,Llama-3.1-8B,WSLS,105,39,0.0
llama31_8b__vs__wsls__seed105,Llama-3.1-8B,WSLS,105,40,0.0
llama31_8b__vs__wsls__seed105,Llama-3.1-8B,WSLS,105,41,0.0
llama31_8b__vs__wsls__seed105,Llama-3.1-8B,WSLS,105,42,0.0
llama31_8b__vs__wsls__seed105,Llama-3.1-8B,WSLS,105,43,0.0
llama31_8b__vs__wsls__seed105,Llama-3.1-8B,WSLS,105,44,0.0
llama31_8b__vs__wsls__seed105,Llama-3.1-8B,WSLS,105,45,0.0
llama31_8b__vs__wsls__seed105,Llama-3.1-8B,WSLS,105,46,0.0
llama31_8b__vs__wsls__seed105,Llama-3.1-8B,WSLS,105,47,0.0
llama31_8b__vs__wsls__seed105,Llama-3.1-8B,WSLS,105,48,0.0
llama31_8b__vs__wsls__seed105,Llama-3.1-8B,WSLS,105,49,0.0
llama31_8b__vs__wsls__seed105,Llama-3.1-8B,WSLS,105,50,0.0
qwen3_235b_a22b_2507__vs__always_cooperate__seed101,Qwen3-235B,Always Cooperate,101,1,1.0
qwen3_235b_a22b_2507__vs__always_cooperate__seed101,Qwen3-235B,Always Cooperate,101,2,1.0
qwen3_235b_a22b_2507__vs__always_cooperate__seed101,Qwen3-235B,Always Cooperate,101,3,1.0
qwen3_235b_a22b_2507__vs__always_cooperate__seed101,Qwen3-235B,Always Cooperate,101,4,1.0
qwen3_235b_a22b_2507__vs__always_cooperate__seed101,Qwen3-235B,Always Cooperate,101,5,1.0
qwen3_235b_a22b_2507__vs__always_cooperate__seed101,Qwen3-235B,Always Cooperate,101,6,1.0
qwen3_235b_a22b_2507__vs__always_cooperate__seed101,Qwen3-235B,Always Cooperate,101,7,1.0
qwen3_235b_a22b_2507__vs__always_cooperate__seed101,Qwen3-235B,Always Cooperate,101,8,1.0
qwen3_235b_a22b_2507__vs__always_cooperate__seed101,Qwen3-235B,Always Cooperate,101,9,1.0
qwen3_235b_a22b_2507__vs__always_cooperate__seed101,Qwen3-235B,Always Cooperate,101,10,1.0
qwen3_235b_a22b_2507__vs__always_cooperate__seed101,Qwen3-235B,Always Cooperate,101,11,1.0
qwen3_235b_a22b_2507__vs__always_cooperate__seed101,Qwen3-235B,Always Cooperate,101,12,1.0
qwen3_235b_a22b_2507__vs__always_cooperate__seed101,Qwen3-235B,Always Cooperate,101,13,1.0
qwen3_235b_a22b_2507__vs__always_cooperate__seed101,Qwen3-235B,Always Cooperate,101,14,1.0
qwen3_235b_a22b_2507__vs__always_cooperate__seed101,Qwen3-235B,Always Cooperate,101,15,1.0
qwen3_235b_a22b_2507__vs__always_cooperate__seed101,Qwen3-235B,Always Cooperate,101,16,1.0
qwen3_235b_a22b_2507__vs__always_cooperate__seed101,Qwen3-235B,Always Cooperate,101,17,1.0
qwen3_235b_a22b_2507__vs__always_cooperate__seed101,Qwen3-235B,Always Cooperate,101,18,0.0
qwen3_235b_a22b_2507__vs__always_cooperate__seed101,Qwen3-235B,Always Cooperate,101,19,1.0
qwen3_235b_a22b_2507__vs__always_cooperate__seed101,Qwen3-235B,Always Cooperate,101,20,1.0
qwen3_235b_a22b_2507__vs__always_cooperate__seed101,Qwen3-235B,Always Cooperate,101,21,1.0
qwen3_235b_a22b_2507__vs__always_cooperate__seed101,Qwen3-235B,Always Cooperate,101,22,1.0
qwen3_235b_a22b_2507__vs__always_cooperate__seed101,Qwen3-235B,Always Cooperate,101,23,1.0
qwen3_235b_a22b_2507__vs__always_cooperate__seed101,Qwen3-235B,Always Cooperate,101,24,1.0
qwen3_235b_a22b_2507__vs__always_cooperate__seed101,Qwen3-235B,Always Cooperate,101,25,1.0
qwen3_235b_a22b_2507__vs__always_cooperate__seed101,Qwen3-235B,Always Cooperate,101,26,1.0
qwen3_235b_a22b_2507__vs__always_cooperate__seed101,Qwen3-235B,Always Cooperate,101,27,1.0
qwen3_235b_a22b_2507__vs__always_cooperate__seed101,Qwen3-235B,Always Cooperate,101,28,1.0
qwen3_235b_a22b_2507__vs__always_cooperate__seed101,Qwen3-235B,Always Cooperate,101,29,1.0
qwen3_235b_a22b_2507__vs__always_cooperate__seed101,Qwen3-235B,Always Cooperate,101,30,1.0
qwen3_235b_a22b_2507__vs__always_cooperate__seed101,Qwen3-235B,Always Cooperate,101,31,1.0
qwen3_235b_a22b_2507__vs__always_cooperate__seed101,Qwen3-235B,Always Cooperate,101,32,1.0
qwen3_235b_a22b_2507__vs__always_cooperate__seed101,Qwen3-235B,Always Cooperate,101,33,1.0
qwen3_235b_a22b_2507__vs__always_cooperate__seed101,Qwen3-235B,Always Cooperate,101,34,1.0
qwen3_235b_a22b_2507__vs__always_cooperate__seed101,Qwen3-235B,Always Cooperate,101,35,1.0
qwen3_235b_a22b_2507__vs__always_cooperate__seed101,Qwen3-235B,Always Cooperate,101,36,1.0
qwen3_235b_a22b_2507__vs__always_cooperate__seed101,Qwen3-235B,Always Cooperate,101,37,1.0
qwen3_235b_a22b_2507__vs__always_cooperate__seed101,Qwen3-235B,Always Cooperate,101,38,1.0
qwen3_235b_a22b_2507__vs__always_cooperate__seed101,Qwen3-235B,Always Cooperate,101,39,1.0
qwen3_235b_a22b_2507__vs__always_cooperate__seed101,Qwen3-235B,Always Cooperate,101,40,1.0
qwen3_235b_a22b_2507__vs__always_cooperate__seed101,Qwen3-235B,Always Cooperate,101,41,1.0
qwen3_235b_a22b_2507__vs__always_cooperate__seed101,Qwen3-235B,Always Cooperate,101,42,1.0
qwen3_235b_a22b_2507__vs__always_cooperate__seed101,Qwen3-235B,Always Cooperate,101,43,1.0
qwen3_235b_a22b_2507__vs__always_cooperate__seed101,Qwen3-235B,Always Cooperate,101,44,1.0
qwen3_235b_a22b_2507__vs__always_cooperate__seed101,Qwen3-235B,Always Cooperate,101,45,1.0
qwen3_235b_a22b_2507__vs__always_cooperate__seed101,Qwen3-235B,Always Cooperate,101,46,1.0
qwen3_235b_a22b_2507__vs__always_cooperate__seed101,Qwen3-235B,Always Cooperate,101,47,1.0
qwen3_235b_a22b_2507__vs__always_cooperate__seed101,Qwen3-235B,Always Cooperate,101,48,1.0
qwen3_235b_a22b_2507__vs__always_cooperate__seed101,Qwen3-235B,Always Cooperate,101,49,1.0
qwen3_235b_a22b_2507__vs__always_cooperate__seed101,Qwen3-235B,Always Cooperate,101,50,1.0
qwen3_235b_a22b_2507__vs__always_cooperate__seed102,Qwen3-235B,Always Cooperate,102,1,0.5
qwen3_235b_a22b_2507__vs__always_cooperate__seed102,Qwen3-235B,Always Cooperate,102,2,1.0
qwen3_235b_a22b_2507__vs__always_cooperate__seed102,Qwen3-235B,Always Cooperate,102,3,1.0
qwen3_235b_a22b_2507__vs__always_cooperate__seed102,Qwen3-235B,Always Cooperate,102,4,1.0
qwen3_235b_a22b_2507__vs__always_cooperate__seed102,Qwen3-235B,Always Cooperate,102,5,1.0
qwen3_235b_a22b_2507__vs__always_cooperate__seed102,Qwen3-235B,Always Cooperate,102,6,1.0
qwen3_235b_a22b_2507__vs__always_cooperate__seed102,Qwen3-235B,Always Cooperate,102,7,1.0
qwen3_235b_a22b_2507__vs__always_cooperate__seed102,Qwen3-235B,Always Cooperate,102,8,1.0
qwen3_235b_a22b_2507__vs__always_cooperate__seed102,Qwen3-235B,Always Cooperate,102,9,1.0
qwen3_235b_a22b_2507__vs__always_cooperate__seed102,Qwen3-235B,Always Cooperate,102,10,1.0
qwen3_235b_a22b_2507__vs__always_cooperate__seed102,Qwen3-235B,Always Cooperate,102,11,1.0
qwen3_235b_a22b_2507__vs__always_cooperate__seed102,Qwen3-235B,Always Cooperate,102,12,1.0
qwen3_235b_a22b_2507__vs__always_cooperate__seed102,Qwen3-235B,Always Cooperate,102,13,1.0
qwen3_235b_a22b_2507__vs__always_cooperate__seed102,Qwen3-235B,Always Cooperate,102,14,1.0
qwen3_235b_a22b_2507__vs__always_cooperate__seed102,Qwen3-235B,Always Cooperate,102,15,1.0
qwen3_235b_a22b_2507__vs__always_cooperate__seed102,Qwen3-235B,Always Cooperate,102,16,1.0
qwen3_235b_a22b_2507__vs__always_cooperate__seed102,Qwen3-235B,Always Cooperate,102,17,1.0
qwen3_235b_a22b_2507__vs__always_cooperate__seed102,Qwen3-235B,Always Cooperate,102,18,1.0
qwen3_235b_a22b_2507__vs__always_cooperate__seed102,Qwen3-235B,Always Cooperate,102,19,1.0
qwen3_235b_a22b_2507__vs__always_cooperate__seed102,Qwen3-235B,Always Cooperate,102,20,1.0
qwen3_235b_a22b_2507__vs__always_cooperate__seed102,Qwen3-235B,Always Cooperate,102,21,1.0
qwen3_235b_a22b_2507__vs__always_cooperate__seed102,Qwen3-235B,Always Cooperate,102,22,1.0
qwen3_235b_a22b_2507__vs__always_cooperate__seed102,Qwen3-235B,Always Cooperate,102,23,1.0
qwen3_235b_a22b_2507__vs__always_cooperate__seed102,Qwen3-235B,Always Cooperate,102,24,1.0
qwen3_235b_a22b_2507__vs__always_cooperate__seed102,Qwen3-235B,Always Cooperate,102,25,1.0
qwen3_235b_a22b_2507__vs__always_cooperate__seed102,Qwen3-235B,Always Cooperate,102,26,1.0
qwen3_235b_a22b_2507__vs__always_cooperate__seed102,Qwen3-235B,Always Cooperate,102,27,1.0
qwen3_235b_a22b_2507__vs__always_cooperate__seed102,Qwen3-235B,Always Cooperate,102,28,1.0
qwen3_235b_a22b_2507__vs__always_cooperate__seed102,Qwen3-235B,Always Cooperate,102,29,1.0
qwen3_235b_a22b_2507__vs__always_cooperate__seed102,Qwen3-235B,Always Cooperate,102,30,1.0
qwen3_235b_a22b_2507__vs__always_cooperate__seed102,Qwen3-235B,Always Cooperate,102,31,1.0
qwen3_235b_a22b_2507__vs__always_cooperate__seed102,Qwen3-235B,Always Cooperate,102,32,1.0
qwen3_235b_a22b_2507__vs__always_cooperate__seed102,Qwen3-235B,Always Cooperate,102,33,1.0
qwen3_235b_a22b_2507__vs__always_cooperate__seed102,Qwen3-235B,Always Cooperate,102,34,1.0
qwen3_235b_a22b_2507__vs__always_cooperate__seed102,Qwen3-235B,Always Cooperate,102,35,1.0
qwen3_235b_a22b_2507__vs__always_cooperate__seed102,Qwen3-235B,Always Cooperate,102,36,1.0
qwen3_235b_a22b_2507__vs__always_cooperate__seed102,Qwen3-235B,Always Cooperate,102,37,1.0
qwen3_235b_a22b_2507__vs__always_cooperate__seed102,Qwen3-235B,Always Cooperate,102,38,1.0
qwen3_235b_a22b_2507__vs__always_cooperate__seed102,Qwen3-235B,Always Cooperate,102,39,1.0
qwen3_235b_a22b_2507__vs__always_cooperate__seed102,Qwen3-235B,Always Cooperate,102,40,1.0
qwen3_235b_a22b_2507__vs__always_cooperate__seed102,Qwen3-235B,Always Cooperate,102,41,1.0
qwen3_235b_a22b_2507__vs__always_cooperate__seed102,Qwen3-235B,Always Cooperate,102,42,1.0
qwen3_235b_a22b_2507__vs__always_cooperate__seed102,Qwen3-235B,Always Cooperate,102,43,1.0
qwen3_235b_a22b_2507__vs__always_cooperate__seed102,Qwen3-235B,Always Cooperate,102,44,1.0
qwen3_235b_a22b_2507__vs__always_cooperate__seed102,Qwen3-235B,Always Cooperate,102,45,1.0
qwen3_235b_a22b_2507__vs__always_cooperate__seed102,Qwen3-235B,Always Cooperate,102,46,1.0
qwen3_235b_a22b_2507__vs__always_cooperate__seed102,Qwen3-235B,Always Cooperate,102,47,1.0
qwen3_235b_a22b_2507__vs__always_cooperate__seed102,Qwen3-235B,Always Cooperate,102,48,1.0
qwen3_235b_a22b_2507__vs__always_cooperate__seed102,Qwen3-235B,Always Cooperate,102,49,1.0
qwen3_235b_a22b_2507__vs__always_cooperate__seed102,Qwen3-235B,Always Cooperate,102,50,1.0
qwen3_235b_a22b_2507__vs__always_cooperate__seed103,Qwen3-235B,Always Cooperate,103,1,0.5
qwen3_235b_a22b_2507__vs__always_cooperate__seed103,Qwen3-235B,Always Cooperate,103,2,1.0
qwen3_235b_a22b_2507__vs__always_cooperate__seed103,Qwen3-235B,Always Cooperate,103,3,1.0
qwen3_235b_a22b_2507__vs__always_cooperate__seed103,Qwen3-235B,Always Cooperate,103,4,1.0
qwen3_235b_a22b_2507__vs__always_cooperate__seed103,Qwen3-235B,Always Cooperate,103,5,1.0
qwen3_235b_a22b_2507__vs__always_cooperate__seed103,Qwen3-235B,Always Cooperate,103,6,1.0
qwen3_235b_a22b_2507__vs__always_cooperate__seed103,Qwen3-235B,Always Cooperate,103,7,1.0
qwen3_235b_a22b_2507__vs__always_cooperate__seed103,Qwen3-235B,Always Cooperate,103,8,1.0
qwen3_235b_a22b_2507__vs__always_cooperate__seed103,Qwen3-235B,Always Cooperate,103,9,1.0
qwen3_235b_a22b_2507__vs__always_cooperate__seed103,Qwen3-235B,Always Cooperate,103,10,1.0
qwen3_235b_a22b_2507__vs__always_cooperate__seed103,Qwen3-235B,Always Cooperate,103,11,1.0
qwen3_235b_a22b_2507__vs__always_cooperate__seed103,Qwen3-235B,Always Cooperate,103,12,1.0
qwen3_235b_a22b_2507__vs__always_cooperate__seed103,Qwen3-235B,Always Cooperate,103,13,1.0
qwen3_235b_a22b_2507__vs__always_cooperate__seed103,Qwen3-235B,Always Cooperate,103,14,1.0
qwen3_235b_a22b_2507__vs__always_cooperate__seed103,Qwen3-235B,Always Cooperate,103,15,1.0
qwen3_235b_a22b_2507__vs__always_cooperate__seed103,Qwen3-235B,Always Cooperate,103,16,1.0
qwen3_235b_a22b_2507__vs__always_cooperate__seed103,Qwen3-235B,Always Cooperate,103,17,1.0
qwen3_235b_a22b_2507__vs__always_cooperate__seed103,Qwen3-235B,Always Cooperate,103,18,1.0
qwen3_235b_a22b_2507__vs__always_cooperate__seed103,Qwen3-235B,Always Cooperate,103,19,1.0
qwen3_235b_a22b_2507__vs__always_cooperate__seed103,Qwen3-235B,Always Cooperate,103,20,1.0
qwen3_235b_a22b_2507__vs__always_cooperate__seed103,Qwen3-235B,Always Cooperate,103,21,1.0
qwen3_235b_a22b_2507__vs__always_cooperate__seed103,Qwen3-235B,Always Cooperate,103,22,1.0
qwen3_235b_a22b_2507__vs__always_cooperate__seed103,Qwen3-235B,Always Cooperate,103,23,1.0
qwen3_235b_a22b_2507__vs__always_cooperate__seed103,Qwen3-235B,Always Cooperate,103,24,1.0
qwen3_235b_a22b_2507__vs__always_cooperate__seed103,Qwen3-235B,Always Cooperate,103,25,1.0
qwen3_235b_a22b_2507__vs__always_cooperate__seed103,Qwen3-235B,Always Cooperate,103,26,1.0
qwen3_235b_a22b_2507__vs__always_cooperate__seed103,Qwen3-235B,Always Cooperate,103,27,1.0
qwen3_235b_a22b_2507__vs__always_cooperate__seed103,Qwen3-235B,Always Cooperate,103,28,1.0
qwen3_235b_a22b_2507__vs__always_cooperate__seed103,Qwen3-235B,Always Cooperate,103,29,1.0
qwen3_235b_a22b_2507__vs__always_cooperate__seed103,Qwen3-235B,Always Cooperate,103,30,1.0
qwen3_235b_a22b_2507__vs__always_cooperate__seed103,Qwen3-235B,Always Cooperate,103,31,1.0
qwen3_235b_a22b_2507__vs__always_cooperate__seed103,Qwen3-235B,Always Cooperate,103,32,1.0
qwen3_235b_a22b_2507__vs__always_cooperate__seed103,Qwen3-235B,Always Cooperate,103,33,1.0
qwen3_235b_a22b_2507__vs__always_cooperate__seed103,Qwen3-235B,Always Cooperate,103,34,1.0
qwen3_235b_a22b_2507__vs__always_cooperate__seed103,Qwen3-235B,Always Cooperate,103,35,1.0
qwen3_235b_a22b_2507__vs__always_cooperate__seed103,Qwen3-235B,Always Cooperate,103,36,1.0
qwen3_235b_a22b_2507__vs__always_cooperate__seed103,Qwen3-235B,Always Cooperate,103,37,1.0
qwen3_235b_a22b_2507__vs__always_cooperate__seed103,Qwen3-235B,Always Cooperate,103,38,1.0
qwen3_235b_a22b_2507__vs__always_cooperate__seed103,Qwen3-235B,Always Cooperate,103,39,1.0
qwen3_235b_a22b_2507__vs__always_cooperate__seed103,Qwen3-235B,Always Cooperate,103,40,1.0
qwen3_235b_a22b_2507__vs__always_cooperate__seed103,Qwen3-235B,Always Cooperate,103,41,1.0
qwen3_235b_a22b_2507__vs__always_cooperate__seed103,Qwen3-235B,Always Cooperate,103,42,1.0
qwen3_235b_a22b_2507__vs__always_cooperate__seed103,Qwen3-235B,Always Cooperate,103,43,1.0
qwen3_235b_a22b_2507__vs__always_cooperate__seed103,Qwen3-235B,Always Cooperate,103,44,1.0
qwen3_235b_a22b_2507__vs__always_cooperate__seed103,Qwen3-235B,Always Cooperate,103,45,1.0
qwen3_235b_a22b_2507__vs__always_cooperate__seed103,Qwen3-235B,Always Cooperate,103,46,1.0
qwen3_235b_a22b_2507__vs__always_cooperate__seed103,Qwen3-235B,Always Cooperate,103,47,1.0
qwen3_235b_a22b_2507__vs__always_cooperate__seed103,Qwen3-235B,Always Cooperate,103,48,1.0
qwen3_235b_a22b_2507__vs__always_cooperate__seed103,Qwen3-235B,Always Cooperate,103,49,1.0
qwen3_235b_a22b_2507__vs__always_cooperate__seed103,Qwen3-235B,Always Cooperate,103,50,1.0
qwen3_235b_a22b_2507__vs__always_cooperate__seed104,Qwen3-235B,Always Cooperate,104,1,1.0
qwen3_235b_a22b_2507__vs__always_cooperate__seed104,Qwen3-235B,Always Cooperate,104,2,1.0
qwen3_235b_a22b_2507__vs__always_cooperate__seed104,Qwen3-235B,Always Cooperate,104,3,1.0
qwen3_235b_a22b_2507__vs__always_cooperate__seed104,Qwen3-235B,Always Cooperate,104,4,0.5
qwen3_235b_a22b_2507__vs__always_cooperate__seed104,Qwen3-235B,Always Cooperate,104,5,1.0
qwen3_235b_a22b_2507__vs__always_cooperate__seed104,Qwen3-235B,Always Cooperate,104,6,1.0
qwen3_235b_a22b_2507__vs__always_cooperate__seed104,Qwen3-235B,Always Cooperate,104,7,1.0
qwen3_235b_a22b_2507__vs__always_cooperate__seed104,Qwen3-235B,Always Cooperate,104,8,1.0
qwen3_235b_a22b_2507__vs__always_cooperate__seed104,Qwen3-235B,Always Cooperate,104,9,1.0
qwen3_235b_a22b_2507__vs__always_cooperate__seed104,Qwen3-235B,Always Cooperate,104,10,1.0
qwen3_235b_a22b_2507__vs__always_cooperate__seed104,Qwen3-235B,Always Cooperate,104,11,1.0
qwen3_235b_a22b_2507__vs__always_cooperate__seed104,Qwen3-235B,Always Cooperate,104,12,1.0
qwen3_235b_a22b_2507__vs__always_cooperate__seed104,Qwen3-235B,Always Cooperate,104,13,1.0
qwen3_235b_a22b_2507__vs__always_cooperate__seed104,Qwen3-235B,Always Cooperate,104,14,1.0
qwen3_235b_a22b_2507__vs__always_cooperate__seed104,Qwen3-235B,Always Cooperate,104,15,1.0
qwen3_235b_a22b_2507__vs__always_cooperate__seed104,Qwen3-235B,Always Cooperate,104,16,1.0
qwen3_235b_a22b_2507__vs__always_cooperate__seed104,Qwen3-235B,Always Cooperate,104,17,1.0
qwen3_235b_a22b_2507__vs__always_cooperate__seed104,Qwen3-235B,Always Cooperate,104,18,1.0
qwen3_235b_a22b_2507__vs__always_cooperate__seed104,Qwen3-235B,Always Cooperate,104,19,1.0
qwen3_235b_a22b_2507__vs__always_cooperate__seed104,Qwen3-235B,Always Cooperate,104,20,1.0
qwen3_235b_a22b_2507__vs__always_cooperate__seed104,Qwen3-235B,Always Cooperate,104,21,1.0
qwen3_235b_a22b_2507__vs__always_cooperate__seed104,Qwen3-235B,Always Cooperate,104,22,1.0
qwen3_235b_a22b_2507__vs__always_cooperate__seed104,Qwen3-235B,Always Cooperate,104,23,0.0
qwen3_235b_a22b_2507__vs__always_cooperate__seed104,Qwen3-235B,Always Cooperate,104,24,1.0
qwen3_235b_a22b_2507__vs__always_cooperate__seed104,Qwen3-235B,Always Cooperate,104,25,1.0
qwen3_235b_a22b_2507__vs__always_cooperate__seed104,Qwen3-235B,Always Cooperate,104,26,1.0
qwen3_235b_a22b_2507__vs__always_cooperate__seed104,Qwen3-235B,Always Cooperate,104,27,1.0
qwen3_235b_a22b_2507__vs__always_cooperate__seed104,Qwen3-235B,Always Cooperate,104,28,1.0
qwen3_235b_a22b_2507__vs__always_cooperate__seed104,Qwen3-235B,Always Cooperate,104,29,1.0
qwen3_235b_a22b_2507__vs__always_cooperate__seed104,Qwen3-235B,Always Cooperate,104,30,1.0
qwen3_235b_a22b_2507__vs__always_cooperate__seed104,Qwen3-235B,Always Cooperate,104,31,1.0
qwen3_235b_a22b_2507__vs__always_cooperate__seed104,Qwen3-235B,Always Cooperate,104,32,1.0
qwen3_235b_a22b_2507__vs__always_cooperate__seed104,Qwen3-235B,Always Cooperate,104,33,1.0
qwen3_235b_a22b_2507__vs__always_cooperate__seed104,Qwen3-235B,Always Cooperate,104,34,1.0
qwen3_235b_a22b_2507__vs__always_cooperate__seed104,Qwen3-235B,Always Cooperate,104,35,1.0
qwen3_235b_a22b_2507__vs__always_cooperate__seed104,Qwen3-235B,Always Cooperate,104,36,1.0
qwen3_235b_a22b_2507__vs__always_cooperate__seed104,Qwen3-235B,Always Cooperate,104,37,1.0
qwen3_235b_a22b_2507__vs__always_cooperate__seed104,Qwen3-235B,Always Cooperate,104,38,1.0
qwen3_235b_a22b_2507__vs__always_cooperate__seed104,Qwen3-235B,Always Cooperate,104,39,1.0
qwen3_235b_a22b_2507__vs__always_cooperate__seed104,Qwen3-235B,Always Cooperate,104,40,1.0
qwen3_235b_a22b_2507__vs__always_cooperate__seed104,Qwen3-235B,Always Cooperate,104,41,1.0
qwen3_235b_a22b_2507__vs__always_cooperate__seed104,Qwen3-235B,Always Cooperate,104,42,1.0
qwen3_235b_a22b_2507__vs__always_cooperate__seed104,Qwen3-235B,Always Cooperate,104,43,1.0
qwen3_235b_a22b_2507__vs__always_cooperate__seed104,Qwen3-235B,Always Cooperate,104,44,1.0
qwen3_235b_a22b_2507__vs__always_cooperate__seed104,Qwen3-235B,Always Cooperate,104,45,1.0
qwen3_235b_a22b_2507__vs__always_cooperate__seed104,Qwen3-235B,Always Cooperate,104,46,1.0
qwen3_235b_a22b_2507__vs__always_cooperate__seed104,Qwen3-235B,Always Cooperate,104,47,1.0
qwen3_235b_a22b_2507__vs__always_cooperate__seed104,Qwen3-235B,Always Cooperate,104,48,1.0
qwen3_235b_a22b_2507__vs__always_cooperate__seed104,Qwen3-235B,Always Cooperate,104,49,1.0
qwen3_235b_a22b_2507__vs__always_cooperate__seed104,Qwen3-235B,Always Cooperate,104,50,1.0
qwen3_235b_a22b_2507__vs__always_cooperate__seed105,Qwen3-235B,Always Cooperate,105,1,0.5
qwen3_235b_a22b_2507__vs__always_cooperate__seed105,Qwen3-235B,Always Cooperate,105,2,1.0
qwen3_235b_a22b_2507__vs__always_cooperate__seed105,Qwen3-235B,Always Cooperate,105,3,1.0
qwen3_235b_a22b_2507__vs__always_cooperate__seed105,Qwen3-235B,Always Cooperate,105,4,1.0
qwen3_235b_a22b_2507__vs__always_cooperate__seed105,Qwen3-235B,Always Cooperate,105,5,1.0
qwen3_235b_a22b_2507__vs__always_cooperate__seed105,Qwen3-235B,Always Cooperate,105,6,1.0
qwen3_235b_a22b_2507__vs__always_cooperate__seed105,Qwen3-235B,Always Cooperate,105,7,1.0
qwen3_235b_a22b_2507__vs__always_cooperate__seed105,Qwen3-235B,Always Cooperate,105,8,1.0
qwen3_235b_a22b_2507__vs__always_cooperate__seed105,Qwen3-235B,Always Cooperate,105,9,1.0
qwen3_235b_a22b_2507__vs__always_cooperate__seed105,Qwen3-235B,Always Cooperate,105,10,1.0
qwen3_235b_a22b_2507__vs__always_cooperate__seed105,Qwen3-235B,Always Cooperate,105,11,1.0
qwen3_235b_a22b_2507__vs__always_cooperate__seed105,Qwen3-235B,Always Cooperate,105,12,1.0
qwen3_235b_a22b_2507__vs__always_cooperate__seed105,Qwen3-235B,Always Cooperate,105,13,1.0
qwen3_235b_a22b_2507__vs__always_cooperate__seed105,Qwen3-235B,Always Cooperate,105,14,1.0
qwen3_235b_a22b_2507__vs__always_cooperate__seed105,Qwen3-235B,Always Cooperate,105,15,1.0
qwen3_235b_a22b_2507__vs__always_cooperate__seed105,Qwen3-235B,Always Cooperate,105,16,1.0
qwen3_235b_a22b_2507__vs__always_cooperate__seed105,Qwen3-235B,Always Cooperate,105,17,1.0
qwen3_235b_a22b_2507__vs__always_cooperate__seed105,Qwen3-235B,Always Cooperate,105,18,1.0
qwen3_235b_a22b_2507__vs__always_cooperate__seed105,Qwen3-235B,Always Cooperate,105,19,1.0
qwen3_235b_a22b_2507__vs__always_cooperate__seed105,Qwen3-235B,Always Cooperate,105,20,1.0
qwen3_235b_a22b_2507__vs__always_cooperate__seed105,Qwen3-235B,Always Cooperate,105,21,1.0
qwen3_235b_a22b_2507__vs__always_cooperate__seed105,Qwen3-235B,Always Cooperate,105,22,1.0
qwen3_235b_a22b_2507__vs__always_cooperate__seed105,Qwen3-235B,Always Cooperate,105,23,1.0
qwen3_235b_a22b_2507__vs__always_cooperate__seed105,Qwen3-235B,Always Cooperate,105,24,1.0
qwen3_235b_a22b_2507__vs__always_cooperate__seed105,Qwen3-235B,Always Cooperate,105,25,1.0
qwen3_235b_a22b_2507__vs__always_cooperate__seed105,Qwen3-235B,Always Cooperate,105,26,1.0
qwen3_235b_a22b_2507__vs__always_cooperate__seed105,Qwen3-235B,Always Cooperate,105,27,1.0
qwen3_235b_a22b_2507__vs__always_cooperate__seed105,Qwen3-235B,Always Cooperate,105,28,1.0
qwen3_235b_a22b_2507__vs__always_cooperate__seed105,Qwen3-235B,Always Cooperate,105,29,1.0
qwen3_235b_a22b_2507__vs__always_cooperate__seed105,Qwen3-235B,Always Cooperate,105,30,1.0
qwen3_235b_a22b_2507__vs__always_cooperate__seed105,Qwen3-235B,Always Cooperate,105,31,1.0
qwen3_235b_a22b_2507__vs__always_cooperate__seed105,Qwen3-235B,Always Cooperate,105,32,1.0
qwen3_235b_a22b_2507__vs__always_cooperate__seed105,Qwen3-235B,Always Cooperate,105,33,1.0
qwen3_235b_a22b_2507__vs__always_cooperate__seed105,Qwen3-235B,Always Cooperate,105,34,1.0
qwen3_235b_a22b_2507__vs__always_cooperate__seed105,Qwen3-235B,Always Cooperate,105,35,1.0
qwen3_235b_a22b_2507__vs__always_cooperate__seed105,Qwen3-235B,Always Cooperate,105,36,1.0
qwen3_235b_a22b_2507__vs__always_cooperate__seed105,Qwen3-235B,Always Cooperate,105,37,1.0
qwen3_235b_a22b_2507__vs__always_cooperate__seed105,Qwen3-235B,Always Cooperate,105,38,1.0
qwen3_235b_a22b_2507__vs__always_cooperate__seed105,Qwen3-235B,Always Cooperate,105,39,1.0
qwen3_235b_a22b_2507__vs__always_cooperate__seed105,Qwen3-235B,Always Cooperate,105,40,1.0
qwen3_235b_a22b_2507__vs__always_cooperate__seed105,Qwen3-235B,Always Cooperate,105,41,1.0
qwen3_235b_a22b_2507__vs__always_cooperate__seed105,Qwen3-235B,Always Cooperate,105,42,1.0
qwen3_235b_a22b_2507__vs__always_cooperate__seed105,Qwen3-235B,Always Cooperate,105,43,1.0
qwen3_235b_a22b_2507__vs__always_cooperate__seed105,Qwen3-235B,Always Cooperate,105,44,1.0
qwen3_235b_a22b_2507__vs__always_cooperate__seed105,Qwen3-235B,Always Cooperate,105,45,1.0
qwen3_235b_a22b_2507__vs__always_cooperate__seed105,Qwen3-235B,Always Cooperate,105,46,1.0
qwen3_235b_a22b_2507__vs__always_cooperate__seed105,Qwen3-235B,Always Cooperate,105,47,1.0
qwen3_235b_a22b_2507__vs__always_cooperate__seed105,Qwen3-235B,Always Cooperate,105,48,1.0
qwen3_235b_a22b_2507__vs__always_cooperate__seed105,Qwen3-235B,Always Cooperate,105,49,1.0
qwen3_235b_a22b_2507__vs__always_cooperate__seed105,Qwen3-235B,Always Cooperate,105,50,1.0
qwen3_235b_a22b_2507__vs__always_defect__seed101,Qwen3-235B,Always Defect,101,1,1.0
qwen3_235b_a22b_2507__vs__always_defect__seed101,Qwen3-235B,Always Defect,101,2,0.0
qwen3_235b_a22b_2507__vs__always_defect__seed101,Qwen3-235B,Always Defect,101,3,0.0
qwen3_235b_a22b_2507__vs__always_defect__seed101,Qwen3-235B,Always Defect,101,4,0.0
qwen3_235b_a22b_2507__vs__always_defect__seed101,Qwen3-235B,Always Defect,101,5,0.0
qwen3_235b_a22b_2507__vs__always_defect__seed101,Qwen3-235B,Always Defect,101,6,0.0
qwen3_235b_a22b_2507__vs__always_defect__seed101,Qwen3-235B,Always Defect,101,7,0.0
qwen3_235b_a22b_2507__vs__always_defect__seed101,Qwen3-235B,Always Defect,101,8,0.0
qwen3_235b_a22b_2507__vs__always_defect__seed101,Qwen3-235B,Always Defect,101,9,0.0
qwen3_235b_a22b_2507__vs__always_defect__seed101,Qwen3-235B,Always Defect,101,10,0.0
qwen3_235b_a22b_2507__vs__always_defect__seed101,Qwen3-235B,Always Defect,101,11,1.0
qwen3_235b_a22b_2507__vs__always_defect__seed101,Qwen3-235B,Always Defect,101,12,0.0
qwen3_235b_a22b_2507__vs__always_defect__seed101,Qwen3-235B,Always Defect,101,13,0.0
qwen3_235b_a22b_2507__vs__always_defect__seed101,Qwen3-235B,Always Defect,101,14,0.0
qwen3_235b_a22b_2507__vs__always_defect__seed101,Qwen3-235B,Always Defect,101,15,0.0
qwen3_235b_a22b_2507__vs__always_defect__seed101,Qwen3-235B,Always Defect,101,16,0.0
qwen3_235b_a22b_2507__vs__always_defect__seed101,Qwen3-235B,Always Defect,101,17,0.0
qwen3_235b_a22b_2507__vs__always_defect__seed101,Qwen3-235B,Always Defect,101,18,0.0
qwen3_235b_a22b_2507__vs__always_defect__seed101,Qwen3-235B,Always Defect,101,19,0.0
qwen3_235b_a22b_2507__vs__always_defect__seed101,Qwen3-235B,Always Defect,101,20,0.0
qwen3_235b_a22b_2507__vs__always_defect__seed101,Qwen3-235B,Always Defect,101,21,0.0
qwen3_235b_a22b_2507__vs__always_defect__seed101,Qwen3-235B,Always Defect,101,22,0.0
qwen3_235b_a22b_2507__vs__always_defect__seed101,Qwen3-235B,Always Defect,101,23,0.0
qwen3_235b_a22b_2507__vs__always_defect__seed101,Qwen3-235B,Always Defect,101,24,0.0
qwen3_235b_a22b_2507__vs__always_defect__seed101,Qwen3-235B,Always Defect,101,25,0.0
qwen3_235b_a22b_2507__vs__always_defect__seed101,Qwen3-235B,Always Defect,101,26,0.0
qwen3_235b_a22b_2507__vs__always_defect__seed101,Qwen3-235B,Always Defect,101,27,0.0
qwen3_235b_a22b_2507__vs__always_defect__seed101,Qwen3-235B,Always Defect,101,28,0.0
qwen3_235b_a22b_2507__vs__always_defect__seed101,Qwen3-235B,Always Defect,101,29,0.0
qwen3_235b_a22b_2507__vs__always_defect__seed101,Qwen3-235B,Always Defect,101,30,0.0
qwen3_235b_a22b_2507__vs__always_defect__seed101,Qwen3-235B,Always Defect,101,31,0.0
qwen3_235b_a22b_2507__vs__always_defect__seed101,Qwen3-235B,Always Defect,101,32,0.0
qwen3_235b_a22b_2507__vs__always_defect__seed101,Qwen3-235B,Always Defect,101,33,0.0
qwen3_235b_a22b_2507__vs__always_defect__seed101,Qwen3-235B,Always Defect,101,34,0.0
qwen3_235b_a22b_2507__vs__always_defect__seed101,Qwen3-235B,Always Defect,101,35,0.0
qwen3_235b_a22b_2507__vs__always_defect__seed101,Qwen3-235B,Always Defect,101,36,0.0
qwen3_235b_a22b_2507__vs__always_defect__seed101,Qwen3-235B,Always Defect,101,37,0.0
qwen3_235b_a22b_2507__vs__always_defect__seed101,Qwen3-235B,Always Defect,101,38,0.0
qwen3_235b_a22b_2507__vs__always_defect__seed101,Qwen3-235B,Always Defect,101,39,0.0
qwen3_235b_a22b_2507__vs__always_defect__seed101,Qwen3-235B,Always Defect,101,40,0.0
qwen3_235b_a22b_2507__vs__always_defect__seed101,Qwen3-235B,Always Defect,101,41,0.0
qwen3_235b_a22b_2507__vs__always_defect__seed101,Qwen3-235B,Always Defect,101,42,0.0
qwen3_235b_a22b_2507__vs__always_defect__seed101,Qwen3-235B,Always Defect,101,43,0.0
qwen3_235b_a22b_2507__vs__always_defect__seed101,Qwen3-235B,Always Defect,101,44,0.0
qwen3_235b_a22b_2507__vs__always_defect__seed101,Qwen3-235B,Always Defect,101,45,0.0
qwen3_235b_a22b_2507__vs__always_defect__seed101,Qwen3-235B,Always Defect,101,46,0.0
qwen3_235b_a22b_2507__vs__always_defect__seed101,Qwen3-235B,Always Defect,101,47,0.0
qwen3_235b_a22b_2507__vs__always_defect__seed101,Qwen3-235B,Always Defect,101,48,0.0
qwen3_235b_a22b_2507__vs__always_defect__seed101,Qwen3-235B,Always Defect,101,49,0.0
qwen3_235b_a22b_2507__vs__always_defect__seed101,Qwen3-235B,Always Defect,101,50,0.0
qwen3_235b_a22b_2507__vs__always_defect__seed102,Qwen3-235B,Always Defect,102,1,0.5
qwen3_235b_a22b_2507__vs__always_defect__seed102,Qwen3-235B,Always Defect,102,2,0.5
qwen3_235b_a22b_2507__vs__always_defect__seed102,Qwen3-235B,Always Defect,102,3,0.0
qwen3_235b_a22b_2507__vs__always_defect__seed102,Qwen3-235B,Always Defect,102,4,0.0
qwen3_235b_a22b_2507__vs__always_defect__seed102,Qwen3-235B,Always Defect,102,5,0.75
qwen3_235b_a22b_2507__vs__always_defect__seed102,Qwen3-235B,Always Defect,102,6,0.75
qwen3_235b_a22b_2507__vs__always_defect__seed102,Qwen3-235B,Always Defect,102,7,0.0
qwen3_235b_a22b_2507__vs__always_defect__seed102,Qwen3-235B,Always Defect,102,8,0.0
qwen3_235b_a22b_2507__vs__always_defect__seed102,Qwen3-235B,Always Defect,102,9,0.0
qwen3_235b_a22b_2507__vs__always_defect__seed102,Qwen3-235B,Always Defect,102,10,0.0
qwen3_235b_a22b_2507__vs__always_defect__seed102,Qwen3-235B,Always Defect,102,11,0.0
qwen3_235b_a22b_2507__vs__always_defect__seed102,Qwen3-235B,Always Defect,102,12,0.0
qwen3_235b_a22b_2507__vs__always_defect__seed102,Qwen3-235B,Always Defect,102,13,0.0
qwen3_235b_a22b_2507__vs__always_defect__seed102,Qwen3-235B,Always Defect,102,14,0.0
qwen3_235b_a22b_2507__vs__always_defect__seed102,Qwen3-235B,Always Defect,102,15,0.0
qwen3_235b_a22b_2507__vs__always_defect__seed102,Qwen3-235B,Always Defect,102,16,0.0
qwen3_235b_a22b_2507__vs__always_defect__seed102,Qwen3-235B,Always Defect,102,17,0.0
qwen3_235b_a22b_2507__vs__always_defect__seed102,Qwen3-235B,Always Defect,102,18,0.0
qwen3_235b_a22b_2507__vs__always_defect__seed102,Qwen3-235B,Always Defect,102,19,0.0
qwen3_235b_a22b_2507__vs__always_defect__seed102,Qwen3-235B,Always Defect,102,20,0.0
qwen3_235b_a22b_2507__vs__always_defect__seed102,Qwen3-235B,Always Defect,102,21,0.0
qwen3_235b_a22b_2507__vs__always_defect__seed102,Qwen3-235B,Always Defect,102,22,0.0
qwen3_235b_a22b_2507__vs__always_defect__seed102,Qwen3-235B,Always Defect,102,23,0.0
qwen3_235b_a22b_2507__vs__always_defect__seed102,Qwen3-235B,Always Defect,102,24,0.0
qwen3_235b_a22b_2507__vs__always_defect__seed102,Qwen3-235B,Always Defect,102,25,0.0
qwen3_235b_a22b_2507__vs__always_defect__seed102,Qwen3-235B,Always Defect,102,26,0.0
qwen3_235b_a22b_2507__vs__always_defect__seed102,Qwen3-235B,Always Defect,102,27,0.0
qwen3_235b_a22b_2507__vs__always_defect__seed102,Qwen3-235B,Always Defect,102,28,0.0
qwen3_235b_a22b_2507__vs__always_defect__seed102,Qwen3-235B,Always Defect,102,29,0.0
qwen3_235b_a22b_2507__vs__always_defect__seed102,Qwen3-235B,Always Defect,102,30,0.0
qwen3_235b_a22b_2507__vs__always_defect__seed102,Qwen3-235B,Always Defect,102,31,0.0
qwen3_235b_a22b_2507__vs__always_defect__seed102,Qwen3-235B,Always Defect,102,32,0.0
qwen3_235b_a22b_2507__vs__always_defect__seed102,Qwen3-235B,Always Defect,102,33,0.0
qwen3_235b_a22b_2507__vs__always_defect__seed102,Qwen3-235B,Always Defect,102,34,0.0
qwen3_235b_a22b_2507__vs__always_defect__seed102,Qwen3-235B,Always Defect,102,35,0.0
qwen3_235b_a22b_2507__vs__always_defect__seed102,Qwen3-235B,Always Defect,102,36,0.0
qwen3_235b_a22b_2507__vs__always_defect__seed102,Qwen3-235B,Always Defect,102,37,0.0
qwen3_235b_a22b_2507__vs__always_defect__seed102,Qwen3-235B,Always Defect,102,38,0.0
qwen3_235b_a22b_2507__vs__always_defect__seed102,Qwen3-235B,Always Defect,102,39,0.0
qwen3_235b_a22b_2507__vs__always_defect__seed102,Qwen3-235B,Always Defect,102,40,0.0
qwen3_235b_a22b_2507__vs__always_defect__seed102,Qwen3-235B,Always Defect,102,41,0.0
qwen3_235b_a22b_2507__vs__always_defect__seed102,Qwen3-235B,Always Defect,102,42,0.0
qwen3_235b_a22b_2507__vs__always_defect__seed102,Qwen3-235B,Always Defect,102,43,0.0
qwen3_235b_a22b_2507__vs__always_defect__seed102,Qwen3-235B,Always Defect,102,44,0.0
qwen3_235b_a22b_2507__vs__always_defect__seed102,Qwen3-235B,Always Defect,102,45,0.0
qwen3_235b_a22b_2507__vs__always_defect__seed102,Qwen3-235B,Always Defect,102,46,0.0
qwen3_235b_a22b_2507__vs__always_defect__seed102,Qwen3-235B,Always Defect,102,47,0.0
qwen3_235b_a22b_2507__vs__always_defect__seed102,Qwen3-235B,Always Defect,102,48,0.0
qwen3_235b_a22b_2507__vs__always_defect__seed102,Qwen3-235B,Always Defect,102,49,0.0
qwen3_235b_a22b_2507__vs__always_defect__seed102,Qwen3-235B,Always Defect,102,50,0.0
qwen3_235b_a22b_2507__vs__always_defect__seed103,Qwen3-235B,Always Defect,103,1,1.0
qwen3_235b_a22b_2507__vs__always_defect__seed103,Qwen3-235B,Always Defect,103,2,0.0
qwen3_235b_a22b_2507__vs__always_defect__seed103,Qwen3-235B,Always Defect,103,3,0.0
qwen3_235b_a22b_2507__vs__always_defect__seed103,Qwen3-235B,Always Defect,103,4,0.0
qwen3_235b_a22b_2507__vs__always_defect__seed103,Qwen3-235B,Always Defect,103,5,0.0
qwen3_235b_a22b_2507__vs__always_defect__seed103,Qwen3-235B,Always Defect,103,6,0.0
qwen3_235b_a22b_2507__vs__always_defect__seed103,Qwen3-235B,Always Defect,103,7,0.0
qwen3_235b_a22b_2507__vs__always_defect__seed103,Qwen3-235B,Always Defect,103,8,0.0
qwen3_235b_a22b_2507__vs__always_defect__seed103,Qwen3-235B,Always Defect,103,9,0.0
qwen3_235b_a22b_2507__vs__always_defect__seed103,Qwen3-235B,Always Defect,103,10,0.0
qwen3_235b_a22b_2507__vs__always_defect__seed103,Qwen3-235B,Always Defect,103,11,0.0
qwen3_235b_a22b_2507__vs__always_defect__seed103,Qwen3-235B,Always Defect,103,12,0.0
qwen3_235b_a22b_2507__vs__always_defect__seed103,Qwen3-235B,Always Defect,103,13,0.0
qwen3_235b_a22b_2507__vs__always_defect__seed103,Qwen3-235B,Always Defect,103,14,0.0
qwen3_235b_a22b_2507__vs__always_defect__seed103,Qwen3-235B,Always Defect,103,15,0.0
qwen3_235b_a22b_2507__vs__always_defect__seed103,Qwen3-235B,Always Defect,103,16,0.0
qwen3_235b_a22b_2507__vs__always_defect__seed103,Qwen3-235B,Always Defect,103,17,1.0
qwen3_235b_a22b_2507__vs__always_defect__seed103,Qwen3-235B,Always Defect,103,18,0.0
qwen3_235b_a22b_2507__vs__always_defect__seed103,Qwen3-235B,Always Defect,103,19,0.0
qwen3_235b_a22b_2507__vs__always_defect__seed103,Qwen3-235B,Always Defect,103,20,0.0
qwen3_235b_a22b_2507__vs__always_defect__seed103,Qwen3-235B,Always Defect,103,21,0.0
qwen3_235b_a22b_2507__vs__always_defect__seed103,Qwen3-235B,Always Defect,103,22,0.0
qwen3_235b_a22b_2507__vs__always_defect__seed103,Qwen3-235B,Always Defect,103,23,0.0
qwen3_235b_a22b_2507__vs__always_defect__seed103,Qwen3-235B,Always Defect,103,24,0.0
qwen3_235b_a22b_2507__vs__always_defect__seed103,Qwen3-235B,Always Defect,103,25,0.0
qwen3_235b_a22b_2507__vs__always_defect__seed103,Qwen3-235B,Always Defect,103,26,0.0
qwen3_235b_a22b_2507__vs__always_defect__seed103,Qwen3-235B,Always Defect,103,27,0.0
qwen3_235b_a22b_2507__vs__always_defect__seed103,Qwen3-235B,Always Defect,103,28,0.0
qwen3_235b_a22b_2507__vs__always_defect__seed103,Qwen3-235B,Always Defect,103,29,0.0
qwen3_235b_a22b_2507__vs__always_defect__seed103,Qwen3-235B,Always Defect,103,30,0.0
qwen3_235b_a22b_2507__vs__always_defect__seed103,Qwen3-235B,Always Defect,103,31,0.0
qwen3_235b_a22b_2507__vs__always_defect__seed103,Qwen3-235B,Always Defect,103,32,0.0
qwen3_235b_a22b_2507__vs__always_defect__seed103,Qwen3-235B,Always Defect,103,33,0.0
qwen3_235b_a22b_2507__vs__always_defect__seed103,Qwen3-235B,Always Defect,103,34,0.0
qwen3_235b_a22b_2507__vs__always_defect__seed103,Qwen3-235B,Always Defect,103,35,0.0
qwen3_235b_a22b_2507__vs__always_defect__seed103,Qwen3-235B,Always Defect,103,36,0.0
qwen3_235b_a22b_2507__vs__always_defect__seed103,Qwen3-235B,Always Defect,103,37,0.0
qwen3_235b_a22b_2507__vs__always_defect__seed103,Qwen3-235B,Always Defect,103,38,0.0
qwen3_235b_a22b_2507__vs__always_defect__seed103,Qwen3-235B,Always Defect,103,39,0.0
qwen3_235b_a22b_2507__vs__always_defect__seed103,Qwen3-235B,Always Defect,103,40,0.0
qwen3_235b_a22b_2507__vs__always_defect__seed103,Qwen3-235B,Always Defect,103,41,0.0
qwen3_235b_a22b_2507__vs__always_defect__seed103,Qwen3-235B,Always Defect,103,42,0.0
qwen3_235b_a22b_2507__vs__always_defect__seed103,Qwen3-235B,Always Defect,103,43,0.0
qwen3_235b_a22b_2507__vs__always_defect__seed103,Qwen3-235B,Always Defect,103,44,0.0
qwen3_235b_a22b_2507__vs__always_defect__seed103,Qwen3-235B,Always Defect,103,45,0.0
qwen3_235b_a22b_2507__vs__always_defect__seed103,Qwen3-235B,Always Defect,103,46,0.0
qwen3_235b_a22b_2507__vs__always_defect__seed103,Qwen3-235B,Always Defect,103,47,0.0
qwen3_235b_a22b_2507__vs__always_defect__seed103,Qwen3-235B,Always Defect,103,48,0.0
qwen3_235b_a22b_2507__vs__always_defect__seed103,Qwen3-235B,Always Defect,103,49,0.0
qwen3_235b_a22b_2507__vs__always_defect__seed103,Qwen3-235B,Always Defect,103,50,0.0
qwen3_235b_a22b_2507__vs__always_defect__seed104,Qwen3-235B,Always Defect,104,1,0.0
qwen3_235b_a22b_2507__vs__always_defect__seed104,Qwen3-235B,Always Defect,104,2,0.0
qwen3_235b_a22b_2507__vs__always_defect__seed104,Qwen3-235B,Always Defect,104,3,0.0
qwen3_235b_a22b_2507__vs__always_defect__seed104,Qwen3-235B,Always Defect,104,4,0.0
qwen3_235b_a22b_2507__vs__always_defect__seed104,Qwen3-235B,Always Defect,104,5,0.0
qwen3_235b_a22b_2507__vs__always_defect__seed104,Qwen3-235B,Always Defect,104,6,0.0
qwen3_235b_a22b_2507__vs__always_defect__seed104,Qwen3-235B,Always Defect,104,7,0.0
qwen3_235b_a22b_2507__vs__always_defect__seed104,Qwen3-235B,Always Defect,104,8,0.0
qwen3_235b_a22b_2507__vs__always_defect__seed104,Qwen3-235B,Always Defect,104,9,0.0
qwen3_235b_a22b_2507__vs__always_defect__seed104,Qwen3-235B,Always Defect,104,10,0.0
qwen3_235b_a22b_2507__vs__always_defect__seed104,Qwen3-235B,Always Defect,104,11,0.0
qwen3_235b_a22b_2507__vs__always_defect__seed104,Qwen3-235B,Always Defect,104,12,0.0
qwen3_235b_a22b_2507__vs__always_defect__seed104,Qwen3-235B,Always Defect,104,13,0.0
qwen3_235b_a22b_2507__vs__always_defect__seed104,Qwen3-235B,Always Defect,104,14,0.0
qwen3_235b_a22b_2507__vs__always_defect__seed104,Qwen3-235B,Always Defect,104,15,0.0
qwen3_235b_a22b_2507__vs__always_defect__seed104,Qwen3-235B,Always Defect,104,16,0.0
qwen3_235b_a22b_2507__vs__always_defect__seed104,Qwen3-235B,Always Defect,104,17,0.0
qwen3_235b_a22b_2507__vs__always_defect__seed104,Qwen3-235B,Always Defect,104,18,0.0
qwen3_235b_a22b_2507__vs__always_defect__seed104,Qwen3-235B,Always Defect,104,19,0.0
qwen3_235b_a22b_2507__vs__always_defect__seed104,Qwen3-235B,Always Defect,104,20,0.0
qwen3_235b_a22b_2507__vs__always_defect__seed104,Qwen3-235B,Always Defect,104,21,0.0
qwen3_235b_a22b_2507__vs__always_defect__seed104,Qwen3-235B,Always Defect,104,22,0.0
qwen3_235b_a22b_2507__vs__always_defect__seed104,Qwen3-235B,Always Defect,104,23,0.0
qwen3_235b_a22b_2507__vs__always_defect__seed104,Qwen3-235B,Always Defect,104,24,0.0
qwen3_235b_a22b_2507__vs__always_defect__seed104,Qwen3-235B,Always Defect,104,25,0.0
qwen3_235b_a22b_2507__vs__always_defect__seed104,Qwen3-235B,Always Defect,104,26,0.0
qwen3_235b_a22b_2507__vs__always_defect__seed104,Qwen3-235B,Always Defect,104,27,0.0
qwen3_235b_a22b_2507__vs__always_defect__seed104,Qwen3-235B,Always Defect,104,28,0.0
qwen3_235b_a22b_2507__vs__always_defect__seed104,Qwen3-235B,Always Defect,104,29,0.0
qwen3_235b_a22b_2507__vs__always_defect__seed104,Qwen3-235B,Always Defect,104,30,0.0
qwen3_235b_a22b_2507__vs__always_defect__seed104,Qwen3-235B,Always Defect,104,31,0.0
qwen3_235b_a22b_2507__vs__always_defect__seed104,Qwen3-235B,Always Defect,104,32,0.0
qwen3_235b_a22b_2507__vs__always_defect__seed104,Qwen3-235B,Always Defect,104,33,0.0
qwen3_235b_a22b_2507__vs__always_defect__seed104,Qwen3-235B,Always Defect,104,34,0.0
qwen3_235b_a22b_2507__vs__always_defect__seed104,Qwen3-235B,Always Defect,104,35,0.0
qwen3_235b_a22b_2507__vs__always_defect__seed104,Qwen3-235B,Always Defect,104,36,0.0
qwen3_235b_a22b_2507__vs__always_defect__seed104,Qwen3-235B,Always Defect,104,37,0.0
qwen3_235b_a22b_2507__vs__always_defect__seed104,Qwen3-235B,Always Defect,104,38,0.0
qwen3_235b_a22b_2507__vs__always_defect__seed104,Qwen3-235B,Always Defect,104,39,0.0
qwen3_235b_a22b_2507__vs__always_defect__seed104,Qwen3-235B,Always Defect,104,40,0.0
qwen3_235b_a22b_2507__vs__always_defect__seed104,Qwen3-235B,Always Defect,104,41,0.0
qwen3_235b_a22b_2507__vs__always_defect__seed104,Qwen3-235B,Always Defect,104,42,0.0
qwen3_235b_a22b_2507__vs__always_defect__seed104,Qwen3-235B,Always Defect,104,43,0.0
qwen3_235b_a22b_2507__vs__always_defect__seed104,Qwen3-235B,Always Defect,104,44,0.0
qwen3_235b_a22b_2507__vs__always_defect__seed104,Qwen3-235B,Always Defect,104,45,0.0
qwen3_235b_a22b_2507__vs__always_defect__seed104,Qwen3-235B,Always Defect,104,46,0.0
qwen3_235b_a22b_2507__vs__always_defect__seed104,Qwen3-235B,Always Defect,104,47,0.0
qwen3_235b_a22b_2507__vs__always_defect__seed104,Qwen3-235B,Always Defect,104,48,0.0
qwen3_235b_a22b_2507__vs__always_defect__seed104,Qwen3-235B,Always Defect,104,49,0.0
qwen3_235b_a22b_2507__vs__always_defect__seed104,Qwen3-235B,Always Defect,104,50,0.0
qwen3_235b_a22b_2507__vs__always_defect__seed105,Qwen3-235B,Always Defect,105,1,0.0
qwen3_235b_a22b_2507__vs__always_defect__seed105,Qwen3-235B,Always Defect,105,2,0.0
qwen3_235b_a22b_2507__vs__always_defect__seed105,Qwen3-235B,Always Defect,105,3,0.0
qwen3_235b_a22b_2507__vs__always_defect__seed105,Qwen3-235B,Always Defect,105,4,0.0
qwen3_235b_a22b_2507__vs__always_defect__seed105,Qwen3-235B,Always Defect,105,5,0.0
qwen3_235b_a22b_2507__vs__always_defect__seed105,Qwen3-235B,Always Defect,105,6,0.0
qwen3_235b_a22b_2507__vs__always_defect__seed105,Qwen3-235B,Always Defect,105,7,0.0
qwen3_235b_a22b_2507__vs__always_defect__seed105,Qwen3-235B,Always Defect,105,8,0.0
qwen3_235b_a22b_2507__vs__always_defect__seed105,Qwen3-235B,Always Defect,105,9,0.0
qwen3_235b_a22b_2507__vs__always_defect__seed105,Qwen3-235B,Always Defect,105,10,0.0
qwen3_235b_a22b_2507__vs__always_defect__seed105,Qwen3-235B,Always Defect,105,11,0.0
qwen3_235b_a22b_2507__vs__always_defect__seed105,Qwen3-235B,Always Defect,105,12,0.0
qwen3_235b_a22b_2507__vs__always_defect__seed105,Qwen3-235B,Always Defect,105,13,0.0
qwen3_235b_a22b_2507__vs__always_defect__seed105,Qwen3-235B,Always Defect,105,14,0.0
qwen3_235b_a22b_2507__vs__always_defect__seed105,Qwen3-235B,Always Defect,105,15,0.0
qwen3_235b_a22b_2507__vs__always_defect__seed105,Qwen3-235B,Always Defect,105,16,0.0
qwen3_235b_a22b_2507__vs__always_defect__seed105,Qwen3-235B,Always Defect,105,17,0.0
qwen3_235b_a22b_2507__vs__always_defect__seed105,Qwen3-235B,Always Defect,105,18,0.0
qwen3_235b_a22b_2507__vs__always_defect__seed105,Qwen3-235B,Always Defect,105,19,0.0
qwen3_235b_a22b_2507__vs__always_defect__seed105,Qwen3-235B,Always Defect,105,20,0.0
qwen3_235b_a22b_2507__vs__always_defect__seed105,Qwen3-235B,Always Defect,105,21,0.0
qwen3_235b_a22b_2507__vs__always_defect__seed105,Qwen3-235B,Always Defect,105,22,0.0
qwen3_235b_a22b_2507__vs__always_defect__seed105,Qwen3-235B,Always Defect,105,23,0.0
qwen3_235b_a22b_2507__vs__always_defect__seed105,Qwen3-235B,Always Defect,105,24,0.0
qwen3_235b_a22b_2507__vs__always_defect__seed105,Qwen3-235B,Always Defect,105,25,0.0
qwen3_235b_a22b_2507__vs__always_defect__seed105,Qwen3-235B,Always Defect,105,26,0.0
qwen3_235b_a22b_2507__vs__always_defect__seed105,Qwen3-235B,Always Defect,105,27,0.0
qwen3_235b_a22b_2507__vs__always_defect__seed105,Qwen3-235B,Always Defect,105,28,0.0
qwen3_235b_a22b_2507__vs__always_defect__seed105,Qwen3-235B,Always Defect,105,29,0.0
qwen3_235b_a22b_2507__vs__always_defect__seed105,Qwen3-235B,Always Defect,105,30,0.0
qwen3_235b_a22b_2507__vs__always_defect__seed105,Qwen3-235B,Always Defect,105,31,0.0
qwen3_235b_a22b_2507__vs__always_defect__seed105,Qwen3-235B,Always Defect,105,32,0.0
qwen3_235b_a22b_2507__vs__always_defect__seed105,Qwen3-235B,Always Defect,105,33,0.0
qwen3_235b_a22b_2507__vs__always_defect__seed105,Qwen3-235B,Always Defect,105,34,0.0
qwen3_235b_a22b_2507__vs__always_defect__seed105,Qwen3-235B,Always Defect,105,35,0.0
qwen3_235b_a22b_2507__vs__always_defect__seed105,Qwen3-235B,Always Defect,105,36,0.0
qwen3_235b_a22b_2507__vs__always_defect__seed105,Qwen3-235B,Always Defect,105,37,0.0
qwen3_235b_a22b_2507__vs__always_defect__seed105,Qwen3-235B,Always Defect,105,38,0.0
qwen3_235b_a22b_2507__vs__always_defect__seed105,Qwen3-235B,Always Defect,105,39,0.0
qwen3_235b_a22b_2507__vs__always_defect__seed105,Qwen3-235B,Always Defect,105,40,0.0
qwen3_235b_a22b_2507__vs__always_defect__seed105,Qwen3-235B,Always Defect,105,41,0.0
qwen3_235b_a22b_2507__vs__always_defect__seed105,Qwen3-235B,Always Defect,105,42,0.0
qwen3_235b_a22b_2507__vs__always_defect__seed105,Qwen3-235B,Always Defect,105,43,0.0
qwen3_235b_a22b_2507__vs__always_defect__seed105,Qwen3-235B,Always Defect,105,44,0.0
qwen3_235b_a22b_2507__vs__always_defect__seed105,Qwen3-235B,Always Defect,105,45,0.0
qwen3_235b_a22b_2507__vs__always_defect__seed105,Qwen3-235B,Always Defect,105,46,0.0
qwen3_235b_a22b_2507__vs__always_defect__seed105,Qwen3-235B,Always Defect,105,47,0.0
qwen3_235b_a22b_2507__vs__always_defect__seed105,Qwen3-235B,Always Defect,105,48,0.0
qwen3_235b_a22b_2507__vs__always_defect__seed105,Qwen3-235B,Always Defect,105,49,0.0
qwen3_235b_a22b_2507__vs__always_defect__seed105,Qwen3-235B,Always Defect,105,50,0.0
qwen3_235b_a22b_2507__vs__graded_tft__seed101,Qwen3-235B,Graded TFT,101,1,1.0
qwen3_235b_a22b_2507__vs__graded_tft__seed101,Qwen3-235B,Graded TFT,101,2,1.0
qwen3_235b_a22b_2507__vs__graded_tft__seed101,Qwen3-235B,Graded TFT,101,3,1.0
qwen3_235b_a22b_2507__vs__graded_tft__seed101,Qwen3-235B,Graded TFT,101,4,1.0
qwen3_235b_a22b_2507__vs__graded_tft__seed101,Qwen3-235B,Graded TFT,101,5,1.0
qwen3_235b_a22b_2507__vs__graded_tft__seed101,Qwen3-235B,Graded TFT,101,6,1.0
qwen3_235b_a22b_2507__vs__graded_tft__seed101,Qwen3-235B,Graded TFT,101,7,1.0
qwen3_235b_a22b_2507__vs__graded_tft__seed101,Qwen3-235B,Graded TFT,101,8,1.0
qwen3_235b_a22b_2507__vs__graded_tft__seed101,Qwen3-235B,Graded TFT,101,9,1.0
qwen3_235b_a22b_2507__vs__graded_tft__seed101,Qwen3-235B,Graded TFT,101,10,1.0
qwen3_235b_a22b_2507__vs__graded_tft__seed101,Qwen3-235B,Graded TFT,101,11,1.0
qwen3_235b_a22b_2507__vs__graded_tft__seed101,Qwen3-235B,Graded TFT,101,12,1.0
qwen3_235b_a22b_2507__vs__graded_tft__seed101,Qwen3-235B,Graded TFT,101,13,1.0
qwen3_235b_a22b_2507__vs__graded_tft__seed101,Qwen3-235B,Graded TFT,101,14,1.0
qwen3_235b_a22b_2507__vs__graded_tft__seed101,Qwen3-235B,Graded TFT,101,15,1.0
qwen3_235b_a22b_2507__vs__graded_tft__seed101,Qwen3-235B,Graded TFT,101,16,1.0
qwen3_235b_a22b_2507__vs__graded_tft__seed101,Qwen3-235B,Graded TFT,101,17,1.0
qwen3_235b_a22b_2507__vs__graded_tft__seed101,Qwen3-235B,Graded TFT,101,18,1.0
qwen3_235b_a22b_2507__vs__graded_tft__seed101,Qwen3-235B,Graded TFT,101,19,1.0
qwen3_235b_a22b_2507__vs__graded_tft__seed101,Qwen3-235B,Graded TFT,101,20,1.0
qwen3_235b_a22b_2507__vs__graded_tft__seed101,Qwen3-235B,Graded TFT,101,21,1.0
qwen3_235b_a22b_2507__vs__graded_tft__seed101,Qwen3-235B,Graded TFT,101,22,1.0
qwen3_235b_a22b_2507__vs__graded_tft__seed101,Qwen3-235B,Graded TFT,101,23,1.0
qwen3_235b_a22b_2507__vs__graded_tft__seed101,Qwen3-235B,Graded TFT,101,24,1.0
qwen3_235b_a22b_2507__vs__graded_tft__seed101,Qwen3-235B,Graded TFT,101,25,1.0
qwen3_235b_a22b_2507__vs__graded_tft__seed101,Qwen3-235B,Graded TFT,101,26,1.0
qwen3_235b_a22b_2507__vs__graded_tft__seed101,Qwen3-235B,Graded TFT,101,27,1.0
qwen3_235b_a22b_2507__vs__graded_tft__seed101,Qwen3-235B,Graded TFT,101,28,1.0
qwen3_235b_a22b_2507__vs__graded_tft__seed101,Qwen3-235B,Graded TFT,101,29,1.0
qwen3_235b_a22b_2507__vs__graded_tft__seed101,Qwen3-235B,Graded TFT,101,30,1.0
qwen3_235b_a22b_2507__vs__graded_tft__seed101,Qwen3-235B,Graded TFT,101,31,1.0
qwen3_235b_a22b_2507__vs__graded_tft__seed101,Qwen3-235B,Graded TFT,101,32,1.0
qwen3_235b_a22b_2507__vs__graded_tft__seed101,Qwen3-235B,Graded TFT,101,33,1.0
qwen3_235b_a22b_2507__vs__graded_tft__seed101,Qwen3-235B,Graded TFT,101,34,1.0
qwen3_235b_a22b_2507__vs__graded_tft__seed101,Qwen3-235B,Graded TFT,101,35,1.0
qwen3_235b_a22b_2507__vs__graded_tft__seed101,Qwen3-235B,Graded TFT,101,36,1.0
qwen3_235b_a22b_2507__vs__graded_tft__seed101,Qwen3-235B,Graded TFT,101,37,1.0
qwen3_235b_a22b_2507__vs__graded_tft__seed101,Qwen3-235B,Graded TFT,101,38,1.0
qwen3_235b_a22b_2507__vs__graded_tft__seed101,Qwen3-235B,Graded TFT,101,39,1.0
qwen3_235b_a22b_2507__vs__graded_tft__seed101,Qwen3-235B,Graded TFT,101,40,1.0
qwen3_235b_a22b_2507__vs__graded_tft__seed101,Qwen3-235B,Graded TFT,101,41,1.0
qwen3_235b_a22b_2507__vs__graded_tft__seed101,Qwen3-235B,Graded TFT,101,42,0.0
qwen3_235b_a22b_2507__vs__graded_tft__seed101,Qwen3-235B,Graded TFT,101,43,0.0
qwen3_235b_a22b_2507__vs__graded_tft__seed101,Qwen3-235B,Graded TFT,101,44,0.0
qwen3_235b_a22b_2507__vs__graded_tft__seed101,Qwen3-235B,Graded TFT,101,45,0.0
qwen3_235b_a22b_2507__vs__graded_tft__seed101,Qwen3-235B,Graded TFT,101,46,0.0
qwen3_235b_a22b_2507__vs__graded_tft__seed101,Qwen3-235B,Graded TFT,101,47,0.0
qwen3_235b_a22b_2507__vs__graded_tft__seed101,Qwen3-235B,Graded TFT,101,48,0.0
qwen3_235b_a22b_2507__vs__graded_tft__seed101,Qwen3-235B,Graded TFT,101,49,0.0
qwen3_235b_a22b_2507__vs__graded_tft__seed101,Qwen3-235B,Graded TFT,101,50,0.0
qwen3_235b_a22b_2507__vs__graded_tft__seed102,Qwen3-235B,Graded TFT,102,1,0.0
qwen3_235b_a22b_2507__vs__graded_tft__seed102,Qwen3-235B,Graded TFT,102,2,0.0
qwen3_235b_a22b_2507__vs__graded_tft__seed102,Qwen3-235B,Graded TFT,102,3,0.0
qwen3_235b_a22b_2507__vs__graded_tft__seed102,Qwen3-235B,Graded TFT,102,4,0.0
qwen3_235b_a22b_2507__vs__graded_tft__seed102,Qwen3-235B,Graded TFT,102,5,0.0
qwen3_235b_a22b_2507__vs__graded_tft__seed102,Qwen3-235B,Graded TFT,102,6,0.0
qwen3_235b_a22b_2507__vs__graded_tft__seed102,Qwen3-235B,Graded TFT,102,7,0.0
qwen3_235b_a22b_2507__vs__graded_tft__seed102,Qwen3-235B,Graded TFT,102,8,0.0
qwen3_235b_a22b_2507__vs__graded_tft__seed102,Qwen3-235B,Graded TFT,102,9,0.0
qwen3_235b_a22b_2507__vs__graded_tft__seed102,Qwen3-235B,Graded TFT,102,10,0.0
qwen3_235b_a22b_2507__vs__graded_tft__seed102,Qwen3-235B,Graded TFT,102,11,0.0
qwen3_235b_a22b_2507__vs__graded_tft__seed102,Qwen3-235B,Graded TFT,102,12,0.0
qwen3_235b_a22b_2507__vs__graded_tft__seed102,Qwen3-235B,Graded TFT,102,13,0.0
qwen3_235b_a22b_2507__vs__graded_tft__seed102,Qwen3-235B,Graded TFT,102,14,0.0
qwen3_235b_a22b_2507__vs__graded_tft__seed102,Qwen3-235B,Graded TFT,102,15,0.0
qwen3_235b_a22b_2507__vs__graded_tft__seed102,Qwen3-235B,Graded TFT,102,16,0.0
qwen3_235b_a22b_2507__vs__graded_tft__seed102,Qwen3-235B,Graded TFT,102,17,0.0
qwen3_235b_a22b_2507__vs__graded_tft__seed102,Qwen3-235B,Graded TFT,102,18,0.0
qwen3_235b_a22b_2507__vs__graded_tft__seed102,Qwen3-235B,Graded TFT,102,19,0.0
qwen3_235b_a22b_2507__vs__graded_tft__seed102,Qwen3-235B,Graded TFT,102,20,0.0
qwen3_235b_a22b_2507__vs__graded_tft__seed102,Qwen3-235B,Graded TFT,102,21,0.0
qwen3_235b_a22b_2507__vs__graded_tft__seed102,Qwen3-235B,Graded TFT,102,22,0.0
qwen3_235b_a22b_2507__vs__graded_tft__seed102,Qwen3-235B,Graded TFT,102,23,0.0
qwen3_235b_a22b_2507__vs__graded_tft__seed102,Qwen3-235B,Graded TFT,102,24,0.0
qwen3_235b_a22b_2507__vs__graded_tft__seed102,Qwen3-235B,Graded TFT,102,25,0.0
qwen3_235b_a22b_2507__vs__graded_tft__seed102,Qwen3-235B,Graded TFT,102,26,0.0
qwen3_235b_a22b_2507__vs__graded_tft__seed102,Qwen3-235B,Graded TFT,102,27,0.0
qwen3_235b_a22b_2507__vs__graded_tft__seed102,Qwen3-235B,Graded TFT,102,28,0.0
qwen3_235b_a22b_2507__vs__graded_tft__seed102,Qwen3-235B,Graded TFT,102,29,0.0
qwen3_235b_a22b_2507__vs__graded_tft__seed102,Qwen3-235B,Graded TFT,102,30,0.0
qwen3_235b_a22b_2507__vs__graded_tft__seed102,Qwen3-235B,Graded TFT,102,31,0.0
qwen3_235b_a22b_2507__vs__graded_tft__seed102,Qwen3-235B,Graded TFT,102,32,0.0
qwen3_235b_a22b_2507__vs__graded_tft__seed102,Qwen3-235B,Graded TFT,102,33,0.0
qwen3_235b_a22b_2507__vs__graded_tft__seed102,Qwen3-235B,Graded TFT,102,34,0.0
qwen3_235b_a22b_2507__vs__graded_tft__seed102,Qwen3-235B,Graded TFT,102,35,0.0
qwen3_235b_a22b_2507__vs__graded_tft__seed102,Qwen3-235B,Graded TFT,102,36,0.0
qwen3_235b_a22b_2507__vs__graded_tft__seed102,Qwen3-235B,Graded TFT,102,37,0.0
qwen3_235b_a22b_2507__vs__graded_tft__seed102,Qwen3-235B,Graded TFT,102,38,0.0
qwen3_235b_a22b_2507__vs__graded_tft__seed102,Qwen3-235B,Graded TFT,102,39,0.0
qwen3_235b_a22b_2507__vs__graded_tft__seed102,Qwen3-235B,Graded TFT,102,40,0.0
qwen3_235b_a22b_2507__vs__graded_tft__seed102,Qwen3-235B,Graded TFT,102,41,0.0
qwen3_235b_a22b_2507__vs__graded_tft__seed102,Qwen3-235B,Graded TFT,102,42,0.0
qwen3_235b_a22b_2507__vs__graded_tft__seed102,Qwen3-235B,Graded TFT,102,43,0.0
qwen3_235b_a22b_2507__vs__graded_tft__seed102,Qwen3-235B,Graded TFT,102,44,0.0
qwen3_235b_a22b_2507__vs__graded_tft__seed102,Qwen3-235B,Graded TFT,102,45,0.0
qwen3_235b_a22b_2507__vs__graded_tft__seed102,Qwen3-235B,Graded TFT,102,46,0.0
qwen3_235b_a22b_2507__vs__graded_tft__seed102,Qwen3-235B,Graded TFT,102,47,0.0
qwen3_235b_a22b_2507__vs__graded_tft__seed102,Qwen3-235B,Graded TFT,102,48,0.0
qwen3_235b_a22b_2507__vs__graded_tft__seed102,Qwen3-235B,Graded TFT,102,49,0.0
qwen3_235b_a22b_2507__vs__graded_tft__seed102,Qwen3-235B,Graded TFT,102,50,0.0
qwen3_235b_a22b_2507__vs__graded_tft__seed103,Qwen3-235B,Graded TFT,103,1,0.0
qwen3_235b_a22b_2507__vs__graded_tft__seed103,Qwen3-235B,Graded TFT,103,2,0.0
qwen3_235b_a22b_2507__vs__graded_tft__seed103,Qwen3-235B,Graded TFT,103,3,0.0
qwen3_235b_a22b_2507__vs__graded_tft__seed103,Qwen3-235B,Graded TFT,103,4,0.0
qwen3_235b_a22b_2507__vs__graded_tft__seed103,Qwen3-235B,Graded TFT,103,5,0.0
qwen3_235b_a22b_2507__vs__graded_tft__seed103,Qwen3-235B,Graded TFT,103,6,0.0
qwen3_235b_a22b_2507__vs__graded_tft__seed103,Qwen3-235B,Graded TFT,103,7,0.0
qwen3_235b_a22b_2507__vs__graded_tft__seed103,Qwen3-235B,Graded TFT,103,8,0.0
qwen3_235b_a22b_2507__vs__graded_tft__seed103,Qwen3-235B,Graded TFT,103,9,0.0
qwen3_235b_a22b_2507__vs__graded_tft__seed103,Qwen3-235B,Graded TFT,103,10,0.0
qwen3_235b_a22b_2507__vs__graded_tft__seed103,Qwen3-235B,Graded TFT,103,11,0.0
qwen3_235b_a22b_2507__vs__graded_tft__seed103,Qwen3-235B,Graded TFT,103,12,0.0
qwen3_235b_a22b_2507__vs__graded_tft__seed103,Qwen3-235B,Graded TFT,103,13,0.0
qwen3_235b_a22b_2507__vs__graded_tft__seed103,Qwen3-235B,Graded TFT,103,14,0.0
qwen3_235b_a22b_2507__vs__graded_tft__seed103,Qwen3-235B,Graded TFT,103,15,0.0
qwen3_235b_a22b_2507__vs__graded_tft__seed103,Qwen3-235B,Graded TFT,103,16,0.0
qwen3_235b_a22b_2507__vs__graded_tft__seed103,Qwen3-235B,Graded TFT,103,17,0.0
qwen3_235b_a22b_2507__vs__graded_tft__seed103,Qwen3-235B,Graded TFT,103,18,0.0
qwen3_235b_a22b_2507__vs__graded_tft__seed103,Qwen3-235B,Graded TFT,103,19,0.0
qwen3_235b_a22b_2507__vs__graded_tft__seed103,Qwen3-235B,Graded TFT,103,20,0.0
qwen3_235b_a22b_2507__vs__graded_tft__seed103,Qwen3-235B,Graded TFT,103,21,0.0
qwen3_235b_a22b_2507__vs__graded_tft__seed103,Qwen3-235B,Graded TFT,103,22,0.0
qwen3_235b_a22b_2507__vs__graded_tft__seed103,Qwen3-235B,Graded TFT,103,23,0.0
qwen3_235b_a22b_2507__vs__graded_tft__seed103,Qwen3-235B,Graded TFT,103,24,0.0
qwen3_235b_a22b_2507__vs__graded_tft__seed103,Qwen3-235B,Graded TFT,103,25,0.0
qwen3_235b_a22b_2507__vs__graded_tft__seed103,Qwen3-235B,Graded TFT,103,26,0.0
qwen3_235b_a22b_2507__vs__graded_tft__seed103,Qwen3-235B,Graded TFT,103,27,0.0
qwen3_235b_a22b_2507__vs__graded_tft__seed103,Qwen3-235B,Graded TFT,103,28,0.0
qwen3_235b_a22b_2507__vs__graded_tft__seed103,Qwen3-235B,Graded TFT,103,29,0.0
qwen3_235b_a22b_2507__vs__graded_tft__seed103,Qwen3-235B,Graded TFT,103,30,0.0
qwen3_235b_a22b_2507__vs__graded_tft__seed103,Qwen3-235B,Graded TFT,103,31,0.0
qwen3_235b_a22b_2507__vs__graded_tft__seed103,Qwen3-235B,Graded TFT,103,32,0.0
qwen3_235b_a22b_2507__vs__graded_tft__seed103,Qwen3-235B,Graded TFT,103,33,0.0
qwen3_235b_a22b_2507__vs__graded_tft__seed103,Qwen3-235B,Graded TFT,103,34,0.0
qwen3_235b_a22b_2507__vs__graded_tft__seed103,Qwen3-235B,Graded TFT,103,35,0.0
qwen3_235b_a22b_2507__vs__graded_tft__seed103,Qwen3-235B,Graded TFT,103,36,0.0
qwen3_235b_a22b_2507__vs__graded_tft__seed103,Qwen3-235B,Graded TFT,103,37,0.0
qwen3_235b_a22b_2507__vs__graded_tft__seed103,Qwen3-235B,Graded TFT,103,38,0.0
qwen3_235b_a22b_2507__vs__graded_tft__seed103,Qwen3-235B,Graded TFT,103,39,0.0
qwen3_235b_a22b_2507__vs__graded_tft__seed103,Qwen3-235B,Graded TFT,103,40,0.0
qwen3_235b_a22b_2507__vs__graded_tft__seed103,Qwen3-235B,Graded TFT,103,41,0.0
qwen3_235b_a22b_2507__vs__graded_tft__seed103,Qwen3-235B,Graded TFT,103,42,0.0
qwen3_235b_a22b_2507__vs__graded_tft__seed103,Qwen3-235B,Graded TFT,103,43,0.0
qwen3_235b_a22b_2507__vs__graded_tft__seed103,Qwen3-235B,Graded TFT,103,44,0.0
qwen3_235b_a22b_2507__vs__graded_tft__seed103,Qwen3-235B,Graded TFT,103,45,0.0
qwen3_235b_a22b_2507__vs__graded_tft__seed103,Qwen3-235B,Graded TFT,103,46,0.0
qwen3_235b_a22b_2507__vs__graded_tft__seed103,Qwen3-235B,Graded TFT,103,47,0.0
qwen3_235b_a22b_2507__vs__graded_tft__seed103,Qwen3-235B,Graded TFT,103,48,0.0
qwen3_235b_a22b_2507__vs__graded_tft__seed103,Qwen3-235B,Graded TFT,103,49,0.0
qwen3_235b_a22b_2507__vs__graded_tft__seed103,Qwen3-235B,Graded TFT,103,50,0.0
qwen3_235b_a22b_2507__vs__graded_tft__seed104,Qwen3-235B,Graded TFT,104,1,0.0
qwen3_235b_a22b_2507__vs__graded_tft__seed104,Qwen3-235B,Graded TFT,104,2,0.0
qwen3_235b_a22b_2507__vs__graded_tft__seed104,Qwen3-235B,Graded TFT,104,3,0.0
qwen3_235b_a22b_2507__vs__graded_tft__seed104,Qwen3-235B,Graded TFT,104,4,0.0
qwen3_235b_a22b_2507__vs__graded_tft__seed104,Qwen3-235B,Graded TFT,104,5,0.0
qwen3_235b_a22b_2507__vs__graded_tft__seed104,Qwen3-235B,Graded TFT,104,6,0.0
qwen3_235b_a22b_2507__vs__graded_tft__seed104,Qwen3-235B,Graded TFT,104,7,0.0
qwen3_235b_a22b_2507__vs__graded_tft__seed104,Qwen3-235B,Graded TFT,104,8,0.0
qwen3_235b_a22b_2507__vs__graded_tft__seed104,Qwen3-235B,Graded TFT,104,9,0.0
qwen3_235b_a22b_2507__vs__graded_tft__seed104,Qwen3-235B,Graded TFT,104,10,0.0
qwen3_235b_a22b_2507__vs__graded_tft__seed104,Qwen3-235B,Graded TFT,104,11,0.0
qwen3_235b_a22b_2507__vs__graded_tft__seed104,Qwen3-235B,Graded TFT,104,12,0.0
qwen3_235b_a22b_2507__vs__graded_tft__seed104,Qwen3-235B,Graded TFT,104,13,0.0
qwen3_235b_a22b_2507__vs__graded_tft__seed104,Qwen3-235B,Graded TFT,104,14,0.0
qwen3_235b_a22b_2507__vs__graded_tft__seed104,Qwen3-235B,Graded TFT,104,15,0.0
qwen3_235b_a22b_2507__vs__graded_tft__seed104,Qwen3-235B,Graded TFT,104,16,0.0
qwen3_235b_a22b_2507__vs__graded_tft__seed104,Qwen3-235B,Graded TFT,104,17,0.0
qwen3_235b_a22b_2507__vs__graded_tft__seed104,Qwen3-235B,Graded TFT,104,18,0.0
qwen3_235b_a22b_2507__vs__graded_tft__seed104,Qwen3-235B,Graded TFT,104,19,0.0
qwen3_235b_a22b_2507__vs__graded_tft__seed104,Qwen3-235B,Graded TFT,104,20,0.0
qwen3_235b_a22b_2507__vs__graded_tft__seed104,Qwen3-235B,Graded TFT,104,21,0.0
qwen3_235b_a22b_2507__vs__graded_tft__seed104,Qwen3-235B,Graded TFT,104,22,0.0
qwen3_235b_a22b_2507__vs__graded_tft__seed104,Qwen3-235B,Graded TFT,104,23,0.0
qwen3_235b_a22b_2507__vs__graded_tft__seed104,Qwen3-235B,Graded TFT,104,24,0.0
qwen3_235b_a22b_2507__vs__graded_tft__seed104,Qwen3-235B,Graded TFT,104,25,0.0
qwen3_235b_a22b_2507__vs__graded_tft__seed104,Qwen3-235B,Graded TFT,104,26,0.0
qwen3_235b_a22b_2507__vs__graded_tft__seed104,Qwen3-235B,Graded TFT,104,27,0.0
qwen3_235b_a22b_2507__vs__graded_tft__seed104,Qwen3-235B,Graded TFT,104,28,0.0
qwen3_235b_a22b_2507__vs__graded_tft__seed104,Qwen3-235B,Graded TFT,104,29,0.0
qwen3_235b_a22b_2507__vs__graded_tft__seed104,Qwen3-235B,Graded TFT,104,30,0.0
qwen3_235b_a22b_2507__vs__graded_tft__seed104,Qwen3-235B,Graded TFT,104,31,0.0
qwen3_235b_a22b_2507__vs__graded_tft__seed104,Qwen3-235B,Graded TFT,104,32,0.0
qwen3_235b_a22b_2507__vs__graded_tft__seed104,Qwen3-235B,Graded TFT,104,33,0.0
qwen3_235b_a22b_2507__vs__graded_tft__seed104,Qwen3-235B,Graded TFT,104,34,0.0
qwen3_235b_a22b_2507__vs__graded_tft__seed104,Qwen3-235B,Graded TFT,104,35,0.0
qwen3_235b_a22b_2507__vs__graded_tft__seed104,Qwen3-235B,Graded TFT,104,36,0.0
qwen3_235b_a22b_2507__vs__graded_tft__seed104,Qwen3-235B,Graded TFT,104,37,0.0
qwen3_235b_a22b_2507__vs__graded_tft__seed104,Qwen3-235B,Graded TFT,104,38,0.0
qwen3_235b_a22b_2507__vs__graded_tft__seed104,Qwen3-235B,Graded TFT,104,39,0.0
qwen3_235b_a22b_2507__vs__graded_tft__seed104,Qwen3-235B,Graded TFT,104,40,0.0
qwen3_235b_a22b_2507__vs__graded_tft__seed104,Qwen3-235B,Graded TFT,104,41,0.0
qwen3_235b_a22b_2507__vs__graded_tft__seed104,Qwen3-235B,Graded TFT,104,42,0.0
qwen3_235b_a22b_2507__vs__graded_tft__seed104,Qwen3-235B,Graded TFT,104,43,0.0
qwen3_235b_a22b_2507__vs__graded_tft__seed104,Qwen3-235B,Graded TFT,104,44,0.0
qwen3_235b_a22b_2507__vs__graded_tft__seed104,Qwen3-235B,Graded TFT,104,45,0.0
qwen3_235b_a22b_2507__vs__graded_tft__seed104,Qwen3-235B,Graded TFT,104,46,0.0
qwen3_235b_a22b_2507__vs__graded_tft__seed104,Qwen3-235B,Graded TFT,104,47,0.0
qwen3_235b_a22b_2507__vs__graded_tft__seed104,Qwen3-235B,Graded TFT,104,48,0.0
qwen3_235b_a22b_2507__vs__graded_tft__seed104,Qwen3-235B,Graded TFT,104,49,0.0
qwen3_235b_a22b_2507__vs__graded_tft__seed104,Qwen3-235B,Graded TFT,104,50,0.0
qwen3_235b_a22b_2507__vs__graded_tft__seed105,Qwen3-235B,Graded TFT,105,1,0.0
qwen3_235b_a22b_2507__vs__graded_tft__seed105,Qwen3-235B,Graded TFT,105,2,0.0
qwen3_235b_a22b_2507__vs__graded_tft__seed105,Qwen3-235B,Graded TFT,105,3,0.0
qwen3_235b_a22b_2507__vs__graded_tft__seed105,Qwen3-235B,Graded TFT,105,4,0.0
qwen3_235b_a22b_2507__vs__graded_tft__seed105,Qwen3-235B,Graded TFT,105,5,0.0
qwen3_235b_a22b_2507__vs__graded_tft__seed105,Qwen3-235B,Graded TFT,105,6,0.0
qwen3_235b_a22b_2507__vs__graded_tft__seed105,Qwen3-235B,Graded TFT,105,7,0.0
qwen3_235b_a22b_2507__vs__graded_tft__seed105,Qwen3-235B,Graded TFT,105,8,0.0
qwen3_235b_a22b_2507__vs__graded_tft__seed105,Qwen3-235B,Graded TFT,105,9,0.0
qwen3_235b_a22b_2507__vs__graded_tft__seed105,Qwen3-235B,Graded TFT,105,10,0.0
qwen3_235b_a22b_2507__vs__graded_tft__seed105,Qwen3-235B,Graded TFT,105,11,0.0
qwen3_235b_a22b_2507__vs__graded_tft__seed105,Qwen3-235B,Graded TFT,105,12,0.0
qwen3_235b_a22b_2507__vs__graded_tft__seed105,Qwen3-235B,Graded TFT,105,13,0.0
qwen3_235b_a22b_2507__vs__graded_tft__seed105,Qwen3-235B,Graded TFT,105,14,0.0
qwen3_235b_a22b_2507__vs__graded_tft__seed105,Qwen3-235B,Graded TFT,105,15,0.0
qwen3_235b_a22b_2507__vs__graded_tft__seed105,Qwen3-235B,Graded TFT,105,16,0.0
qwen3_235b_a22b_2507__vs__graded_tft__seed105,Qwen3-235B,Graded TFT,105,17,0.0
qwen3_235b_a22b_2507__vs__graded_tft__seed105,Qwen3-235B,Graded TFT,105,18,0.0
qwen3_235b_a22b_2507__vs__graded_tft__seed105,Qwen3-235B,Graded TFT,105,19,0.0
qwen3_235b_a22b_2507__vs__graded_tft__seed105,Qwen3-235B,Graded TFT,105,20,0.0
qwen3_235b_a22b_2507__vs__graded_tft__seed105,Qwen3-235B,Graded TFT,105,21,0.0
qwen3_235b_a22b_2507__vs__graded_tft__seed105,Qwen3-235B,Graded TFT,105,22,0.0
qwen3_235b_a22b_2507__vs__graded_tft__seed105,Qwen3-235B,Graded TFT,105,23,0.0
qwen3_235b_a22b_2507__vs__graded_tft__seed105,Qwen3-235B,Graded TFT,105,24,0.0
qwen3_235b_a22b_2507__vs__graded_tft__seed105,Qwen3-235B,Graded TFT,105,25,0.0
qwen3_235b_a22b_2507__vs__graded_tft__seed105,Qwen3-235B,Graded TFT,105,26,0.0
qwen3_235b_a22b_2507__vs__graded_tft__seed105,Qwen3-235B,Graded TFT,105,27,0.0
qwen3_235b_a22b_2507__vs__graded_tft__seed105,Qwen3-235B,Graded TFT,105,28,0.0
qwen3_235b_a22b_2507__vs__graded_tft__seed105,Qwen3-235B,Graded TFT,105,29,0.0
qwen3_235b_a22b_2507__vs__graded_tft__seed105,Qwen3-235B,Graded TFT,105,30,0.0
qwen3_235b_a22b_2507__vs__graded_tft__seed105,Qwen3-235B,Graded TFT,105,31,0.0
qwen3_235b_a22b_2507__vs__graded_tft__seed105,Qwen3-235B,Graded TFT,105,32,0.0
qwen3_235b_a22b_2507__vs__graded_tft__seed105,Qwen3-235B,Graded TFT,105,33,0.0
qwen3_235b_a22b_2507__vs__graded_tft__seed105,Qwen3-235B,Graded TFT,105,34,0.0
qwen3_235b_a22b_2507__vs__graded_tft__seed105,Qwen3-235B,Graded TFT,105,35,0.0
qwen3_235b_a22b_2507__vs__graded_tft__seed105,Qwen3-235B,Graded TFT,105,36,0.0
qwen3_235b_a22b_2507__vs__graded_tft__seed105,Qwen3-235B,Graded TFT,105,37,0.0
qwen3_235b_a22b_2507__vs__graded_tft__seed105,Qwen3-235B,Graded TFT,105,38,0.0
qwen3_235b_a22b_2507__vs__graded_tft__seed105,Qwen3-235B,Graded TFT,105,39,0.0
qwen3_235b_a22b_2507__vs__graded_tft__seed105,Qwen3-235B,Graded TFT,105,40,0.0
qwen3_235b_a22b_2507__vs__graded_tft__seed105,Qwen3-235B,Graded TFT,105,41,0.0
qwen3_235b_a22b_2507__vs__graded_tft__seed105,Qwen3-235B,Graded TFT,105,42,0.0
qwen3_235b_a22b_2507__vs__graded_tft__seed105,Qwen3-235B,Graded TFT,105,43,0.0
qwen3_235b_a22b_2507__vs__graded_tft__seed105,Qwen3-235B,Graded TFT,105,44,0.0
qwen3_235b_a22b_2507__vs__graded_tft__seed105,Qwen3-235B,Graded TFT,105,45,0.0
qwen3_235b_a22b_2507__vs__graded_tft__seed105,Qwen3-235B,Graded TFT,105,46,0.0
qwen3_235b_a22b_2507__vs__graded_tft__seed105,Qwen3-235B,Graded TFT,105,47,0.0
qwen3_235b_a22b_2507__vs__graded_tft__seed105,Qwen3-235B,Graded TFT,105,48,0.0
qwen3_235b_a22b_2507__vs__graded_tft__seed105,Qwen3-235B,Graded TFT,105,49,0.0
qwen3_235b_a22b_2507__vs__graded_tft__seed105,Qwen3-235B,Graded TFT,105,50,0.0
qwen3_235b_a22b_2507__vs__grim_trigger__seed101,Qwen3-235B,Grim Trigger,101,1,0.0
qwen3_235b_a22b_2507__vs__grim_trigger__seed101,Qwen3-235B,Grim Trigger,101,2,0.0
qwen3_235b_a22b_2507__vs__grim_trigger__seed101,Qwen3-235B,Grim Trigger,101,3,0.0
qwen3_235b_a22b_2507__vs__grim_trigger__seed101,Qwen3-235B,Grim Trigger,101,4,0.0
qwen3_235b_a22b_2507__vs__grim_trigger__seed101,Qwen3-235B,Grim Trigger,101,5,0.0
qwen3_235b_a22b_2507__vs__grim_trigger__seed101,Qwen3-235B,Grim Trigger,101,6,0.0
qwen3_235b_a22b_2507__vs__grim_trigger__seed101,Qwen3-235B,Grim Trigger,101,7,0.0
qwen3_235b_a22b_2507__vs__grim_trigger__seed101,Qwen3-235B,Grim Trigger,101,8,0.0
qwen3_235b_a22b_2507__vs__grim_trigger__seed101,Qwen3-235B,Grim Trigger,101,9,0.0
qwen3_235b_a22b_2507__vs__grim_trigger__seed101,Qwen3-235B,Grim Trigger,101,10,0.0
qwen3_235b_a22b_2507__vs__grim_trigger__seed101,Qwen3-235B,Grim Trigger,101,11,0.0
qwen3_235b_a22b_2507__vs__grim_trigger__seed101,Qwen3-235B,Grim Trigger,101,12,0.0
qwen3_235b_a22b_2507__vs__grim_trigger__seed101,Qwen3-235B,Grim Trigger,101,13,0.0
qwen3_235b_a22b_2507__vs__grim_trigger__seed101,Qwen3-235B,Grim Trigger,101,14,0.0
qwen3_235b_a22b_2507__vs__grim_trigger__seed101,Qwen3-235B,Grim Trigger,101,15,0.0
qwen3_235b_a22b_2507__vs__grim_trigger__seed101,Qwen3-235B,Grim Trigger,101,16,0.0
qwen3_235b_a22b_2507__vs__grim_trigger__seed101,Qwen3-235B,Grim Trigger,101,17,0.0
qwen3_235b_a22b_2507__vs__grim_trigger__seed101,Qwen3-235B,Grim Trigger,101,18,0.0
qwen3_235b_a22b_2507__vs__grim_trigger__seed101,Qwen3-235B,Grim Trigger,101,19,0.0
qwen3_235b_a22b_2507__vs__grim_trigger__seed101,Qwen3-235B,Grim Trigger,101,20,0.0
qwen3_235b_a22b_2507__vs__grim_trigger__seed101,Qwen3-235B,Grim Trigger,101,21,0.0
qwen3_235b_a22b_2507__vs__grim_trigger__seed101,Qwen3-235B,Grim Trigger,101,22,0.0
qwen3_235b_a22b_2507__vs__grim_trigger__seed101,Qwen3-235B,Grim Trigger,101,23,0.0
qwen3_235b_a22b_2507__vs__grim_trigger__seed101,Qwen3-235B,Grim Trigger,101,24,0.0
qwen3_235b_a22b_2507__vs__grim_trigger__seed101,Qwen3-235B,Grim Trigger,101,25,0.0
qwen3_235b_a22b_2507__vs__grim_trigger__seed101,Qwen3-235B,Grim Trigger,101,26,0.0
qwen3_235b_a22b_2507__vs__grim_trigger__seed101,Qwen3-235B,Grim Trigger,101,27,0.0
qwen3_235b_a22b_2507__vs__grim_trigger__seed101,Qwen3-235B,Grim Trigger,101,28,0.0
qwen3_235b_a22b_2507__vs__grim_trigger__seed101,Qwen3-235B,Grim Trigger,101,29,0.0
qwen3_235b_a22b_2507__vs__grim_trigger__seed101,Qwen3-235B,Grim Trigger,101,30,0.0
qwen3_235b_a22b_2507__vs__grim_trigger__seed101,Qwen3-235B,Grim Trigger,101,31,0.0
qwen3_235b_a22b_2507__vs__grim_trigger__seed101,Qwen3-235B,Grim Trigger,101,32,0.0
qwen3_235b_a22b_2507__vs__grim_trigger__seed101,Qwen3-235B,Grim Trigger,101,33,0.0
qwen3_235b_a22b_2507__vs__grim_trigger__seed101,Qwen3-235B,Grim Trigger,101,34,0.0
qwen3_235b_a22b_2507__vs__grim_trigger__seed101,Qwen3-235B,Grim Trigger,101,35,0.0
qwen3_235b_a22b_2507__vs__grim_trigger__seed101,Qwen3-235B,Grim Trigger,101,36,0.0
qwen3_235b_a22b_2507__vs__grim_trigger__seed101,Qwen3-235B,Grim Trigger,101,37,0.0
qwen3_235b_a22b_2507__vs__grim_trigger__seed101,Qwen3-235B,Grim Trigger,101,38,0.0
qwen3_235b_a22b_2507__vs__grim_trigger__seed101,Qwen3-235B,Grim Trigger,101,39,0.0
qwen3_235b_a22b_2507__vs__grim_trigger__seed101,Qwen3-235B,Grim Trigger,101,40,0.0
qwen3_235b_a22b_2507__vs__grim_trigger__seed101,Qwen3-235B,Grim Trigger,101,41,0.0
qwen3_235b_a22b_2507__vs__grim_trigger__seed101,Qwen3-235B,Grim Trigger,101,42,0.0
qwen3_235b_a22b_2507__vs__grim_trigger__seed101,Qwen3-235B,Grim Trigger,101,43,0.0
qwen3_235b_a22b_2507__vs__grim_trigger__seed101,Qwen3-235B,Grim Trigger,101,44,0.0
qwen3_235b_a22b_2507__vs__grim_trigger__seed101,Qwen3-235B,Grim Trigger,101,45,0.0
qwen3_235b_a22b_2507__vs__grim_trigger__seed101,Qwen3-235B,Grim Trigger,101,46,0.0
qwen3_235b_a22b_2507__vs__grim_trigger__seed101,Qwen3-235B,Grim Trigger,101,47,0.0
qwen3_235b_a22b_2507__vs__grim_trigger__seed101,Qwen3-235B,Grim Trigger,101,48,0.0
qwen3_235b_a22b_2507__vs__grim_trigger__seed101,Qwen3-235B,Grim Trigger,101,49,0.0
qwen3_235b_a22b_2507__vs__grim_trigger__seed101,Qwen3-235B,Grim Trigger,101,50,0.0
qwen3_235b_a22b_2507__vs__grim_trigger__seed102,Qwen3-235B,Grim Trigger,102,1,0.0
qwen3_235b_a22b_2507__vs__grim_trigger__seed102,Qwen3-235B,Grim Trigger,102,2,0.0
qwen3_235b_a22b_2507__vs__grim_trigger__seed102,Qwen3-235B,Grim Trigger,102,3,0.0
qwen3_235b_a22b_2507__vs__grim_trigger__seed102,Qwen3-235B,Grim Trigger,102,4,0.0
qwen3_235b_a22b_2507__vs__grim_trigger__seed102,Qwen3-235B,Grim Trigger,102,5,0.0
qwen3_235b_a22b_2507__vs__grim_trigger__seed102,Qwen3-235B,Grim Trigger,102,6,0.0
qwen3_235b_a22b_2507__vs__grim_trigger__seed102,Qwen3-235B,Grim Trigger,102,7,0.0
qwen3_235b_a22b_2507__vs__grim_trigger__seed102,Qwen3-235B,Grim Trigger,102,8,0.0
qwen3_235b_a22b_2507__vs__grim_trigger__seed102,Qwen3-235B,Grim Trigger,102,9,0.0
qwen3_235b_a22b_2507__vs__grim_trigger__seed102,Qwen3-235B,Grim Trigger,102,10,0.0
qwen3_235b_a22b_2507__vs__grim_trigger__seed102,Qwen3-235B,Grim Trigger,102,11,0.0
qwen3_235b_a22b_2507__vs__grim_trigger__seed102,Qwen3-235B,Grim Trigger,102,12,0.0
qwen3_235b_a22b_2507__vs__grim_trigger__seed102,Qwen3-235B,Grim Trigger,102,13,0.0
qwen3_235b_a22b_2507__vs__grim_trigger__seed102,Qwen3-235B,Grim Trigger,102,14,0.0
qwen3_235b_a22b_2507__vs__grim_trigger__seed102,Qwen3-235B,Grim Trigger,102,15,0.0
qwen3_235b_a22b_2507__vs__grim_trigger__seed102,Qwen3-235B,Grim Trigger,102,16,0.0
qwen3_235b_a22b_2507__vs__grim_trigger__seed102,Qwen3-235B,Grim Trigger,102,17,0.0
qwen3_235b_a22b_2507__vs__grim_trigger__seed102,Qwen3-235B,Grim Trigger,102,18,0.0
qwen3_235b_a22b_2507__vs__grim_trigger__seed102,Qwen3-235B,Grim Trigger,102,19,0.0
qwen3_235b_a22b_2507__vs__grim_trigger__seed102,Qwen3-235B,Grim Trigger,102,20,0.0
qwen3_235b_a22b_2507__vs__grim_trigger__seed102,Qwen3-235B,Grim Trigger,102,21,0.0
qwen3_235b_a22b_2507__vs__grim_trigger__seed102,Qwen3-235B,Grim Trigger,102,22,0.0
qwen3_235b_a22b_2507__vs__grim_trigger__seed102,Qwen3-235B,Grim Trigger,102,23,0.0
qwen3_235b_a22b_2507__vs__grim_trigger__seed102,Qwen3-235B,Grim Trigger,102,24,0.0
qwen3_235b_a22b_2507__vs__grim_trigger__seed102,Qwen3-235B,Grim Trigger,102,25,0.0
qwen3_235b_a22b_2507__vs__grim_trigger__seed102,Qwen3-235B,Grim Trigger,102,26,0.0
qwen3_235b_a22b_2507__vs__grim_trigger__seed102,Qwen3-235B,Grim Trigger,102,27,0.0
qwen3_235b_a22b_2507__vs__grim_trigger__seed102,Qwen3-235B,Grim Trigger,102,28,0.0
qwen3_235b_a22b_2507__vs__grim_trigger__seed102,Qwen3-235B,Grim Trigger,102,29,0.0
qwen3_235b_a22b_2507__vs__grim_trigger__seed102,Qwen3-235B,Grim Trigger,102,30,0.0
qwen3_235b_a22b_2507__vs__grim_trigger__seed102,Qwen3-235B,Grim Trigger,102,31,0.0
qwen3_235b_a22b_2507__vs__grim_trigger__seed102,Qwen3-235B,Grim Trigger,102,32,0.0
qwen3_235b_a22b_2507__vs__grim_trigger__seed102,Qwen3-235B,Grim Trigger,102,33,0.0
qwen3_235b_a22b_2507__vs__grim_trigger__seed102,Qwen3-235B,Grim Trigger,102,34,0.0
qwen3_235b_a22b_2507__vs__grim_trigger__seed102,Qwen3-235B,Grim Trigger,102,35,0.0
qwen3_235b_a22b_2507__vs__grim_trigger__seed102,Qwen3-235B,Grim Trigger,102,36,0.0
qwen3_235b_a22b_2507__vs__grim_trigger__seed102,Qwen3-235B,Grim Trigger,102,37,0.0
qwen3_235b_a22b_2507__vs__grim_trigger__seed102,Qwen3-235B,Grim Trigger,102,38,0.0
qwen3_235b_a22b_2507__vs__grim_trigger__seed102,Qwen3-235B,Grim Trigger,102,39,0.0
qwen3_235b_a22b_2507__vs__grim_trigger__seed102,Qwen3-235B,Grim Trigger,102,40,0.0
qwen3_235b_a22b_2507__vs__grim_trigger__seed102,Qwen3-235B,Grim Trigger,102,41,0.0
qwen3_235b_a22b_2507__vs__grim_trigger__seed102,Qwen3-235B,Grim Trigger,102,42,0.0
qwen3_235b_a22b_2507__vs__grim_trigger__seed102,Qwen3-235B,Grim Trigger,102,43,0.0
qwen3_235b_a22b_2507__vs__grim_trigger__seed102,Qwen3-235B,Grim Trigger,102,44,0.0
qwen3_235b_a22b_2507__vs__grim_trigger__seed102,Qwen3-235B,Grim Trigger,102,45,0.0
qwen3_235b_a22b_2507__vs__grim_trigger__seed102,Qwen3-235B,Grim Trigger,102,46,0.0
qwen3_235b_a22b_2507__vs__grim_trigger__seed102,Qwen3-235B,Grim Trigger,102,47,0.0
qwen3_235b_a22b_2507__vs__grim_trigger__seed102,Qwen3-235B,Grim Trigger,102,48,0.0
qwen3_235b_a22b_2507__vs__grim_trigger__seed102,Qwen3-235B,Grim Trigger,102,49,0.0
qwen3_235b_a22b_2507__vs__grim_trigger__seed102,Qwen3-235B,Grim Trigger,102,50,0.0
qwen3_235b_a22b_2507__vs__grim_trigger__seed103,Qwen3-235B,Grim Trigger,103,1,0.0
qwen3_235b_a22b_2507__vs__grim_trigger__seed103,Qwen3-235B,Grim Trigger,103,2,0.0
qwen3_235b_a22b_2507__vs__grim_trigger__seed103,Qwen3-235B,Grim Trigger,103,3,0.0
qwen3_235b_a22b_2507__vs__grim_trigger__seed103,Qwen3-235B,Grim Trigger,103,4,0.0
qwen3_235b_a22b_2507__vs__grim_trigger__seed103,Qwen3-235B,Grim Trigger,103,5,0.0
qwen3_235b_a22b_2507__vs__grim_trigger__seed103,Qwen3-235B,Grim Trigger,103,6,0.0
qwen3_235b_a22b_2507__vs__grim_trigger__seed103,Qwen3-235B,Grim Trigger,103,7,0.0
qwen3_235b_a22b_2507__vs__grim_trigger__seed103,Qwen3-235B,Grim Trigger,103,8,0.0
qwen3_235b_a22b_2507__vs__grim_trigger__seed103,Qwen3-235B,Grim Trigger,103,9,0.0
qwen3_235b_a22b_2507__vs__grim_trigger__seed103,Qwen3-235B,Grim Trigger,103,10,0.0
qwen3_235b_a22b_2507__vs__grim_trigger__seed103,Qwen3-235B,Grim Trigger,103,11,0.0
qwen3_235b_a22b_2507__vs__grim_trigger__seed103,Qwen3-235B,Grim Trigger,103,12,0.0
qwen3_235b_a22b_2507__vs__grim_trigger__seed103,Qwen3-235B,Grim Trigger,103,13,0.0
qwen3_235b_a22b_2507__vs__grim_trigger__seed103,Qwen3-235B,Grim Trigger,103,14,0.0
qwen3_235b_a22b_2507__vs__grim_trigger__seed103,Qwen3-235B,Grim Trigger,103,15,0.0
qwen3_235b_a22b_2507__vs__grim_trigger__seed103,Qwen3-235B,Grim Trigger,103,16,0.0
qwen3_235b_a22b_2507__vs__grim_trigger__seed103,Qwen3-235B,Grim Trigger,103,17,0.0
qwen3_235b_a22b_2507__vs__grim_trigger__seed103,Qwen3-235B,Grim Trigger,103,18,0.0
qwen3_235b_a22b_2507__vs__grim_trigger__seed103,Qwen3-235B,Grim Trigger,103,19,0.0
qwen3_235b_a22b_2507__vs__grim_trigger__seed103,Qwen3-235B,Grim Trigger,103,20,0.0
qwen3_235b_a22b_2507__vs__grim_trigger__seed103,Qwen3-235B,Grim Trigger,103,21,0.0
qwen3_235b_a22b_2507__vs__grim_trigger__seed103,Qwen3-235B,Grim Trigger,103,22,0.0
qwen3_235b_a22b_2507__vs__grim_trigger__seed103,Qwen3-235B,Grim Trigger,103,23,0.0
qwen3_235b_a22b_2507__vs__grim_trigger__seed103,Qwen3-235B,Grim Trigger,103,24,0.0
qwen3_235b_a22b_2507__vs__grim_trigger__seed103,Qwen3-235B,Grim Trigger,103,25,0.0
qwen3_235b_a22b_2507__vs__grim_trigger__seed103,Qwen3-235B,Grim Trigger,103,26,0.0
qwen3_235b_a22b_2507__vs__grim_trigger__seed103,Qwen3-235B,Grim Trigger,103,27,0.0
qwen3_235b_a22b_2507__vs__grim_trigger__seed103,Qwen3-235B,Grim Trigger,103,28,0.0
qwen3_235b_a22b_2507__vs__grim_trigger__seed103,Qwen3-235B,Grim Trigger,103,29,0.0
qwen3_235b_a22b_2507__vs__grim_trigger__seed103,Qwen3-235B,Grim Trigger,103,30,0.0
qwen3_235b_a22b_2507__vs__grim_trigger__seed103,Qwen3-235B,Grim Trigger,103,31,0.0
qwen3_235b_a22b_2507__vs__grim_trigger__seed103,Qwen3-235B,Grim Trigger,103,32,0.0
qwen3_235b_a22b_2507__vs__grim_trigger__seed103,Qwen3-235B,Grim Trigger,103,33,0.0
qwen3_235b_a22b_2507__vs__grim_trigger__seed103,Qwen3-235B,Grim Trigger,103,34,0.0
qwen3_235b_a22b_2507__vs__grim_trigger__seed103,Qwen3-235B,Grim Trigger,103,35,0.0
qwen3_235b_a22b_2507__vs__grim_trigger__seed103,Qwen3-235B,Grim Trigger,103,36,0.0
qwen3_235b_a22b_2507__vs__grim_trigger__seed103,Qwen3-235B,Grim Trigger,103,37,0.0
qwen3_235b_a22b_2507__vs__grim_trigger__seed103,Qwen3-235B,Grim Trigger,103,38,0.0
qwen3_235b_a22b_2507__vs__grim_trigger__seed103,Qwen3-235B,Grim Trigger,103,39,0.0
qwen3_235b_a22b_2507__vs__grim_trigger__seed103,Qwen3-235B,Grim Trigger,103,40,0.0
qwen3_235b_a22b_2507__vs__grim_trigger__seed103,Qwen3-235B,Grim Trigger,103,41,0.0
qwen3_235b_a22b_2507__vs__grim_trigger__seed103,Qwen3-235B,Grim Trigger,103,42,0.0
qwen3_235b_a22b_2507__vs__grim_trigger__seed103,Qwen3-235B,Grim Trigger,103,43,0.0
qwen3_235b_a22b_2507__vs__grim_trigger__seed103,Qwen3-235B,Grim Trigger,103,44,0.0
qwen3_235b_a22b_2507__vs__grim_trigger__seed103,Qwen3-235B,Grim Trigger,103,45,0.0
qwen3_235b_a22b_2507__vs__grim_trigger__seed103,Qwen3-235B,Grim Trigger,103,46,0.0
qwen3_235b_a22b_2507__vs__grim_trigger__seed103,Qwen3-235B,Grim Trigger,103,47,0.0
qwen3_235b_a22b_2507__vs__grim_trigger__seed103,Qwen3-235B,Grim Trigger,103,48,0.0
qwen3_235b_a22b_2507__vs__grim_trigger__seed103,Qwen3-235B,Grim Trigger,103,49,0.0
qwen3_235b_a22b_2507__vs__grim_trigger__seed103,Qwen3-235B,Grim Trigger,103,50,0.0
qwen3_235b_a22b_2507__vs__grim_trigger__seed104,Qwen3-235B,Grim Trigger,104,1,0.0
qwen3_235b_a22b_2507__vs__grim_trigger__seed104,Qwen3-235B,Grim Trigger,104,2,0.0
qwen3_235b_a22b_2507__vs__grim_trigger__seed104,Qwen3-235B,Grim Trigger,104,3,0.0
qwen3_235b_a22b_2507__vs__grim_trigger__seed104,Qwen3-235B,Grim Trigger,104,4,0.0
qwen3_235b_a22b_2507__vs__grim_trigger__seed104,Qwen3-235B,Grim Trigger,104,5,0.0
qwen3_235b_a22b_2507__vs__grim_trigger__seed104,Qwen3-235B,Grim Trigger,104,6,0.0
qwen3_235b_a22b_2507__vs__grim_trigger__seed104,Qwen3-235B,Grim Trigger,104,7,0.0
qwen3_235b_a22b_2507__vs__grim_trigger__seed104,Qwen3-235B,Grim Trigger,104,8,0.0
qwen3_235b_a22b_2507__vs__grim_trigger__seed104,Qwen3-235B,Grim Trigger,104,9,0.0
qwen3_235b_a22b_2507__vs__grim_trigger__seed104,Qwen3-235B,Grim Trigger,104,10,0.0
qwen3_235b_a22b_2507__vs__grim_trigger__seed104,Qwen3-235B,Grim Trigger,104,11,0.0
qwen3_235b_a22b_2507__vs__grim_trigger__seed104,Qwen3-235B,Grim Trigger,104,12,0.0
qwen3_235b_a22b_2507__vs__grim_trigger__seed104,Qwen3-235B,Grim Trigger,104,13,0.0
qwen3_235b_a22b_2507__vs__grim_trigger__seed104,Qwen3-235B,Grim Trigger,104,14,0.0
qwen3_235b_a22b_2507__vs__grim_trigger__seed104,Qwen3-235B,Grim Trigger,104,15,0.0
qwen3_235b_a22b_2507__vs__grim_trigger__seed104,Qwen3-235B,Grim Trigger,104,16,0.0
qwen3_235b_a22b_2507__vs__grim_trigger__seed104,Qwen3-235B,Grim Trigger,104,17,0.0
qwen3_235b_a22b_2507__vs__grim_trigger__seed104,Qwen3-235B,Grim Trigger,104,18,0.0
qwen3_235b_a22b_2507__vs__grim_trigger__seed104,Qwen3-235B,Grim Trigger,104,19,0.0
qwen3_235b_a22b_2507__vs__grim_trigger__seed104,Qwen3-235B,Grim Trigger,104,20,0.0
qwen3_235b_a22b_2507__vs__grim_trigger__seed104,Qwen3-235B,Grim Trigger,104,21,0.0
qwen3_235b_a22b_2507__vs__grim_trigger__seed104,Qwen3-235B,Grim Trigger,104,22,0.0
qwen3_235b_a22b_2507__vs__grim_trigger__seed104,Qwen3-235B,Grim Trigger,104,23,0.0
qwen3_235b_a22b_2507__vs__grim_trigger__seed104,Qwen3-235B,Grim Trigger,104,24,0.0
qwen3_235b_a22b_2507__vs__grim_trigger__seed104,Qwen3-235B,Grim Trigger,104,25,0.0
qwen3_235b_a22b_2507__vs__grim_trigger__seed104,Qwen3-235B,Grim Trigger,104,26,0.0
qwen3_235b_a22b_2507__vs__grim_trigger__seed104,Qwen3-235B,Grim Trigger,104,27,0.0
qwen3_235b_a22b_2507__vs__grim_trigger__seed104,Qwen3-235B,Grim Trigger,104,28,0.0
qwen3_235b_a22b_2507__vs__grim_trigger__seed104,Qwen3-235B,Grim Trigger,104,29,0.0
qwen3_235b_a22b_2507__vs__grim_trigger__seed104,Qwen3-235B,Grim Trigger,104,30,0.0
qwen3_235b_a22b_2507__vs__grim_trigger__seed104,Qwen3-235B,Grim Trigger,104,31,0.0
qwen3_235b_a22b_2507__vs__grim_trigger__seed104,Qwen3-235B,Grim Trigger,104,32,0.0
qwen3_235b_a22b_2507__vs__grim_trigger__seed104,Qwen3-235B,Grim Trigger,104,33,0.0
qwen3_235b_a22b_2507__vs__grim_trigger__seed104,Qwen3-235B,Grim Trigger,104,34,0.0
qwen3_235b_a22b_2507__vs__grim_trigger__seed104,Qwen3-235B,Grim Trigger,104,35,0.0
qwen3_235b_a22b_2507__vs__grim_trigger__seed104,Qwen3-235B,Grim Trigger,104,36,0.0
qwen3_235b_a22b_2507__vs__grim_trigger__seed104,Qwen3-235B,Grim Trigger,104,37,0.0
qwen3_235b_a22b_2507__vs__grim_trigger__seed104,Qwen3-235B,Grim Trigger,104,38,0.0
qwen3_235b_a22b_2507__vs__grim_trigger__seed104,Qwen3-235B,Grim Trigger,104,39,0.0
qwen3_235b_a22b_2507__vs__grim_trigger__seed104,Qwen3-235B,Grim Trigger,104,40,0.0
qwen3_235b_a22b_2507__vs__grim_trigger__seed104,Qwen3-235B,Grim Trigger,104,41,0.0
qwen3_235b_a22b_2507__vs__grim_trigger__seed104,Qwen3-235B,Grim Trigger,104,42,0.0
qwen3_235b_a22b_2507__vs__grim_trigger__seed104,Qwen3-235B,Grim Trigger,104,43,0.0
qwen3_235b_a22b_2507__vs__grim_trigger__seed104,Qwen3-235B,Grim Trigger,104,44,0.0
qwen3_235b_a22b_2507__vs__grim_trigger__seed104,Qwen3-235B,Grim Trigger,104,45,0.0
qwen3_235b_a22b_2507__vs__grim_trigger__seed104,Qwen3-235B,Grim Trigger,104,46,0.0
qwen3_235b_a22b_2507__vs__grim_trigger__seed104,Qwen3-235B,Grim Trigger,104,47,0.0
qwen3_235b_a22b_2507__vs__grim_trigger__seed104,Qwen3-235B,Grim Trigger,104,48,0.0
qwen3_235b_a22b_2507__vs__grim_trigger__seed104,Qwen3-235B,Grim Trigger,104,49,0.0
qwen3_235b_a22b_2507__vs__grim_trigger__seed104,Qwen3-235B,Grim Trigger,104,50,0.0
qwen3_235b_a22b_2507__vs__grim_trigger__seed105,Qwen3-235B,Grim Trigger,105,1,0.0
qwen3_235b_a22b_2507__vs__grim_trigger__seed105,Qwen3-235B,Grim Trigger,105,2,0.0
qwen3_235b_a22b_2507__vs__grim_trigger__seed105,Qwen3-235B,Grim Trigger,105,3,0.0
qwen3_235b_a22b_2507__vs__grim_trigger__seed105,Qwen3-235B,Grim Trigger,105,4,0.0
qwen3_235b_a22b_2507__vs__grim_trigger__seed105,Qwen3-235B,Grim Trigger,105,5,0.0
qwen3_235b_a22b_2507__vs__grim_trigger__seed105,Qwen3-235B,Grim Trigger,105,6,0.0
qwen3_235b_a22b_2507__vs__grim_trigger__seed105,Qwen3-235B,Grim Trigger,105,7,0.0
qwen3_235b_a22b_2507__vs__grim_trigger__seed105,Qwen3-235B,Grim Trigger,105,8,0.0
qwen3_235b_a22b_2507__vs__grim_trigger__seed105,Qwen3-235B,Grim Trigger,105,9,0.0
qwen3_235b_a22b_2507__vs__grim_trigger__seed105,Qwen3-235B,Grim Trigger,105,10,0.0
qwen3_235b_a22b_2507__vs__grim_trigger__seed105,Qwen3-235B,Grim Trigger,105,11,0.0
qwen3_235b_a22b_2507__vs__grim_trigger__seed105,Qwen3-235B,Grim Trigger,105,12,0.0
qwen3_235b_a22b_2507__vs__grim_trigger__seed105,Qwen3-235B,Grim Trigger,105,13,0.0
qwen3_235b_a22b_2507__vs__grim_trigger__seed105,Qwen3-235B,Grim Trigger,105,14,0.0
qwen3_235b_a22b_2507__vs__grim_trigger__seed105,Qwen3-235B,Grim Trigger,105,15,0.0
qwen3_235b_a22b_2507__vs__grim_trigger__seed105,Qwen3-235B,Grim Trigger,105,16,0.0
qwen3_235b_a22b_2507__vs__grim_trigger__seed105,Qwen3-235B,Grim Trigger,105,17,0.0
qwen3_235b_a22b_2507__vs__grim_trigger__seed105,Qwen3-235B,Grim Trigger,105,18,0.0
qwen3_235b_a22b_2507__vs__grim_trigger__seed105,Qwen3-235B,Grim Trigger,105,19,0.0
qwen3_235b_a22b_2507__vs__grim_trigger__seed105,Qwen3-235B,Grim Trigger,105,20,0.0
qwen3_235b_a22b_2507__vs__grim_trigger__seed105,Qwen3-235B,Grim Trigger,105,21,0.0
qwen3_235b_a22b_2507__vs__grim_trigger__seed105,Qwen3-235B,Grim Trigger,105,22,0.0
qwen3_235b_a22b_2507__vs__grim_trigger__seed105,Qwen3-235B,Grim Trigger,105,23,0.0
qwen3_235b_a22b_2507__vs__grim_trigger__seed105,Qwen3-235B,Grim Trigger,105,24,0.0
qwen3_235b_a22b_2507__vs__grim_trigger__seed105,Qwen3-235B,Grim Trigger,105,25,0.0
qwen3_235b_a22b_2507__vs__grim_trigger__seed105,Qwen3-235B,Grim Trigger,105,26,0.0
qwen3_235b_a22b_2507__vs__grim_trigger__seed105,Qwen3-235B,Grim Trigger,105,27,0.0
qwen3_235b_a22b_2507__vs__grim_trigger__seed105,Qwen3-235B,Grim Trigger,105,28,0.0
qwen3_235b_a22b_2507__vs__grim_trigger__seed105,Qwen3-235B,Grim Trigger,105,29,0.0
qwen3_235b_a22b_2507__vs__grim_trigger__seed105,Qwen3-235B,Grim Trigger,105,30,0.0
qwen3_235b_a22b_2507__vs__grim_trigger__seed105,Qwen3-235B,Grim Trigger,105,31,0.0
qwen3_235b_a22b_2507__vs__grim_trigger__seed105,Qwen3-235B,Grim Trigger,105,32,0.0
qwen3_235b_a22b_2507__vs__grim_trigger__seed105,Qwen3-235B,Grim Trigger,105,33,0.0
qwen3_235b_a22b_2507__vs__grim_trigger__seed105,Qwen3-235B,Grim Trigger,105,34,0.0
qwen3_235b_a22b_2507__vs__grim_trigger__seed105,Qwen3-235B,Grim Trigger,105,35,0.0
qwen3_235b_a22b_2507__vs__grim_trigger__seed105,Qwen3-235B,Grim Trigger,105,36,0.0
qwen3_235b_a22b_2507__vs__grim_trigger__seed105,Qwen3-235B,Grim Trigger,105,37,0.0
qwen3_235b_a22b_2507__vs__grim_trigger__seed105,Qwen3-235B,Grim Trigger,105,38,0.0
qwen3_235b_a22b_2507__vs__grim_trigger__seed105,Qwen3-235B,Grim Trigger,105,39,0.0
qwen3_235b_a22b_2507__vs__grim_trigger__seed105,Qwen3-235B,Grim Trigger,105,40,0.0
qwen3_235b_a22b_2507__vs__grim_trigger__seed105,Qwen3-235B,Grim Trigger,105,41,0.0
qwen3_235b_a22b_2507__vs__grim_trigger__seed105,Qwen3-235B,Grim Trigger,105,42,0.0
qwen3_235b_a22b_2507__vs__grim_trigger__seed105,Qwen3-235B,Grim Trigger,105,43,0.0
qwen3_235b_a22b_2507__vs__grim_trigger__seed105,Qwen3-235B,Grim Trigger,105,44,0.0
qwen3_235b_a22b_2507__vs__grim_trigger__seed105,Qwen3-235B,Grim Trigger,105,45,0.0
qwen3_235b_a22b_2507__vs__grim_trigger__seed105,Qwen3-235B,Grim Trigger,105,46,0.0
qwen3_235b_a22b_2507__vs__grim_trigger__seed105,Qwen3-235B,Grim Trigger,105,47,0.0
qwen3_235b_a22b_2507__vs__grim_trigger__seed105,Qwen3-235B,Grim Trigger,105,48,0.0
qwen3_235b_a22b_2507__vs__grim_trigger__seed105,Qwen3-235B,Grim Trigger,105,49,0.0
qwen3_235b_a22b_2507__vs__grim_trigger__seed105,Qwen3-235B,Grim Trigger,105,50,0.0
qwen3_235b_a22b_2507__vs__random_uniform__seed101,Qwen3-235B,Random,101,1,0.0
qwen3_235b_a22b_2507__vs__random_uniform__seed101,Qwen3-235B,Random,101,2,0.0
qwen3_235b_a22b_2507__vs__random_uniform__seed101,Qwen3-235B,Random,101,3,0.0
qwen3_235b_a22b_2507__vs__random_uniform__seed101,Qwen3-235B,Random,101,4,0.0
qwen3_235b_a22b_2507__vs__random_uniform__seed101,Qwen3-235B,Random,101,5,0.0
qwen3_235b_a22b_2507__vs__random_uniform__seed101,Qwen3-235B,Random,101,6,0.0
qwen3_235b_a22b_2507__vs__random_uniform__seed101,Qwen3-235B,Random,101,7,0.0
qwen3_235b_a22b_2507__vs__random_uniform__seed101,Qwen3-235B,Random,101,8,0.0
qwen3_235b_a22b_2507__vs__random_uniform__seed101,Qwen3-235B,Random,101,9,0.0
qwen3_235b_a22b_2507__vs__random_uniform__seed101,Qwen3-235B,Random,101,10,0.0
qwen3_235b_a22b_2507__vs__random_uniform__seed101,Qwen3-235B,Random,101,11,0.0
qwen3_235b_a22b_2507__vs__random_uniform__seed101,Qwen3-235B,Random,101,12,0.0
qwen3_235b_a22b_2507__vs__random_uniform__seed101,Qwen3-235B,Random,101,13,0.0
qwen3_235b_a22b_2507__vs__random_uniform__seed101,Qwen3-235B,Random,101,14,0.0
qwen3_235b_a22b_2507__vs__random_uniform__seed101,Qwen3-235B,Random,101,15,0.0
qwen3_235b_a22b_2507__vs__random_uniform__seed101,Qwen3-235B,Random,101,16,0.0
qwen3_235b_a22b_2507__vs__random_uniform__seed101,Qwen3-235B,Random,101,17,1.0
qwen3_235b_a22b_2507__vs__random_uniform__seed101,Qwen3-235B,Random,101,18,0.0
qwen3_235b_a22b_2507__vs__random_uniform__seed101,Qwen3-235B,Random,101,19,0.75
qwen3_235b_a22b_2507__vs__random_uniform__seed101,Qwen3-235B,Random,101,20,0.75
qwen3_235b_a22b_2507__vs__random_uniform__seed101,Qwen3-235B,Random,101,21,0.75
qwen3_235b_a22b_2507__vs__random_uniform__seed101,Qwen3-235B,Random,101,22,0.75
qwen3_235b_a22b_2507__vs__random_uniform__seed101,Qwen3-235B,Random,101,23,0.0
qwen3_235b_a22b_2507__vs__random_uniform__seed101,Qwen3-235B,Random,101,24,1.0
qwen3_235b_a22b_2507__vs__random_uniform__seed101,Qwen3-235B,Random,101,25,0.0
qwen3_235b_a22b_2507__vs__random_uniform__seed101,Qwen3-235B,Random,101,26,0.0
qwen3_235b_a22b_2507__vs__random_uniform__seed101,Qwen3-235B,Random,101,27,0.0
qwen3_235b_a22b_2507__vs__random_uniform__seed101,Qwen3-235B,Random,101,28,0.0
qwen3_235b_a22b_2507__vs__random_uniform__seed101,Qwen3-235B,Random,101,29,0.0
qwen3_235b_a22b_2507__vs__random_uniform__seed101,Qwen3-235B,Random,101,30,0.0
qwen3_235b_a22b_2507__vs__random_uniform__seed101,Qwen3-235B,Random,101,31,0.0
qwen3_235b_a22b_2507__vs__random_uniform__seed101,Qwen3-235B,Random,101,32,0.0
qwen3_235b_a22b_2507__vs__random_uniform__seed101,Qwen3-235B,Random,101,33,0.0
qwen3_235b_a22b_2507__vs__random_uniform__seed101,Qwen3-235B,Random,101,34,0.0
qwen3_235b_a22b_2507__vs__random_uniform__seed101,Qwen3-235B,Random,101,35,0.0
qwen3_235b_a22b_2507__vs__random_uniform__seed101,Qwen3-235B,Random,101,36,0.0
qwen3_235b_a22b_2507__vs__random_uniform__seed101,Qwen3-235B,Random,101,37,0.0
qwen3_235b_a22b_2507__vs__random_uniform__seed101,Qwen3-235B,Random,101,38,0.0
qwen3_235b_a22b_2507__vs__random_uniform__seed101,Qwen3-235B,Random,101,39,0.0
qwen3_235b_a22b_2507__vs__random_uniform__seed101,Qwen3-235B,Random,101,40,0.0
qwen3_235b_a22b_2507__vs__random_uniform__seed101,Qwen3-235B,Random,101,41,0.0
qwen3_235b_a22b_2507__vs__random_uniform__seed101,Qwen3-235B,Random,101,42,0.0
qwen3_235b_a22b_2507__vs__random_uniform__seed101,Qwen3-235B,Random,101,43,0.0
qwen3_235b_a22b_2507__vs__random_uniform__seed101,Qwen3-235B,Random,101,44,0.0
qwen3_235b_a22b_2507__vs__random_uniform__seed101,Qwen3-235B,Random,101,45,0.0
qwen3_235b_a22b_2507__vs__random_uniform__seed101,Qwen3-235B,Random,101,46,0.0
qwen3_235b_a22b_2507__vs__random_uniform__seed101,Qwen3-235B,Random,101,47,0.0
qwen3_235b_a22b_2507__vs__random_uniform__seed101,Qwen3-235B,Random,101,48,0.0
qwen3_235b_a22b_2507__vs__random_uniform__seed101,Qwen3-235B,Random,101,49,0.0
qwen3_235b_a22b_2507__vs__random_uniform__seed101,Qwen3-235B,Random,101,50,0.0
qwen3_235b_a22b_2507__vs__random_uniform__seed102,Qwen3-235B,Random,102,1,0.0
qwen3_235b_a22b_2507__vs__random_uniform__seed102,Qwen3-235B,Random,102,2,0.0
qwen3_235b_a22b_2507__vs__random_uniform__seed102,Qwen3-235B,Random,102,3,0.0
qwen3_235b_a22b_2507__vs__random_uniform__seed102,Qwen3-235B,Random,102,4,0.0
qwen3_235b_a22b_2507__vs__random_uniform__seed102,Qwen3-235B,Random,102,5,0.0
qwen3_235b_a22b_2507__vs__random_uniform__seed102,Qwen3-235B,Random,102,6,0.0
qwen3_235b_a22b_2507__vs__random_uniform__seed102,Qwen3-235B,Random,102,7,0.0
qwen3_235b_a22b_2507__vs__random_uniform__seed102,Qwen3-235B,Random,102,8,0.0
qwen3_235b_a22b_2507__vs__random_uniform__seed102,Qwen3-235B,Random,102,9,0.0
qwen3_235b_a22b_2507__vs__random_uniform__seed102,Qwen3-235B,Random,102,10,0.0
qwen3_235b_a22b_2507__vs__random_uniform__seed102,Qwen3-235B,Random,102,11,0.0
qwen3_235b_a22b_2507__vs__random_uniform__seed102,Qwen3-235B,Random,102,12,0.0
qwen3_235b_a22b_2507__vs__random_uniform__seed102,Qwen3-235B,Random,102,13,0.0
qwen3_235b_a22b_2507__vs__random_uniform__seed102,Qwen3-235B,Random,102,14,0.0
qwen3_235b_a22b_2507__vs__random_uniform__seed102,Qwen3-235B,Random,102,15,0.0
qwen3_235b_a22b_2507__vs__random_uniform__seed102,Qwen3-235B,Random,102,16,0.0
qwen3_235b_a22b_2507__vs__random_uniform__seed102,Qwen3-235B,Random,102,17,0.0
qwen3_235b_a22b_2507__vs__random_uniform__seed102,Qwen3-235B,Random,102,18,0.0
qwen3_235b_a22b_2507__vs__random_uniform__seed102,Qwen3-235B,Random,102,19,0.0
qwen3_235b_a22b_2507__vs__random_uniform__seed102,Qwen3-235B,Random,102,20,0.0
qwen3_235b_a22b_2507__vs__random_uniform__seed102,Qwen3-235B,Random,102,21,0.0
qwen3_235b_a22b_2507__vs__random_uniform__seed102,Qwen3-235B,Random,102,22,0.0
qwen3_235b_a22b_2507__vs__random_uniform__seed102,Qwen3-235B,Random,102,23,0.0
qwen3_235b_a22b_2507__vs__random_uniform__seed102,Qwen3-235B,Random,102,24,0.0
qwen3_235b_a22b_2507__vs__random_uniform__seed102,Qwen3-235B,Random,102,25,0.0
qwen3_235b_a22b_2507__vs__random_uniform__seed102,Qwen3-235B,Random,102,26,0.0
qwen3_235b_a22b_2507__vs__random_uniform__seed102,Qwen3-235B,Random,102,27,0.0
qwen3_235b_a22b_2507__vs__random_uniform__seed102,Qwen3-235B,Random,102,28,0.0
qwen3_235b_a22b_2507__vs__random_uniform__seed102,Qwen3-235B,Random,102,29,0.0
qwen3_235b_a22b_2507__vs__random_uniform__seed102,Qwen3-235B,Random,102,30,0.0
qwen3_235b_a22b_2507__vs__random_uniform__seed102,Qwen3-235B,Random,102,31,0.0
qwen3_235b_a22b_2507__vs__random_uniform__seed102,Qwen3-235B,Random,102,32,0.0
qwen3_235b_a22b_2507__vs__random_uniform__seed102,Qwen3-235B,Random,102,33,0.0
qwen3_235b_a22b_2507__vs__random_uniform__seed102,Qwen3-235B,Random,102,34,0.0
qwen3_235b_a22b_2507__vs__random_uniform__seed102,Qwen3-235B,Random,102,35,0.0
qwen3_235b_a22b_2507__vs__random_uniform__seed102,Qwen3-235B,Random,102,36,0.0
qwen3_235b_a22b_2507__vs__random_uniform__seed102,Qwen3-235B,Random,102,37,0.0
qwen3_235b_a22b_2507__vs__random_uniform__seed102,Qwen3-235B,Random,102,38,0.0
qwen3_235b_a22b_2507__vs__random_uniform__seed102,Qwen3-235B,Random,102,39,0.0
qwen3_235b_a22b_2507__vs__random_uniform__seed102,Qwen3-235B,Random,102,40,0.0
qwen3_235b_a22b_2507__vs__random_uniform__seed102,Qwen3-235B,Random,102,41,0.0
qwen3_235b_a22b_2507__vs__random_uniform__seed102,Qwen3-235B,Random,102,42,0.0
qwen3_235b_a22b_2507__vs__random_uniform__seed102,Qwen3-235B,Random,102,43,0.0
qwen3_235b_a22b_2507__vs__random_uniform__seed102,Qwen3-235B,Random,102,44,0.0
qwen3_235b_a22b_2507__vs__random_uniform__seed102,Qwen3-235B,Random,102,45,0.0
qwen3_235b_a22b_2507__vs__random_uniform__seed102,Qwen3-235B,Random,102,46,0.0
qwen3_235b_a22b_2507__vs__random_uniform__seed102,Qwen3-235B,Random,102,47,0.0
qwen3_235b_a22b_2507__vs__random_uniform__seed102,Qwen3-235B,Random,102,48,0.0
qwen3_235b_a22b_2507__vs__random_uniform__seed102,Qwen3-235B,Random,102,49,0.0
qwen3_235b_a22b_2507__vs__random_uniform__seed102,Qwen3-235B,Random,102,50,0.0
qwen3_235b_a22b_2507__vs__random_uniform__seed103,Qwen3-235B,Random,103,1,0.0
qwen3_235b_a22b_2507__vs__random_uniform__seed103,Qwen3-235B,Random,103,2,0.0
qwen3_235b_a22b_2507__vs__random_uniform__seed103,Qwen3-235B,Random,103,3,0.0
qwen3_235b_a22b_2507__vs__random_uniform__seed103,Qwen3-235B,Random,103,4,0.0
qwen3_235b_a22b_2507__vs__random_uniform__seed103,Qwen3-235B,Random,103,5,0.0
qwen3_235b_a22b_2507__vs__random_uniform__seed103,Qwen3-235B,Random,103,6,0.0
qwen3_235b_a22b_2507__vs__random_uniform__seed103,Qwen3-235B,Random,103,7,0.0
qwen3_235b_a22b_2507__vs__random_uniform__seed103,Qwen3-235B,Random,103,8,0.0
qwen3_235b_a22b_2507__vs__random_uniform__seed103,Qwen3-235B,Random,103,9,0.0
qwen3_235b_a22b_2507__vs__random_uniform__seed103,Qwen3-235B,Random,103,10,0.0
qwen3_235b_a22b_2507__vs__random_uniform__seed103,Qwen3-235B,Random,103,11,0.0
qwen3_235b_a22b_2507__vs__random_uniform__seed103,Qwen3-235B,Random,103,12,0.0
qwen3_235b_a22b_2507__vs__random_uniform__seed103,Qwen3-235B,Random,103,13,0.0
qwen3_235b_a22b_2507__vs__random_uniform__seed103,Qwen3-235B,Random,103,14,0.0
qwen3_235b_a22b_2507__vs__random_uniform__seed103,Qwen3-235B,Random,103,15,0.0
qwen3_235b_a22b_2507__vs__random_uniform__seed103,Qwen3-235B,Random,103,16,0.0
qwen3_235b_a22b_2507__vs__random_uniform__seed103,Qwen3-235B,Random,103,17,0.0
qwen3_235b_a22b_2507__vs__random_uniform__seed103,Qwen3-235B,Random,103,18,0.0
qwen3_235b_a22b_2507__vs__random_uniform__seed103,Qwen3-235B,Random,103,19,0.0
qwen3_235b_a22b_2507__vs__random_uniform__seed103,Qwen3-235B,Random,103,20,0.0
qwen3_235b_a22b_2507__vs__random_uniform__seed103,Qwen3-235B,Random,103,21,0.0
qwen3_235b_a22b_2507__vs__random_uniform__seed103,Qwen3-235B,Random,103,22,0.0
qwen3_235b_a22b_2507__vs__random_uniform__seed103,Qwen3-235B,Random,103,23,0.0
qwen3_235b_a22b_2507__vs__random_uniform__seed103,Qwen3-235B,Random,103,24,0.0
qwen3_235b_a22b_2507__vs__random_uniform__seed103,Qwen3-235B,Random,103,25,0.0
qwen3_235b_a22b_2507__vs__random_uniform__seed103,Qwen3-235B,Random,103,26,0.0
qwen3_235b_a22b_2507__vs__random_uniform__seed103,Qwen3-235B,Random,103,27,0.0
qwen3_235b_a22b_2507__vs__random_uniform__seed103,Qwen3-235B,Random,103,28,0.0
qwen3_235b_a22b_2507__vs__random_uniform__seed103,Qwen3-235B,Random,103,29,0.0
qwen3_235b_a22b_2507__vs__random_uniform__seed103,Qwen3-235B,Random,103,30,0.0
qwen3_235b_a22b_2507__vs__random_uniform__seed103,Qwen3-235B,Random,103,31,0.5
qwen3_235b_a22b_2507__vs__random_uniform__seed103,Qwen3-235B,Random,103,32,0.0
qwen3_235b_a22b_2507__vs__random_uniform__seed103,Qwen3-235B,Random,103,33,0.0
qwen3_235b_a22b_2507__vs__random_uniform__seed103,Qwen3-235B,Random,103,34,0.0
qwen3_235b_a22b_2507__vs__random_uniform__seed103,Qwen3-235B,Random,103,35,0.0
qwen3_235b_a22b_2507__vs__random_uniform__seed103,Qwen3-235B,Random,103,36,0.0
qwen3_235b_a22b_2507__vs__random_uniform__seed103,Qwen3-235B,Random,103,37,0.0
qwen3_235b_a22b_2507__vs__random_uniform__seed103,Qwen3-235B,Random,103,38,0.0
qwen3_235b_a22b_2507__vs__random_uniform__seed103,Qwen3-235B,Random,103,39,0.0
qwen3_235b_a22b_2507__vs__random_uniform__seed103,Qwen3-235B,Random,103,40,0.0
qwen3_235b_a22b_2507__vs__random_uniform__seed103,Qwen3-235B,Random,103,41,0.0
qwen3_235b_a22b_2507__vs__random_uniform__seed103,Qwen3-235B,Random,103,42,0.0
qwen3_235b_a22b_2507__vs__random_uniform__seed103,Qwen3-235B,Random,103,43,0.5
qwen3_235b_a22b_2507__vs__random_uniform__seed103,Qwen3-235B,Random,103,44,0.0
qwen3_235b_a22b_2507__vs__random_uniform__seed103,Qwen3-235B,Random,103,45,0.0
qwen3_235b_a22b_2507__vs__random_uniform__seed103,Qwen3-235B,Random,103,46,1.0
qwen3_235b_a22b_2507__vs__random_uniform__seed103,Qwen3-235B,Random,103,47,0.75
qwen3_235b_a22b_2507__vs__random_uniform__seed103,Qwen3-235B,Random,103,48,0.0
qwen3_235b_a22b_2507__vs__random_uniform__seed103,Qwen3-235B,Random,103,49,0.0
qwen3_235b_a22b_2507__vs__random_uniform__seed103,Qwen3-235B,Random,103,50,0.0
qwen3_235b_a22b_2507__vs__random_uniform__seed104,Qwen3-235B,Random,104,1,1.0
qwen3_235b_a22b_2507__vs__random_uniform__seed104,Qwen3-235B,Random,104,2,0.75
qwen3_235b_a22b_2507__vs__random_uniform__seed104,Qwen3-235B,Random,104,3,0.75
qwen3_235b_a22b_2507__vs__random_uniform__seed104,Qwen3-235B,Random,104,4,0.75
qwen3_235b_a22b_2507__vs__random_uniform__seed104,Qwen3-235B,Random,104,5,0.75
qwen3_235b_a22b_2507__vs__random_uniform__seed104,Qwen3-235B,Random,104,6,0.75
qwen3_235b_a22b_2507__vs__random_uniform__seed104,Qwen3-235B,Random,104,7,0.75
qwen3_235b_a22b_2507__vs__random_uniform__seed104,Qwen3-235B,Random,104,8,0.75
qwen3_235b_a22b_2507__vs__random_uniform__seed104,Qwen3-235B,Random,104,9,0.75
qwen3_235b_a22b_2507__vs__random_uniform__seed104,Qwen3-235B,Random,104,10,0.75
qwen3_235b_a22b_2507__vs__random_uniform__seed104,Qwen3-235B,Random,104,11,0.75
qwen3_235b_a22b_2507__vs__random_uniform__seed104,Qwen3-235B,Random,104,12,0.75
qwen3_235b_a22b_2507__vs__random_uniform__seed104,Qwen3-235B,Random,104,13,0.75
qwen3_235b_a22b_2507__vs__random_uniform__seed104,Qwen3-235B,Random,104,14,0.75
qwen3_235b_a22b_2507__vs__random_uniform__seed104,Qwen3-235B,Random,104,15,0.75
qwen3_235b_a22b_2507__vs__random_uniform__seed104,Qwen3-235B,Random,104,16,0.75
qwen3_235b_a22b_2507__vs__random_uniform__seed104,Qwen3-235B,Random,104,17,0.75
qwen3_235b_a22b_2507__vs__random_uniform__seed104,Qwen3-235B,Random,104,18,0.75
qwen3_235b_a22b_2507__vs__random_uniform__seed104,Qwen3-235B,Random,104,19,0.75
qwen3_235b_a22b_2507__vs__random_uniform__seed104,Qwen3-235B,Random,104,20,0.75
qwen3_235b_a22b_2507__vs__random_uniform__seed104,Qwen3-235B,Random,104,21,0.75
qwen3_235b_a22b_2507__vs__random_uniform__seed104,Qwen3-235B,Random,104,22,0.75
qwen3_235b_a22b_2507__vs__random_uniform__seed104,Qwen3-235B,Random,104,23,0.75
qwen3_235b_a22b_2507__vs__random_uniform__seed104,Qwen3-235B,Random,104,24,0.75
qwen3_235b_a22b_2507__vs__random_uniform__seed104,Qwen3-235B,Random,104,25,0.75
qwen3_235b_a22b_2507__vs__random_uniform__seed104,Qwen3-235B,Random,104,26,0.75
qwen3_235b_a22b_2507__vs__random_uniform__seed104,Qwen3-235B,Random,104,27,0.75
qwen3_235b_a22b_2507__vs__random_uniform__seed104,Qwen3-235B,Random,104,28,0.75
qwen3_235b_a22b_2507__vs__random_uniform__seed104,Qwen3-235B,Random,104,29,0.75
qwen3_235b_a22b_2507__vs__random_uniform__seed104,Qwen3-235B,Random,104,30,0.75
qwen3_235b_a22b_2507__vs__random_uniform__seed104,Qwen3-235B,Random,104,31,0.75
qwen3_235b_a22b_2507__vs__random_uniform__seed104,Qwen3-235B,Random,104,32,0.75
qwen3_235b_a22b_2507__vs__random_uniform__seed104,Qwen3-235B,Random,104,33,0.75
qwen3_235b_a22b_2507__vs__random_uniform__seed104,Qwen3-235B,Random,104,34,0.75
qwen3_235b_a22b_2507__vs__random_uniform__seed104,Qwen3-235B,Random,104,35,0.75
qwen3_235b_a22b_2507__vs__random_uniform__seed104,Qwen3-235B,Random,104,36,0.75
qwen3_235b_a22b_2507__vs__random_uniform__seed104,Qwen3-235B,Random,104,37,0.75
qwen3_235b_a22b_2507__vs__random_uniform__seed104,Qwen3-235B,Random,104,38,0.75
qwen3_235b_a22b_2507__vs__random_uniform__seed104,Qwen3-235B,Random,104,39,0.75
qwen3_235b_a22b_2507__vs__random_uniform__seed104,Qwen3-235B,Random,104,40,0.75
qwen3_235b_a22b_2507__vs__random_uniform__seed104,Qwen3-235B,Random,104,41,0.75
qwen3_235b_a22b_2507__vs__random_uniform__seed104,Qwen3-235B,Random,104,42,0.75
qwen3_235b_a22b_2507__vs__random_uniform__seed104,Qwen3-235B,Random,104,43,0.75
qwen3_235b_a22b_2507__vs__random_uniform__seed104,Qwen3-235B,Random,104,44,0.75
qwen3_235b_a22b_2507__vs__random_uniform__seed104,Qwen3-235B,Random,104,45,0.75
qwen3_235b_a22b_2507__vs__random_uniform__seed104,Qwen3-235B,Random,104,46,0.0
qwen3_235b_a22b_2507__vs__random_uniform__seed104,Qwen3-235B,Random,104,47,0.75
qwen3_235b_a22b_2507__vs__random_uniform__seed104,Qwen3-235B,Random,104,48,0.75
qwen3_235b_a22b_2507__vs__random_uniform__seed104,Qwen3-235B,Random,104,49,0.75
qwen3_235b_a22b_2507__vs__random_uniform__seed104,Qwen3-235B,Random,104,50,0.75
qwen3_235b_a22b_2507__vs__random_uniform__seed105,Qwen3-235B,Random,105,1,1.0
qwen3_235b_a22b_2507__vs__random_uniform__seed105,Qwen3-235B,Random,105,2,0.25
qwen3_235b_a22b_2507__vs__random_uniform__seed105,Qwen3-235B,Random,105,3,0.25
qwen3_235b_a22b_2507__vs__random_uniform__seed105,Qwen3-235B,Random,105,4,0.25
qwen3_235b_a22b_2507__vs__random_uniform__seed105,Qwen3-235B,Random,105,5,1.0
qwen3_235b_a22b_2507__vs__random_uniform__seed105,Qwen3-235B,Random,105,6,1.0
qwen3_235b_a22b_2507__vs__random_uniform__seed105,Qwen3-235B,Random,105,7,1.0
qwen3_235b_a22b_2507__vs__random_uniform__seed105,Qwen3-235B,Random,105,8,1.0
qwen3_235b_a22b_2507__vs__random_uniform__seed105,Qwen3-235B,Random,105,9,1.0
qwen3_235b_a22b_2507__vs__random_uniform__seed105,Qwen3-235B,Random,105,10,1.0
qwen3_235b_a22b_2507__vs__random_uniform__seed105,Qwen3-235B,Random,105,11,0.25
qwen3_235b_a22b_2507__vs__random_uniform__seed105,Qwen3-235B,Random,105,12,0.75
qwen3_235b_a22b_2507__vs__random_uniform__seed105,Qwen3-235B,Random,105,13,1.0
qwen3_235b_a22b_2507__vs__random_uniform__seed105,Qwen3-235B,Random,105,14,1.0
qwen3_235b_a22b_2507__vs__random_uniform__seed105,Qwen3-235B,Random,105,15,0.75
qwen3_235b_a22b_2507__vs__random_uniform__seed105,Qwen3-235B,Random,105,16,0.75
qwen3_235b_a22b_2507__vs__random_uniform__seed105,Qwen3-235B,Random,105,17,0.75
qwen3_235b_a22b_2507__vs__random_uniform__seed105,Qwen3-235B,Random,105,18,0.75
qwen3_235b_a22b_2507__vs__random_uniform__seed105,Qwen3-235B,Random,105,19,0.75
qwen3_235b_a22b_2507__vs__random_uniform__seed105,Qwen3-235B,Random,105,20,0.75
qwen3_235b_a22b_2507__vs__random_uniform__seed105,Qwen3-235B,Random,105,21,0.75
qwen3_235b_a22b_2507__vs__random_uniform__seed105,Qwen3-235B,Random,105,22,0.75
qwen3_235b_a22b_2507__vs__random_uniform__seed105,Qwen3-235B,Random,105,23,0.75
qwen3_235b_a22b_2507__vs__random_uniform__seed105,Qwen3-235B,Random,105,24,0.75
qwen3_235b_a22b_2507__vs__random_uniform__seed105,Qwen3-235B,Random,105,25,0.75
qwen3_235b_a22b_2507__vs__random_uniform__seed105,Qwen3-235B,Random,105,26,0.75
qwen3_235b_a22b_2507__vs__random_uniform__seed105,Qwen3-235B,Random,105,27,0.25
qwen3_235b_a22b_2507__vs__random_uniform__seed105,Qwen3-235B,Random,105,28,0.75
qwen3_235b_a22b_2507__vs__random_uniform__seed105,Qwen3-235B,Random,105,29,0.75
qwen3_235b_a22b_2507__vs__random_uniform__seed105,Qwen3-235B,Random,105,30,0.75
qwen3_235b_a22b_2507__vs__random_uniform__seed105,Qwen3-235B,Random,105,31,0.75
qwen3_235b_a22b_2507__vs__random_uniform__seed105,Qwen3-235B,Random,105,32,0.75
qwen3_235b_a22b_2507__vs__random_uniform__seed105,Qwen3-235B,Random,105,33,0.75
qwen3_235b_a22b_2507__vs__random_uniform__seed105,Qwen3-235B,Random,105,34,0.75
qwen3_235b_a22b_2507__vs__random_uniform__seed105,Qwen3-235B,Random,105,35,0.75
qwen3_235b_a22b_2507__vs__random_uniform__seed105,Qwen3-235B,Random,105,36,0.75
qwen3_235b_a22b_2507__vs__random_uniform__seed105,Qwen3-235B,Random,105,37,0.75
qwen3_235b_a22b_2507__vs__random_uniform__seed105,Qwen3-235B,Random,105,38,0.75
qwen3_235b_a22b_2507__vs__random_uniform__seed105,Qwen3-235B,Random,105,39,0.75
qwen3_235b_a22b_2507__vs__random_uniform__seed105,Qwen3-235B,Random,105,40,0.75
qwen3_235b_a22b_2507__vs__random_uniform__seed105,Qwen3-235B,Random,105,41,0.75
qwen3_235b_a22b_2507__vs__random_uniform__seed105,Qwen3-235B,Random,105,42,0.75
qwen3_235b_a22b_2507__vs__random_uniform__seed105,Qwen3-235B,Random,105,43,0.75
qwen3_235b_a22b_2507__vs__random_uniform__seed105,Qwen3-235B,Random,105,44,0.75
qwen3_235b_a22b_2507__vs__random_uniform__seed105,Qwen3-235B,Random,105,45,0.75
qwen3_235b_a22b_2507__vs__random_uniform__seed105,Qwen3-235B,Random,105,46,0.75
qwen3_235b_a22b_2507__vs__random_uniform__seed105,Qwen3-235B,Random,105,47,0.75
qwen3_235b_a22b_2507__vs__random_uniform__seed105,Qwen3-235B,Random,105,48,0.75
qwen3_235b_a22b_2507__vs__random_uniform__seed105,Qwen3-235B,Random,105,49,0.75
qwen3_235b_a22b_2507__vs__random_uniform__seed105,Qwen3-235B,Random,105,50,0.75
qwen3_235b_a22b_2507__vs__wsls__seed101,Qwen3-235B,WSLS,101,1,0.0
qwen3_235b_a22b_2507__vs__wsls__seed101,Qwen3-235B,WSLS,101,2,0.0
qwen3_235b_a22b_2507__vs__wsls__seed101,Qwen3-235B,WSLS,101,3,0.0
qwen3_235b_a22b_2507__vs__wsls__seed101,Qwen3-235B,WSLS,101,4,0.0
qwen3_235b_a22b_2507__vs__wsls__seed101,Qwen3-235B,WSLS,101,5,0.0
qwen3_235b_a22b_2507__vs__wsls__seed101,Qwen3-235B,WSLS,101,6,0.0
qwen3_235b_a22b_2507__vs__wsls__seed101,Qwen3-235B,WSLS,101,7,0.0
qwen3_235b_a22b_2507__vs__wsls__seed101,Qwen3-235B,WSLS,101,8,0.0
qwen3_235b_a22b_2507__vs__wsls__seed101,Qwen3-235B,WSLS,101,9,0.0
qwen3_235b_a22b_2507__vs__wsls__seed101,Qwen3-235B,WSLS,101,10,0.0
qwen3_235b_a22b_2507__vs__wsls__seed101,Qwen3-235B,WSLS,101,11,0.0
qwen3_235b_a22b_2507__vs__wsls__seed101,Qwen3-235B,WSLS,101,12,0.0
qwen3_235b_a22b_2507__vs__wsls__seed101,Qwen3-235B,WSLS,101,13,0.0
qwen3_235b_a22b_2507__vs__wsls__seed101,Qwen3-235B,WSLS,101,14,0.0
qwen3_235b_a22b_2507__vs__wsls__seed101,Qwen3-235B,WSLS,101,15,0.0
qwen3_235b_a22b_2507__vs__wsls__seed101,Qwen3-235B,WSLS,101,16,0.0
qwen3_235b_a22b_2507__vs__wsls__seed101,Qwen3-235B,WSLS,101,17,0.0
qwen3_235b_a22b_2507__vs__wsls__seed101,Qwen3-235B,WSLS,101,18,0.0
qwen3_235b_a22b_2507__vs__wsls__seed101,Qwen3-235B,WSLS,101,19,0.0
qwen3_235b_a22b_2507__vs__wsls__seed101,Qwen3-235B,WSLS,101,20,0.0
qwen3_235b_a22b_2507__vs__wsls__seed101,Qwen3-235B,WSLS,101,21,0.0
qwen3_235b_a22b_2507__vs__wsls__seed101,Qwen3-235B,WSLS,101,22,0.0
qwen3_235b_a22b_2507__vs__wsls__seed101,Qwen3-235B,WSLS,101,23,0.0
qwen3_235b_a22b_2507__vs__wsls__seed101,Qwen3-235B,WSLS,101,24,0.0
qwen3_235b_a22b_2507__vs__wsls__seed101,Qwen3-235B,WSLS,101,25,0.0
qwen3_235b_a22b_2507__vs__wsls__seed101,Qwen3-235B,WSLS,101,26,0.0
qwen3_235b_a22b_2507__vs__wsls__seed101,Qwen3-235B,WSLS,101,27,0.0
qwen3_235b_a22b_2507__vs__wsls__seed101,Qwen3-235B,WSLS,101,28,0.0
qwen3_235b_a22b_2507__vs__wsls__seed101,Qwen3-235B,WSLS,101,29,0.0
qwen3_235b_a22b_2507__vs__wsls__seed101,Qwen3-235B,WSLS,101,30,0.0
qwen3_235b_a22b_2507__vs__wsls__seed101,Qwen3-235B,WSLS,101,31,0.0
qwen3_235b_a22b_2507__vs__wsls__seed101,Qwen3-235B,WSLS,101,32,0.0
qwen3_235b_a22b_2507__vs__wsls__seed101,Qwen3-235B,WSLS,101,33,0.0
qwen3_235b_a22b_2507__vs__wsls__seed101,Qwen3-235B,WSLS,101,34,0.0
qwen3_235b_a22b_2507__vs__wsls__seed101,Qwen3-235B,WSLS,101,35,0.0
qwen3_235b_a22b_2507__vs__wsls__seed101,Qwen3-235B,WSLS,101,36,0.0
qwen3_235b_a22b_2507__vs__wsls__seed101,Qwen3-235B,WSLS,101,37,0.0
qwen3_235b_a22b_2507__vs__wsls__seed101,Qwen3-235B,WSLS,101,38,0.0
qwen3_235b_a22b_2507__vs__wsls__seed101,Qwen3-235B,WSLS,101,39,0.0
qwen3_235b_a22b_2507__vs__wsls__seed101,Qwen3-235B,WSLS,101,40,0.0
qwen3_235b_a22b_2507__vs__wsls__seed101,Qwen3-235B,WSLS,101,41,0.0
qwen3_235b_a22b_2507__vs__wsls__seed101,Qwen3-235B,WSLS,101,42,0.0
qwen3_235b_a22b_2507__vs__wsls__seed101,Qwen3-235B,WSLS,101,43,0.0
qwen3_235b_a22b_2507__vs__wsls__seed101,Qwen3-235B,WSLS,101,44,0.0
qwen3_235b_a22b_2507__vs__wsls__seed101,Qwen3-235B,WSLS,101,45,0.0
qwen3_235b_a22b_2507__vs__wsls__seed101,Qwen3-235B,WSLS,101,46,0.0
qwen3_235b_a22b_2507__vs__wsls__seed101,Qwen3-235B,WSLS,101,47,0.0
qwen3_235b_a22b_2507__vs__wsls__seed101,Qwen3-235B,WSLS,101,48,0.0
qwen3_235b_a22b_2507__vs__wsls__seed101,Qwen3-235B,WSLS,101,49,0.0
qwen3_235b_a22b_2507__vs__wsls__seed101,Qwen3-235B,WSLS,101,50,0.0
qwen3_235b_a22b_2507__vs__wsls__seed102,Qwen3-235B,WSLS,102,1,0.0
qwen3_235b_a22b_2507__vs__wsls__seed102,Qwen3-235B,WSLS,102,2,0.0
qwen3_235b_a22b_2507__vs__wsls__seed102,Qwen3-235B,WSLS,102,3,0.0
qwen3_235b_a22b_2507__vs__wsls__seed102,Qwen3-235B,WSLS,102,4,0.0
qwen3_235b_a22b_2507__vs__wsls__seed102,Qwen3-235B,WSLS,102,5,0.0
qwen3_235b_a22b_2507__vs__wsls__seed102,Qwen3-235B,WSLS,102,6,0.0
qwen3_235b_a22b_2507__vs__wsls__seed102,Qwen3-235B,WSLS,102,7,0.0
qwen3_235b_a22b_2507__vs__wsls__seed102,Qwen3-235B,WSLS,102,8,0.0
qwen3_235b_a22b_2507__vs__wsls__seed102,Qwen3-235B,WSLS,102,9,0.0
qwen3_235b_a22b_2507__vs__wsls__seed102,Qwen3-235B,WSLS,102,10,0.0
qwen3_235b_a22b_2507__vs__wsls__seed102,Qwen3-235B,WSLS,102,11,0.0
qwen3_235b_a22b_2507__vs__wsls__seed102,Qwen3-235B,WSLS,102,12,0.0
qwen3_235b_a22b_2507__vs__wsls__seed102,Qwen3-235B,WSLS,102,13,0.0
qwen3_235b_a22b_2507__vs__wsls__seed102,Qwen3-235B,WSLS,102,14,0.0
qwen3_235b_a22b_2507__vs__wsls__seed102,Qwen3-235B,WSLS,102,15,0.0
qwen3_235b_a22b_2507__vs__wsls__seed102,Qwen3-235B,WSLS,102,16,0.0
qwen3_235b_a22b_2507__vs__wsls__seed102,Qwen3-235B,WSLS,102,17,0.0
qwen3_235b_a22b_2507__vs__wsls__seed102,Qwen3-235B,WSLS,102,18,0.0
qwen3_235b_a22b_2507__vs__wsls__seed102,Qwen3-235B,WSLS,102,19,0.0
qwen3_235b_a22b_2507__vs__wsls__seed102,Qwen3-235B,WSLS,102,20,0.0
qwen3_235b_a22b_2507__vs__wsls__seed102,Qwen3-235B,WSLS,102,21,0.0
qwen3_235b_a22b_2507__vs__wsls__seed102,Qwen3-235B,WSLS,102,22,0.0
qwen3_235b_a22b_2507__vs__wsls__seed102,Qwen3-235B,WSLS,102,23,0.0
qwen3_235b_a22b_2507__vs__wsls__seed102,Qwen3-235B,WSLS,102,24,0.0
qwen3_235b_a22b_2507__vs__wsls__seed102,Qwen3-235B,WSLS,102,25,0.0
qwen3_235b_a22b_2507__vs__wsls__seed102,Qwen3-235B,WSLS,102,26,0.0
qwen3_235b_a22b_2507__vs__wsls__seed102,Qwen3-235B,WSLS,102,27,0.0
qwen3_235b_a22b_2507__vs__wsls__seed102,Qwen3-235B,WSLS,102,28,0.0
qwen3_235b_a22b_2507__vs__wsls__seed102,Qwen3-235B,WSLS,102,29,0.0
qwen3_235b_a22b_2507__vs__wsls__seed102,Qwen3-235B,WSLS,102,30,0.0
qwen3_235b_a22b_2507__vs__wsls__seed102,Qwen3-235B,WSLS,102,31,0.0
qwen3_235b_a22b_2507__vs__wsls__seed102,Qwen3-235B,WSLS,102,32,0.0
qwen3_235b_a22b_2507__vs__wsls__seed102,Qwen3-235B,WSLS,102,33,0.0
qwen3_235b_a22b_2507__vs__wsls__seed102,Qwen3-235B,WSLS,102,34,0.0
qwen3_235b_a22b_2507__vs__wsls__seed102,Qwen3-235B,WSLS,102,35,0.0
qwen3_235b_a22b_2507__vs__wsls__seed102,Qwen3-235B,WSLS,102,36,0.0
qwen3_235b_a22b_2507__vs__wsls__seed102,Qwen3-235B,WSLS,102,37,0.0
qwen3_235b_a22b_2507__vs__wsls__seed102,Qwen3-235B,WSLS,102,38,0.0
qwen3_235b_a22b_2507__vs__wsls__seed102,Qwen3-235B,WSLS,102,39,0.0
qwen3_235b_a22b_2507__vs__wsls__seed102,Qwen3-235B,WSLS,102,40,0.0
qwen3_235b_a22b_2507__vs__wsls__seed102,Qwen3-235B,WSLS,102,41,0.0
qwen3_235b_a22b_2507__vs__wsls__seed102,Qwen3-235B,WSLS,102,42,0.0
qwen3_235b_a22b_2507__vs__wsls__seed102,Qwen3-235B,WSLS,102,43,0.0
qwen3_235b_a22b_2507__vs__wsls__seed102,Qwen3-235B,WSLS,102,44,0.0
qwen3_235b_a22b_2507__vs__wsls__seed102,Qwen3-235B,WSLS,102,45,0.0
qwen3_235b_a22b_2507__vs__wsls__seed102,Qwen3-235B,WSLS,102,46,0.0
qwen3_235b_a22b_2507__vs__wsls__seed102,Qwen3-235B,WSLS,102,47,0.0
qwen3_235b_a22b_2507__vs__wsls__seed102,Qwen3-235B,WSLS,102,48,0.0
qwen3_235b_a22b_2507__vs__wsls__seed102,Qwen3-235B,WSLS,102,49,0.0
qwen3_235b_a22b_2507__vs__wsls__seed102,Qwen3-235B,WSLS,102,50,0.0
qwen3_235b_a22b_2507__vs__wsls__seed103,Qwen3-235B,WSLS,103,1,1.0
qwen3_235b_a22b_2507__vs__wsls__seed103,Qwen3-235B,WSLS,103,2,1.0
qwen3_235b_a22b_2507__vs__wsls__seed103,Qwen3-235B,WSLS,103,3,1.0
qwen3_235b_a22b_2507__vs__wsls__seed103,Qwen3-235B,WSLS,103,4,1.0
qwen3_235b_a22b_2507__vs__wsls__seed103,Qwen3-235B,WSLS,103,5,1.0
qwen3_235b_a22b_2507__vs__wsls__seed103,Qwen3-235B,WSLS,103,6,1.0
qwen3_235b_a22b_2507__vs__wsls__seed103,Qwen3-235B,WSLS,103,7,1.0
qwen3_235b_a22b_2507__vs__wsls__seed103,Qwen3-235B,WSLS,103,8,1.0
qwen3_235b_a22b_2507__vs__wsls__seed103,Qwen3-235B,WSLS,103,9,1.0
qwen3_235b_a22b_2507__vs__wsls__seed103,Qwen3-235B,WSLS,103,10,1.0
qwen3_235b_a22b_2507__vs__wsls__seed103,Qwen3-235B,WSLS,103,11,1.0
qwen3_235b_a22b_2507__vs__wsls__seed103,Qwen3-235B,WSLS,103,12,1.0
qwen3_235b_a22b_2507__vs__wsls__seed103,Qwen3-235B,WSLS,103,13,1.0
qwen3_235b_a22b_2507__vs__wsls__seed103,Qwen3-235B,WSLS,103,14,1.0
qwen3_235b_a22b_2507__vs__wsls__seed103,Qwen3-235B,WSLS,103,15,1.0
qwen3_235b_a22b_2507__vs__wsls__seed103,Qwen3-235B,WSLS,103,16,1.0
qwen3_235b_a22b_2507__vs__wsls__seed103,Qwen3-235B,WSLS,103,17,1.0
qwen3_235b_a22b_2507__vs__wsls__seed103,Qwen3-235B,WSLS,103,18,1.0
qwen3_235b_a22b_2507__vs__wsls__seed103,Qwen3-235B,WSLS,103,19,1.0
qwen3_235b_a22b_2507__vs__wsls__seed103,Qwen3-235B,WSLS,103,20,1.0
qwen3_235b_a22b_2507__vs__wsls__seed103,Qwen3-235B,WSLS,103,21,1.0
qwen3_235b_a22b_2507__vs__wsls__seed103,Qwen3-235B,WSLS,103,22,1.0
qwen3_235b_a22b_2507__vs__wsls__seed103,Qwen3-235B,WSLS,103,23,1.0
qwen3_235b_a22b_2507__vs__wsls__seed103,Qwen3-235B,WSLS,103,24,1.0
qwen3_235b_a22b_2507__vs__wsls__seed103,Qwen3-235B,WSLS,103,25,1.0
qwen3_235b_a22b_2507__vs__wsls__seed103,Qwen3-235B,WSLS,103,26,1.0
qwen3_235b_a22b_2507__vs__wsls__seed103,Qwen3-235B,WSLS,103,27,1.0
qwen3_235b_a22b_2507__vs__wsls__seed103,Qwen3-235B,WSLS,103,28,1.0
qwen3_235b_a22b_2507__vs__wsls__seed103,Qwen3-235B,WSLS,103,29,1.0
qwen3_235b_a22b_2507__vs__wsls__seed103,Qwen3-235B,WSLS,103,30,1.0
qwen3_235b_a22b_2507__vs__wsls__seed103,Qwen3-235B,WSLS,103,31,1.0
qwen3_235b_a22b_2507__vs__wsls__seed103,Qwen3-235B,WSLS,103,32,1.0
qwen3_235b_a22b_2507__vs__wsls__seed103,Qwen3-235B,WSLS,103,33,1.0
qwen3_235b_a22b_2507__vs__wsls__seed103,Qwen3-235B,WSLS,103,34,1.0
qwen3_235b_a22b_2507__vs__wsls__seed103,Qwen3-235B,WSLS,103,35,1.0
qwen3_235b_a22b_2507__vs__wsls__seed103,Qwen3-235B,WSLS,103,36,1.0
qwen3_235b_a22b_2507__vs__wsls__seed103,Qwen3-235B,WSLS,103,37,1.0
qwen3_235b_a22b_2507__vs__wsls__seed103,Qwen3-235B,WSLS,103,38,1.0
qwen3_235b_a22b_2507__vs__wsls__seed103,Qwen3-235B,WSLS,103,39,1.0
qwen3_235b_a22b_2507__vs__wsls__seed103,Qwen3-235B,WSLS,103,40,1.0
qwen3_235b_a22b_2507__vs__wsls__seed103,Qwen3-235B,WSLS,103,41,1.0
qwen3_235b_a22b_2507__vs__wsls__seed103,Qwen3-235B,WSLS,103,42,1.0
qwen3_235b_a22b_2507__vs__wsls__seed103,Qwen3-235B,WSLS,103,43,1.0
qwen3_235b_a22b_2507__vs__wsls__seed103,Qwen3-235B,WSLS,103,44,1.0
qwen3_235b_a22b_2507__vs__wsls__seed103,Qwen3-235B,WSLS,103,45,1.0
qwen3_235b_a22b_2507__vs__wsls__seed103,Qwen3-235B,WSLS,103,46,1.0
qwen3_235b_a22b_2507__vs__wsls__seed103,Qwen3-235B,WSLS,103,47,1.0
qwen3_235b_a22b_2507__vs__wsls__seed103,Qwen3-235B,WSLS,103,48,0.0
qwen3_235b_a22b_2507__vs__wsls__seed103,Qwen3-235B,WSLS,103,49,1.0
qwen3_235b_a22b_2507__vs__wsls__seed103,Qwen3-235B,WSLS,103,50,1.0
qwen3_235b_a22b_2507__vs__wsls__seed104,Qwen3-235B,WSLS,104,1,1.0
qwen3_235b_a22b_2507__vs__wsls__seed104,Qwen3-235B,WSLS,104,2,1.0
qwen3_235b_a22b_2507__vs__wsls__seed104,Qwen3-235B,WSLS,104,3,0.5
qwen3_235b_a22b_2507__vs__wsls__seed104,Qwen3-235B,WSLS,104,4,0.75
qwen3_235b_a22b_2507__vs__wsls__seed104,Qwen3-235B,WSLS,104,5,0.75
qwen3_235b_a22b_2507__vs__wsls__seed104,Qwen3-235B,WSLS,104,6,0.75
qwen3_235b_a22b_2507__vs__wsls__seed104,Qwen3-235B,WSLS,104,7,0.75
qwen3_235b_a22b_2507__vs__wsls__seed104,Qwen3-235B,WSLS,104,8,0.75
qwen3_235b_a22b_2507__vs__wsls__seed104,Qwen3-235B,WSLS,104,9,0.75
qwen3_235b_a22b_2507__vs__wsls__seed104,Qwen3-235B,WSLS,104,10,0.75
qwen3_235b_a22b_2507__vs__wsls__seed104,Qwen3-235B,WSLS,104,11,0.75
qwen3_235b_a22b_2507__vs__wsls__seed104,Qwen3-235B,WSLS,104,12,0.75
qwen3_235b_a22b_2507__vs__wsls__seed104,Qwen3-235B,WSLS,104,13,0.75
qwen3_235b_a22b_2507__vs__wsls__seed104,Qwen3-235B,WSLS,104,14,0.75
qwen3_235b_a22b_2507__vs__wsls__seed104,Qwen3-235B,WSLS,104,15,0.75
qwen3_235b_a22b_2507__vs__wsls__seed104,Qwen3-235B,WSLS,104,16,0.75
qwen3_235b_a22b_2507__vs__wsls__seed104,Qwen3-235B,WSLS,104,17,0.75
qwen3_235b_a22b_2507__vs__wsls__seed104,Qwen3-235B,WSLS,104,18,0.75
qwen3_235b_a22b_2507__vs__wsls__seed104,Qwen3-235B,WSLS,104,19,0.75
qwen3_235b_a22b_2507__vs__wsls__seed104,Qwen3-235B,WSLS,104,20,0.75
qwen3_235b_a22b_2507__vs__wsls__seed104,Qwen3-235B,WSLS,104,21,0.75
qwen3_235b_a22b_2507__vs__wsls__seed104,Qwen3-235B,WSLS,104,22,0.75
qwen3_235b_a22b_2507__vs__wsls__seed104,Qwen3-235B,WSLS,104,23,0.75
qwen3_235b_a22b_2507__vs__wsls__seed104,Qwen3-235B,WSLS,104,24,0.75
qwen3_235b_a22b_2507__vs__wsls__seed104,Qwen3-235B,WSLS,104,25,0.75
qwen3_235b_a22b_2507__vs__wsls__seed104,Qwen3-235B,WSLS,104,26,0.75
qwen3_235b_a22b_2507__vs__wsls__seed104,Qwen3-235B,WSLS,104,27,0.75
qwen3_235b_a22b_2507__vs__wsls__seed104,Qwen3-235B,WSLS,104,28,0.75
qwen3_235b_a22b_2507__vs__wsls__seed104,Qwen3-235B,WSLS,104,29,0.75
qwen3_235b_a22b_2507__vs__wsls__seed104,Qwen3-235B,WSLS,104,30,0.75
qwen3_235b_a22b_2507__vs__wsls__seed104,Qwen3-235B,WSLS,104,31,0.75
qwen3_235b_a22b_2507__vs__wsls__seed104,Qwen3-235B,WSLS,104,32,0.75
qwen3_235b_a22b_2507__vs__wsls__seed104,Qwen3-235B,WSLS,104,33,0.75
qwen3_235b_a22b_2507__vs__wsls__seed104,Qwen3-235B,WSLS,104,34,0.75
qwen3_235b_a22b_2507__vs__wsls__seed104,Qwen3-235B,WSLS,104,35,0.75
qwen3_235b_a22b_2507__vs__wsls__seed104,Qwen3-235B,WSLS,104,36,0.75
qwen3_235b_a22b_2507__vs__wsls__seed104,Qwen3-235B,WSLS,104,37,0.75
qwen3_235b_a22b_2507__vs__wsls__seed104,Qwen3-235B,WSLS,104,38,0.75
qwen3_235b_a22b_2507__vs__wsls__seed104,Qwen3-235B,WSLS,104,39,0.75
qwen3_235b_a22b_2507__vs__wsls__seed104,Qwen3-235B,WSLS,104,40,0.75
qwen3_235b_a22b_2507__vs__wsls__seed104,Qwen3-235B,WSLS,104,41,0.75
qwen3_235b_a22b_2507__vs__wsls__seed104,Qwen3-235B,WSLS,104,42,0.75
qwen3_235b_a22b_2507__vs__wsls__seed104,Qwen3-235B,WSLS,104,43,0.75
qwen3_235b_a22b_2507__vs__wsls__seed104,Qwen3-235B,WSLS,104,44,0.75
qwen3_235b_a22b_2507__vs__wsls__seed104,Qwen3-235B,WSLS,104,45,0.75
qwen3_235b_a22b_2507__vs__wsls__seed104,Qwen3-235B,WSLS,104,46,0.75
qwen3_235b_a22b_2507__vs__wsls__seed104,Qwen3-235B,WSLS,104,47,0.75
qwen3_235b_a22b_2507__vs__wsls__seed104,Qwen3-235B,WSLS,104,48,0.75
qwen3_235b_a22b_2507__vs__wsls__seed104,Qwen3-235B,WSLS,104,49,0.75
qwen3_235b_a22b_2507__vs__wsls__seed104,Qwen3-235B,WSLS,104,50,0.75
qwen3_235b_a22b_2507__vs__wsls__seed105,Qwen3-235B,WSLS,105,1,1.0
qwen3_235b_a22b_2507__vs__wsls__seed105,Qwen3-235B,WSLS,105,2,1.0
qwen3_235b_a22b_2507__vs__wsls__seed105,Qwen3-235B,WSLS,105,3,1.0
qwen3_235b_a22b_2507__vs__wsls__seed105,Qwen3-235B,WSLS,105,4,1.0
qwen3_235b_a22b_2507__vs__wsls__seed105,Qwen3-235B,WSLS,105,5,1.0
qwen3_235b_a22b_2507__vs__wsls__seed105,Qwen3-235B,WSLS,105,6,1.0
qwen3_235b_a22b_2507__vs__wsls__seed105,Qwen3-235B,WSLS,105,7,1.0
qwen3_235b_a22b_2507__vs__wsls__seed105,Qwen3-235B,WSLS,105,8,1.0
qwen3_235b_a22b_2507__vs__wsls__seed105,Qwen3-235B,WSLS,105,9,1.0
qwen3_235b_a22b_2507__vs__wsls__seed105,Qwen3-235B,WSLS,105,10,1.0
qwen3_235b_a22b_2507__vs__wsls__seed105,Qwen3-235B,WSLS,105,11,1.0
qwen3_235b_a22b_2507__vs__wsls__seed105,Qwen3-235B,WSLS,105,12,1.0
qwen3_235b_a22b_2507__vs__wsls__seed105,Qwen3-235B,WSLS,105,13,1.0
qwen3_235b_a22b_2507__vs__wsls__seed105,Qwen3-235B,WSLS,105,14,1.0
qwen3_235b_a22b_2507__vs__wsls__seed105,Qwen3-235B,WSLS,105,15,1.0
qwen3_235b_a22b_2507__vs__wsls__seed105,Qwen3-235B,WSLS,105,16,1.0
qwen3_235b_a22b_2507__vs__wsls__seed105,Qwen3-235B,WSLS,105,17,1.0
qwen3_235b_a22b_2507__vs__wsls__seed105,Qwen3-235B,WSLS,105,18,1.0
qwen3_235b_a22b_2507__vs__wsls__seed105,Qwen3-235B,WSLS,105,19,1.0
qwen3_235b_a22b_2507__vs__wsls__seed105,Qwen3-235B,WSLS,105,20,1.0
qwen3_235b_a22b_2507__vs__wsls__seed105,Qwen3-235B,WSLS,105,21,1.0
qwen3_235b_a22b_2507__vs__wsls__seed105,Qwen3-235B,WSLS,105,22,1.0
qwen3_235b_a22b_2507__vs__wsls__seed105,Qwen3-235B,WSLS,105,23,1.0
qwen3_235b_a22b_2507__vs__wsls__seed105,Qwen3-235B,WSLS,105,24,1.0
qwen3_235b_a22b_2507__vs__wsls__seed105,Qwen3-235B,WSLS,105,25,1.0
qwen3_235b_a22b_2507__vs__wsls__seed105,Qwen3-235B,WSLS,105,26,1.0
qwen3_235b_a22b_2507__vs__wsls__seed105,Qwen3-235B,WSLS,105,27,1.0
qwen3_235b_a22b_2507__vs__wsls__seed105,Qwen3-235B,WSLS,105,28,1.0
qwen3_235b_a22b_2507__vs__wsls__seed105,Qwen3-235B,WSLS,105,29,1.0
qwen3_235b_a22b_2507__vs__wsls__seed105,Qwen3-235B,WSLS,105,30,1.0
qwen3_235b_a22b_2507__vs__wsls__seed105,Qwen3-235B,WSLS,105,31,1.0
qwen3_235b_a22b_2507__vs__wsls__seed105,Qwen3-235B,WSLS,105,32,1.0
qwen3_235b_a22b_2507__vs__wsls__seed105,Qwen3-235B,WSLS,105,33,1.0
qwen3_235b_a22b_2507__vs__wsls__seed105,Qwen3-235B,WSLS,105,34,1.0
qwen3_235b_a22b_2507__vs__wsls__seed105,Qwen3-235B,WSLS,105,35,1.0
qwen3_235b_a22b_2507__vs__wsls__seed105,Qwen3-235B,WSLS,105,36,1.0
qwen3_235b_a22b_2507__vs__wsls__seed105,Qwen3-235B,WSLS,105,37,1.0
qwen3_235b_a22b_2507__vs__wsls__seed105,Qwen3-235B,WSLS,105,38,1.0
qwen3_235b_a22b_2507__vs__wsls__seed105,Qwen3-235B,WSLS,105,39,1.0
qwen3_235b_a22b_2507__vs__wsls__seed105,Qwen3-235B,WSLS,105,40,1.0
qwen3_235b_a22b_2507__vs__wsls__seed105,Qwen3-235B,WSLS,105,41,0.75
qwen3_235b_a22b_2507__vs__wsls__seed105,Qwen3-235B,WSLS,105,42,0.75
qwen3_235b_a22b_2507__vs__wsls__seed105,Qwen3-235B,WSLS,105,43,0.75
qwen3_235b_a22b_2507__vs__wsls__seed105,Qwen3-235B,WSLS,105,44,0.75
qwen3_235b_a22b_2507__vs__wsls__seed105,Qwen3-235B,WSLS,105,45,0.75
qwen3_235b_a22b_2507__vs__wsls__seed105,Qwen3-235B,WSLS,105,46,0.75
qwen3_235b_a22b_2507__vs__wsls__seed105,Qwen3-235B,WSLS,105,47,0.75
qwen3_235b_a22b_2507__vs__wsls__seed105,Qwen3-235B,WSLS,105,48,0.75
qwen3_235b_a22b_2507__vs__wsls__seed105,Qwen3-235B,WSLS,105,49,0.75
qwen3_235b_a22b_2507__vs__wsls__seed105,Qwen3-235B,WSLS,105,50,0.75
