match_id,model,baseline,seed,round,coop,reward,cumulative_reward
deepseek_v32__vs__always_cooperate__seed101,DeepSeek-V3.2,Always Cooperate,101,1,1.0,4.0,4.0
deepseek_v32__vs__always_cooperate__seed101,DeepSeek-V3.2,Always Cooperate,101,2,1.0,4.901899659543274,8.901899659543274
deepseek_v32__vs__always_cooperate__seed101,DeepSeek-V3.2,Always Cooperate,101,3,1.0,5.737743197914256,14.63964285745753
deepseek_v32__vs__always_cooperate__seed101,DeepSeek-V3.2,Always Cooperate,101,4,1.0,6.452973827162612,21.09261668462014
deepseek_v32__vs__always_cooperate__seed101,DeepSeek-V3.2,Always Cooperate,101,5,1.0,7.03473354743033,28.127350232050468
deepseek_v32__vs__always_cooperate__seed101,DeepSeek-V3.2,Always Cooperate,101,6,1.0,7.499356761489178,35.62670699353964
deepseek_v32__vs__always_cooperate__seed101,DeepSeek-V3.2,Always Cooperate,101,7,1.0,7.874286035858203,43.50099302939785
deepseek_v32__vs__always_cooperate__seed101,DeepSeek-V3.2,Always Cooperate,101,8,1.0,8.186093248290184,51.68708627768803
deepseek_v32__vs__always_cooperate__seed101,DeepSeek-V3.2,Always Cooperate,101,9,1.0,8.455751427951338,60.142837705639366
deepseek_v32__vs__always_cooperate__seed101,DeepSeek-V3.2,Always Cooperate,101,10,1.0,8.698166348627016,68.84100405426638
deepseek_v32__vs__always_cooperate__seed101,DeepSeek-V3.2,Always Cooperate,101,11,1.0,8.923322274351424,77.7643263286178
deepseek_v32__vs__always_cooperate__seed101,DeepSeek-V3.2,Always Cooperate,101,12,1.0,9.137678416908237,86.90200474552603
deepseek_v32__vs__always_cooperate__seed101,DeepSeek-V3.2,Always Cooperate,101,13,1.0,9.345327632177181,96.2473323777032
deepseek_v32__vs__always_cooperate__seed101,DeepSeek-V3.2,Always Cooperate,101,14,1.0,9.548831071124255,105.79616344882746
deepseek_v32__vs__always_cooperate__seed101,DeepSeek-V3.2,Always Cooperate,101,15,1.0,9.749779258891781,115.54594270771923
deepseek_v32__vs__always_cooperate__seed101,DeepSeek-V3.2,Always Cooperate,101,16,1.0,9.949155358413602,125.49509806613284
deepseek_v32__vs__always_cooperate__seed101,DeepSeek-V3.2,Always Cooperate,101,17,1.0,10.147565358052827,135.64266342418566
deepseek_v32__vs__always_cooperate__seed101,DeepSeek-V3.2,Always Cooperate,101,18,1.0,6.6556250000000095,142.29828842418567
deepseek_v32__vs__always_cooperate__seed101,DeepSeek-V3.2,Always Cooperate,101,19,1.0,7.696913291319724,149.9952017155054
deepseek_v32__vs__always_cooperate__seed101,DeepSeek-V3.2,Always Cooperate,101,20,1.0,8.651366260443886,158.6465679759493
deepseek_v32__vs__always_cooperate__seed101,DeepSeek-V3.2,Always Cooperate,101,21,1.0,9.381808571452328,168.02837654740162
deepseek_v32__vs__always_cooperate__seed101,DeepSeek-V3.2,Always Cooperate,101,22,1.0,9.855978084834117,177.88435463223573
deepseek_v32__vs__always_cooperate__seed101,DeepSeek-V3.2,Always Cooperate,101,23,1.0,10.181063649840674,188.0654182820764
deepseek_v32__vs__always_cooperate__seed101,DeepSeek-V3.2,Always Cooperate,101,24,1.0,10.39430595116825,198.45972423324463
deepseek_v32__vs__always_cooperate__seed101,DeepSeek-V3.2,Always Cooperate,101,25,1.0,10.53015826936483,208.98988250260945
deepseek_v32__vs__always_cooperate__seed101,DeepSeek-V3.2,Always Cooperate,101,26,1.0,10.61510342528431,219.60498592789375
deepseek_v32__vs__always_cooperate__seed101,DeepSeek-V3.2,Always Cooperate,101,27,1.0,10.667597930270553,230.2725838581643
deepseek_v32__vs__always_cooperate__seed101,DeepSeek-V3.2,Always Cooperate,101,28,1.0,10.699803618067861,240.97238747623214
deepseek_v32__vs__always_cooperate__seed101,DeepSeek-V3.2,Always Cooperate,101,29,1.0,10.719473967130781,251.69186144336294
deepseek_v32__vs__always_cooperate__seed101,DeepSeek-V3.2,Always Cooperate,101,30,1.0,10.73145532632524,262.4233167696882
deepseek_v32__vs__always_cooperate__seed101,DeepSeek-V3.2,Always Cooperate,101,31,1.0,10.738741133074473,273.1620579027627
deepseek_v32__vs__always_cooperate__seed101,DeepSeek-V3.2,Always Cooperate,101,32,1.0,10.743167116041995,283.9052250188047
deepseek_v32__vs__always_cooperate__seed101,DeepSeek-V3.2,Always Cooperate,101,33,1.0,10.745854160223072,294.65107917902776
deepseek_v32__vs__always_cooperate__seed101,DeepSeek-V3.2,Always Cooperate,101,34,1.0,10.747484874021502,305.39856405304926
deepseek_v32__vs__always_cooperate__seed101,DeepSeek-V3.2,Always Cooperate,101,35,1.0,10.748474297664586,316.14703835071384
deepseek_v32__vs__always_cooperate__seed101,DeepSeek-V3.2,Always Cooperate,101,36,1.0,10.749074540680102,326.89611289139395
deepseek_v32__vs__always_cooperate__seed101,DeepSeek-V3.2,Always Cooperate,101,37,1.0,10.74943865329367,337.64555154468763
deepseek_v32__vs__always_cooperate__seed101,DeepSeek-V3.2,Always Cooperate,101,38,1.0,10.749659515984732,348.39521106067235
deepseek_v32__vs__always_cooperate__seed101,DeepSeek-V3.2,Always Cooperate,101,39,1.0,10.74979348231664,359.145004542989
deepseek_v32__vs__always_cooperate__seed101,DeepSeek-V3.2,Always Cooperate,101,40,1.0,10.74987473933614,369.8948792823251
deepseek_v32__vs__always_cooperate__seed101,DeepSeek-V3.2,Always Cooperate,101,41,1.0,10.749924025067646,380.64480330739275
deepseek_v32__vs__always_cooperate__seed101,DeepSeek-V3.2,Always Cooperate,101,42,1.0,10.749953918690487,391.39475722608324
deepseek_v32__vs__always_cooperate__seed101,DeepSeek-V3.2,Always Cooperate,101,43,1.0,10.749972050205368,402.1447292762886
deepseek_v32__vs__always_cooperate__seed101,DeepSeek-V3.2,Always Cooperate,101,44,1.0,10.749983047567767,412.89471232385637
deepseek_v32__vs__always_cooperate__seed101,DeepSeek-V3.2,Always Cooperate,101,45,1.0,10.749989717820949,423.6447020416773
deepseek_v32__vs__always_cooperate__seed101,DeepSeek-V3.2,Always Cooperate,101,46,1.0,10.749993763539791,434.3946958052171
deepseek_v32__vs__always_cooperate__seed101,DeepSeek-V3.2,Always Cooperate,101,47,1.0,10.74999621739444,445.14469202261154
deepseek_v32__vs__always_cooperate__seed101,DeepSeek-V3.2,Always Cooperate,101,48,1.0,10.749997705733296,455.8946897283448
deepseek_v32__vs__always_cooperate__seed101,DeepSeek-V3.2,Always Cooperate,101,49,1.0,10.749998608456735,466.64468833680155
deepseek_v32__vs__always_cooperate__seed101,DeepSeek-V3.2,Always Cooperate,101,50,1.0,10.749999155986284,477.39468749278785
deepseek_v32__vs__always_cooperate__seed102,DeepSeek-V3.2,Always Cooperate,102,1,1.0,4.0,4.0
deepseek_v32__vs__always_cooperate__seed102,DeepSeek-V3.2,Always Cooperate,102,2,1.0,4.901899659543274,8.901899659543274
deepseek_v32__vs__always_cooperate__seed102,DeepSeek-V3.2,Always Cooperate,102,3,1.0,5.737743197914256,14.63964285745753
deepseek_v32__vs__always_cooperate__seed102,DeepSeek-V3.2,Always Cooperate,102,4,1.0,6.452973827162612,21.09261668462014
deepseek_v32__vs__always_cooperate__seed102,DeepSeek-V3.2,Always Cooperate,102,5,1.0,7.008693579389945,28.101310264010085
deepseek_v32__vs__always_cooperate__seed102,DeepSeek-V3.2,Always Cooperate,102,6,1.0,7.451631469408346,35.55294173341843
deepseek_v32__vs__always_cooperate__seed102,DeepSeek-V3.2,Always Cooperate,102,7,1.0,7.808117629728304,43.36105936314674
deepseek_v32__vs__always_cooperate__seed102,DeepSeek-V3.2,Always Cooperate,102,8,1.0,8.103994352624522,51.46505371577126
deepseek_v32__vs__always_cooperate__seed102,DeepSeek-V3.2,Always Cooperate,102,9,1.0,8.35970266513893,59.82475638091019
deepseek_v32__vs__always_cooperate__seed102,DeepSeek-V3.2,Always Cooperate,102,10,1.0,8.588234938593196,68.41299131950339
deepseek_v32__vs__always_cooperate__seed102,DeepSeek-V3.2,Always Cooperate,102,11,1.0,8.799565935129063,77.21255725463246
deepseek_v32__vs__always_cooperate__seed102,DeepSeek-V3.2,Always Cooperate,102,12,1.0,9.000142281788616,86.21269953642107
deepseek_v32__vs__always_cooperate__seed102,DeepSeek-V3.2,Always Cooperate,102,13,1.0,9.207703467349035,95.4204030037701
deepseek_v32__vs__always_cooperate__seed102,DeepSeek-V3.2,Always Cooperate,102,14,1.0,9.411153375854852,104.83155637962496
deepseek_v32__vs__always_cooperate__seed102,DeepSeek-V3.2,Always Cooperate,102,15,1.0,9.612069044941965,114.44362542456692
deepseek_v32__vs__always_cooperate__seed102,DeepSeek-V3.2,Always Cooperate,102,16,1.0,9.811425402153066,124.25505082671998
deepseek_v32__vs__always_cooperate__seed102,DeepSeek-V3.2,Always Cooperate,102,17,1.0,10.009823420575632,134.2648742472956
deepseek_v32__vs__always_cooperate__seed102,DeepSeek-V3.2,Always Cooperate,102,18,1.0,10.20763289327224,144.47250714056784
deepseek_v32__vs__always_cooperate__seed102,DeepSeek-V3.2,Always Cooperate,102,19,1.0,10.405081103621242,154.8775882441891
deepseek_v32__vs__always_cooperate__seed102,DeepSeek-V3.2,Always Cooperate,102,20,1.0,10.602307641639356,165.47989588582845
deepseek_v32__vs__always_cooperate__seed102,DeepSeek-V3.2,Always Cooperate,102,21,1.0,10.749659515984732,176.22955540181317
deepseek_v32__vs__always_cooperate__seed102,DeepSeek-V3.2,Always Cooperate,102,22,1.0,10.74979348231664,186.97934888412982
deepseek_v32__vs__always_cooperate__seed102,DeepSeek-V3.2,Always Cooperate,102,23,1.0,10.74987473933614,197.72922362346597
deepseek_v32__vs__always_cooperate__seed102,DeepSeek-V3.2,Always Cooperate,102,24,1.0,10.749924025067646,208.47914764853363
deepseek_v32__vs__always_cooperate__seed102,DeepSeek-V3.2,Always Cooperate,102,25,1.0,10.749953918690487,219.22910156722412
deepseek_v32__vs__always_cooperate__seed102,DeepSeek-V3.2,Always Cooperate,102,26,1.0,10.749972050205368,229.9790736174295
deepseek_v32__vs__always_cooperate__seed102,DeepSeek-V3.2,Always Cooperate,102,27,1.0,10.749983047567767,240.72905666499724
deepseek_v32__vs__always_cooperate__seed102,DeepSeek-V3.2,Always Cooperate,102,28,1.0,10.749989717820949,251.47904638281818
deepseek_v32__vs__always_cooperate__seed102,DeepSeek-V3.2,Always Cooperate,102,29,1.0,10.749993763539791,262.229040146358
deepseek_v32__vs__always_cooperate__seed102,DeepSeek-V3.2,Always Cooperate,102,30,1.0,10.74999621739444,272.9790363637524
deepseek_v32__vs__always_cooperate__seed102,DeepSeek-V3.2,Always Cooperate,102,31,1.0,10.749997705733296,283.7290340694857
deepseek_v32__vs__always_cooperate__seed102,DeepSeek-V3.2,Always Cooperate,102,32,1.0,10.749998608456735,294.4790326779424
deepseek_v32__vs__always_cooperate__seed102,DeepSeek-V3.2,Always Cooperate,102,33,1.0,10.749999155986284,305.22903183392873
deepseek_v32__vs__always_cooperate__seed102,DeepSeek-V3.2,Always Cooperate,102,34,1.0,10.74999948807978,315.9790313220085
deepseek_v32__vs__always_cooperate__seed102,DeepSeek-V3.2,Always Cooperate,102,35,1.0,10.749999689504683,326.7290310115132
deepseek_v32__vs__always_cooperate__seed102,DeepSeek-V3.2,Always Cooperate,102,36,1.0,10.749999811675067,337.4790308231883
deepseek_v32__vs__always_cooperate__seed102,DeepSeek-V3.2,Always Cooperate,102,37,1.0,10.749999885775154,348.2290307089634
deepseek_v32__vs__always_cooperate__seed102,DeepSeek-V3.2,Always Cooperate,102,38,1.0,10.749999930719127,358.97903063968255
deepseek_v32__vs__always_cooperate__seed102,DeepSeek-V3.2,Always Cooperate,102,39,1.0,10.749999957979028,369.72903059766156
deepseek_v32__vs__always_cooperate__seed102,DeepSeek-V3.2,Always Cooperate,102,40,1.0,10.749999974512992,380.47903057217457
deepseek_v32__vs__always_cooperate__seed102,DeepSeek-V3.2,Always Cooperate,102,41,1.0,10.74999998454135,391.22903055671594
deepseek_v32__vs__always_cooperate__seed102,DeepSeek-V3.2,Always Cooperate,102,42,1.0,10.749999990623852,401.9790305473398
deepseek_v32__vs__always_cooperate__seed102,DeepSeek-V3.2,Always Cooperate,102,43,1.0,10.749999994313079,412.7290305416529
deepseek_v32__vs__always_cooperate__seed102,DeepSeek-V3.2,Always Cooperate,102,44,1.0,10.74999999655071,423.4790305382036
deepseek_v32__vs__always_cooperate__seed102,DeepSeek-V3.2,Always Cooperate,102,45,1.0,10.7499999979079,434.22903053611145
deepseek_v32__vs__always_cooperate__seed102,DeepSeek-V3.2,Always Cooperate,102,46,1.0,10.749999998731074,444.97903053484254
deepseek_v32__vs__always_cooperate__seed102,DeepSeek-V3.2,Always Cooperate,102,47,1.0,10.749999999230358,455.7290305340729
deepseek_v32__vs__always_cooperate__seed102,DeepSeek-V3.2,Always Cooperate,102,48,1.0,10.749999999533191,466.4790305336061
deepseek_v32__vs__always_cooperate__seed102,DeepSeek-V3.2,Always Cooperate,102,49,1.0,10.749999999716866,477.22903053332294
deepseek_v32__vs__always_cooperate__seed102,DeepSeek-V3.2,Always Cooperate,102,50,1.0,10.749999999828269,487.9790305331512
deepseek_v32__vs__always_cooperate__seed103,DeepSeek-V3.2,Always Cooperate,103,1,0.5,8.0,8.0
deepseek_v32__vs__always_cooperate__seed103,DeepSeek-V3.2,Always Cooperate,103,2,1.0,4.809042063803192,12.809042063803192
deepseek_v32__vs__always_cooperate__seed103,DeepSeek-V3.2,Always Cooperate,103,3,1.0,5.591329978691661,18.40037204249485
deepseek_v32__vs__always_cooperate__seed103,DeepSeek-V3.2,Always Cooperate,103,4,1.0,6.267085041051246,24.667457083546097
deepseek_v32__vs__always_cooperate__seed103,DeepSeek-V3.2,Always Cooperate,103,5,1.0,6.817733813760466,31.485190897306563
deepseek_v32__vs__always_cooperate__seed103,DeepSeek-V3.2,Always Cooperate,103,6,1.0,7.257195094264214,38.74238599157078
deepseek_v32__vs__always_cooperate__seed103,DeepSeek-V3.2,Always Cooperate,103,7,1.0,7.61140074663942,46.3537867382102
deepseek_v32__vs__always_cooperate__seed103,DeepSeek-V3.2,Always Cooperate,103,8,1.0,7.905824604466034,54.25961134267623
deepseek_v32__vs__always_cooperate__seed103,DeepSeek-V3.2,Always Cooperate,103,9,1.0,8.153837719272499,62.413449061948725
deepseek_v32__vs__always_cooperate__seed103,DeepSeek-V3.2,Always Cooperate,103,10,1.0,8.388595349616686,70.80204441156542
deepseek_v32__vs__always_cooperate__seed103,DeepSeek-V3.2,Always Cooperate,103,11,1.0,8.60639956094937,79.40844397251479
deepseek_v32__vs__always_cooperate__seed103,DeepSeek-V3.2,Always Cooperate,103,12,1.0,8.813597523852277,88.22204149636707
deepseek_v32__vs__always_cooperate__seed103,DeepSeek-V3.2,Always Cooperate,103,13,1.0,9.014210135419109,97.23625163178617
deepseek_v32__vs__always_cooperate__seed103,DeepSeek-V3.2,Always Cooperate,103,14,1.0,9.21075294984836,106.44700458163453
deepseek_v32__vs__always_cooperate__seed103,DeepSeek-V3.2,Always Cooperate,103,15,1.0,9.404787839162122,115.85179242079666
deepseek_v32__vs__always_cooperate__seed103,DeepSeek-V3.2,Always Cooperate,103,16,1.0,9.597280054281072,125.44907247507773
deepseek_v32__vs__always_cooperate__seed103,DeepSeek-V3.2,Always Cooperate,103,17,1.0,9.795659444063368,135.2447319191411
deepseek_v32__vs__always_cooperate__seed103,DeepSeek-V3.2,Always Cooperate,103,18,1.0,9.993457613969056,145.23818953311013
deepseek_v32__vs__always_cooperate__seed103,DeepSeek-V3.2,Always Cooperate,103,19,1.0,10.190898967375276,155.42908850048542
deepseek_v32__vs__always_cooperate__seed103,DeepSeek-V3.2,Always Cooperate,103,20,1.0,10.388121345912491,165.8172098463979
deepseek_v32__vs__always_cooperate__seed103,DeepSeek-V3.2,Always Cooperate,103,21,1.0,10.585209377313287,176.40241922371118
deepseek_v32__vs__always_cooperate__seed103,DeepSeek-V3.2,Always Cooperate,103,22,1.0,10.74979348231664,187.15221270602783
deepseek_v32__vs__always_cooperate__seed103,DeepSeek-V3.2,Always Cooperate,103,23,1.0,10.74987473933614,197.90208744536397
deepseek_v32__vs__always_cooperate__seed103,DeepSeek-V3.2,Always Cooperate,103,24,1.0,10.749924025067646,208.65201147043163
deepseek_v32__vs__always_cooperate__seed103,DeepSeek-V3.2,Always Cooperate,103,25,1.0,10.749953918690487,219.40196538912213
deepseek_v32__vs__always_cooperate__seed103,DeepSeek-V3.2,Always Cooperate,103,26,1.0,10.749972050205368,230.1519374393275
deepseek_v32__vs__always_cooperate__seed103,DeepSeek-V3.2,Always Cooperate,103,27,1.0,10.749983047567767,240.90192048689528
deepseek_v32__vs__always_cooperate__seed103,DeepSeek-V3.2,Always Cooperate,103,28,1.0,10.749989717820949,251.65191020471622
deepseek_v32__vs__always_cooperate__seed103,DeepSeek-V3.2,Always Cooperate,103,29,1.0,10.749993763539791,262.401903968256
deepseek_v32__vs__always_cooperate__seed103,DeepSeek-V3.2,Always Cooperate,103,30,1.0,7.0,269.401903968256
deepseek_v32__vs__always_cooperate__seed103,DeepSeek-V3.2,Always Cooperate,103,31,1.0,7.9184449840139095,277.3203489522699
deepseek_v32__vs__always_cooperate__seed103,DeepSeek-V3.2,Always Cooperate,103,32,1.0,8.732939339725036,286.05328829199493
deepseek_v32__vs__always_cooperate__seed103,DeepSeek-V3.2,Always Cooperate,103,33,1.0,9.381808571452328,295.43509686344726
deepseek_v32__vs__always_cooperate__seed103,DeepSeek-V3.2,Always Cooperate,103,34,1.0,9.855978084834117,305.2910749482814
deepseek_v32__vs__always_cooperate__seed103,DeepSeek-V3.2,Always Cooperate,103,35,1.0,10.181063649840674,315.47213859812206
deepseek_v32__vs__always_cooperate__seed103,DeepSeek-V3.2,Always Cooperate,103,36,1.0,10.39430595116825,325.8664445492903
deepseek_v32__vs__always_cooperate__seed103,DeepSeek-V3.2,Always Cooperate,103,37,1.0,10.53015826936483,336.39660281865514
deepseek_v32__vs__always_cooperate__seed103,DeepSeek-V3.2,Always Cooperate,103,38,1.0,10.61510342528431,347.01170624393944
deepseek_v32__vs__always_cooperate__seed103,DeepSeek-V3.2,Always Cooperate,103,39,1.0,10.667597930270553,357.67930417421
deepseek_v32__vs__always_cooperate__seed103,DeepSeek-V3.2,Always Cooperate,103,40,1.0,10.699803618067861,368.37910779227786
deepseek_v32__vs__always_cooperate__seed103,DeepSeek-V3.2,Always Cooperate,103,41,1.0,10.719473967130781,379.09858175940866
deepseek_v32__vs__always_cooperate__seed103,DeepSeek-V3.2,Always Cooperate,103,42,1.0,10.73145532632524,389.8300370857339
deepseek_v32__vs__always_cooperate__seed103,DeepSeek-V3.2,Always Cooperate,103,43,1.0,10.738741133074473,400.5687782188084
deepseek_v32__vs__always_cooperate__seed103,DeepSeek-V3.2,Always Cooperate,103,44,1.0,10.743167116041995,411.3119453348504
deepseek_v32__vs__always_cooperate__seed103,DeepSeek-V3.2,Always Cooperate,103,45,1.0,10.745854160223072,422.0577994950735
deepseek_v32__vs__always_cooperate__seed103,DeepSeek-V3.2,Always Cooperate,103,46,1.0,7.0,429.0577994950735
deepseek_v32__vs__always_cooperate__seed103,DeepSeek-V3.2,Always Cooperate,103,47,1.0,7.9184449840139095,436.97624447908737
deepseek_v32__vs__always_cooperate__seed103,DeepSeek-V3.2,Always Cooperate,103,48,1.0,7.0,443.97624447908737
deepseek_v32__vs__always_cooperate__seed103,DeepSeek-V3.2,Always Cooperate,103,49,1.0,7.9184449840139095,451.89468946310126
deepseek_v32__vs__always_cooperate__seed103,DeepSeek-V3.2,Always Cooperate,103,50,1.0,8.732939339725036,460.6276288028263
deepseek_v32__vs__always_cooperate__seed104,DeepSeek-V3.2,Always Cooperate,104,1,0.5,8.0,8.0
deepseek_v32__vs__always_cooperate__seed104,DeepSeek-V3.2,Always Cooperate,104,2,1.0,4.809042063803192,12.809042063803192
deepseek_v32__vs__always_cooperate__seed104,DeepSeek-V3.2,Always Cooperate,104,3,1.0,5.542525572284129,18.35156763608732
deepseek_v32__vs__always_cooperate__seed104,DeepSeek-V3.2,Always Cooperate,104,4,1.0,6.148792177162196,24.500359813249517
deepseek_v32__vs__always_cooperate__seed104,DeepSeek-V3.2,Always Cooperate,104,5,1.0,6.644134026824581,31.144493840074098
deepseek_v32__vs__always_cooperate__seed104,DeepSeek-V3.2,Always Cooperate,104,6,1.0,7.03801227137447,38.18250611144857
deepseek_v32__vs__always_cooperate__seed104,DeepSeek-V3.2,Always Cooperate,104,7,1.0,7.353880463323065,45.53638657477163
deepseek_v32__vs__always_cooperate__seed104,DeepSeek-V3.2,Always Cooperate,104,8,1.0,7.615518791579319,53.15190536635095
deepseek_v32__vs__always_cooperate__seed104,DeepSeek-V3.2,Always Cooperate,104,9,1.0,7.841840829571643,60.9937461959226
deepseek_v32__vs__always_cooperate__seed104,DeepSeek-V3.2,Always Cooperate,104,10,1.0,8.055300944903315,69.0490471408259
deepseek_v32__vs__always_cooperate__seed104,DeepSeek-V3.2,Always Cooperate,104,11,1.0,5.025625,74.07467214082591
deepseek_v32__vs__always_cooperate__seed104,DeepSeek-V3.2,Always Cooperate,104,12,1.0,5.967108936390202,80.04178107721611
deepseek_v32__vs__always_cooperate__seed104,DeepSeek-V3.2,Always Cooperate,104,13,1.0,6.833053518860421,86.87483459607654
deepseek_v32__vs__always_cooperate__seed104,DeepSeek-V3.2,Always Cooperate,104,14,1.0,7.565409575735556,94.4402441718121
deepseek_v32__vs__always_cooperate__seed104,DeepSeek-V3.2,Always Cooperate,104,15,1.0,8.151476176819322,102.59172034863141
deepseek_v32__vs__always_cooperate__seed104,DeepSeek-V3.2,Always Cooperate,104,16,1.0,8.609916732766937,111.20163708139835
deepseek_v32__vs__always_cooperate__seed104,DeepSeek-V3.2,Always Cooperate,104,17,1.0,8.971046528196599,120.17268360959494
deepseek_v32__vs__always_cooperate__seed104,DeepSeek-V3.2,Always Cooperate,104,18,1.0,9.26393078762489,129.43661439721984
deepseek_v32__vs__always_cooperate__seed104,DeepSeek-V3.2,Always Cooperate,104,19,1.0,6.1106249999999935,135.54723939721984
deepseek_v32__vs__always_cooperate__seed104,DeepSeek-V3.2,Always Cooperate,104,20,1.0,7.118543123567202,142.66578252078705
deepseek_v32__vs__always_cooperate__seed104,DeepSeek-V3.2,Always Cooperate,104,21,1.0,8.04340279776719,150.70918531855423
deepseek_v32__vs__always_cooperate__seed104,DeepSeek-V3.2,Always Cooperate,104,22,1.0,8.8226937290706,159.53187904762484
deepseek_v32__vs__always_cooperate__seed104,DeepSeek-V3.2,Always Cooperate,104,23,1.0,6.609374999999991,166.14125404762484
deepseek_v32__vs__always_cooperate__seed104,DeepSeek-V3.2,Always Cooperate,104,24,1.0,7.601402621415621,173.74265666904046
deepseek_v32__vs__always_cooperate__seed104,DeepSeek-V3.2,Always Cooperate,104,25,1.0,8.502164217997986,182.24482088703843
deepseek_v32__vs__always_cooperate__seed104,DeepSeek-V3.2,Always Cooperate,104,26,1.0,9.2358738036545,191.48069469069293
deepseek_v32__vs__always_cooperate__seed104,DeepSeek-V3.2,Always Cooperate,104,27,1.0,9.828450118619987,201.30914480931293
deepseek_v32__vs__always_cooperate__seed104,DeepSeek-V3.2,Always Cooperate,104,28,1.0,10.181063649840674,211.4902084591536
deepseek_v32__vs__always_cooperate__seed104,DeepSeek-V3.2,Always Cooperate,104,29,1.0,10.39430595116825,221.88451441032186
deepseek_v32__vs__always_cooperate__seed104,DeepSeek-V3.2,Always Cooperate,104,30,1.0,10.53015826936483,232.41467267968667
deepseek_v32__vs__always_cooperate__seed104,DeepSeek-V3.2,Always Cooperate,104,31,1.0,10.61510342528431,243.02977610497098
deepseek_v32__vs__always_cooperate__seed104,DeepSeek-V3.2,Always Cooperate,104,32,1.0,10.667597930270553,253.69737403524152
deepseek_v32__vs__always_cooperate__seed104,DeepSeek-V3.2,Always Cooperate,104,33,1.0,10.699803618067861,264.39717765330937
deepseek_v32__vs__always_cooperate__seed104,DeepSeek-V3.2,Always Cooperate,104,34,1.0,10.719473967130781,275.11665162044017
deepseek_v32__vs__always_cooperate__seed104,DeepSeek-V3.2,Always Cooperate,104,35,1.0,10.73145532632524,285.8481069467654
deepseek_v32__vs__always_cooperate__seed104,DeepSeek-V3.2,Always Cooperate,104,36,1.0,10.738741133074473,296.5868480798399
deepseek_v32__vs__always_cooperate__seed104,DeepSeek-V3.2,Always Cooperate,104,37,1.0,10.743167116041995,307.3300151958819
deepseek_v32__vs__always_cooperate__seed104,DeepSeek-V3.2,Always Cooperate,104,38,1.0,10.745854160223072,318.075869356105
deepseek_v32__vs__always_cooperate__seed104,DeepSeek-V3.2,Always Cooperate,104,39,1.0,10.747484874021502,328.8233542301265
deepseek_v32__vs__always_cooperate__seed104,DeepSeek-V3.2,Always Cooperate,104,40,1.0,10.748474297664586,339.57182852779107
deepseek_v32__vs__always_cooperate__seed104,DeepSeek-V3.2,Always Cooperate,104,41,1.0,10.749074540680102,350.3209030684712
deepseek_v32__vs__always_cooperate__seed104,DeepSeek-V3.2,Always Cooperate,104,42,1.0,10.74943865329367,361.07034172176486
deepseek_v32__vs__always_cooperate__seed104,DeepSeek-V3.2,Always Cooperate,104,43,1.0,10.749659515984732,371.8200012377496
deepseek_v32__vs__always_cooperate__seed104,DeepSeek-V3.2,Always Cooperate,104,44,1.0,10.74979348231664,382.5697947200662
deepseek_v32__vs__always_cooperate__seed104,DeepSeek-V3.2,Always Cooperate,104,45,1.0,10.74987473933614,393.31966945940235
deepseek_v32__vs__always_cooperate__seed104,DeepSeek-V3.2,Always Cooperate,104,46,1.0,10.749924025067646,404.06959348447
deepseek_v32__vs__always_cooperate__seed104,DeepSeek-V3.2,Always Cooperate,104,47,1.0,10.749953918690487,414.81954740316047
deepseek_v32__vs__always_cooperate__seed104,DeepSeek-V3.2,Always Cooperate,104,48,1.0,10.749972050205368,425.56951945336584
deepseek_v32__vs__always_cooperate__seed104,DeepSeek-V3.2,Always Cooperate,104,49,1.0,10.749983047567767,436.3195025009336
deepseek_v32__vs__always_cooperate__seed104,DeepSeek-V3.2,Always Cooperate,104,50,1.0,10.749989717820949,447.06949221875453
deepseek_v32__vs__always_cooperate__seed105,DeepSeek-V3.2,Always Cooperate,105,1,1.0,4.0,4.0
deepseek_v32__vs__always_cooperate__seed105,DeepSeek-V3.2,Always Cooperate,105,2,1.0,4.901899659543274,8.901899659543274
deepseek_v32__vs__always_cooperate__seed105,DeepSeek-V3.2,Always Cooperate,105,3,1.0,5.737743197914256,14.63964285745753
deepseek_v32__vs__always_cooperate__seed105,DeepSeek-V3.2,Always Cooperate,105,4,1.0,6.452973827162612,21.09261668462014
deepseek_v32__vs__always_cooperate__seed105,DeepSeek-V3.2,Always Cooperate,105,5,1.0,7.03473354743033,28.127350232050468
deepseek_v32__vs__always_cooperate__seed105,DeepSeek-V3.2,Always Cooperate,105,6,1.0,7.499356761489178,35.62670699353964
deepseek_v32__vs__always_cooperate__seed105,DeepSeek-V3.2,Always Cooperate,105,7,1.0,7.874286035858203,43.50099302939785
deepseek_v32__vs__always_cooperate__seed105,DeepSeek-V3.2,Always Cooperate,105,8,1.0,8.186093248290184,51.68708627768803
deepseek_v32__vs__always_cooperate__seed105,DeepSeek-V3.2,Always Cooperate,105,9,1.0,8.455751427951338,60.142837705639366
deepseek_v32__vs__always_cooperate__seed105,DeepSeek-V3.2,Always Cooperate,105,10,1.0,8.698166348627016,68.84100405426638
deepseek_v32__vs__always_cooperate__seed105,DeepSeek-V3.2,Always Cooperate,105,11,1.0,8.923322274351424,77.7643263286178
deepseek_v32__vs__always_cooperate__seed105,DeepSeek-V3.2,Always Cooperate,105,12,1.0,9.137678416908237,86.90200474552603
deepseek_v32__vs__always_cooperate__seed105,DeepSeek-V3.2,Always Cooperate,105,13,1.0,9.345327632177181,96.2473323777032
deepseek_v32__vs__always_cooperate__seed105,DeepSeek-V3.2,Always Cooperate,105,14,1.0,9.548831071124255,105.79616344882746
deepseek_v32__vs__always_cooperate__seed105,DeepSeek-V3.2,Always Cooperate,105,15,1.0,9.749779258891781,115.54594270771923
deepseek_v32__vs__always_cooperate__seed105,DeepSeek-V3.2,Always Cooperate,105,16,1.0,9.949155358413602,125.49509806613284
deepseek_v32__vs__always_cooperate__seed105,DeepSeek-V3.2,Always Cooperate,105,17,1.0,10.147565358052827,135.64266342418566
deepseek_v32__vs__always_cooperate__seed105,DeepSeek-V3.2,Always Cooperate,105,18,1.0,10.34538210026481,145.98804552445046
deepseek_v32__vs__always_cooperate__seed105,DeepSeek-V3.2,Always Cooperate,105,19,1.0,10.542834720732635,156.53088024518308
deepseek_v32__vs__always_cooperate__seed105,DeepSeek-V3.2,Always Cooperate,105,20,1.0,10.740063933967036,167.27094417915012
deepseek_v32__vs__always_cooperate__seed105,DeepSeek-V3.2,Always Cooperate,105,21,1.0,10.749659515984732,178.02060369513487
deepseek_v32__vs__always_cooperate__seed105,DeepSeek-V3.2,Always Cooperate,105,22,1.0,10.74979348231664,188.7703971774515
deepseek_v32__vs__always_cooperate__seed105,DeepSeek-V3.2,Always Cooperate,105,23,1.0,10.74987473933614,199.52027191678766
deepseek_v32__vs__always_cooperate__seed105,DeepSeek-V3.2,Always Cooperate,105,24,1.0,10.749924025067646,210.27019594185532
deepseek_v32__vs__always_cooperate__seed105,DeepSeek-V3.2,Always Cooperate,105,25,1.0,10.749953918690487,221.0201498605458
deepseek_v32__vs__always_cooperate__seed105,DeepSeek-V3.2,Always Cooperate,105,26,1.0,10.749972050205368,231.7701219107512
deepseek_v32__vs__always_cooperate__seed105,DeepSeek-V3.2,Always Cooperate,105,27,1.0,10.749983047567767,242.52010495831894
deepseek_v32__vs__always_cooperate__seed105,DeepSeek-V3.2,Always Cooperate,105,28,1.0,10.749989717820949,253.27009467613988
deepseek_v32__vs__always_cooperate__seed105,DeepSeek-V3.2,Always Cooperate,105,29,1.0,10.749993763539791,264.0200884396797
deepseek_v32__vs__always_cooperate__seed105,DeepSeek-V3.2,Always Cooperate,105,30,1.0,10.74999621739444,274.7700846570741
deepseek_v32__vs__always_cooperate__seed105,DeepSeek-V3.2,Always Cooperate,105,31,1.0,10.749997705733296,285.5200823628074
deepseek_v32__vs__always_cooperate__seed105,DeepSeek-V3.2,Always Cooperate,105,32,1.0,10.749998608456735,296.2700809712641
deepseek_v32__vs__always_cooperate__seed105,DeepSeek-V3.2,Always Cooperate,105,33,1.0,10.749999155986284,307.0200801272504
deepseek_v32__vs__always_cooperate__seed105,DeepSeek-V3.2,Always Cooperate,105,34,1.0,10.74999948807978,317.7700796153302
deepseek_v32__vs__always_cooperate__seed105,DeepSeek-V3.2,Always Cooperate,105,35,1.0,10.749999689504683,328.5200793048349
deepseek_v32__vs__always_cooperate__seed105,DeepSeek-V3.2,Always Cooperate,105,36,1.0,10.749999811675067,339.27007911651
deepseek_v32__vs__always_cooperate__seed105,DeepSeek-V3.2,Always Cooperate,105,37,1.0,10.749999885775154,350.0200790022851
deepseek_v32__vs__always_cooperate__seed105,DeepSeek-V3.2,Always Cooperate,105,38,1.0,10.749999930719127,360.77007893300424
deepseek_v32__vs__always_cooperate__seed105,DeepSeek-V3.2,Always Cooperate,105,39,1.0,10.749999957979028,371.52007889098326
deepseek_v32__vs__always_cooperate__seed105,DeepSeek-V3.2,Always Cooperate,105,40,1.0,10.749999974512992,382.27007886549626
deepseek_v32__vs__always_cooperate__seed105,DeepSeek-V3.2,Always Cooperate,105,41,1.0,10.74999998454135,393.02007885003763
deepseek_v32__vs__always_cooperate__seed105,DeepSeek-V3.2,Always Cooperate,105,42,1.0,10.749999990623852,403.7700788406615
deepseek_v32__vs__always_cooperate__seed105,DeepSeek-V3.2,Always Cooperate,105,43,1.0,10.749999994313079,414.5200788349746
deepseek_v32__vs__always_cooperate__seed105,DeepSeek-V3.2,Always Cooperate,105,44,1.0,10.74999999655071,425.27007883152527
deepseek_v32__vs__always_cooperate__seed105,DeepSeek-V3.2,Always Cooperate,105,45,1.0,10.7499999979079,436.02007882943315
deepseek_v32__vs__always_cooperate__seed105,DeepSeek-V3.2,Always Cooperate,105,46,1.0,10.749999998731074,446.77007882816423
deepseek_v32__vs__always_cooperate__seed105,DeepSeek-V3.2,Always Cooperate,105,47,1.0,10.749999999230358,457.52007882739457
deepseek_v32__vs__always_cooperate__seed105,DeepSeek-V3.2,Always Cooperate,105,48,1.0,10.749999999533191,468.2700788269278
deepseek_v32__vs__always_cooperate__seed105,DeepSeek-V3.2,Always Cooperate,105,49,1.0,10.749999999716866,479.02007882664464
deepseek_v32__vs__always_cooperate__seed105,DeepSeek-V3.2,Always Cooperate,105,50,1.0,10.749999999828269,489.7700788264729
deepseek_v32__vs__always_defect__seed101,DeepSeek-V3.2,Always Defect,101,1,0.0,0.0,0.0
deepseek_v32__vs__always_defect__seed101,DeepSeek-V3.2,Always Defect,101,2,0.0,0.0,0.0
deepseek_v32__vs__always_defect__seed101,DeepSeek-V3.2,Always Defect,101,3,0.0,0.0,0.0
deepseek_v32__vs__always_defect__seed101,DeepSeek-V3.2,Always Defect,101,4,0.0,0.0,0.0
deepseek_v32__vs__always_defect__seed101,DeepSeek-V3.2,Always Defect,101,5,0.0,0.0,0.0
deepseek_v32__vs__always_defect__seed101,DeepSeek-V3.2,Always Defect,101,6,0.0,0.0,0.0
deepseek_v32__vs__always_defect__seed101,DeepSeek-V3.2,Always Defect,101,7,0.0,0.0,0.0
deepseek_v32__vs__always_defect__seed101,DeepSeek-V3.2,Always Defect,101,8,0.0,0.0,0.0
deepseek_v32__vs__always_defect__seed101,DeepSeek-V3.2,Always Defect,101,9,0.0,0.0,0.0
deepseek_v32__vs__always_defect__seed101,DeepSeek-V3.2,Always Defect,101,10,0.0,0.0,0.0
deepseek_v32__vs__always_defect__seed101,DeepSeek-V3.2,Always Defect,101,11,0.0,0.0,0.0
deepseek_v32__vs__always_defect__seed101,DeepSeek-V3.2,Always Defect,101,12,0.0,0.0,0.0
deepseek_v32__vs__always_defect__seed101,DeepSeek-V3.2,Always Defect,101,13,0.0,0.0,0.0
deepseek_v32__vs__always_defect__seed101,DeepSeek-V3.2,Always Defect,101,14,0.0,0.0,0.0
deepseek_v32__vs__always_defect__seed101,DeepSeek-V3.2,Always Defect,101,15,0.0,0.0,0.0
deepseek_v32__vs__always_defect__seed101,DeepSeek-V3.2,Always Defect,101,16,0.0,0.0,0.0
deepseek_v32__vs__always_defect__seed101,DeepSeek-V3.2,Always Defect,101,17,0.0,0.0,0.0
deepseek_v32__vs__always_defect__seed101,DeepSeek-V3.2,Always Defect,101,18,0.0,0.0,0.0
deepseek_v32__vs__always_defect__seed101,DeepSeek-V3.2,Always Defect,101,19,0.0,0.0,0.0
deepseek_v32__vs__always_defect__seed101,DeepSeek-V3.2,Always Defect,101,20,0.0,0.0,0.0
deepseek_v32__vs__always_defect__seed101,DeepSeek-V3.2,Always Defect,101,21,0.0,0.0,0.0
deepseek_v32__vs__always_defect__seed101,DeepSeek-V3.2,Always Defect,101,22,0.0,0.0,0.0
deepseek_v32__vs__always_defect__seed101,DeepSeek-V3.2,Always Defect,101,23,0.0,0.0,0.0
deepseek_v32__vs__always_defect__seed101,DeepSeek-V3.2,Always Defect,101,24,0.0,0.0,0.0
deepseek_v32__vs__always_defect__seed101,DeepSeek-V3.2,Always Defect,101,25,0.0,0.0,0.0
deepseek_v32__vs__always_defect__seed101,DeepSeek-V3.2,Always Defect,101,26,0.0,0.0,0.0
deepseek_v32__vs__always_defect__seed101,DeepSeek-V3.2,Always Defect,101,27,0.0,0.0,0.0
deepseek_v32__vs__always_defect__seed101,DeepSeek-V3.2,Always Defect,101,28,0.0,0.0,0.0
deepseek_v32__vs__always_defect__seed101,DeepSeek-V3.2,Always Defect,101,29,0.0,0.0,0.0
deepseek_v32__vs__always_defect__seed101,DeepSeek-V3.2,Always Defect,101,30,0.0,0.0,0.0
deepseek_v32__vs__always_defect__seed101,DeepSeek-V3.2,Always Defect,101,31,0.0,0.0,0.0
deepseek_v32__vs__always_defect__seed101,DeepSeek-V3.2,Always Defect,101,32,0.0,0.0,0.0
deepseek_v32__vs__always_defect__seed101,DeepSeek-V3.2,Always Defect,101,33,0.0,0.0,0.0
deepseek_v32__vs__always_defect__seed101,DeepSeek-V3.2,Always Defect,101,34,0.0,0.0,0.0
deepseek_v32__vs__always_defect__seed101,DeepSeek-V3.2,Always Defect,101,35,0.0,0.0,0.0
deepseek_v32__vs__always_defect__seed101,DeepSeek-V3.2,Always Defect,101,36,0.0,0.0,0.0
deepseek_v32__vs__always_defect__seed101,DeepSeek-V3.2,Always Defect,101,37,0.0,0.0,0.0
deepseek_v32__vs__always_defect__seed101,DeepSeek-V3.2,Always Defect,101,38,0.0,0.0,0.0
deepseek_v32__vs__always_defect__seed101,DeepSeek-V3.2,Always Defect,101,39,0.0,0.0,0.0
deepseek_v32__vs__always_defect__seed101,DeepSeek-V3.2,Always Defect,101,40,0.0,0.0,0.0
deepseek_v32__vs__always_defect__seed101,DeepSeek-V3.2,Always Defect,101,41,0.0,0.0,0.0
deepseek_v32__vs__always_defect__seed101,DeepSeek-V3.2,Always Defect,101,42,0.0,0.0,0.0
deepseek_v32__vs__always_defect__seed101,DeepSeek-V3.2,Always Defect,101,43,0.0,0.0,0.0
deepseek_v32__vs__always_defect__seed101,DeepSeek-V3.2,Always Defect,101,44,0.0,0.0,0.0
deepseek_v32__vs__always_defect__seed101,DeepSeek-V3.2,Always Defect,101,45,0.0,0.0,0.0
deepseek_v32__vs__always_defect__seed101,DeepSeek-V3.2,Always Defect,101,46,0.0,0.0,0.0
deepseek_v32__vs__always_defect__seed101,DeepSeek-V3.2,Always Defect,101,47,0.0,0.0,0.0
deepseek_v32__vs__always_defect__seed101,DeepSeek-V3.2,Always Defect,101,48,0.0,0.0,0.0
deepseek_v32__vs__always_defect__seed101,DeepSeek-V3.2,Always Defect,101,49,0.0,0.0,0.0
deepseek_v32__vs__always_defect__seed101,DeepSeek-V3.2,Always Defect,101,50,0.0,0.0,0.0
deepseek_v32__vs__always_defect__seed102,DeepSeek-V3.2,Always Defect,102,1,0.25,-2.0,-2.0
deepseek_v32__vs__always_defect__seed102,DeepSeek-V3.2,Always Defect,102,2,0.0,0.0,-2.0
deepseek_v32__vs__always_defect__seed102,DeepSeek-V3.2,Always Defect,102,3,0.0,0.0,-2.0
deepseek_v32__vs__always_defect__seed102,DeepSeek-V3.2,Always Defect,102,4,0.0,0.0,-2.0
deepseek_v32__vs__always_defect__seed102,DeepSeek-V3.2,Always Defect,102,5,0.75,-6.0,-8.0
deepseek_v32__vs__always_defect__seed102,DeepSeek-V3.2,Always Defect,102,6,0.0,0.0,-8.0
deepseek_v32__vs__always_defect__seed102,DeepSeek-V3.2,Always Defect,102,7,0.0,0.0,-8.0
deepseek_v32__vs__always_defect__seed102,DeepSeek-V3.2,Always Defect,102,8,0.0,0.0,-8.0
deepseek_v32__vs__always_defect__seed102,DeepSeek-V3.2,Always Defect,102,9,0.0,0.0,-8.0
deepseek_v32__vs__always_defect__seed102,DeepSeek-V3.2,Always Defect,102,10,0.0,0.0,-8.0
deepseek_v32__vs__always_defect__seed102,DeepSeek-V3.2,Always Defect,102,11,0.0,0.0,-8.0
deepseek_v32__vs__always_defect__seed102,DeepSeek-V3.2,Always Defect,102,12,0.0,0.0,-8.0
deepseek_v32__vs__always_defect__seed102,DeepSeek-V3.2,Always Defect,102,13,0.0,0.0,-8.0
deepseek_v32__vs__always_defect__seed102,DeepSeek-V3.2,Always Defect,102,14,0.0,0.0,-8.0
deepseek_v32__vs__always_defect__seed102,DeepSeek-V3.2,Always Defect,102,15,0.0,0.0,-8.0
deepseek_v32__vs__always_defect__seed102,DeepSeek-V3.2,Always Defect,102,16,0.0,0.0,-8.0
deepseek_v32__vs__always_defect__seed102,DeepSeek-V3.2,Always Defect,102,17,0.0,0.0,-8.0
deepseek_v32__vs__always_defect__seed102,DeepSeek-V3.2,Always Defect,102,18,0.0,0.0,-8.0
deepseek_v32__vs__always_defect__seed102,DeepSeek-V3.2,Always Defect,102,19,0.0,0.0,-8.0
deepseek_v32__vs__always_defect__seed102,DeepSeek-V3.2,Always Defect,102,20,0.0,0.0,-8.0
deepseek_v32__vs__always_defect__seed102,DeepSeek-V3.2,Always Defect,102,21,0.0,0.0,-8.0
deepseek_v32__vs__always_defect__seed102,DeepSeek-V3.2,Always Defect,102,22,0.0,0.0,-8.0
deepseek_v32__vs__always_defect__seed102,DeepSeek-V3.2,Always Defect,102,23,0.0,0.0,-8.0
deepseek_v32__vs__always_defect__seed102,DeepSeek-V3.2,Always Defect,102,24,0.0,0.0,-8.0
deepseek_v32__vs__always_defect__seed102,DeepSeek-V3.2,Always Defect,102,25,0.0,0.0,-8.0
deepseek_v32__vs__always_defect__seed102,DeepSeek-V3.2,Always Defect,102,26,0.0,0.0,-8.0
deepseek_v32__vs__always_defect__seed102,DeepSeek-V3.2,Always Defect,102,27,0.0,0.0,-8.0
deepseek_v32__vs__always_defect__seed102,DeepSeek-V3.2,Always Defect,102,28,0.0,0.0,-8.0
deepseek_v32__vs__always_defect__seed102,DeepSeek-V3.2,Always Defect,102,29,0.0,0.0,-8.0
deepseek_v32__vs__always_defect__seed102,DeepSeek-V3.2,Always Defect,102,30,0.0,0.0,-8.0
deepseek_v32__vs__always_defect__seed102,DeepSeek-V3.2,Always Defect,102,31,0.0,0.0,-8.0
deepseek_v32__vs__always_defect__seed102,DeepSeek-V3.2,Always Defect,102,32,0.0,0.0,-8.0
deepseek_v32__vs__always_defect__seed102,DeepSeek-V3.2,Always Defect,102,33,0.0,0.0,-8.0
deepseek_v32__vs__always_defect__seed102,DeepSeek-V3.2,Always Defect,102,34,0.0,0.0,-8.0
deepseek_v32__vs__always_defect__seed102,DeepSeek-V3.2,Always Defect,102,35,0.0,0.0,-8.0
deepseek_v32__vs__always_defect__seed102,DeepSeek-V3.2,Always Defect,102,36,0.0,0.0,-8.0
deepseek_v32__vs__always_defect__seed102,DeepSeek-V3.2,Always Defect,102,37,0.0,0.0,-8.0
deepseek_v32__vs__always_defect__seed102,DeepSeek-V3.2,Always Defect,102,38,0.0,0.0,-8.0
deepseek_v32__vs__always_defect__seed102,DeepSeek-V3.2,Always Defect,102,39,0.0,0.0,-8.0
deepseek_v32__vs__always_defect__seed102,DeepSeek-V3.2,Always Defect,102,40,0.0,0.0,-8.0
deepseek_v32__vs__always_defect__seed102,DeepSeek-V3.2,Always Defect,102,41,0.0,0.0,-8.0
deepseek_v32__vs__always_defect__seed102,DeepSeek-V3.2,Always Defect,102,42,0.0,0.0,-8.0
deepseek_v32__vs__always_defect__seed102,DeepSeek-V3.2,Always Defect,102,43,0.0,0.0,-8.0
deepseek_v32__vs__always_defect__seed102,DeepSeek-V3.2,Always Defect,102,44,0.0,0.0,-8.0
deepseek_v32__vs__always_defect__seed102,DeepSeek-V3.2,Always Defect,102,45,0.0,0.0,-8.0
deepseek_v32__vs__always_defect__seed102,DeepSeek-V3.2,Always Defect,102,46,0.0,0.0,-8.0
deepseek_v32__vs__always_defect__seed102,DeepSeek-V3.2,Always Defect,102,47,0.0,0.0,-8.0
deepseek_v32__vs__always_defect__seed102,DeepSeek-V3.2,Always Defect,102,48,0.0,0.0,-8.0
deepseek_v32__vs__always_defect__seed102,DeepSeek-V3.2,Always Defect,102,49,0.0,0.0,-8.0
deepseek_v32__vs__always_defect__seed102,DeepSeek-V3.2,Always Defect,102,50,0.0,0.0,-8.0
deepseek_v32__vs__always_defect__seed103,DeepSeek-V3.2,Always Defect,103,1,1.0,-8.0,-8.0
deepseek_v32__vs__always_defect__seed103,DeepSeek-V3.2,Always Defect,103,2,0.0,0.0,-8.0
deepseek_v32__vs__always_defect__seed103,DeepSeek-V3.2,Always Defect,103,3,0.0,0.0,-8.0
deepseek_v32__vs__always_defect__seed103,DeepSeek-V3.2,Always Defect,103,4,0.0,0.0,-8.0
deepseek_v32__vs__always_defect__seed103,DeepSeek-V3.2,Always Defect,103,5,0.0,0.0,-8.0
deepseek_v32__vs__always_defect__seed103,DeepSeek-V3.2,Always Defect,103,6,0.0,0.0,-8.0
deepseek_v32__vs__always_defect__seed103,DeepSeek-V3.2,Always Defect,103,7,0.0,0.0,-8.0
deepseek_v32__vs__always_defect__seed103,DeepSeek-V3.2,Always Defect,103,8,1.0,-8.0,-16.0
deepseek_v32__vs__always_defect__seed103,DeepSeek-V3.2,Always Defect,103,9,0.0,0.0,-16.0
deepseek_v32__vs__always_defect__seed103,DeepSeek-V3.2,Always Defect,103,10,0.0,0.0,-16.0
deepseek_v32__vs__always_defect__seed103,DeepSeek-V3.2,Always Defect,103,11,0.0,0.0,-16.0
deepseek_v32__vs__always_defect__seed103,DeepSeek-V3.2,Always Defect,103,12,0.0,0.0,-16.0
deepseek_v32__vs__always_defect__seed103,DeepSeek-V3.2,Always Defect,103,13,0.0,0.0,-16.0
deepseek_v32__vs__always_defect__seed103,DeepSeek-V3.2,Always Defect,103,14,0.0,0.0,-16.0
deepseek_v32__vs__always_defect__seed103,DeepSeek-V3.2,Always Defect,103,15,0.0,0.0,-16.0
deepseek_v32__vs__always_defect__seed103,DeepSeek-V3.2,Always Defect,103,16,0.0,0.0,-16.0
deepseek_v32__vs__always_defect__seed103,DeepSeek-V3.2,Always Defect,103,17,0.0,0.0,-16.0
deepseek_v32__vs__always_defect__seed103,DeepSeek-V3.2,Always Defect,103,18,0.0,0.0,-16.0
deepseek_v32__vs__always_defect__seed103,DeepSeek-V3.2,Always Defect,103,19,0.0,0.0,-16.0
deepseek_v32__vs__always_defect__seed103,DeepSeek-V3.2,Always Defect,103,20,0.0,0.0,-16.0
deepseek_v32__vs__always_defect__seed103,DeepSeek-V3.2,Always Defect,103,21,0.0,0.0,-16.0
deepseek_v32__vs__always_defect__seed103,DeepSeek-V3.2,Always Defect,103,22,0.0,0.0,-16.0
deepseek_v32__vs__always_defect__seed103,DeepSeek-V3.2,Always Defect,103,23,0.0,0.0,-16.0
deepseek_v32__vs__always_defect__seed103,DeepSeek-V3.2,Always Defect,103,24,0.0,0.0,-16.0
deepseek_v32__vs__always_defect__seed103,DeepSeek-V3.2,Always Defect,103,25,0.0,0.0,-16.0
deepseek_v32__vs__always_defect__seed103,DeepSeek-V3.2,Always Defect,103,26,0.0,0.0,-16.0
deepseek_v32__vs__always_defect__seed103,DeepSeek-V3.2,Always Defect,103,27,0.0,0.0,-16.0
deepseek_v32__vs__always_defect__seed103,DeepSeek-V3.2,Always Defect,103,28,0.0,0.0,-16.0
deepseek_v32__vs__always_defect__seed103,DeepSeek-V3.2,Always Defect,103,29,0.0,0.0,-16.0
deepseek_v32__vs__always_defect__seed103,DeepSeek-V3.2,Always Defect,103,30,0.0,0.0,-16.0
deepseek_v32__vs__always_defect__seed103,DeepSeek-V3.2,Always Defect,103,31,0.0,0.0,-16.0
deepseek_v32__vs__always_defect__seed103,DeepSeek-V3.2,Always Defect,103,32,0.0,0.0,-16.0
deepseek_v32__vs__always_defect__seed103,DeepSeek-V3.2,Always Defect,103,33,0.0,0.0,-16.0
deepseek_v32__vs__always_defect__seed103,DeepSeek-V3.2,Always Defect,103,34,0.0,0.0,-16.0
deepseek_v32__vs__always_defect__seed103,DeepSeek-V3.2,Always Defect,103,35,0.0,0.0,-16.0
deepseek_v32__vs__always_defect__seed103,DeepSeek-V3.2,Always Defect,103,36,0.0,0.0,-16.0
deepseek_v32__vs__always_defect__seed103,DeepSeek-V3.2,Always Defect,103,37,0.0,0.0,-16.0
deepseek_v32__vs__always_defect__seed103,DeepSeek-V3.2,Always Defect,103,38,0.0,0.0,-16.0
deepseek_v32__vs__always_defect__seed103,DeepSeek-V3.2,Always Defect,103,39,0.0,0.0,-16.0
deepseek_v32__vs__always_defect__seed103,DeepSeek-V3.2,Always Defect,103,40,0.0,0.0,-16.0
deepseek_v32__vs__always_defect__seed103,DeepSeek-V3.2,Always Defect,103,41,0.0,0.0,-16.0
deepseek_v32__vs__always_defect__seed103,DeepSeek-V3.2,Always Defect,103,42,0.0,0.0,-16.0
deepseek_v32__vs__always_defect__seed103,DeepSeek-V3.2,Always Defect,103,43,0.0,0.0,-16.0
deepseek_v32__vs__always_defect__seed103,DeepSeek-V3.2,Always Defect,103,44,0.0,0.0,-16.0
deepseek_v32__vs__always_defect__seed103,DeepSeek-V3.2,Always Defect,103,45,0.0,0.0,-16.0
deepseek_v32__vs__always_defect__seed103,DeepSeek-V3.2,Always Defect,103,46,0.0,0.0,-16.0
deepseek_v32__vs__always_defect__seed103,DeepSeek-V3.2,Always Defect,103,47,0.0,0.0,-16.0
deepseek_v32__vs__always_defect__seed103,DeepSeek-V3.2,Always Defect,103,48,0.0,0.0,-16.0
deepseek_v32__vs__always_defect__seed103,DeepSeek-V3.2,Always Defect,103,49,0.0,0.0,-16.0
deepseek_v32__vs__always_defect__seed103,DeepSeek-V3.2,Always Defect,103,50,0.0,0.0,-16.0
deepseek_v32__vs__always_defect__seed104,DeepSeek-V3.2,Always Defect,104,1,0.5,-4.0,-4.0
deepseek_v32__vs__always_defect__seed104,DeepSeek-V3.2,Always Defect,104,2,1.0,-8.0,-12.0
deepseek_v32__vs__always_defect__seed104,DeepSeek-V3.2,Always Defect,104,3,1.0,-8.0,-20.0
deepseek_v32__vs__always_defect__seed104,DeepSeek-V3.2,Always Defect,104,4,0.75,-6.0,-26.0
deepseek_v32__vs__always_defect__seed104,DeepSeek-V3.2,Always Defect,104,5,1.0,-8.0,-34.0
deepseek_v32__vs__always_defect__seed104,DeepSeek-V3.2,Always Defect,104,6,0.0,0.0,-34.0
deepseek_v32__vs__always_defect__seed104,DeepSeek-V3.2,Always Defect,104,7,0.0,0.0,-34.0
deepseek_v32__vs__always_defect__seed104,DeepSeek-V3.2,Always Defect,104,8,0.0,0.0,-34.0
deepseek_v32__vs__always_defect__seed104,DeepSeek-V3.2,Always Defect,104,9,0.0,0.0,-34.0
deepseek_v32__vs__always_defect__seed104,DeepSeek-V3.2,Always Defect,104,10,0.0,0.0,-34.0
deepseek_v32__vs__always_defect__seed104,DeepSeek-V3.2,Always Defect,104,11,0.0,0.0,-34.0
deepseek_v32__vs__always_defect__seed104,DeepSeek-V3.2,Always Defect,104,12,0.0,0.0,-34.0
deepseek_v32__vs__always_defect__seed104,DeepSeek-V3.2,Always Defect,104,13,0.0,0.0,-34.0
deepseek_v32__vs__always_defect__seed104,DeepSeek-V3.2,Always Defect,104,14,0.0,0.0,-34.0
deepseek_v32__vs__always_defect__seed104,DeepSeek-V3.2,Always Defect,104,15,0.0,0.0,-34.0
deepseek_v32__vs__always_defect__seed104,DeepSeek-V3.2,Always Defect,104,16,0.0,0.0,-34.0
deepseek_v32__vs__always_defect__seed104,DeepSeek-V3.2,Always Defect,104,17,0.0,0.0,-34.0
deepseek_v32__vs__always_defect__seed104,DeepSeek-V3.2,Always Defect,104,18,0.0,0.0,-34.0
deepseek_v32__vs__always_defect__seed104,DeepSeek-V3.2,Always Defect,104,19,0.0,0.0,-34.0
deepseek_v32__vs__always_defect__seed104,DeepSeek-V3.2,Always Defect,104,20,0.0,0.0,-34.0
deepseek_v32__vs__always_defect__seed104,DeepSeek-V3.2,Always Defect,104,21,0.0,0.0,-34.0
deepseek_v32__vs__always_defect__seed104,DeepSeek-V3.2,Always Defect,104,22,0.0,0.0,-34.0
deepseek_v32__vs__always_defect__seed104,DeepSeek-V3.2,Always Defect,104,23,0.0,0.0,-34.0
deepseek_v32__vs__always_defect__seed104,DeepSeek-V3.2,Always Defect,104,24,0.0,0.0,-34.0
deepseek_v32__vs__always_defect__seed104,DeepSeek-V3.2,Always Defect,104,25,0.0,0.0,-34.0
deepseek_v32__vs__always_defect__seed104,DeepSeek-V3.2,Always Defect,104,26,0.0,0.0,-34.0
deepseek_v32__vs__always_defect__seed104,DeepSeek-V3.2,Always Defect,104,27,0.0,0.0,-34.0
deepseek_v32__vs__always_defect__seed104,DeepSeek-V3.2,Always Defect,104,28,0.0,0.0,-34.0
deepseek_v32__vs__always_defect__seed104,DeepSeek-V3.2,Always Defect,104,29,0.0,0.0,-34.0
deepseek_v32__vs__always_defect__seed104,DeepSeek-V3.2,Always Defect,104,30,1.0,-8.0,-42.0
deepseek_v32__vs__always_defect__seed104,DeepSeek-V3.2,Always Defect,104,31,1.0,-8.0,-50.0
deepseek_v32__vs__always_defect__seed104,DeepSeek-V3.2,Always Defect,104,32,0.0,0.0,-50.0
deepseek_v32__vs__always_defect__seed104,DeepSeek-V3.2,Always Defect,104,33,0.0,0.0,-50.0
deepseek_v32__vs__always_defect__seed104,DeepSeek-V3.2,Always Defect,104,34,0.0,0.0,-50.0
deepseek_v32__vs__always_defect__seed104,DeepSeek-V3.2,Always Defect,104,35,0.0,0.0,-50.0
deepseek_v32__vs__always_defect__seed104,DeepSeek-V3.2,Always Defect,104,36,0.0,0.0,-50.0
deepseek_v32__vs__always_defect__seed104,DeepSeek-V3.2,Always Defect,104,37,0.0,0.0,-50.0
deepseek_v32__vs__always_defect__seed104,DeepSeek-V3.2,Always Defect,104,38,0.0,0.0,-50.0
deepseek_v32__vs__always_defect__seed104,DeepSeek-V3.2,Always Defect,104,39,0.0,0.0,-50.0
deepseek_v32__vs__always_defect__seed104,DeepSeek-V3.2,Always Defect,104,40,0.0,0.0,-50.0
deepseek_v32__vs__always_defect__seed104,DeepSeek-V3.2,Always Defect,104,41,0.0,0.0,-50.0
deepseek_v32__vs__always_defect__seed104,DeepSeek-V3.2,Always Defect,104,42,0.0,0.0,-50.0
deepseek_v32__vs__always_defect__seed104,DeepSeek-V3.2,Always Defect,104,43,0.0,0.0,-50.0
deepseek_v32__vs__always_defect__seed104,DeepSeek-V3.2,Always Defect,104,44,0.0,0.0,-50.0
deepseek_v32__vs__always_defect__seed104,DeepSeek-V3.2,Always Defect,104,45,0.0,0.0,-50.0
deepseek_v32__vs__always_defect__seed104,DeepSeek-V3.2,Always Defect,104,46,0.0,0.0,-50.0
deepseek_v32__vs__always_defect__seed104,DeepSeek-V3.2,Always Defect,104,47,0.0,0.0,-50.0
deepseek_v32__vs__always_defect__seed104,DeepSeek-V3.2,Always Defect,104,48,0.0,0.0,-50.0
deepseek_v32__vs__always_defect__seed104,DeepSeek-V3.2,Always Defect,104,49,0.0,0.0,-50.0
deepseek_v32__vs__always_defect__seed104,DeepSeek-V3.2,Always Defect,104,50,0.0,0.0,-50.0
deepseek_v32__vs__always_defect__seed105,DeepSeek-V3.2,Always Defect,105,1,1.0,-8.0,-8.0
deepseek_v32__vs__always_defect__seed105,DeepSeek-V3.2,Always Defect,105,2,0.0,0.0,-8.0
deepseek_v32__vs__always_defect__seed105,DeepSeek-V3.2,Always Defect,105,3,0.0,0.0,-8.0
deepseek_v32__vs__always_defect__seed105,DeepSeek-V3.2,Always Defect,105,4,0.0,0.0,-8.0
deepseek_v32__vs__always_defect__seed105,DeepSeek-V3.2,Always Defect,105,5,0.0,0.0,-8.0
deepseek_v32__vs__always_defect__seed105,DeepSeek-V3.2,Always Defect,105,6,0.0,0.0,-8.0
deepseek_v32__vs__always_defect__seed105,DeepSeek-V3.2,Always Defect,105,7,0.0,0.0,-8.0
deepseek_v32__vs__always_defect__seed105,DeepSeek-V3.2,Always Defect,105,8,0.0,0.0,-8.0
deepseek_v32__vs__always_defect__seed105,DeepSeek-V3.2,Always Defect,105,9,0.0,0.0,-8.0
deepseek_v32__vs__always_defect__seed105,DeepSeek-V3.2,Always Defect,105,10,1.0,-8.0,-16.0
deepseek_v32__vs__always_defect__seed105,DeepSeek-V3.2,Always Defect,105,11,0.0,0.0,-16.0
deepseek_v32__vs__always_defect__seed105,DeepSeek-V3.2,Always Defect,105,12,0.0,0.0,-16.0
deepseek_v32__vs__always_defect__seed105,DeepSeek-V3.2,Always Defect,105,13,0.0,0.0,-16.0
deepseek_v32__vs__always_defect__seed105,DeepSeek-V3.2,Always Defect,105,14,0.0,0.0,-16.0
deepseek_v32__vs__always_defect__seed105,DeepSeek-V3.2,Always Defect,105,15,0.0,0.0,-16.0
deepseek_v32__vs__always_defect__seed105,DeepSeek-V3.2,Always Defect,105,16,0.0,0.0,-16.0
deepseek_v32__vs__always_defect__seed105,DeepSeek-V3.2,Always Defect,105,17,0.0,0.0,-16.0
deepseek_v32__vs__always_defect__seed105,DeepSeek-V3.2,Always Defect,105,18,0.0,0.0,-16.0
deepseek_v32__vs__always_defect__seed105,DeepSeek-V3.2,Always Defect,105,19,0.0,0.0,-16.0
deepseek_v32__vs__always_defect__seed105,DeepSeek-V3.2,Always Defect,105,20,1.0,-8.0,-24.0
deepseek_v32__vs__always_defect__seed105,DeepSeek-V3.2,Always Defect,105,21,0.0,0.0,-24.0
deepseek_v32__vs__always_defect__seed105,DeepSeek-V3.2,Always Defect,105,22,0.0,0.0,-24.0
deepseek_v32__vs__always_defect__seed105,DeepSeek-V3.2,Always Defect,105,23,0.0,0.0,-24.0
deepseek_v32__vs__always_defect__seed105,DeepSeek-V3.2,Always Defect,105,24,0.0,0.0,-24.0
deepseek_v32__vs__always_defect__seed105,DeepSeek-V3.2,Always Defect,105,25,0.0,0.0,-24.0
deepseek_v32__vs__always_defect__seed105,DeepSeek-V3.2,Always Defect,105,26,0.0,0.0,-24.0
deepseek_v32__vs__always_defect__seed105,DeepSeek-V3.2,Always Defect,105,27,0.0,0.0,-24.0
deepseek_v32__vs__always_defect__seed105,DeepSeek-V3.2,Always Defect,105,28,0.0,0.0,-24.0
deepseek_v32__vs__always_defect__seed105,DeepSeek-V3.2,Always Defect,105,29,0.0,0.0,-24.0
deepseek_v32__vs__always_defect__seed105,DeepSeek-V3.2,Always Defect,105,30,0.0,0.0,-24.0
deepseek_v32__vs__always_defect__seed105,DeepSeek-V3.2,Always Defect,105,31,0.0,0.0,-24.0
deepseek_v32__vs__always_defect__seed105,DeepSeek-V3.2,Always Defect,105,32,0.0,0.0,-24.0
deepseek_v32__vs__always_defect__seed105,DeepSeek-V3.2,Always Defect,105,33,0.0,0.0,-24.0
deepseek_v32__vs__always_defect__seed105,DeepSeek-V3.2,Always Defect,105,34,0.0,0.0,-24.0
deepseek_v32__vs__always_defect__seed105,DeepSeek-V3.2,Always Defect,105,35,1.0,-8.0,-32.0
deepseek_v32__vs__always_defect__seed105,DeepSeek-V3.2,Always Defect,105,36,0.0,0.0,-32.0
deepseek_v32__vs__always_defect__seed105,DeepSeek-V3.2,Always Defect,105,37,0.0,0.0,-32.0
deepseek_v32__vs__always_defect__seed105,DeepSeek-V3.2,Always Defect,105,38,0.0,0.0,-32.0
deepseek_v32__vs__always_defect__seed105,DeepSeek-V3.2,Always Defect,105,39,0.0,0.0,-32.0
deepseek_v32__vs__always_defect__seed105,DeepSeek-V3.2,Always Defect,105,40,0.0,0.0,-32.0
deepseek_v32__vs__always_defect__seed105,DeepSeek-V3.2,Always Defect,105,41,0.0,0.0,-32.0
deepseek_v32__vs__always_defect__seed105,DeepSeek-V3.2,Always Defect,105,42,0.0,0.0,-32.0
deepseek_v32__vs__always_defect__seed105,DeepSeek-V3.2,Always Defect,105,43,0.0,0.0,-32.0
deepseek_v32__vs__always_defect__seed105,DeepSeek-V3.2,Always Defect,105,44,0.0,0.0,-32.0
deepseek_v32__vs__always_defect__seed105,DeepSeek-V3.2,Always Defect,105,45,0.0,0.0,-32.0
deepseek_v32__vs__always_defect__seed105,DeepSeek-V3.2,Always Defect,105,46,0.0,0.0,-32.0
deepseek_v32__vs__always_defect__seed105,DeepSeek-V3.2,Always Defect,105,47,0.0,0.0,-32.0
deepseek_v32__vs__always_defect__seed105,DeepSeek-V3.2,Always Defect,105,48,0.0,0.0,-32.0
deepseek_v32__vs__always_defect__seed105,DeepSeek-V3.2,Always Defect,105,49,0.0,0.0,-32.0
deepseek_v32__vs__always_defect__seed105,DeepSeek-V3.2,Always Defect,105,50,0.0,0.0,-32.0
deepseek_v32__vs__graded_tft__seed101,DeepSeek-V3.2,Graded TFT,101,1,1.0,4.0,4.0
deepseek_v32__vs__graded_tft__seed101,DeepSeek-V3.2,Graded TFT,101,2,1.0,4.901899659543274,8.901899659543274
deepseek_v32__vs__graded_tft__seed101,DeepSeek-V3.2,Graded TFT,101,3,1.0,5.737743197914256,14.63964285745753
deepseek_v32__vs__graded_tft__seed101,DeepSeek-V3.2,Graded TFT,101,4,1.0,6.452973827162612,21.09261668462014
deepseek_v32__vs__graded_tft__seed101,DeepSeek-V3.2,Graded TFT,101,5,1.0,7.03473354743033,28.127350232050468
deepseek_v32__vs__graded_tft__seed101,DeepSeek-V3.2,Graded TFT,101,6,1.0,7.499356761489178,35.62670699353964
deepseek_v32__vs__graded_tft__seed101,DeepSeek-V3.2,Graded TFT,101,7,1.0,7.874286035858203,43.50099302939785
deepseek_v32__vs__graded_tft__seed101,DeepSeek-V3.2,Graded TFT,101,8,1.0,8.186093248290184,51.68708627768803
deepseek_v32__vs__graded_tft__seed101,DeepSeek-V3.2,Graded TFT,101,9,1.0,8.455751427951338,60.142837705639366
deepseek_v32__vs__graded_tft__seed101,DeepSeek-V3.2,Graded TFT,101,10,1.0,8.698166348627016,68.84100405426638
deepseek_v32__vs__graded_tft__seed101,DeepSeek-V3.2,Graded TFT,101,11,1.0,8.923322274351424,77.7643263286178
deepseek_v32__vs__graded_tft__seed101,DeepSeek-V3.2,Graded TFT,101,12,1.0,9.137678416908237,86.90200474552603
deepseek_v32__vs__graded_tft__seed101,DeepSeek-V3.2,Graded TFT,101,13,1.0,9.345327632177181,96.2473323777032
deepseek_v32__vs__graded_tft__seed101,DeepSeek-V3.2,Graded TFT,101,14,1.0,9.548831071124255,105.79616344882746
deepseek_v32__vs__graded_tft__seed101,DeepSeek-V3.2,Graded TFT,101,15,1.0,9.749779258891781,115.54594270771923
deepseek_v32__vs__graded_tft__seed101,DeepSeek-V3.2,Graded TFT,101,16,1.0,9.949155358413602,125.49509806613284
deepseek_v32__vs__graded_tft__seed101,DeepSeek-V3.2,Graded TFT,101,17,1.0,10.147565358052827,135.64266342418566
deepseek_v32__vs__graded_tft__seed101,DeepSeek-V3.2,Graded TFT,101,18,1.0,-0.6721874999999953,134.97047592418565
deepseek_v32__vs__graded_tft__seed101,DeepSeek-V3.2,Graded TFT,101,19,1.0,3.7639795688891624,138.73445549307482
deepseek_v32__vs__graded_tft__seed101,DeepSeek-V3.2,Graded TFT,101,20,1.0,8.620863506439179,147.355318999514
deepseek_v32__vs__graded_tft__seed101,DeepSeek-V3.2,Graded TFT,101,21,1.0,9.381808571452328,156.73712757096632
deepseek_v32__vs__graded_tft__seed101,DeepSeek-V3.2,Graded TFT,101,22,1.0,9.855978084834117,166.59310565580043
deepseek_v32__vs__graded_tft__seed101,DeepSeek-V3.2,Graded TFT,101,23,1.0,10.181063649840674,176.7741693056411
deepseek_v32__vs__graded_tft__seed101,DeepSeek-V3.2,Graded TFT,101,24,1.0,10.39430595116825,187.16847525680936
deepseek_v32__vs__graded_tft__seed101,DeepSeek-V3.2,Graded TFT,101,25,1.0,10.53015826936483,197.69863352617418
deepseek_v32__vs__graded_tft__seed101,DeepSeek-V3.2,Graded TFT,101,26,1.0,10.61510342528431,208.31373695145848
deepseek_v32__vs__graded_tft__seed101,DeepSeek-V3.2,Graded TFT,101,27,1.0,10.667597930270553,218.98133488172903
deepseek_v32__vs__graded_tft__seed101,DeepSeek-V3.2,Graded TFT,101,28,1.0,10.699803618067861,229.68113849979687
deepseek_v32__vs__graded_tft__seed101,DeepSeek-V3.2,Graded TFT,101,29,1.0,10.719473967130781,240.40061246692767
deepseek_v32__vs__graded_tft__seed101,DeepSeek-V3.2,Graded TFT,101,30,1.0,10.73145532632524,251.1320677932529
deepseek_v32__vs__graded_tft__seed101,DeepSeek-V3.2,Graded TFT,101,31,1.0,10.738741133074473,261.87080892632736
deepseek_v32__vs__graded_tft__seed101,DeepSeek-V3.2,Graded TFT,101,32,1.0,10.743167116041995,272.61397604236936
deepseek_v32__vs__graded_tft__seed101,DeepSeek-V3.2,Graded TFT,101,33,1.0,10.745854160223072,283.35983020259243
deepseek_v32__vs__graded_tft__seed101,DeepSeek-V3.2,Graded TFT,101,34,1.0,10.747484874021502,294.10731507661393
deepseek_v32__vs__graded_tft__seed101,DeepSeek-V3.2,Graded TFT,101,35,1.0,10.748474297664586,304.8557893742785
deepseek_v32__vs__graded_tft__seed101,DeepSeek-V3.2,Graded TFT,101,36,1.0,10.749074540680102,315.6048639149586
deepseek_v32__vs__graded_tft__seed101,DeepSeek-V3.2,Graded TFT,101,37,1.0,10.74943865329367,326.3543025682523
deepseek_v32__vs__graded_tft__seed101,DeepSeek-V3.2,Graded TFT,101,38,1.0,10.749659515984732,337.103962084237
deepseek_v32__vs__graded_tft__seed101,DeepSeek-V3.2,Graded TFT,101,39,1.0,10.74979348231664,347.8537555665537
deepseek_v32__vs__graded_tft__seed101,DeepSeek-V3.2,Graded TFT,101,40,1.0,10.74987473933614,358.6036303058898
deepseek_v32__vs__graded_tft__seed101,DeepSeek-V3.2,Graded TFT,101,41,1.0,10.749924025067646,369.3535543309574
deepseek_v32__vs__graded_tft__seed101,DeepSeek-V3.2,Graded TFT,101,42,1.0,10.749953918690487,380.1035082496479
deepseek_v32__vs__graded_tft__seed101,DeepSeek-V3.2,Graded TFT,101,43,1.0,10.749972050205368,390.8534802998533
deepseek_v32__vs__graded_tft__seed101,DeepSeek-V3.2,Graded TFT,101,44,1.0,10.749983047567767,401.60346334742104
deepseek_v32__vs__graded_tft__seed101,DeepSeek-V3.2,Graded TFT,101,45,1.0,10.749989717820949,412.353453065242
deepseek_v32__vs__graded_tft__seed101,DeepSeek-V3.2,Graded TFT,101,46,1.0,10.749993763539791,423.1034468287818
deepseek_v32__vs__graded_tft__seed101,DeepSeek-V3.2,Graded TFT,101,47,1.0,10.74999621739444,433.8534430461762
deepseek_v32__vs__graded_tft__seed101,DeepSeek-V3.2,Graded TFT,101,48,1.0,10.749997705733296,444.6034407519095
deepseek_v32__vs__graded_tft__seed101,DeepSeek-V3.2,Graded TFT,101,49,1.0,10.749998608456735,455.3534393603662
deepseek_v32__vs__graded_tft__seed101,DeepSeek-V3.2,Graded TFT,101,50,1.0,10.749999155986284,466.1034385163525
deepseek_v32__vs__graded_tft__seed102,DeepSeek-V3.2,Graded TFT,102,1,1.0,4.0,4.0
deepseek_v32__vs__graded_tft__seed102,DeepSeek-V3.2,Graded TFT,102,2,1.0,4.901899659543274,8.901899659543274
deepseek_v32__vs__graded_tft__seed102,DeepSeek-V3.2,Graded TFT,102,3,1.0,5.737743197914256,14.63964285745753
deepseek_v32__vs__graded_tft__seed102,DeepSeek-V3.2,Graded TFT,102,4,1.0,6.452973827162612,21.09261668462014
deepseek_v32__vs__graded_tft__seed102,DeepSeek-V3.2,Graded TFT,102,5,1.0,3.2565201845424596,24.3491368691626
deepseek_v32__vs__graded_tft__seed102,DeepSeek-V3.2,Graded TFT,102,6,1.0,7.441025848945937,31.790162718108537
deepseek_v32__vs__graded_tft__seed102,DeepSeek-V3.2,Graded TFT,102,7,1.0,7.788445941419415,39.57860865952795
deepseek_v32__vs__graded_tft__seed102,DeepSeek-V3.2,Graded TFT,102,8,1.0,8.076456478529767,47.65506513805772
deepseek_v32__vs__graded_tft__seed102,DeepSeek-V3.2,Graded TFT,102,9,1.0,8.325251796646995,55.98031693470472
deepseek_v32__vs__graded_tft__seed102,DeepSeek-V3.2,Graded TFT,102,10,1.0,8.546881023733775,64.52719795843849
deepseek_v32__vs__graded_tft__seed102,DeepSeek-V3.2,Graded TFT,102,11,1.0,8.751323038989394,73.27852099742789
deepseek_v32__vs__graded_tft__seed102,DeepSeek-V3.2,Graded TFT,102,12,1.0,8.945023830663171,82.22354482809106
deepseek_v32__vs__graded_tft__seed102,DeepSeek-V3.2,Graded TFT,102,13,1.0,9.145720561356015,91.36926538944708
deepseek_v32__vs__graded_tft__seed102,DeepSeek-V3.2,Graded TFT,102,14,1.0,9.349146360924916,100.718411750372
deepseek_v32__vs__graded_tft__seed102,DeepSeek-V3.2,Graded TFT,102,15,1.0,9.550047384311448,110.26845913468344
deepseek_v32__vs__graded_tft__seed102,DeepSeek-V3.2,Graded TFT,102,16,1.0,9.749394850018714,120.01785398470216
deepseek_v32__vs__graded_tft__seed102,DeepSeek-V3.2,Graded TFT,102,17,1.0,9.947787472364023,129.96564145706617
deepseek_v32__vs__graded_tft__seed102,DeepSeek-V3.2,Graded TFT,102,18,1.0,10.145593671030312,140.1112351280965
deepseek_v32__vs__graded_tft__seed102,DeepSeek-V3.2,Graded TFT,102,19,1.0,10.343039895158501,150.454275023255
deepseek_v32__vs__graded_tft__seed102,DeepSeek-V3.2,Graded TFT,102,20,1.0,10.540265228317864,160.99454025157286
deepseek_v32__vs__graded_tft__seed102,DeepSeek-V3.2,Graded TFT,102,21,1.0,10.73735505192737,171.73189530350024
deepseek_v32__vs__graded_tft__seed102,DeepSeek-V3.2,Graded TFT,102,22,1.0,10.74979348231664,182.48168878581689
deepseek_v32__vs__graded_tft__seed102,DeepSeek-V3.2,Graded TFT,102,23,1.0,10.74987473933614,193.23156352515304
deepseek_v32__vs__graded_tft__seed102,DeepSeek-V3.2,Graded TFT,102,24,1.0,10.749924025067646,203.9814875502207
deepseek_v32__vs__graded_tft__seed102,DeepSeek-V3.2,Graded TFT,102,25,1.0,10.749953918690487,214.73144146891119
deepseek_v32__vs__graded_tft__seed102,DeepSeek-V3.2,Graded TFT,102,26,1.0,10.749972050205368,225.48141351911656
deepseek_v32__vs__graded_tft__seed102,DeepSeek-V3.2,Graded TFT,102,27,1.0,10.749983047567767,236.23139656668434
deepseek_v32__vs__graded_tft__seed102,DeepSeek-V3.2,Graded TFT,102,28,1.0,10.749989717820949,246.98138628450528
deepseek_v32__vs__graded_tft__seed102,DeepSeek-V3.2,Graded TFT,102,29,1.0,10.749993763539791,257.7313800480451
deepseek_v32__vs__graded_tft__seed102,DeepSeek-V3.2,Graded TFT,102,30,1.0,10.74999621739444,268.4813762654395
deepseek_v32__vs__graded_tft__seed102,DeepSeek-V3.2,Graded TFT,102,31,1.0,10.749997705733296,279.2313739711728
deepseek_v32__vs__graded_tft__seed102,DeepSeek-V3.2,Graded TFT,102,32,1.0,10.749998608456735,289.9813725796295
deepseek_v32__vs__graded_tft__seed102,DeepSeek-V3.2,Graded TFT,102,33,1.0,10.749999155986284,300.7313717356158
deepseek_v32__vs__graded_tft__seed102,DeepSeek-V3.2,Graded TFT,102,34,1.0,10.74999948807978,311.4813712236956
deepseek_v32__vs__graded_tft__seed102,DeepSeek-V3.2,Graded TFT,102,35,1.0,10.749999689504683,322.2313709132003
deepseek_v32__vs__graded_tft__seed102,DeepSeek-V3.2,Graded TFT,102,36,1.0,10.749999811675067,332.9813707248754
deepseek_v32__vs__graded_tft__seed102,DeepSeek-V3.2,Graded TFT,102,37,1.0,10.749999885775154,343.7313706106505
deepseek_v32__vs__graded_tft__seed102,DeepSeek-V3.2,Graded TFT,102,38,1.0,10.749999930719127,354.48137054136964
deepseek_v32__vs__graded_tft__seed102,DeepSeek-V3.2,Graded TFT,102,39,1.0,10.749999957979028,365.23137049934866
deepseek_v32__vs__graded_tft__seed102,DeepSeek-V3.2,Graded TFT,102,40,1.0,10.749999974512992,375.98137047386166
deepseek_v32__vs__graded_tft__seed102,DeepSeek-V3.2,Graded TFT,102,41,1.0,10.74999998454135,386.73137045840303
deepseek_v32__vs__graded_tft__seed102,DeepSeek-V3.2,Graded TFT,102,42,1.0,10.749999990623852,397.4813704490269
deepseek_v32__vs__graded_tft__seed102,DeepSeek-V3.2,Graded TFT,102,43,1.0,10.749999994313079,408.23137044334
deepseek_v32__vs__graded_tft__seed102,DeepSeek-V3.2,Graded TFT,102,44,1.0,10.74999999655071,418.98137043989067
deepseek_v32__vs__graded_tft__seed102,DeepSeek-V3.2,Graded TFT,102,45,1.0,10.7499999979079,429.73137043779855
deepseek_v32__vs__graded_tft__seed102,DeepSeek-V3.2,Graded TFT,102,46,1.0,10.749999998731074,440.48137043652963
deepseek_v32__vs__graded_tft__seed102,DeepSeek-V3.2,Graded TFT,102,47,1.0,10.749999999230358,451.23137043575997
deepseek_v32__vs__graded_tft__seed102,DeepSeek-V3.2,Graded TFT,102,48,1.0,10.749999999533191,461.9813704352932
deepseek_v32__vs__graded_tft__seed102,DeepSeek-V3.2,Graded TFT,102,49,1.0,10.749999999716866,472.73137043501004
deepseek_v32__vs__graded_tft__seed102,DeepSeek-V3.2,Graded TFT,102,50,1.0,10.749999999828269,483.4813704348383
deepseek_v32__vs__graded_tft__seed103,DeepSeek-V3.2,Graded TFT,103,1,1.0,4.0,4.0
deepseek_v32__vs__graded_tft__seed103,DeepSeek-V3.2,Graded TFT,103,2,1.0,4.901899659543274,8.901899659543274
deepseek_v32__vs__graded_tft__seed103,DeepSeek-V3.2,Graded TFT,103,3,1.0,5.737743197914256,14.63964285745753
deepseek_v32__vs__graded_tft__seed103,DeepSeek-V3.2,Graded TFT,103,4,1.0,6.452973827162612,21.09261668462014
deepseek_v32__vs__graded_tft__seed103,DeepSeek-V3.2,Graded TFT,103,5,1.0,7.03473354743033,28.127350232050468
deepseek_v32__vs__graded_tft__seed103,DeepSeek-V3.2,Graded TFT,103,6,1.0,7.499356761489178,35.62670699353964
deepseek_v32__vs__graded_tft__seed103,DeepSeek-V3.2,Graded TFT,103,7,1.0,7.874286035858203,43.50099302939785
deepseek_v32__vs__graded_tft__seed103,DeepSeek-V3.2,Graded TFT,103,8,1.0,8.186093248290184,51.68708627768803
deepseek_v32__vs__graded_tft__seed103,DeepSeek-V3.2,Graded TFT,103,9,1.0,8.448964671494203,60.136050949182234
deepseek_v32__vs__graded_tft__seed103,DeepSeek-V3.2,Graded TFT,103,10,1.0,8.684554558469525,68.82060550765176
deepseek_v32__vs__graded_tft__seed103,DeepSeek-V3.2,Graded TFT,103,11,1.0,8.90286936414416,77.72347487179593
deepseek_v32__vs__graded_tft__seed103,DeepSeek-V3.2,Graded TFT,103,12,1.0,9.110379184039502,86.83385405583543
deepseek_v32__vs__graded_tft__seed103,DeepSeek-V3.2,Graded TFT,103,13,1.0,9.3111817500719,96.14503580590733
deepseek_v32__vs__graded_tft__seed103,DeepSeek-V3.2,Graded TFT,103,14,1.0,9.50784007489565,105.65287588080298
deepseek_v32__vs__graded_tft__seed103,DeepSeek-V3.2,Graded TFT,103,15,1.0,9.701945134481047,115.35482101528403
deepseek_v32__vs__graded_tft__seed103,DeepSeek-V3.2,Graded TFT,103,16,1.0,9.894479950446282,125.24930096573031
deepseek_v32__vs__graded_tft__seed103,DeepSeek-V3.2,Graded TFT,103,17,1.0,10.092885193836924,135.34218615956723
deepseek_v32__vs__graded_tft__seed103,DeepSeek-V3.2,Graded TFT,103,18,1.0,10.290699050229954,145.6328852097972
deepseek_v32__vs__graded_tft__seed103,DeepSeek-V3.2,Graded TFT,103,19,1.0,10.488149919988981,156.12103512978618
deepseek_v32__vs__graded_tft__seed103,DeepSeek-V3.2,Graded TFT,103,20,1.0,10.68537807122826,166.80641320101444
deepseek_v32__vs__graded_tft__seed103,DeepSeek-V3.2,Graded TFT,103,21,1.0,10.749659515984732,177.55607271699915
deepseek_v32__vs__graded_tft__seed103,DeepSeek-V3.2,Graded TFT,103,22,1.0,6.06234511173748,183.61841782873663
deepseek_v32__vs__graded_tft__seed103,DeepSeek-V3.2,Graded TFT,103,23,1.0,10.74987473933614,194.36829256807277
deepseek_v32__vs__graded_tft__seed103,DeepSeek-V3.2,Graded TFT,103,24,1.0,10.749924025067646,205.11821659314043
deepseek_v32__vs__graded_tft__seed103,DeepSeek-V3.2,Graded TFT,103,25,1.0,10.749953918690487,215.86817051183093
deepseek_v32__vs__graded_tft__seed103,DeepSeek-V3.2,Graded TFT,103,26,1.0,10.749972050205368,226.6181425620363
deepseek_v32__vs__graded_tft__seed103,DeepSeek-V3.2,Graded TFT,103,27,1.0,10.749983047567767,237.36812560960408
deepseek_v32__vs__graded_tft__seed103,DeepSeek-V3.2,Graded TFT,103,28,1.0,10.749989717820949,248.11811532742502
deepseek_v32__vs__graded_tft__seed103,DeepSeek-V3.2,Graded TFT,103,29,1.0,10.749993763539791,258.8681090909648
deepseek_v32__vs__graded_tft__seed103,DeepSeek-V3.2,Graded TFT,103,30,1.0,-0.5,258.3681090909648
deepseek_v32__vs__graded_tft__seed103,DeepSeek-V3.2,Graded TFT,103,31,1.0,3.938833738010432,262.30694282897525
deepseek_v32__vs__graded_tft__seed103,DeepSeek-V3.2,Graded TFT,103,32,1.0,8.732939339725036,271.0398821687003
deepseek_v32__vs__graded_tft__seed103,DeepSeek-V3.2,Graded TFT,103,33,1.0,9.381808571452328,280.4216907401526
deepseek_v32__vs__graded_tft__seed103,DeepSeek-V3.2,Graded TFT,103,34,1.0,0.9279890424170585,281.34967978256964
deepseek_v32__vs__graded_tft__seed103,DeepSeek-V3.2,Graded TFT,103,35,1.0,5.635797737380505,286.98547751995017
deepseek_v32__vs__graded_tft__seed103,DeepSeek-V3.2,Graded TFT,103,36,1.0,10.39430595116825,297.3797834711184
deepseek_v32__vs__graded_tft__seed103,DeepSeek-V3.2,Graded TFT,103,37,1.0,10.53015826936483,307.90994174048325
deepseek_v32__vs__graded_tft__seed103,DeepSeek-V3.2,Graded TFT,103,38,1.0,10.61510342528431,318.52504516576755
deepseek_v32__vs__graded_tft__seed103,DeepSeek-V3.2,Graded TFT,103,39,1.0,10.667597930270553,329.1926430960381
deepseek_v32__vs__graded_tft__seed103,DeepSeek-V3.2,Graded TFT,103,40,1.0,10.699803618067861,339.892446714106
deepseek_v32__vs__graded_tft__seed103,DeepSeek-V3.2,Graded TFT,103,41,1.0,10.719473967130781,350.61192068123677
deepseek_v32__vs__graded_tft__seed103,DeepSeek-V3.2,Graded TFT,103,42,1.0,10.73145532632524,361.34337600756203
deepseek_v32__vs__graded_tft__seed103,DeepSeek-V3.2,Graded TFT,103,43,1.0,10.738741133074473,372.0821171406365
deepseek_v32__vs__graded_tft__seed103,DeepSeek-V3.2,Graded TFT,103,44,1.0,10.743167116041995,382.8252842566785
deepseek_v32__vs__graded_tft__seed103,DeepSeek-V3.2,Graded TFT,103,45,1.0,10.745854160223072,393.5711384169016
deepseek_v32__vs__graded_tft__seed103,DeepSeek-V3.2,Graded TFT,103,46,1.0,-0.5,393.0711384169016
deepseek_v32__vs__graded_tft__seed103,DeepSeek-V3.2,Graded TFT,103,47,1.0,3.938833738010432,397.009972154912
deepseek_v32__vs__graded_tft__seed103,DeepSeek-V3.2,Graded TFT,103,48,1.0,-0.5,396.509972154912
deepseek_v32__vs__graded_tft__seed103,DeepSeek-V3.2,Graded TFT,103,49,1.0,3.938833738010432,400.44880589292245
deepseek_v32__vs__graded_tft__seed103,DeepSeek-V3.2,Graded TFT,103,50,1.0,8.732939339725036,409.1817452326475
deepseek_v32__vs__graded_tft__seed104,DeepSeek-V3.2,Graded TFT,104,1,1.0,4.0,4.0
deepseek_v32__vs__graded_tft__seed104,DeepSeek-V3.2,Graded TFT,104,2,1.0,4.901899659543274,8.901899659543274
deepseek_v32__vs__graded_tft__seed104,DeepSeek-V3.2,Graded TFT,104,3,1.0,2.266704093630043,11.168603753173317
deepseek_v32__vs__graded_tft__seed104,DeepSeek-V3.2,Graded TFT,104,4,1.0,2.7510107224551703,13.919614475628487
deepseek_v32__vs__graded_tft__seed104,DeepSeek-V3.2,Graded TFT,104,5,1.0,6.848113776474248,20.767728252102735
deepseek_v32__vs__graded_tft__seed104,DeepSeek-V3.2,Graded TFT,104,6,1.0,7.256311292559014,28.024039544661747
deepseek_v32__vs__graded_tft__seed104,DeepSeek-V3.2,Graded TFT,104,7,1.0,7.583681549476896,35.60772109413864
deepseek_v32__vs__graded_tft__seed104,DeepSeek-V3.2,Graded TFT,104,8,1.0,7.854737987570635,43.46245908170928
deepseek_v32__vs__graded_tft__seed104,DeepSeek-V3.2,Graded TFT,104,9,1.0,8.088943400387137,51.551402482096414
deepseek_v32__vs__graded_tft__seed104,DeepSeek-V3.2,Graded TFT,104,10,1.0,8.296294448739243,59.84769693083565
deepseek_v32__vs__graded_tft__seed104,DeepSeek-V3.2,Graded TFT,104,11,1.0,-1.393098958333332,58.45459797250232
deepseek_v32__vs__graded_tft__seed104,DeepSeek-V3.2,Graded TFT,104,12,1.0,2.6120479303063995,61.066645902808716
deepseek_v32__vs__graded_tft__seed104,DeepSeek-V3.2,Graded TFT,104,13,1.0,7.006367262090981,68.07301316489969
deepseek_v32__vs__graded_tft__seed104,DeepSeek-V3.2,Graded TFT,104,14,1.0,7.726432719029432,75.79944588392912
deepseek_v32__vs__graded_tft__seed104,DeepSeek-V3.2,Graded TFT,104,15,1.0,8.297361997769379,84.09680788169851
deepseek_v32__vs__graded_tft__seed104,DeepSeek-V3.2,Graded TFT,104,16,1.0,8.73857300956686,92.83538089126537
deepseek_v32__vs__graded_tft__seed104,DeepSeek-V3.2,Graded TFT,104,17,1.0,9.081093018314188,101.91647390957957
deepseek_v32__vs__graded_tft__seed104,DeepSeek-V3.2,Graded TFT,104,18,1.0,9.35452267249735,111.27099658207692
deepseek_v32__vs__graded_tft__seed104,DeepSeek-V3.2,Graded TFT,104,19,1.0,-0.9162239583333323,110.35477262374359
deepseek_v32__vs__graded_tft__seed104,DeepSeek-V3.2,Graded TFT,104,20,1.0,3.371158775481563,113.72593139922515
deepseek_v32__vs__graded_tft__seed104,DeepSeek-V3.2,Graded TFT,104,21,1.0,8.070303321775164,121.7962347210003
deepseek_v32__vs__graded_tft__seed104,DeepSeek-V3.2,Graded TFT,104,22,1.0,8.831626047364278,130.62786076836457
deepseek_v32__vs__graded_tft__seed104,DeepSeek-V3.2,Graded TFT,104,23,1.0,-8.0,122.62786076836457
deepseek_v32__vs__graded_tft__seed104,DeepSeek-V3.2,Graded TFT,104,24,1.0,-0.6728645833333324,121.95499618503123
deepseek_v32__vs__graded_tft__seed104,DeepSeek-V3.2,Graded TFT,104,25,1.0,3.6976112605052833,125.65260744553652
deepseek_v32__vs__graded_tft__seed104,DeepSeek-V3.2,Graded TFT,104,26,1.0,0.2120676341148826,125.8646750796514
deepseek_v32__vs__graded_tft__seed104,DeepSeek-V3.2,Graded TFT,104,27,1.0,4.828091581617237,130.69276666126865
deepseek_v32__vs__graded_tft__seed104,DeepSeek-V3.2,Graded TFT,104,28,1.0,9.621494372622859,140.3142610338915
deepseek_v32__vs__graded_tft__seed104,DeepSeek-V3.2,Graded TFT,104,29,1.0,10.0006418445933,150.31490287848482
deepseek_v32__vs__graded_tft__seed104,DeepSeek-V3.2,Graded TFT,104,30,1.0,10.264076819798696,160.57897969828352
deepseek_v32__vs__graded_tft__seed104,DeepSeek-V3.2,Graded TFT,104,31,1.0,10.50570875498164,171.08468845326516
deepseek_v32__vs__graded_tft__seed104,DeepSeek-V3.2,Graded TFT,104,32,1.0,10.61510342528431,181.69979187854946
deepseek_v32__vs__graded_tft__seed104,DeepSeek-V3.2,Graded TFT,104,33,1.0,10.667597930270553,192.36738980882
deepseek_v32__vs__graded_tft__seed104,DeepSeek-V3.2,Graded TFT,104,34,1.0,10.699803618067861,203.06719342688785
deepseek_v32__vs__graded_tft__seed104,DeepSeek-V3.2,Graded TFT,104,35,1.0,10.719473967130781,213.78666739401865
deepseek_v32__vs__graded_tft__seed104,DeepSeek-V3.2,Graded TFT,104,36,1.0,10.73145532632524,224.51812272034388
deepseek_v32__vs__graded_tft__seed104,DeepSeek-V3.2,Graded TFT,104,37,1.0,10.738741133074473,235.25686385341837
deepseek_v32__vs__graded_tft__seed104,DeepSeek-V3.2,Graded TFT,104,38,1.0,10.743167116041995,246.00003096946037
deepseek_v32__vs__graded_tft__seed104,DeepSeek-V3.2,Graded TFT,104,39,1.0,10.745854160223072,256.7458851296834
deepseek_v32__vs__graded_tft__seed104,DeepSeek-V3.2,Graded TFT,104,40,1.0,10.747484874021502,267.4933700037049
deepseek_v32__vs__graded_tft__seed104,DeepSeek-V3.2,Graded TFT,104,41,1.0,6.06135572324844,273.55472572695334
deepseek_v32__vs__graded_tft__seed104,DeepSeek-V3.2,Graded TFT,104,42,1.0,10.749074540680102,284.30380026763345
deepseek_v32__vs__graded_tft__seed104,DeepSeek-V3.2,Graded TFT,104,43,1.0,10.74943865329367,295.05323892092713
deepseek_v32__vs__graded_tft__seed104,DeepSeek-V3.2,Graded TFT,104,44,1.0,10.749659515984732,305.80289843691185
deepseek_v32__vs__graded_tft__seed104,DeepSeek-V3.2,Graded TFT,104,45,1.0,10.74979348231664,316.5526919192285
deepseek_v32__vs__graded_tft__seed104,DeepSeek-V3.2,Graded TFT,104,46,1.0,10.74987473933614,327.3025666585646
deepseek_v32__vs__graded_tft__seed104,DeepSeek-V3.2,Graded TFT,104,47,1.0,10.749924025067646,338.05249068363224
deepseek_v32__vs__graded_tft__seed104,DeepSeek-V3.2,Graded TFT,104,48,1.0,10.749953918690487,348.80244460232274
deepseek_v32__vs__graded_tft__seed104,DeepSeek-V3.2,Graded TFT,104,49,1.0,10.749972050205368,359.5524166525281
deepseek_v32__vs__graded_tft__seed104,DeepSeek-V3.2,Graded TFT,104,50,1.0,1.3749915237838835,360.927408176312
deepseek_v32__vs__graded_tft__seed105,DeepSeek-V3.2,Graded TFT,105,1,1.0,4.0,4.0
deepseek_v32__vs__graded_tft__seed105,DeepSeek-V3.2,Graded TFT,105,2,1.0,4.901899659543274,8.901899659543274
deepseek_v32__vs__graded_tft__seed105,DeepSeek-V3.2,Graded TFT,105,3,1.0,5.737743197914256,14.63964285745753
deepseek_v32__vs__graded_tft__seed105,DeepSeek-V3.2,Graded TFT,105,4,1.0,6.452973827162612,21.09261668462014
deepseek_v32__vs__graded_tft__seed105,DeepSeek-V3.2,Graded TFT,105,5,1.0,7.03473354743033,28.127350232050468
deepseek_v32__vs__graded_tft__seed105,DeepSeek-V3.2,Graded TFT,105,6,1.0,7.499356761489178,35.62670699353964
deepseek_v32__vs__graded_tft__seed105,DeepSeek-V3.2,Graded TFT,105,7,1.0,7.874286035858203,43.50099302939785
deepseek_v32__vs__graded_tft__seed105,DeepSeek-V3.2,Graded TFT,105,8,1.0,8.186093248290184,51.68708627768803
deepseek_v32__vs__graded_tft__seed105,DeepSeek-V3.2,Graded TFT,105,9,1.0,8.455751427951338,60.142837705639366
deepseek_v32__vs__graded_tft__seed105,DeepSeek-V3.2,Graded TFT,105,10,1.0,8.698166348627016,68.84100405426638
deepseek_v32__vs__graded_tft__seed105,DeepSeek-V3.2,Graded TFT,105,11,1.0,8.923322274351424,77.7643263286178
deepseek_v32__vs__graded_tft__seed105,DeepSeek-V3.2,Graded TFT,105,12,1.0,9.137678416908237,86.90200474552603
deepseek_v32__vs__graded_tft__seed105,DeepSeek-V3.2,Graded TFT,105,13,1.0,9.345327632177181,96.2473323777032
deepseek_v32__vs__graded_tft__seed105,DeepSeek-V3.2,Graded TFT,105,14,1.0,9.548831071124255,105.79616344882746
deepseek_v32__vs__graded_tft__seed105,DeepSeek-V3.2,Graded TFT,105,15,1.0,9.749779258891781,115.54594270771923
deepseek_v32__vs__graded_tft__seed105,DeepSeek-V3.2,Graded TFT,105,16,1.0,9.949155358413602,125.49509806613284
deepseek_v32__vs__graded_tft__seed105,DeepSeek-V3.2,Graded TFT,105,17,1.0,10.147565358052827,135.64266342418566
deepseek_v32__vs__graded_tft__seed105,DeepSeek-V3.2,Graded TFT,105,18,1.0,10.34538210026481,145.98804552445046
deepseek_v32__vs__graded_tft__seed105,DeepSeek-V3.2,Graded TFT,105,19,1.0,10.542834720732635,156.53088024518308
deepseek_v32__vs__graded_tft__seed105,DeepSeek-V3.2,Graded TFT,105,20,1.0,10.740063933967036,167.27094417915012
deepseek_v32__vs__graded_tft__seed105,DeepSeek-V3.2,Graded TFT,105,21,1.0,10.749659515984732,178.02060369513487
deepseek_v32__vs__graded_tft__seed105,DeepSeek-V3.2,Graded TFT,105,22,1.0,10.74979348231664,188.7703971774515
deepseek_v32__vs__graded_tft__seed105,DeepSeek-V3.2,Graded TFT,105,23,1.0,10.74987473933614,199.52027191678766
deepseek_v32__vs__graded_tft__seed105,DeepSeek-V3.2,Graded TFT,105,24,1.0,10.749924025067646,210.27019594185532
deepseek_v32__vs__graded_tft__seed105,DeepSeek-V3.2,Graded TFT,105,25,1.0,10.749953918690487,221.0201498605458
deepseek_v32__vs__graded_tft__seed105,DeepSeek-V3.2,Graded TFT,105,26,1.0,10.749972050205368,231.7701219107512
deepseek_v32__vs__graded_tft__seed105,DeepSeek-V3.2,Graded TFT,105,27,1.0,10.749983047567767,242.52010495831894
deepseek_v32__vs__graded_tft__seed105,DeepSeek-V3.2,Graded TFT,105,28,1.0,10.749989717820949,253.27009467613988
deepseek_v32__vs__graded_tft__seed105,DeepSeek-V3.2,Graded TFT,105,29,1.0,10.749993763539791,264.0200884396797
deepseek_v32__vs__graded_tft__seed105,DeepSeek-V3.2,Graded TFT,105,30,1.0,10.74999621739444,274.7700846570741
deepseek_v32__vs__graded_tft__seed105,DeepSeek-V3.2,Graded TFT,105,31,1.0,6.062498279299973,280.8325829363741
deepseek_v32__vs__graded_tft__seed105,DeepSeek-V3.2,Graded TFT,105,32,1.0,10.749998608456735,291.5825815448308
deepseek_v32__vs__graded_tft__seed105,DeepSeek-V3.2,Graded TFT,105,33,1.0,10.749999155986284,302.3325807008171
deepseek_v32__vs__graded_tft__seed105,DeepSeek-V3.2,Graded TFT,105,34,1.0,10.74999948807978,313.0825801888969
deepseek_v32__vs__graded_tft__seed105,DeepSeek-V3.2,Graded TFT,105,35,1.0,10.749999689504683,323.8325798784016
deepseek_v32__vs__graded_tft__seed105,DeepSeek-V3.2,Graded TFT,105,36,1.0,10.749999811675067,334.58257969007667
deepseek_v32__vs__graded_tft__seed105,DeepSeek-V3.2,Graded TFT,105,37,1.0,10.749999885775154,345.3325795758518
deepseek_v32__vs__graded_tft__seed105,DeepSeek-V3.2,Graded TFT,105,38,1.0,10.749999930719127,356.08257950657094
deepseek_v32__vs__graded_tft__seed105,DeepSeek-V3.2,Graded TFT,105,39,1.0,10.749999957979028,366.83257946454995
deepseek_v32__vs__graded_tft__seed105,DeepSeek-V3.2,Graded TFT,105,40,1.0,10.749999974512992,377.58257943906295
deepseek_v32__vs__graded_tft__seed105,DeepSeek-V3.2,Graded TFT,105,41,1.0,10.74999998454135,388.33257942360433
deepseek_v32__vs__graded_tft__seed105,DeepSeek-V3.2,Graded TFT,105,42,1.0,10.749999990623852,399.0825794142282
deepseek_v32__vs__graded_tft__seed105,DeepSeek-V3.2,Graded TFT,105,43,1.0,6.062499995734809,405.145079409963
deepseek_v32__vs__graded_tft__seed105,DeepSeek-V3.2,Graded TFT,105,44,1.0,10.74999999655071,415.8950794065137
deepseek_v32__vs__graded_tft__seed105,DeepSeek-V3.2,Graded TFT,105,45,1.0,10.7499999979079,426.64507940442155
deepseek_v32__vs__graded_tft__seed105,DeepSeek-V3.2,Graded TFT,105,46,1.0,10.749999998731074,437.39507940315264
deepseek_v32__vs__graded_tft__seed105,DeepSeek-V3.2,Graded TFT,105,47,1.0,10.749999999230358,448.145079402383
deepseek_v32__vs__graded_tft__seed105,DeepSeek-V3.2,Graded TFT,105,48,1.0,10.749999999533191,458.8950794019162
deepseek_v32__vs__graded_tft__seed105,DeepSeek-V3.2,Graded TFT,105,49,1.0,10.749999999716866,469.64507940163304
deepseek_v32__vs__graded_tft__seed105,DeepSeek-V3.2,Graded TFT,105,50,1.0,6.062499999871202,475.70757940150423
deepseek_v32__vs__grim_trigger__seed101,DeepSeek-V3.2,Grim Trigger,101,1,0.0,0.0,0.0
deepseek_v32__vs__grim_trigger__seed101,DeepSeek-V3.2,Grim Trigger,101,2,0.0,0.0,0.0
deepseek_v32__vs__grim_trigger__seed101,DeepSeek-V3.2,Grim Trigger,101,3,0.0,0.0,0.0
deepseek_v32__vs__grim_trigger__seed101,DeepSeek-V3.2,Grim Trigger,101,4,0.0,0.0,0.0
deepseek_v32__vs__grim_trigger__seed101,DeepSeek-V3.2,Grim Trigger,101,5,0.0,0.0,0.0
deepseek_v32__vs__grim_trigger__seed101,DeepSeek-V3.2,Grim Trigger,101,6,0.0,0.0,0.0
deepseek_v32__vs__grim_trigger__seed101,DeepSeek-V3.2,Grim Trigger,101,7,0.0,0.0,0.0
deepseek_v32__vs__grim_trigger__seed101,DeepSeek-V3.2,Grim Trigger,101,8,0.0,0.0,0.0
deepseek_v32__vs__grim_trigger__seed101,DeepSeek-V3.2,Grim Trigger,101,9,0.0,0.0,0.0
deepseek_v32__vs__grim_trigger__seed101,DeepSeek-V3.2,Grim Trigger,101,10,0.0,0.0,0.0
deepseek_v32__vs__grim_trigger__seed101,DeepSeek-V3.2,Grim Trigger,101,11,0.0,0.0,0.0
deepseek_v32__vs__grim_trigger__seed101,DeepSeek-V3.2,Grim Trigger,101,12,0.0,0.0,0.0
deepseek_v32__vs__grim_trigger__seed101,DeepSeek-V3.2,Grim Trigger,101,13,0.0,0.0,0.0
deepseek_v32__vs__grim_trigger__seed101,DeepSeek-V3.2,Grim Trigger,101,14,0.0,0.0,0.0
deepseek_v32__vs__grim_trigger__seed101,DeepSeek-V3.2,Grim Trigger,101,15,0.0,0.0,0.0
deepseek_v32__vs__grim_trigger__seed101,DeepSeek-V3.2,Grim Trigger,101,16,0.0,0.0,0.0
deepseek_v32__vs__grim_trigger__seed101,DeepSeek-V3.2,Grim Trigger,101,17,0.0,0.0,0.0
deepseek_v32__vs__grim_trigger__seed101,DeepSeek-V3.2,Grim Trigger,101,18,0.0,0.0,0.0
deepseek_v32__vs__grim_trigger__seed101,DeepSeek-V3.2,Grim Trigger,101,19,0.0,0.0,0.0
deepseek_v32__vs__grim_trigger__seed101,DeepSeek-V3.2,Grim Trigger,101,20,0.0,0.0,0.0
deepseek_v32__vs__grim_trigger__seed101,DeepSeek-V3.2,Grim Trigger,101,21,0.0,0.0,0.0
deepseek_v32__vs__grim_trigger__seed101,DeepSeek-V3.2,Grim Trigger,101,22,0.0,0.0,0.0
deepseek_v32__vs__grim_trigger__seed101,DeepSeek-V3.2,Grim Trigger,101,23,0.0,0.0,0.0
deepseek_v32__vs__grim_trigger__seed101,DeepSeek-V3.2,Grim Trigger,101,24,0.0,0.0,0.0
deepseek_v32__vs__grim_trigger__seed101,DeepSeek-V3.2,Grim Trigger,101,25,0.0,0.0,0.0
deepseek_v32__vs__grim_trigger__seed101,DeepSeek-V3.2,Grim Trigger,101,26,0.0,0.0,0.0
deepseek_v32__vs__grim_trigger__seed101,DeepSeek-V3.2,Grim Trigger,101,27,0.0,0.0,0.0
deepseek_v32__vs__grim_trigger__seed101,DeepSeek-V3.2,Grim Trigger,101,28,0.0,0.0,0.0
deepseek_v32__vs__grim_trigger__seed101,DeepSeek-V3.2,Grim Trigger,101,29,0.0,0.0,0.0
deepseek_v32__vs__grim_trigger__seed101,DeepSeek-V3.2,Grim Trigger,101,30,0.0,0.0,0.0
deepseek_v32__vs__grim_trigger__seed101,DeepSeek-V3.2,Grim Trigger,101,31,0.0,0.0,0.0
deepseek_v32__vs__grim_trigger__seed101,DeepSeek-V3.2,Grim Trigger,101,32,0.0,0.0,0.0
deepseek_v32__vs__grim_trigger__seed101,DeepSeek-V3.2,Grim Trigger,101,33,0.0,0.0,0.0
deepseek_v32__vs__grim_trigger__seed101,DeepSeek-V3.2,Grim Trigger,101,34,0.0,0.0,0.0
deepseek_v32__vs__grim_trigger__seed101,DeepSeek-V3.2,Grim Trigger,101,35,0.0,0.0,0.0
deepseek_v32__vs__grim_trigger__seed101,DeepSeek-V3.2,Grim Trigger,101,36,0.0,0.0,0.0
deepseek_v32__vs__grim_trigger__seed101,DeepSeek-V3.2,Grim Trigger,101,37,0.0,0.0,0.0
deepseek_v32__vs__grim_trigger__seed101,DeepSeek-V3.2,Grim Trigger,101,38,0.0,0.0,0.0
deepseek_v32__vs__grim_trigger__seed101,DeepSeek-V3.2,Grim Trigger,101,39,0.0,0.0,0.0
deepseek_v32__vs__grim_trigger__seed101,DeepSeek-V3.2,Grim Trigger,101,40,0.0,0.0,0.0
deepseek_v32__vs__grim_trigger__seed101,DeepSeek-V3.2,Grim Trigger,101,41,0.0,0.0,0.0
deepseek_v32__vs__grim_trigger__seed101,DeepSeek-V3.2,Grim Trigger,101,42,0.0,0.0,0.0
deepseek_v32__vs__grim_trigger__seed101,DeepSeek-V3.2,Grim Trigger,101,43,0.0,0.0,0.0
deepseek_v32__vs__grim_trigger__seed101,DeepSeek-V3.2,Grim Trigger,101,44,0.0,0.0,0.0
deepseek_v32__vs__grim_trigger__seed101,DeepSeek-V3.2,Grim Trigger,101,45,0.0,0.0,0.0
deepseek_v32__vs__grim_trigger__seed101,DeepSeek-V3.2,Grim Trigger,101,46,0.0,0.0,0.0
deepseek_v32__vs__grim_trigger__seed101,DeepSeek-V3.2,Grim Trigger,101,47,0.0,0.0,0.0
deepseek_v32__vs__grim_trigger__seed101,DeepSeek-V3.2,Grim Trigger,101,48,0.0,0.0,0.0
deepseek_v32__vs__grim_trigger__seed101,DeepSeek-V3.2,Grim Trigger,101,49,0.0,0.0,0.0
deepseek_v32__vs__grim_trigger__seed101,DeepSeek-V3.2,Grim Trigger,101,50,0.0,0.0,0.0
deepseek_v32__vs__grim_trigger__seed102,DeepSeek-V3.2,Grim Trigger,102,1,1.0,-8.0,-8.0
deepseek_v32__vs__grim_trigger__seed102,DeepSeek-V3.2,Grim Trigger,102,2,0.0,0.0,-8.0
deepseek_v32__vs__grim_trigger__seed102,DeepSeek-V3.2,Grim Trigger,102,3,0.0,0.0,-8.0
deepseek_v32__vs__grim_trigger__seed102,DeepSeek-V3.2,Grim Trigger,102,4,0.0,0.0,-8.0
deepseek_v32__vs__grim_trigger__seed102,DeepSeek-V3.2,Grim Trigger,102,5,0.0,0.0,-8.0
deepseek_v32__vs__grim_trigger__seed102,DeepSeek-V3.2,Grim Trigger,102,6,0.0,0.0,-8.0
deepseek_v32__vs__grim_trigger__seed102,DeepSeek-V3.2,Grim Trigger,102,7,0.0,0.0,-8.0
deepseek_v32__vs__grim_trigger__seed102,DeepSeek-V3.2,Grim Trigger,102,8,0.0,0.0,-8.0
deepseek_v32__vs__grim_trigger__seed102,DeepSeek-V3.2,Grim Trigger,102,9,1.0,-8.0,-16.0
deepseek_v32__vs__grim_trigger__seed102,DeepSeek-V3.2,Grim Trigger,102,10,0.0,0.0,-16.0
deepseek_v32__vs__grim_trigger__seed102,DeepSeek-V3.2,Grim Trigger,102,11,0.0,0.0,-16.0
deepseek_v32__vs__grim_trigger__seed102,DeepSeek-V3.2,Grim Trigger,102,12,0.0,0.0,-16.0
deepseek_v32__vs__grim_trigger__seed102,DeepSeek-V3.2,Grim Trigger,102,13,0.0,0.0,-16.0
deepseek_v32__vs__grim_trigger__seed102,DeepSeek-V3.2,Grim Trigger,102,14,0.0,0.0,-16.0
deepseek_v32__vs__grim_trigger__seed102,DeepSeek-V3.2,Grim Trigger,102,15,0.0,0.0,-16.0
deepseek_v32__vs__grim_trigger__seed102,DeepSeek-V3.2,Grim Trigger,102,16,0.0,0.0,-16.0
deepseek_v32__vs__grim_trigger__seed102,DeepSeek-V3.2,Grim Trigger,102,17,0.0,0.0,-16.0
deepseek_v32__vs__grim_trigger__seed102,DeepSeek-V3.2,Grim Trigger,102,18,0.0,0.0,-16.0
deepseek_v32__vs__grim_trigger__seed102,DeepSeek-V3.2,Grim Trigger,102,19,0.0,0.0,-16.0
deepseek_v32__vs__grim_trigger__seed102,DeepSeek-V3.2,Grim Trigger,102,20,0.0,0.0,-16.0
deepseek_v32__vs__grim_trigger__seed102,DeepSeek-V3.2,Grim Trigger,102,21,0.0,0.0,-16.0
deepseek_v32__vs__grim_trigger__seed102,DeepSeek-V3.2,Grim Trigger,102,22,0.0,0.0,-16.0
deepseek_v32__vs__grim_trigger__seed102,DeepSeek-V3.2,Grim Trigger,102,23,0.0,0.0,-16.0
deepseek_v32__vs__grim_trigger__seed102,DeepSeek-V3.2,Grim Trigger,102,24,0.0,0.0,-16.0
deepseek_v32__vs__grim_trigger__seed102,DeepSeek-V3.2,Grim Trigger,102,25,0.0,0.0,-16.0
deepseek_v32__vs__grim_trigger__seed102,DeepSeek-V3.2,Grim Trigger,102,26,0.0,0.0,-16.0
deepseek_v32__vs__grim_trigger__seed102,DeepSeek-V3.2,Grim Trigger,102,27,0.0,0.0,-16.0
deepseek_v32__vs__grim_trigger__seed102,DeepSeek-V3.2,Grim Trigger,102,28,0.0,0.0,-16.0
deepseek_v32__vs__grim_trigger__seed102,DeepSeek-V3.2,Grim Trigger,102,29,0.0,0.0,-16.0
deepseek_v32__vs__grim_trigger__seed102,DeepSeek-V3.2,Grim Trigger,102,30,0.0,0.0,-16.0
deepseek_v32__vs__grim_trigger__seed102,DeepSeek-V3.2,Grim Trigger,102,31,0.0,0.0,-16.0
deepseek_v32__vs__grim_trigger__seed102,DeepSeek-V3.2,Grim Trigger,102,32,0.0,0.0,-16.0
deepseek_v32__vs__grim_trigger__seed102,DeepSeek-V3.2,Grim Trigger,102,33,0.0,0.0,-16.0
deepseek_v32__vs__grim_trigger__seed102,DeepSeek-V3.2,Grim Trigger,102,34,0.0,0.0,-16.0
deepseek_v32__vs__grim_trigger__seed102,DeepSeek-V3.2,Grim Trigger,102,35,0.0,0.0,-16.0
deepseek_v32__vs__grim_trigger__seed102,DeepSeek-V3.2,Grim Trigger,102,36,0.0,0.0,-16.0
deepseek_v32__vs__grim_trigger__seed102,DeepSeek-V3.2,Grim Trigger,102,37,0.0,0.0,-16.0
deepseek_v32__vs__grim_trigger__seed102,DeepSeek-V3.2,Grim Trigger,102,38,0.0,0.0,-16.0
deepseek_v32__vs__grim_trigger__seed102,DeepSeek-V3.2,Grim Trigger,102,39,0.0,0.0,-16.0
deepseek_v32__vs__grim_trigger__seed102,DeepSeek-V3.2,Grim Trigger,102,40,0.0,0.0,-16.0
deepseek_v32__vs__grim_trigger__seed102,DeepSeek-V3.2,Grim Trigger,102,41,0.0,0.0,-16.0
deepseek_v32__vs__grim_trigger__seed102,DeepSeek-V3.2,Grim Trigger,102,42,0.0,0.0,-16.0
deepseek_v32__vs__grim_trigger__seed102,DeepSeek-V3.2,Grim Trigger,102,43,0.0,0.0,-16.0
deepseek_v32__vs__grim_trigger__seed102,DeepSeek-V3.2,Grim Trigger,102,44,0.0,0.0,-16.0
deepseek_v32__vs__grim_trigger__seed102,DeepSeek-V3.2,Grim Trigger,102,45,0.0,0.0,-16.0
deepseek_v32__vs__grim_trigger__seed102,DeepSeek-V3.2,Grim Trigger,102,46,0.0,0.0,-16.0
deepseek_v32__vs__grim_trigger__seed102,DeepSeek-V3.2,Grim Trigger,102,47,0.0,0.0,-16.0
deepseek_v32__vs__grim_trigger__seed102,DeepSeek-V3.2,Grim Trigger,102,48,0.0,0.0,-16.0
deepseek_v32__vs__grim_trigger__seed102,DeepSeek-V3.2,Grim Trigger,102,49,0.0,0.0,-16.0
deepseek_v32__vs__grim_trigger__seed102,DeepSeek-V3.2,Grim Trigger,102,50,0.0,0.0,-16.0
deepseek_v32__vs__grim_trigger__seed103,DeepSeek-V3.2,Grim Trigger,103,1,1.0,-8.0,-8.0
deepseek_v32__vs__grim_trigger__seed103,DeepSeek-V3.2,Grim Trigger,103,2,1.0,-8.0,-16.0
deepseek_v32__vs__grim_trigger__seed103,DeepSeek-V3.2,Grim Trigger,103,3,0.0,0.0,-16.0
deepseek_v32__vs__grim_trigger__seed103,DeepSeek-V3.2,Grim Trigger,103,4,0.0,0.0,-16.0
deepseek_v32__vs__grim_trigger__seed103,DeepSeek-V3.2,Grim Trigger,103,5,0.0,0.0,-16.0
deepseek_v32__vs__grim_trigger__seed103,DeepSeek-V3.2,Grim Trigger,103,6,0.0,0.0,-16.0
deepseek_v32__vs__grim_trigger__seed103,DeepSeek-V3.2,Grim Trigger,103,7,0.0,0.0,-16.0
deepseek_v32__vs__grim_trigger__seed103,DeepSeek-V3.2,Grim Trigger,103,8,0.0,0.0,-16.0
deepseek_v32__vs__grim_trigger__seed103,DeepSeek-V3.2,Grim Trigger,103,9,1.0,-8.0,-24.0
deepseek_v32__vs__grim_trigger__seed103,DeepSeek-V3.2,Grim Trigger,103,10,0.0,0.0,-24.0
deepseek_v32__vs__grim_trigger__seed103,DeepSeek-V3.2,Grim Trigger,103,11,0.0,0.0,-24.0
deepseek_v32__vs__grim_trigger__seed103,DeepSeek-V3.2,Grim Trigger,103,12,0.0,0.0,-24.0
deepseek_v32__vs__grim_trigger__seed103,DeepSeek-V3.2,Grim Trigger,103,13,0.0,0.0,-24.0
deepseek_v32__vs__grim_trigger__seed103,DeepSeek-V3.2,Grim Trigger,103,14,0.0,0.0,-24.0
deepseek_v32__vs__grim_trigger__seed103,DeepSeek-V3.2,Grim Trigger,103,15,0.0,0.0,-24.0
deepseek_v32__vs__grim_trigger__seed103,DeepSeek-V3.2,Grim Trigger,103,16,0.0,0.0,-24.0
deepseek_v32__vs__grim_trigger__seed103,DeepSeek-V3.2,Grim Trigger,103,17,0.0,0.0,-24.0
deepseek_v32__vs__grim_trigger__seed103,DeepSeek-V3.2,Grim Trigger,103,18,0.0,0.0,-24.0
deepseek_v32__vs__grim_trigger__seed103,DeepSeek-V3.2,Grim Trigger,103,19,1.0,-8.0,-32.0
deepseek_v32__vs__grim_trigger__seed103,DeepSeek-V3.2,Grim Trigger,103,20,0.0,0.0,-32.0
deepseek_v32__vs__grim_trigger__seed103,DeepSeek-V3.2,Grim Trigger,103,21,0.0,0.0,-32.0
deepseek_v32__vs__grim_trigger__seed103,DeepSeek-V3.2,Grim Trigger,103,22,0.0,0.0,-32.0
deepseek_v32__vs__grim_trigger__seed103,DeepSeek-V3.2,Grim Trigger,103,23,0.0,0.0,-32.0
deepseek_v32__vs__grim_trigger__seed103,DeepSeek-V3.2,Grim Trigger,103,24,0.0,0.0,-32.0
deepseek_v32__vs__grim_trigger__seed103,DeepSeek-V3.2,Grim Trigger,103,25,0.0,0.0,-32.0
deepseek_v32__vs__grim_trigger__seed103,DeepSeek-V3.2,Grim Trigger,103,26,0.0,0.0,-32.0
deepseek_v32__vs__grim_trigger__seed103,DeepSeek-V3.2,Grim Trigger,103,27,0.0,0.0,-32.0
deepseek_v32__vs__grim_trigger__seed103,DeepSeek-V3.2,Grim Trigger,103,28,0.0,0.0,-32.0
deepseek_v32__vs__grim_trigger__seed103,DeepSeek-V3.2,Grim Trigger,103,29,0.0,0.0,-32.0
deepseek_v32__vs__grim_trigger__seed103,DeepSeek-V3.2,Grim Trigger,103,30,0.0,0.0,-32.0
deepseek_v32__vs__grim_trigger__seed103,DeepSeek-V3.2,Grim Trigger,103,31,0.0,0.0,-32.0
deepseek_v32__vs__grim_trigger__seed103,DeepSeek-V3.2,Grim Trigger,103,32,0.0,0.0,-32.0
deepseek_v32__vs__grim_trigger__seed103,DeepSeek-V3.2,Grim Trigger,103,33,0.0,0.0,-32.0
deepseek_v32__vs__grim_trigger__seed103,DeepSeek-V3.2,Grim Trigger,103,34,0.0,0.0,-32.0
deepseek_v32__vs__grim_trigger__seed103,DeepSeek-V3.2,Grim Trigger,103,35,0.0,0.0,-32.0
deepseek_v32__vs__grim_trigger__seed103,DeepSeek-V3.2,Grim Trigger,103,36,0.0,0.0,-32.0
deepseek_v32__vs__grim_trigger__seed103,DeepSeek-V3.2,Grim Trigger,103,37,0.0,0.0,-32.0
deepseek_v32__vs__grim_trigger__seed103,DeepSeek-V3.2,Grim Trigger,103,38,0.0,0.0,-32.0
deepseek_v32__vs__grim_trigger__seed103,DeepSeek-V3.2,Grim Trigger,103,39,0.0,0.0,-32.0
deepseek_v32__vs__grim_trigger__seed103,DeepSeek-V3.2,Grim Trigger,103,40,0.0,0.0,-32.0
deepseek_v32__vs__grim_trigger__seed103,DeepSeek-V3.2,Grim Trigger,103,41,0.0,0.0,-32.0
deepseek_v32__vs__grim_trigger__seed103,DeepSeek-V3.2,Grim Trigger,103,42,0.0,0.0,-32.0
deepseek_v32__vs__grim_trigger__seed103,DeepSeek-V3.2,Grim Trigger,103,43,0.0,0.0,-32.0
deepseek_v32__vs__grim_trigger__seed103,DeepSeek-V3.2,Grim Trigger,103,44,0.0,0.0,-32.0
deepseek_v32__vs__grim_trigger__seed103,DeepSeek-V3.2,Grim Trigger,103,45,0.0,0.0,-32.0
deepseek_v32__vs__grim_trigger__seed103,DeepSeek-V3.2,Grim Trigger,103,46,0.0,0.0,-32.0
deepseek_v32__vs__grim_trigger__seed103,DeepSeek-V3.2,Grim Trigger,103,47,0.0,0.0,-32.0
deepseek_v32__vs__grim_trigger__seed103,DeepSeek-V3.2,Grim Trigger,103,48,0.0,0.0,-32.0
deepseek_v32__vs__grim_trigger__seed103,DeepSeek-V3.2,Grim Trigger,103,49,0.0,0.0,-32.0
deepseek_v32__vs__grim_trigger__seed103,DeepSeek-V3.2,Grim Trigger,103,50,0.0,0.0,-32.0
deepseek_v32__vs__grim_trigger__seed104,DeepSeek-V3.2,Grim Trigger,104,1,1.0,-8.0,-8.0
deepseek_v32__vs__grim_trigger__seed104,DeepSeek-V3.2,Grim Trigger,104,2,1.0,-8.0,-16.0
deepseek_v32__vs__grim_trigger__seed104,DeepSeek-V3.2,Grim Trigger,104,3,1.0,-8.0,-24.0
deepseek_v32__vs__grim_trigger__seed104,DeepSeek-V3.2,Grim Trigger,104,4,1.0,-8.0,-32.0
deepseek_v32__vs__grim_trigger__seed104,DeepSeek-V3.2,Grim Trigger,104,5,1.0,-8.0,-40.0
deepseek_v32__vs__grim_trigger__seed104,DeepSeek-V3.2,Grim Trigger,104,6,0.0,0.0,-40.0
deepseek_v32__vs__grim_trigger__seed104,DeepSeek-V3.2,Grim Trigger,104,7,0.0,0.0,-40.0
deepseek_v32__vs__grim_trigger__seed104,DeepSeek-V3.2,Grim Trigger,104,8,1.0,-8.0,-48.0
deepseek_v32__vs__grim_trigger__seed104,DeepSeek-V3.2,Grim Trigger,104,9,1.0,-8.0,-56.0
deepseek_v32__vs__grim_trigger__seed104,DeepSeek-V3.2,Grim Trigger,104,10,0.0,0.0,-56.0
deepseek_v32__vs__grim_trigger__seed104,DeepSeek-V3.2,Grim Trigger,104,11,1.0,-8.0,-64.0
deepseek_v32__vs__grim_trigger__seed104,DeepSeek-V3.2,Grim Trigger,104,12,1.0,-8.0,-72.0
deepseek_v32__vs__grim_trigger__seed104,DeepSeek-V3.2,Grim Trigger,104,13,0.0,0.0,-72.0
deepseek_v32__vs__grim_trigger__seed104,DeepSeek-V3.2,Grim Trigger,104,14,0.0,0.0,-72.0
deepseek_v32__vs__grim_trigger__seed104,DeepSeek-V3.2,Grim Trigger,104,15,0.0,0.0,-72.0
deepseek_v32__vs__grim_trigger__seed104,DeepSeek-V3.2,Grim Trigger,104,16,0.0,0.0,-72.0
deepseek_v32__vs__grim_trigger__seed104,DeepSeek-V3.2,Grim Trigger,104,17,0.0,0.0,-72.0
deepseek_v32__vs__grim_trigger__seed104,DeepSeek-V3.2,Grim Trigger,104,18,0.0,0.0,-72.0
deepseek_v32__vs__grim_trigger__seed104,DeepSeek-V3.2,Grim Trigger,104,19,0.0,0.0,-72.0
deepseek_v32__vs__grim_trigger__seed104,DeepSeek-V3.2,Grim Trigger,104,20,0.0,0.0,-72.0
deepseek_v32__vs__grim_trigger__seed104,DeepSeek-V3.2,Grim Trigger,104,21,0.0,0.0,-72.0
deepseek_v32__vs__grim_trigger__seed104,DeepSeek-V3.2,Grim Trigger,104,22,0.0,0.0,-72.0
deepseek_v32__vs__grim_trigger__seed104,DeepSeek-V3.2,Grim Trigger,104,23,0.0,0.0,-72.0
deepseek_v32__vs__grim_trigger__seed104,DeepSeek-V3.2,Grim Trigger,104,24,0.0,0.0,-72.0
deepseek_v32__vs__grim_trigger__seed104,DeepSeek-V3.2,Grim Trigger,104,25,0.0,0.0,-72.0
deepseek_v32__vs__grim_trigger__seed104,DeepSeek-V3.2,Grim Trigger,104,26,0.0,0.0,-72.0
deepseek_v32__vs__grim_trigger__seed104,DeepSeek-V3.2,Grim Trigger,104,27,0.0,0.0,-72.0
deepseek_v32__vs__grim_trigger__seed104,DeepSeek-V3.2,Grim Trigger,104,28,0.0,0.0,-72.0
deepseek_v32__vs__grim_trigger__seed104,DeepSeek-V3.2,Grim Trigger,104,29,0.0,0.0,-72.0
deepseek_v32__vs__grim_trigger__seed104,DeepSeek-V3.2,Grim Trigger,104,30,1.0,-8.0,-80.0
deepseek_v32__vs__grim_trigger__seed104,DeepSeek-V3.2,Grim Trigger,104,31,0.0,0.0,-80.0
deepseek_v32__vs__grim_trigger__seed104,DeepSeek-V3.2,Grim Trigger,104,32,0.0,0.0,-80.0
deepseek_v32__vs__grim_trigger__seed104,DeepSeek-V3.2,Grim Trigger,104,33,0.0,0.0,-80.0
deepseek_v32__vs__grim_trigger__seed104,DeepSeek-V3.2,Grim Trigger,104,34,1.0,-8.0,-88.0
deepseek_v32__vs__grim_trigger__seed104,DeepSeek-V3.2,Grim Trigger,104,35,0.0,0.0,-88.0
deepseek_v32__vs__grim_trigger__seed104,DeepSeek-V3.2,Grim Trigger,104,36,0.0,0.0,-88.0
deepseek_v32__vs__grim_trigger__seed104,DeepSeek-V3.2,Grim Trigger,104,37,0.0,0.0,-88.0
deepseek_v32__vs__grim_trigger__seed104,DeepSeek-V3.2,Grim Trigger,104,38,0.0,0.0,-88.0
deepseek_v32__vs__grim_trigger__seed104,DeepSeek-V3.2,Grim Trigger,104,39,0.0,0.0,-88.0
deepseek_v32__vs__grim_trigger__seed104,DeepSeek-V3.2,Grim Trigger,104,40,0.0,0.0,-88.0
deepseek_v32__vs__grim_trigger__seed104,DeepSeek-V3.2,Grim Trigger,104,41,1.0,-8.0,-96.0
deepseek_v32__vs__grim_trigger__seed104,DeepSeek-V3.2,Grim Trigger,104,42,0.0,0.0,-96.0
deepseek_v32__vs__grim_trigger__seed104,DeepSeek-V3.2,Grim Trigger,104,43,0.0,0.0,-96.0
deepseek_v32__vs__grim_trigger__seed104,DeepSeek-V3.2,Grim Trigger,104,44,0.0,0.0,-96.0
deepseek_v32__vs__grim_trigger__seed104,DeepSeek-V3.2,Grim Trigger,104,45,0.0,0.0,-96.0
deepseek_v32__vs__grim_trigger__seed104,DeepSeek-V3.2,Grim Trigger,104,46,0.0,0.0,-96.0
deepseek_v32__vs__grim_trigger__seed104,DeepSeek-V3.2,Grim Trigger,104,47,0.0,0.0,-96.0
deepseek_v32__vs__grim_trigger__seed104,DeepSeek-V3.2,Grim Trigger,104,48,0.0,0.0,-96.0
deepseek_v32__vs__grim_trigger__seed104,DeepSeek-V3.2,Grim Trigger,104,49,0.0,0.0,-96.0
deepseek_v32__vs__grim_trigger__seed104,DeepSeek-V3.2,Grim Trigger,104,50,1.0,-8.0,-104.0
deepseek_v32__vs__grim_trigger__seed105,DeepSeek-V3.2,Grim Trigger,105,1,1.0,-8.0,-8.0
deepseek_v32__vs__grim_trigger__seed105,DeepSeek-V3.2,Grim Trigger,105,2,0.0,0.0,-8.0
deepseek_v32__vs__grim_trigger__seed105,DeepSeek-V3.2,Grim Trigger,105,3,0.0,0.0,-8.0
deepseek_v32__vs__grim_trigger__seed105,DeepSeek-V3.2,Grim Trigger,105,4,0.0,0.0,-8.0
deepseek_v32__vs__grim_trigger__seed105,DeepSeek-V3.2,Grim Trigger,105,5,0.0,0.0,-8.0
deepseek_v32__vs__grim_trigger__seed105,DeepSeek-V3.2,Grim Trigger,105,6,0.0,0.0,-8.0
deepseek_v32__vs__grim_trigger__seed105,DeepSeek-V3.2,Grim Trigger,105,7,1.0,-8.0,-16.0
deepseek_v32__vs__grim_trigger__seed105,DeepSeek-V3.2,Grim Trigger,105,8,0.0,0.0,-16.0
deepseek_v32__vs__grim_trigger__seed105,DeepSeek-V3.2,Grim Trigger,105,9,0.0,0.0,-16.0
deepseek_v32__vs__grim_trigger__seed105,DeepSeek-V3.2,Grim Trigger,105,10,0.0,0.0,-16.0
deepseek_v32__vs__grim_trigger__seed105,DeepSeek-V3.2,Grim Trigger,105,11,0.0,0.0,-16.0
deepseek_v32__vs__grim_trigger__seed105,DeepSeek-V3.2,Grim Trigger,105,12,0.0,0.0,-16.0
deepseek_v32__vs__grim_trigger__seed105,DeepSeek-V3.2,Grim Trigger,105,13,0.0,0.0,-16.0
deepseek_v32__vs__grim_trigger__seed105,DeepSeek-V3.2,Grim Trigger,105,14,0.0,0.0,-16.0
deepseek_v32__vs__grim_trigger__seed105,DeepSeek-V3.2,Grim Trigger,105,15,0.0,0.0,-16.0
deepseek_v32__vs__grim_trigger__seed105,DeepSeek-V3.2,Grim Trigger,105,16,0.0,0.0,-16.0
deepseek_v32__vs__grim_trigger__seed105,DeepSeek-V3.2,Grim Trigger,105,17,1.0,-8.0,-24.0
deepseek_v32__vs__grim_trigger__seed105,DeepSeek-V3.2,Grim Trigger,105,18,0.0,0.0,-24.0
deepseek_v32__vs__grim_trigger__seed105,DeepSeek-V3.2,Grim Trigger,105,19,0.0,0.0,-24.0
deepseek_v32__vs__grim_trigger__seed105,DeepSeek-V3.2,Grim Trigger,105,20,0.0,0.0,-24.0
deepseek_v32__vs__grim_trigger__seed105,DeepSeek-V3.2,Grim Trigger,105,21,0.0,0.0,-24.0
deepseek_v32__vs__grim_trigger__seed105,DeepSeek-V3.2,Grim Trigger,105,22,0.0,0.0,-24.0
deepseek_v32__vs__grim_trigger__seed105,DeepSeek-V3.2,Grim Trigger,105,23,0.0,0.0,-24.0
deepseek_v32__vs__grim_trigger__seed105,DeepSeek-V3.2,Grim Trigger,105,24,0.0,0.0,-24.0
deepseek_v32__vs__grim_trigger__seed105,DeepSeek-V3.2,Grim Trigger,105,25,0.0,0.0,-24.0
deepseek_v32__vs__grim_trigger__seed105,DeepSeek-V3.2,Grim Trigger,105,26,0.0,0.0,-24.0
deepseek_v32__vs__grim_trigger__seed105,DeepSeek-V3.2,Grim Trigger,105,27,0.0,0.0,-24.0
deepseek_v32__vs__grim_trigger__seed105,DeepSeek-V3.2,Grim Trigger,105,28,0.0,0.0,-24.0
deepseek_v32__vs__grim_trigger__seed105,DeepSeek-V3.2,Grim Trigger,105,29,0.0,0.0,-24.0
deepseek_v32__vs__grim_trigger__seed105,DeepSeek-V3.2,Grim Trigger,105,30,0.0,0.0,-24.0
deepseek_v32__vs__grim_trigger__seed105,DeepSeek-V3.2,Grim Trigger,105,31,0.0,0.0,-24.0
deepseek_v32__vs__grim_trigger__seed105,DeepSeek-V3.2,Grim Trigger,105,32,0.0,0.0,-24.0
deepseek_v32__vs__grim_trigger__seed105,DeepSeek-V3.2,Grim Trigger,105,33,0.0,0.0,-24.0
deepseek_v32__vs__grim_trigger__seed105,DeepSeek-V3.2,Grim Trigger,105,34,0.0,0.0,-24.0
deepseek_v32__vs__grim_trigger__seed105,DeepSeek-V3.2,Grim Trigger,105,35,1.0,-8.0,-32.0
deepseek_v32__vs__grim_trigger__seed105,DeepSeek-V3.2,Grim Trigger,105,36,0.0,0.0,-32.0
deepseek_v32__vs__grim_trigger__seed105,DeepSeek-V3.2,Grim Trigger,105,37,0.0,0.0,-32.0
deepseek_v32__vs__grim_trigger__seed105,DeepSeek-V3.2,Grim Trigger,105,38,0.0,0.0,-32.0
deepseek_v32__vs__grim_trigger__seed105,DeepSeek-V3.2,Grim Trigger,105,39,0.0,0.0,-32.0
deepseek_v32__vs__grim_trigger__seed105,DeepSeek-V3.2,Grim Trigger,105,40,0.0,0.0,-32.0
deepseek_v32__vs__grim_trigger__seed105,DeepSeek-V3.2,Grim Trigger,105,41,1.0,-8.0,-40.0
deepseek_v32__vs__grim_trigger__seed105,DeepSeek-V3.2,Grim Trigger,105,42,0.0,0.0,-40.0
deepseek_v32__vs__grim_trigger__seed105,DeepSeek-V3.2,Grim Trigger,105,43,0.0,0.0,-40.0
deepseek_v32__vs__grim_trigger__seed105,DeepSeek-V3.2,Grim Trigger,105,44,0.0,0.0,-40.0
deepseek_v32__vs__grim_trigger__seed105,DeepSeek-V3.2,Grim Trigger,105,45,0.0,0.0,-40.0
deepseek_v32__vs__grim_trigger__seed105,DeepSeek-V3.2,Grim Trigger,105,46,0.0,0.0,-40.0
deepseek_v32__vs__grim_trigger__seed105,DeepSeek-V3.2,Grim Trigger,105,47,0.0,0.0,-40.0
deepseek_v32__vs__grim_trigger__seed105,DeepSeek-V3.2,Grim Trigger,105,48,0.0,0.0,-40.0
deepseek_v32__vs__grim_trigger__seed105,DeepSeek-V3.2,Grim Trigger,105,49,0.0,0.0,-40.0
deepseek_v32__vs__grim_trigger__seed105,DeepSeek-V3.2,Grim Trigger,105,50,0.0,0.0,-40.0
deepseek_v32__vs__random_uniform__seed101,DeepSeek-V3.2,Random,101,1,0.5,-4.0,-4.0
deepseek_v32__vs__random_uniform__seed101,DeepSeek-V3.2,Random,101,2,1.0,-2.0525,-6.0525
deepseek_v32__vs__random_uniform__seed101,DeepSeek-V3.2,Random,101,3,0.5,2.302377676587507,-3.7501223234124934
deepseek_v32__vs__random_uniform__seed101,DeepSeek-V3.2,Random,101,4,0.5,7.859999999999999,4.109877676587506
deepseek_v32__vs__random_uniform__seed101,DeepSeek-V3.2,Random,101,5,0.5,8.590826713814,12.700704390401505
deepseek_v32__vs__random_uniform__seed101,DeepSeek-V3.2,Random,101,6,0.5,5.940934680859771,18.641639071261274
deepseek_v32__vs__random_uniform__seed101,DeepSeek-V3.2,Random,101,7,0.5,6.342900342037945,24.984539413299217
deepseek_v32__vs__random_uniform__seed101,DeepSeek-V3.2,Random,101,8,0.5,3.095271291765334,28.079810705064553
deepseek_v32__vs__random_uniform__seed101,DeepSeek-V3.2,Random,101,9,0.5,-4.0,24.079810705064553
deepseek_v32__vs__random_uniform__seed101,DeepSeek-V3.2,Random,101,10,0.5,4.963593749999999,29.043404455064554
deepseek_v32__vs__random_uniform__seed101,DeepSeek-V3.2,Random,101,11,0.5,2.3468443050237537,31.39024876008831
deepseek_v32__vs__random_uniform__seed101,DeepSeek-V3.2,Random,101,12,0.5,-4.0,27.39024876008831
deepseek_v32__vs__random_uniform__seed101,DeepSeek-V3.2,Random,101,13,0.5,7.959114583333333,35.34936334342164
deepseek_v32__vs__random_uniform__seed101,DeepSeek-V3.2,Random,101,14,0.5,2.339299625369872,37.68866296879152
deepseek_v32__vs__random_uniform__seed101,DeepSeek-V3.2,Random,101,15,0.5,4.9471875,42.63585046879152
deepseek_v32__vs__random_uniform__seed101,DeepSeek-V3.2,Random,101,16,0.5,8.641456212443712,51.27730668123523
deepseek_v32__vs__random_uniform__seed101,DeepSeek-V3.2,Random,101,17,0.5,-0.6797607014666776,50.597545979768555
deepseek_v32__vs__random_uniform__seed101,DeepSeek-V3.2,Random,101,18,0.5,4.924218750000001,55.521764729768556
deepseek_v32__vs__random_uniform__seed101,DeepSeek-V3.2,Random,101,19,0.5,2.310281626701098,57.832046356469654
deepseek_v32__vs__random_uniform__seed101,DeepSeek-V3.2,Random,101,20,0.5,1.942916666666668,59.77496302313632
deepseek_v32__vs__random_uniform__seed101,DeepSeek-V3.2,Random,101,21,0.5,7.8902083333333355,67.66517135646966
deepseek_v32__vs__random_uniform__seed101,DeepSeek-V3.2,Random,101,22,0.5,-4.0,63.665171356469656
deepseek_v32__vs__random_uniform__seed101,DeepSeek-V3.2,Random,101,23,1.0,3.8880208333333357,67.55319218980299
deepseek_v32__vs__random_uniform__seed101,DeepSeek-V3.2,Random,101,24,1.0,-8.0,59.553192189802985
deepseek_v32__vs__random_uniform__seed101,DeepSeek-V3.2,Random,101,25,0.5,-1.0258072916666663,58.52738489813632
deepseek_v32__vs__random_uniform__seed101,DeepSeek-V3.2,Random,101,26,0.5,4.925859375000002,63.45324427313632
deepseek_v32__vs__random_uniform__seed101,DeepSeek-V3.2,Random,101,27,0.5,8.634491892763206,72.08773616589953
deepseek_v32__vs__random_uniform__seed101,DeepSeek-V3.2,Random,101,28,0.5,9.298038736375926,81.38577490227546
deepseek_v32__vs__random_uniform__seed101,DeepSeek-V3.2,Random,101,29,0.5,9.844127699145906,91.22990260142136
deepseek_v32__vs__random_uniform__seed101,DeepSeek-V3.2,Random,101,30,0.5,-0.436740373293103,90.79316222812825
deepseek_v32__vs__random_uniform__seed101,DeepSeek-V3.2,Random,101,31,0.5,8.005052083333332,98.79821431146158
deepseek_v32__vs__random_uniform__seed101,DeepSeek-V3.2,Random,101,32,0.5,5.571628315179362,104.36984262664095
deepseek_v32__vs__random_uniform__seed101,DeepSeek-V3.2,Random,101,33,0.5,9.444451955598517,113.81429458223946
deepseek_v32__vs__random_uniform__seed101,DeepSeek-V3.2,Random,101,34,0.5,-0.4961925306822157,113.31810205155723
deepseek_v32__vs__random_uniform__seed101,DeepSeek-V3.2,Random,101,35,0.5,-0.968385416666667,112.34971663489057
deepseek_v32__vs__random_uniform__seed101,DeepSeek-V3.2,Random,101,36,0.5,-0.9645572916666669,111.3851593432239
deepseek_v32__vs__random_uniform__seed101,DeepSeek-V3.2,Random,101,37,0.5,2.0703385416666658,113.45549788489058
deepseek_v32__vs__random_uniform__seed101,DeepSeek-V3.2,Random,101,38,0.5,8.128645833333332,121.58414371822391
deepseek_v32__vs__random_uniform__seed101,DeepSeek-V3.2,Random,101,39,0.5,8.875921641687414,130.46006535991134
deepseek_v32__vs__random_uniform__seed101,DeepSeek-V3.2,Random,101,40,0.5,-0.6150948629766995,129.84497049693465
deepseek_v32__vs__random_uniform__seed101,DeepSeek-V3.2,Random,101,41,0.5,8.130833333333332,137.97580383026798
deepseek_v32__vs__random_uniform__seed101,DeepSeek-V3.2,Random,101,42,0.5,2.4333179410567034,140.4091217713247
deepseek_v32__vs__random_uniform__seed101,DeepSeek-V3.2,Random,101,43,0.5,-4.0,136.4091217713247
deepseek_v32__vs__random_uniform__seed101,DeepSeek-V3.2,Random,101,44,0.5,2.058307291666666,138.46742906299136
deepseek_v32__vs__random_uniform__seed101,DeepSeek-V3.2,Random,101,45,0.5,5.086640624999998,143.55406968799136
deepseek_v32__vs__random_uniform__seed101,DeepSeek-V3.2,Random,101,46,0.5,2.430996501163201,145.98506618915457
deepseek_v32__vs__random_uniform__seed101,DeepSeek-V3.2,Random,101,47,0.5,5.084999999999999,151.07006618915457
deepseek_v32__vs__random_uniform__seed101,DeepSeek-V3.2,Random,101,48,0.5,5.631695572423727,156.7017617615783
deepseek_v32__vs__random_uniform__seed101,DeepSeek-V3.2,Random,101,49,0.5,-0.6254657993382997,156.07629596224
deepseek_v32__vs__random_uniform__seed101,DeepSeek-V3.2,Random,101,50,0.5,-0.9793229166666673,155.09697304557335
deepseek_v32__vs__random_uniform__seed102,DeepSeek-V3.2,Random,102,1,0.5,5.0,5.0
deepseek_v32__vs__random_uniform__seed102,DeepSeek-V3.2,Random,102,2,0.75,3.5719599494498624,8.571959949449862
deepseek_v32__vs__random_uniform__seed102,DeepSeek-V3.2,Random,102,3,0.75,4.101989222004624,12.673949171454487
deepseek_v32__vs__random_uniform__seed102,DeepSeek-V3.2,Random,102,4,0.75,1.0279238920532556,13.701873063507742
deepseek_v32__vs__random_uniform__seed102,DeepSeek-V3.2,Random,102,5,0.75,4.88219564396195,18.58406870746969
deepseek_v32__vs__random_uniform__seed102,DeepSeek-V3.2,Random,102,6,0.75,5.135996178567254,23.720064886036944
deepseek_v32__vs__random_uniform__seed102,DeepSeek-V3.2,Random,102,7,0.75,9.099042682957919,32.819107568994866
deepseek_v32__vs__random_uniform__seed102,DeepSeek-V3.2,Random,102,8,0.75,9.29703169632461,42.116139265319475
deepseek_v32__vs__random_uniform__seed102,DeepSeek-V3.2,Random,102,9,0.75,-6.0,36.116139265319475
deepseek_v32__vs__random_uniform__seed102,DeepSeek-V3.2,Random,102,10,1.0,-8.0,28.116139265319475
deepseek_v32__vs__random_uniform__seed102,DeepSeek-V3.2,Random,102,11,1.0,4.576406249999998,32.69254551531947
deepseek_v32__vs__random_uniform__seed102,DeepSeek-V3.2,Random,102,12,1.0,2.061203407005415,34.75374892232489
deepseek_v32__vs__random_uniform__seed102,DeepSeek-V3.2,Random,102,13,1.0,2.634567306926808,37.3883162292517
deepseek_v32__vs__random_uniform__seed102,DeepSeek-V3.2,Random,102,14,1.0,-4.29581890409464,33.09249732515706
deepseek_v32__vs__random_uniform__seed102,DeepSeek-V3.2,Random,102,15,1.0,-8.0,25.092497325157062
deepseek_v32__vs__random_uniform__seed102,DeepSeek-V3.2,Random,102,16,0.0,9.6825,34.77499732515706
deepseek_v32__vs__random_uniform__seed102,DeepSeek-V3.2,Random,102,17,1.0,-8.0,26.77499732515706
deepseek_v32__vs__random_uniform__seed102,DeepSeek-V3.2,Random,102,18,0.0,3.2447265624999995,30.019723887657058
deepseek_v32__vs__random_uniform__seed102,DeepSeek-V3.2,Random,102,19,1.0,-8.0,22.019723887657058
deepseek_v32__vs__random_uniform__seed102,DeepSeek-V3.2,Random,102,20,1.0,1.7489453124999983,23.768669200157056
deepseek_v32__vs__random_uniform__seed102,DeepSeek-V3.2,Random,102,21,1.0,2.344999433986036,26.113668634143092
deepseek_v32__vs__random_uniform__seed102,DeepSeek-V3.2,Random,102,22,1.0,-0.7510640861442246,25.362604547998867
deepseek_v32__vs__random_uniform__seed102,DeepSeek-V3.2,Random,102,23,1.0,-8.0,17.362604547998867
deepseek_v32__vs__random_uniform__seed102,DeepSeek-V3.2,Random,102,24,1.0,-4.748710937500001,12.613893610498867
deepseek_v32__vs__random_uniform__seed102,DeepSeek-V3.2,Random,102,25,1.0,5.817707697529819,18.431601308028686
deepseek_v32__vs__random_uniform__seed102,DeepSeek-V3.2,Random,102,26,1.0,-8.0,10.431601308028686
deepseek_v32__vs__random_uniform__seed102,DeepSeek-V3.2,Random,102,27,1.0,1.8334374999999952,12.265038808028681
deepseek_v32__vs__random_uniform__seed102,DeepSeek-V3.2,Random,102,28,1.0,-4.502916617574446,7.762122190454235
deepseek_v32__vs__random_uniform__seed102,DeepSeek-V3.2,Random,102,29,1.0,-4.307510901641615,3.45461128881262
deepseek_v32__vs__random_uniform__seed102,DeepSeek-V3.2,Random,102,30,1.0,-4.150382052688192,-0.6957707638755721
deepseek_v32__vs__random_uniform__seed102,DeepSeek-V3.2,Random,102,31,1.0,3.9019858923434487,3.2062151284678766
deepseek_v32__vs__random_uniform__seed102,DeepSeek-V3.2,Random,102,32,1.0,-3.942545282290636,-0.7363301538227596
deepseek_v32__vs__random_uniform__seed102,DeepSeek-V3.2,Random,102,33,1.0,-8.0,-8.73633015382276
deepseek_v32__vs__random_uniform__seed102,DeepSeek-V3.2,Random,102,34,1.0,2.114804687499996,-6.621525466322764
deepseek_v32__vs__random_uniform__seed102,DeepSeek-V3.2,Random,102,35,1.0,6.369049672236548,-0.2524757940862159
deepseek_v32__vs__random_uniform__seed102,DeepSeek-V3.2,Random,102,36,1.0,3.377614394481469,3.1251386003952533
deepseek_v32__vs__random_uniform__seed102,DeepSeek-V3.2,Random,102,37,1.0,-8.0,-4.874861399604747
deepseek_v32__vs__random_uniform__seed102,DeepSeek-V3.2,Random,102,38,0.0,6.866796874999997,1.99193547539525
deepseek_v32__vs__random_uniform__seed102,DeepSeek-V3.2,Random,102,39,1.0,5.781718749999994,7.773654225395244
deepseek_v32__vs__random_uniform__seed102,DeepSeek-V3.2,Random,102,40,1.0,-8.0,-0.2263457746047557
deepseek_v32__vs__random_uniform__seed102,DeepSeek-V3.2,Random,102,41,1.0,-8.0,-8.226345774604756
deepseek_v32__vs__random_uniform__seed102,DeepSeek-V3.2,Random,102,42,1.0,-4.517109375000001,-12.743455149604756
deepseek_v32__vs__random_uniform__seed102,DeepSeek-V3.2,Random,102,43,1.0,-8.0,-20.743455149604756
deepseek_v32__vs__random_uniform__seed102,DeepSeek-V3.2,Random,102,44,1.0,5.984062499999995,-14.759392649604761
deepseek_v32__vs__random_uniform__seed102,DeepSeek-V3.2,Random,102,45,1.0,6.862355649605732,-7.897036999999029
deepseek_v32__vs__random_uniform__seed102,DeepSeek-V3.2,Random,102,46,1.0,-8.0,-15.89703699999903
deepseek_v32__vs__random_uniform__seed102,DeepSeek-V3.2,Random,102,47,1.0,-4.474726562500001,-20.37176356249903
deepseek_v32__vs__random_uniform__seed102,DeepSeek-V3.2,Random,102,48,1.0,-8.0,-28.37176356249903
deepseek_v32__vs__random_uniform__seed102,DeepSeek-V3.2,Random,102,49,1.0,-0.9122656250000025,-29.284029187499033
deepseek_v32__vs__random_uniform__seed102,DeepSeek-V3.2,Random,102,50,1.0,-0.45275018052203286,-29.736779368021068
deepseek_v32__vs__random_uniform__seed103,DeepSeek-V3.2,Random,103,1,1.0,4.0,4.0
deepseek_v32__vs__random_uniform__seed103,DeepSeek-V3.2,Random,103,2,1.0,-8.0,-4.0
deepseek_v32__vs__random_uniform__seed103,DeepSeek-V3.2,Random,103,3,1.0,-8.0,-12.0
deepseek_v32__vs__random_uniform__seed103,DeepSeek-V3.2,Random,103,4,0.0,6.134166666666667,-5.865833333333333
deepseek_v32__vs__random_uniform__seed103,DeepSeek-V3.2,Random,103,5,1.0,4.272708333333334,-1.5931249999999988
deepseek_v32__vs__random_uniform__seed103,DeepSeek-V3.2,Random,103,6,1.0,-8.0,-9.593124999999999
deepseek_v32__vs__random_uniform__seed103,DeepSeek-V3.2,Random,103,7,1.0,1.2504687499999996,-8.34265625
deepseek_v32__vs__random_uniform__seed103,DeepSeek-V3.2,Random,103,8,1.0,5.130285127161139,-3.21237112283886
deepseek_v32__vs__random_uniform__seed103,DeepSeek-V3.2,Random,103,9,1.0,-1.0720983094832865,-4.284469432322147
deepseek_v32__vs__random_uniform__seed103,DeepSeek-V3.2,Random,103,10,1.0,6.436195553611,2.1517261212888537
deepseek_v32__vs__random_uniform__seed103,DeepSeek-V3.2,Random,103,11,1.0,3.17523828430212,5.3269644055909735
deepseek_v32__vs__random_uniform__seed103,DeepSeek-V3.2,Random,103,12,1.0,-4.1842334843163815,1.142730921274592
deepseek_v32__vs__random_uniform__seed103,DeepSeek-V3.2,Random,103,13,0.5,7.666061629305904,8.808792550580495
deepseek_v32__vs__random_uniform__seed103,DeepSeek-V3.2,Random,103,14,1.0,3.8221444646137748,12.63093701519427
deepseek_v32__vs__random_uniform__seed103,DeepSeek-V3.2,Random,103,15,1.0,-4.01271594565746,8.61822106953681
deepseek_v32__vs__random_uniform__seed103,DeepSeek-V3.2,Random,103,16,1.0,4.071129965806303,12.689351035343114
deepseek_v32__vs__random_uniform__seed103,DeepSeek-V3.2,Random,103,17,1.0,8.223508095894697,20.91285913123781
deepseek_v32__vs__random_uniform__seed103,DeepSeek-V3.2,Random,103,18,1.0,-8.0,12.91285913123781
deepseek_v32__vs__random_uniform__seed103,DeepSeek-V3.2,Random,103,19,1.0,-1.4122395833333332,11.500619547904476
deepseek_v32__vs__random_uniform__seed103,DeepSeek-V3.2,Random,103,20,1.0,-4.487315988766326,7.01330355913815
deepseek_v32__vs__random_uniform__seed103,DeepSeek-V3.2,Random,103,21,1.0,-0.5791738047672208,6.434129754370929
deepseek_v32__vs__random_uniform__seed103,DeepSeek-V3.2,Random,103,22,1.0,-4.659088541666667,1.775041212704262
deepseek_v32__vs__random_uniform__seed103,DeepSeek-V3.2,Random,103,23,1.0,2.674726807430952,4.449768020135214
deepseek_v32__vs__random_uniform__seed103,DeepSeek-V3.2,Random,103,24,1.0,-0.4864454325929106,3.9633225875423035
deepseek_v32__vs__random_uniform__seed103,DeepSeek-V3.2,Random,103,25,1.0,-4.082016623315578,-0.11869403577327464
deepseek_v32__vs__random_uniform__seed103,DeepSeek-V3.2,Random,103,26,1.0,-8.0,-8.118694035773274
deepseek_v32__vs__random_uniform__seed103,DeepSeek-V3.2,Random,103,27,1.0,5.598802083333332,-2.5198919524399415
deepseek_v32__vs__random_uniform__seed103,DeepSeek-V3.2,Random,103,28,1.0,-8.0,-10.519891952439941
deepseek_v32__vs__random_uniform__seed103,DeepSeek-V3.2,Random,103,29,1.0,-8.0,-18.51989195243994
deepseek_v32__vs__random_uniform__seed103,DeepSeek-V3.2,Random,103,30,0.0,6.855182291666667,-11.664709660773275
deepseek_v32__vs__random_uniform__seed103,DeepSeek-V3.2,Random,103,31,1.0,-8.0,-19.664709660773276
deepseek_v32__vs__random_uniform__seed103,DeepSeek-V3.2,Random,103,32,1.0,-1.1486458333333331,-20.81335549410661
deepseek_v32__vs__random_uniform__seed103,DeepSeek-V3.2,Random,103,33,1.0,-0.7355236685019442,-21.548879162608554
deepseek_v32__vs__random_uniform__seed103,DeepSeek-V3.2,Random,103,34,1.0,-4.583072916666667,-26.13195207927522
deepseek_v32__vs__random_uniform__seed103,DeepSeek-V3.2,Random,103,35,1.0,-0.7569969875168381,-26.88894906679206
deepseek_v32__vs__random_uniform__seed103,DeepSeek-V3.2,Random,103,36,1.0,-0.4022578315399201,-27.29120689833198
deepseek_v32__vs__random_uniform__seed103,DeepSeek-V3.2,Random,103,37,1.0,-8.0,-35.29120689833198
deepseek_v32__vs__random_uniform__seed103,DeepSeek-V3.2,Random,103,38,0.0,3.402161458333333,-31.889045439998647
deepseek_v32__vs__random_uniform__seed103,DeepSeek-V3.2,Random,103,39,0.0,0.0,-31.889045439998647
deepseek_v32__vs__random_uniform__seed103,DeepSeek-V3.2,Random,103,40,0.0,13.584583333333331,-18.304462106665316
deepseek_v32__vs__random_uniform__seed103,DeepSeek-V3.2,Random,103,41,1.0,-8.0,-26.304462106665316
deepseek_v32__vs__random_uniform__seed103,DeepSeek-V3.2,Random,103,42,1.0,-1.2388802083333346,-27.54334231499865
deepseek_v32__vs__random_uniform__seed103,DeepSeek-V3.2,Random,103,43,1.0,2.7443700042360106,-24.79897231076264
deepseek_v32__vs__random_uniform__seed103,DeepSeek-V3.2,Random,103,44,1.0,-8.0,-32.798972310762636
deepseek_v32__vs__random_uniform__seed103,DeepSeek-V3.2,Random,103,45,1.0,5.45333333333333,-27.345638977429306
deepseek_v32__vs__random_uniform__seed103,DeepSeek-V3.2,Random,103,46,1.0,2.068671874999996,-25.27696710242931
deepseek_v32__vs__random_uniform__seed103,DeepSeek-V3.2,Random,103,47,1.0,-0.8742297021386936,-26.151196804568002
deepseek_v32__vs__random_uniform__seed103,DeepSeek-V3.2,Random,103,48,0.0,0.0,-26.151196804568002
deepseek_v32__vs__random_uniform__seed103,DeepSeek-V3.2,Random,103,49,0.0,3.364973958333332,-22.786222846234672
deepseek_v32__vs__random_uniform__seed103,DeepSeek-V3.2,Random,103,50,1.0,5.4478645833333275,-17.338358262901345
deepseek_v32__vs__random_uniform__seed104,DeepSeek-V3.2,Random,104,1,1.0,1.0,1.0
deepseek_v32__vs__random_uniform__seed104,DeepSeek-V3.2,Random,104,2,1.0,1.6416031462549245,2.6416031462549245
deepseek_v32__vs__random_uniform__seed104,DeepSeek-V3.2,Random,104,3,1.0,5.615732181895426,8.25733532815035
deepseek_v32__vs__random_uniform__seed104,DeepSeek-V3.2,Random,104,4,1.0,-4.4395658574455314,3.8177694707048193
deepseek_v32__vs__random_uniform__seed104,DeepSeek-V3.2,Random,104,5,1.0,6.713573941598934,10.531343412303753
deepseek_v32__vs__random_uniform__seed104,DeepSeek-V3.2,Random,104,6,1.0,3.315628875149276,13.84697228745303
deepseek_v32__vs__random_uniform__seed104,DeepSeek-V3.2,Random,104,7,1.0,3.532846616675176,17.379818904128207
deepseek_v32__vs__random_uniform__seed104,DeepSeek-V3.2,Random,104,8,1.0,7.608055255609713,24.98787415973792
deepseek_v32__vs__random_uniform__seed104,DeepSeek-V3.2,Random,104,9,1.0,-4.048200986561909,20.93967317317601
deepseek_v32__vs__random_uniform__seed104,DeepSeek-V3.2,Random,104,10,1.0,-8.0,12.939673173176011
deepseek_v32__vs__random_uniform__seed104,DeepSeek-V3.2,Random,104,11,1.0,-8.0,4.939673173176011
deepseek_v32__vs__random_uniform__seed104,DeepSeek-V3.2,Random,104,12,1.0,1.7023437500000007,6.642016923176012
deepseek_v32__vs__random_uniform__seed104,DeepSeek-V3.2,Random,104,13,1.0,-8.0,-1.357983076823988
deepseek_v32__vs__random_uniform__seed104,DeepSeek-V3.2,Random,104,14,1.0,-8.0,-9.357983076823988
deepseek_v32__vs__random_uniform__seed104,DeepSeek-V3.2,Random,104,15,1.0,-8.0,-17.357983076823988
deepseek_v32__vs__random_uniform__seed104,DeepSeek-V3.2,Random,104,16,1.0,1.7933984375000005,-15.564584639323988
deepseek_v32__vs__random_uniform__seed104,DeepSeek-V3.2,Random,104,17,1.0,-1.0718837273568633,-16.63646836668085
deepseek_v32__vs__random_uniform__seed104,DeepSeek-V3.2,Random,104,18,1.0,2.9275680468234526,-13.708900319857399
deepseek_v32__vs__random_uniform__seed104,DeepSeek-V3.2,Random,104,19,1.0,1.8114453125,-11.897455007357399
deepseek_v32__vs__random_uniform__seed104,DeepSeek-V3.2,Random,104,20,1.0,5.922393582251081,-5.975061425106318
deepseek_v32__vs__random_uniform__seed104,DeepSeek-V3.2,Random,104,21,1.0,3.011755647876445,-2.9633057772298734
deepseek_v32__vs__random_uniform__seed104,DeepSeek-V3.2,Random,104,22,1.0,-8.0,-10.963305777229873
deepseek_v32__vs__random_uniform__seed104,DeepSeek-V3.2,Random,104,23,1.0,-1.3682552083333333,-12.331560985563208
deepseek_v32__vs__random_uniform__seed104,DeepSeek-V3.2,Random,104,24,0.75,-2.4668790268467466,-14.798440012409955
deepseek_v32__vs__random_uniform__seed104,DeepSeek-V3.2,Random,104,25,1.0,5.354270833333333,-9.444169179076622
deepseek_v32__vs__random_uniform__seed104,DeepSeek-V3.2,Random,104,26,1.0,-8.0,-17.444169179076624
deepseek_v32__vs__random_uniform__seed104,DeepSeek-V3.2,Random,104,27,1.0,-1.2829427083333336,-18.727111887409958
deepseek_v32__vs__random_uniform__seed104,DeepSeek-V3.2,Random,104,28,1.0,-4.425963648723773,-23.15307553613373
deepseek_v32__vs__random_uniform__seed104,DeepSeek-V3.2,Random,104,29,1.0,7.050814132212121,-16.10226140392161
deepseek_v32__vs__random_uniform__seed104,DeepSeek-V3.2,Random,104,30,1.0,-4.085366242675701,-20.18762764659731
deepseek_v32__vs__random_uniform__seed104,DeepSeek-V3.2,Random,104,31,0.0,12.102354146425617,-8.085273500171693
deepseek_v32__vs__random_uniform__seed104,DeepSeek-V3.2,Random,104,32,1.0,-4.604557291666667,-12.68983079183836
deepseek_v32__vs__random_uniform__seed104,DeepSeek-V3.2,Random,104,33,1.0,2.8352792486369047,-9.854551543201456
deepseek_v32__vs__random_uniform__seed104,DeepSeek-V3.2,Random,104,34,1.0,-4.191542335939909,-14.046093879141365
deepseek_v32__vs__random_uniform__seed104,DeepSeek-V3.2,Random,104,35,1.0,3.910250611816874,-10.135843267324491
deepseek_v32__vs__random_uniform__seed104,DeepSeek-V3.2,Random,104,36,1.0,-8.0,-18.13584326732449
deepseek_v32__vs__random_uniform__seed104,DeepSeek-V3.2,Random,104,37,1.0,-1.097005208333333,-19.23284847565782
deepseek_v32__vs__random_uniform__seed104,DeepSeek-V3.2,Random,104,38,1.0,-8.0,-27.23284847565782
deepseek_v32__vs__random_uniform__seed104,DeepSeek-V3.2,Random,104,39,0.0,3.4714583333333335,-23.761390142324487
deepseek_v32__vs__random_uniform__seed104,DeepSeek-V3.2,Random,104,40,1.0,-4.521979166666666,-28.283369308991155
deepseek_v32__vs__random_uniform__seed104,DeepSeek-V3.2,Random,104,41,1.0,-4.299154994541224,-32.58252430353238
deepseek_v32__vs__random_uniform__seed104,DeepSeek-V3.2,Random,104,42,1.0,-4.1039994319463995,-36.68652373547878
deepseek_v32__vs__random_uniform__seed104,DeepSeek-V3.2,Random,104,43,1.0,-8.0,-44.68652373547878
deepseek_v32__vs__random_uniform__seed104,DeepSeek-V3.2,Random,104,44,1.0,-8.0,-52.68652373547878
deepseek_v32__vs__random_uniform__seed104,DeepSeek-V3.2,Random,104,45,1.0,-8.0,-60.68652373547878
deepseek_v32__vs__random_uniform__seed104,DeepSeek-V3.2,Random,104,46,1.0,5.993020833333334,-54.69350290214545
deepseek_v32__vs__random_uniform__seed104,DeepSeek-V3.2,Random,104,47,1.0,-4.283485275260086,-58.97698817740553
deepseek_v32__vs__random_uniform__seed104,DeepSeek-V3.2,Random,104,48,1.0,-0.16590506336630284,-59.14289324077183
deepseek_v32__vs__random_uniform__seed104,DeepSeek-V3.2,Random,104,49,1.0,-8.0,-67.14289324077183
deepseek_v32__vs__random_uniform__seed104,DeepSeek-V3.2,Random,104,50,1.0,4.601345033999456,-62.54154820677237
deepseek_v32__vs__random_uniform__seed105,DeepSeek-V3.2,Random,105,1,0.5,-1.0,-1.0
deepseek_v32__vs__random_uniform__seed105,DeepSeek-V3.2,Random,105,2,0.5,-1.0153124999999998,-2.0153125
deepseek_v32__vs__random_uniform__seed105,DeepSeek-V3.2,Random,105,3,0.5,-4.0,-6.0153125
deepseek_v32__vs__random_uniform__seed105,DeepSeek-V3.2,Random,105,4,0.0,11.801666666666668,5.786354166666667
deepseek_v32__vs__random_uniform__seed105,DeepSeek-V3.2,Random,105,5,1.0,-8.0,-2.2136458333333326
deepseek_v32__vs__random_uniform__seed105,DeepSeek-V3.2,Random,105,6,1.0,3.687916666666668,1.4742708333333354
deepseek_v32__vs__random_uniform__seed105,DeepSeek-V3.2,Random,105,7,1.0,-4.903751905852461,-3.429481072519126
deepseek_v32__vs__random_uniform__seed105,DeepSeek-V3.2,Random,105,8,1.0,1.7546064292538759,-1.67487464326525
deepseek_v32__vs__random_uniform__seed105,DeepSeek-V3.2,Random,105,9,1.0,-1.2422183828280655,-2.9170930260933154
deepseek_v32__vs__random_uniform__seed105,DeepSeek-V3.2,Random,105,10,1.0,-1.0454995354624979,-3.9625925615558133
deepseek_v32__vs__random_uniform__seed105,DeepSeek-V3.2,Random,105,11,0.5,3.1036508985895725,-0.8589416629662407
deepseek_v32__vs__random_uniform__seed105,DeepSeek-V3.2,Random,105,12,0.5,7.769635416666668,6.910693753700428
deepseek_v32__vs__random_uniform__seed105,DeepSeek-V3.2,Random,105,13,1.0,-4.861758716350362,2.0489350373500654
deepseek_v32__vs__random_uniform__seed105,DeepSeek-V3.2,Random,105,14,1.0,-1.3663772600239366,0.6825577773261289
deepseek_v32__vs__random_uniform__seed105,DeepSeek-V3.2,Random,105,15,1.0,-1.0780870341820075,-0.3955292568558786
deepseek_v32__vs__random_uniform__seed105,DeepSeek-V3.2,Random,105,16,1.0,-0.8541057703656829,-1.2496350272215615
deepseek_v32__vs__random_uniform__seed105,DeepSeek-V3.2,Random,105,17,1.0,-0.6915280562301929,-1.9411630834517544
deepseek_v32__vs__random_uniform__seed105,DeepSeek-V3.2,Random,105,18,1.0,3.14057846189883,1.1994153784470756
deepseek_v32__vs__random_uniform__seed105,DeepSeek-V3.2,Random,105,19,1.0,-8.0,-6.800584621552924
deepseek_v32__vs__random_uniform__seed105,DeepSeek-V3.2,Random,105,20,1.0,-1.8844010416666679,-8.684985663219592
deepseek_v32__vs__random_uniform__seed105,DeepSeek-V3.2,Random,105,21,1.0,-8.0,-16.684985663219592
deepseek_v32__vs__random_uniform__seed105,DeepSeek-V3.2,Random,105,22,1.0,-1.8280729166666685,-18.513058579886263
deepseek_v32__vs__random_uniform__seed105,DeepSeek-V3.2,Random,105,23,0.5,9.156539506909073,-9.35651907297719
deepseek_v32__vs__random_uniform__seed105,DeepSeek-V3.2,Random,105,24,0.5,-4.0,-13.35651907297719
deepseek_v32__vs__random_uniform__seed105,DeepSeek-V3.2,Random,105,25,0.5,-4.0,-17.35651907297719
deepseek_v32__vs__random_uniform__seed105,DeepSeek-V3.2,Random,105,26,1.0,-4.876848958333335,-22.233368031310526
deepseek_v32__vs__random_uniform__seed105,DeepSeek-V3.2,Random,105,27,1.0,-1.3718192888351703,-23.605187320145696
deepseek_v32__vs__random_uniform__seed105,DeepSeek-V3.2,Random,105,28,1.0,-1.0271866354915984,-24.632373955637295
deepseek_v32__vs__random_uniform__seed105,DeepSeek-V3.2,Random,105,29,1.0,2.8733623593526527,-21.759011596284644
deepseek_v32__vs__random_uniform__seed105,DeepSeek-V3.2,Random,105,30,1.0,-4.268860079337516,-26.02787167562216
deepseek_v32__vs__random_uniform__seed105,DeepSeek-V3.2,Random,105,31,1.0,-4.863177083333335,-30.891048758955492
deepseek_v32__vs__random_uniform__seed105,DeepSeek-V3.2,Random,105,32,1.0,-1.3398994902995183,-32.23094824925501
deepseek_v32__vs__random_uniform__seed105,DeepSeek-V3.2,Random,105,33,1.0,-4.492241389942505,-36.723189639197514
deepseek_v32__vs__random_uniform__seed105,DeepSeek-V3.2,Random,105,34,1.0,2.96841912497778,-33.754770514219736
deepseek_v32__vs__random_uniform__seed105,DeepSeek-V3.2,Random,105,35,1.0,3.3203646061843166,-30.43440590803542
deepseek_v32__vs__random_uniform__seed105,DeepSeek-V3.2,Random,105,36,1.0,3.5851252665422173,-26.849280641493202
deepseek_v32__vs__random_uniform__seed105,DeepSeek-V3.2,Random,105,37,1.0,3.785385108796415,-23.063895532696787
deepseek_v32__vs__random_uniform__seed105,DeepSeek-V3.2,Random,105,38,1.0,7.916376500147191,-15.147519032549596
deepseek_v32__vs__random_uniform__seed105,DeepSeek-V3.2,Random,105,39,1.0,-8.0,-23.147519032549596
deepseek_v32__vs__random_uniform__seed105,DeepSeek-V3.2,Random,105,40,0.0,6.536692708333329,-16.610826324216266
deepseek_v32__vs__random_uniform__seed105,DeepSeek-V3.2,Random,105,41,1.0,1.8575390624999937,-14.753287261716272
deepseek_v32__vs__random_uniform__seed105,DeepSeek-V3.2,Random,105,42,1.0,-4.491489053336791,-19.244776315053063
deepseek_v32__vs__random_uniform__seed105,DeepSeek-V3.2,Random,105,43,1.0,1.9584374999999934,-17.28633881505307
deepseek_v32__vs__random_uniform__seed105,DeepSeek-V3.2,Random,105,44,1.0,-0.9261028292827831,-18.212441644335854
deepseek_v32__vs__random_uniform__seed105,DeepSeek-V3.2,Random,105,45,1.0,-4.2686562030880015,-22.481097847423854
deepseek_v32__vs__random_uniform__seed105,DeepSeek-V3.2,Random,105,46,1.0,-0.22637841418084914,-22.707476261604704
deepseek_v32__vs__random_uniform__seed105,DeepSeek-V3.2,Random,105,47,1.0,-3.9993464101195526,-26.706822671724257
deepseek_v32__vs__random_uniform__seed105,DeepSeek-V3.2,Random,105,48,1.0,-8.0,-34.706822671724254
deepseek_v32__vs__random_uniform__seed105,DeepSeek-V3.2,Random,105,49,1.0,-8.0,-42.706822671724254
deepseek_v32__vs__random_uniform__seed105,DeepSeek-V3.2,Random,105,50,1.0,2.7927886077290474,-39.9140340639952
deepseek_v32__vs__wsls__seed101,DeepSeek-V3.2,WSLS,101,1,1.0,4.0,4.0
deepseek_v32__vs__wsls__seed101,DeepSeek-V3.2,WSLS,101,2,1.0,4.901899659543274,8.901899659543274
deepseek_v32__vs__wsls__seed101,DeepSeek-V3.2,WSLS,101,3,1.0,5.737743197914256,14.63964285745753
deepseek_v32__vs__wsls__seed101,DeepSeek-V3.2,WSLS,101,4,1.0,6.452973827162612,21.09261668462014
deepseek_v32__vs__wsls__seed101,DeepSeek-V3.2,WSLS,101,5,1.0,7.03473354743033,28.127350232050468
deepseek_v32__vs__wsls__seed101,DeepSeek-V3.2,WSLS,101,6,1.0,7.499356761489178,35.62670699353964
deepseek_v32__vs__wsls__seed101,DeepSeek-V3.2,WSLS,101,7,1.0,7.874286035858203,43.50099302939785
deepseek_v32__vs__wsls__seed101,DeepSeek-V3.2,WSLS,101,8,1.0,8.186093248290184,51.68708627768803
deepseek_v32__vs__wsls__seed101,DeepSeek-V3.2,WSLS,101,9,1.0,8.455751427951338,60.142837705639366
deepseek_v32__vs__wsls__seed101,DeepSeek-V3.2,WSLS,101,10,1.0,8.698166348627016,68.84100405426638
deepseek_v32__vs__wsls__seed101,DeepSeek-V3.2,WSLS,101,11,1.0,8.923322274351424,77.7643263286178
deepseek_v32__vs__wsls__seed101,DeepSeek-V3.2,WSLS,101,12,1.0,9.137678416908237,86.90200474552603
deepseek_v32__vs__wsls__seed101,DeepSeek-V3.2,WSLS,101,13,1.0,9.345327632177181,96.2473323777032
deepseek_v32__vs__wsls__seed101,DeepSeek-V3.2,WSLS,101,14,1.0,9.548831071124255,105.79616344882746
deepseek_v32__vs__wsls__seed101,DeepSeek-V3.2,WSLS,101,15,1.0,9.749779258891781,115.54594270771923
deepseek_v32__vs__wsls__seed101,DeepSeek-V3.2,WSLS,101,16,1.0,9.949155358413602,125.49509806613284
deepseek_v32__vs__wsls__seed101,DeepSeek-V3.2,WSLS,101,17,1.0,10.147565358052827,135.64266342418566
deepseek_v32__vs__wsls__seed101,DeepSeek-V3.2,WSLS,101,18,1.0,-8.0,127.64266342418566
deepseek_v32__vs__wsls__seed101,DeepSeek-V3.2,WSLS,101,19,1.0,-8.0,119.64266342418566
deepseek_v32__vs__wsls__seed101,DeepSeek-V3.2,WSLS,101,20,0.0,0.0,119.64266342418566
deepseek_v32__vs__wsls__seed101,DeepSeek-V3.2,WSLS,101,21,0.0,0.0,119.64266342418566
deepseek_v32__vs__wsls__seed101,DeepSeek-V3.2,WSLS,101,22,0.0,0.0,119.64266342418566
deepseek_v32__vs__wsls__seed101,DeepSeek-V3.2,WSLS,101,23,1.0,-8.0,111.64266342418566
deepseek_v32__vs__wsls__seed101,DeepSeek-V3.2,WSLS,101,24,0.0,0.0,111.64266342418566
deepseek_v32__vs__wsls__seed101,DeepSeek-V3.2,WSLS,101,25,0.0,0.0,111.64266342418566
deepseek_v32__vs__wsls__seed101,DeepSeek-V3.2,WSLS,101,26,0.0,0.0,111.64266342418566
deepseek_v32__vs__wsls__seed101,DeepSeek-V3.2,WSLS,101,27,1.0,-8.0,103.64266342418566
deepseek_v32__vs__wsls__seed101,DeepSeek-V3.2,WSLS,101,28,0.0,0.0,103.64266342418566
deepseek_v32__vs__wsls__seed101,DeepSeek-V3.2,WSLS,101,29,0.0,0.0,103.64266342418566
deepseek_v32__vs__wsls__seed101,DeepSeek-V3.2,WSLS,101,30,0.0,0.0,103.64266342418566
deepseek_v32__vs__wsls__seed101,DeepSeek-V3.2,WSLS,101,31,0.0,0.0,103.64266342418566
deepseek_v32__vs__wsls__seed101,DeepSeek-V3.2,WSLS,101,32,0.0,0.0,103.64266342418566
deepseek_v32__vs__wsls__seed101,DeepSeek-V3.2,WSLS,101,33,0.0,0.0,103.64266342418566
deepseek_v32__vs__wsls__seed101,DeepSeek-V3.2,WSLS,101,34,0.0,0.0,103.64266342418566
deepseek_v32__vs__wsls__seed101,DeepSeek-V3.2,WSLS,101,35,0.0,0.0,103.64266342418566
deepseek_v32__vs__wsls__seed101,DeepSeek-V3.2,WSLS,101,36,0.0,0.0,103.64266342418566
deepseek_v32__vs__wsls__seed101,DeepSeek-V3.2,WSLS,101,37,0.0,0.0,103.64266342418566
deepseek_v32__vs__wsls__seed101,DeepSeek-V3.2,WSLS,101,38,0.0,0.0,103.64266342418566
deepseek_v32__vs__wsls__seed101,DeepSeek-V3.2,WSLS,101,39,0.0,0.0,103.64266342418566
deepseek_v32__vs__wsls__seed101,DeepSeek-V3.2,WSLS,101,40,0.0,0.0,103.64266342418566
deepseek_v32__vs__wsls__seed101,DeepSeek-V3.2,WSLS,101,41,0.0,0.0,103.64266342418566
deepseek_v32__vs__wsls__seed101,DeepSeek-V3.2,WSLS,101,42,0.0,0.0,103.64266342418566
deepseek_v32__vs__wsls__seed101,DeepSeek-V3.2,WSLS,101,43,0.0,0.0,103.64266342418566
deepseek_v32__vs__wsls__seed101,DeepSeek-V3.2,WSLS,101,44,0.0,0.0,103.64266342418566
deepseek_v32__vs__wsls__seed101,DeepSeek-V3.2,WSLS,101,45,0.0,0.0,103.64266342418566
deepseek_v32__vs__wsls__seed101,DeepSeek-V3.2,WSLS,101,46,0.0,0.0,103.64266342418566
deepseek_v32__vs__wsls__seed101,DeepSeek-V3.2,WSLS,101,47,0.0,0.0,103.64266342418566
deepseek_v32__vs__wsls__seed101,DeepSeek-V3.2,WSLS,101,48,0.0,0.0,103.64266342418566
deepseek_v32__vs__wsls__seed101,DeepSeek-V3.2,WSLS,101,49,0.0,0.0,103.64266342418566
deepseek_v32__vs__wsls__seed101,DeepSeek-V3.2,WSLS,101,50,0.0,0.0,103.64266342418566
deepseek_v32__vs__wsls__seed102,DeepSeek-V3.2,WSLS,102,1,0.5,8.0,8.0
deepseek_v32__vs__wsls__seed102,DeepSeek-V3.2,WSLS,102,2,1.0,4.809042063803192,12.809042063803192
deepseek_v32__vs__wsls__seed102,DeepSeek-V3.2,WSLS,102,3,1.0,5.591329978691661,18.40037204249485
deepseek_v32__vs__wsls__seed102,DeepSeek-V3.2,WSLS,102,4,1.0,6.267085041051246,24.667457083546097
deepseek_v32__vs__wsls__seed102,DeepSeek-V3.2,WSLS,102,5,1.0,-0.6041530771399577,24.06330400640614
deepseek_v32__vs__wsls__seed102,DeepSeek-V3.2,WSLS,102,6,1.0,-0.40587071937071606,23.657433287035424
deepseek_v32__vs__wsls__seed102,DeepSeek-V3.2,WSLS,102,7,1.0,-0.2559971945581667,23.401436092477258
deepseek_v32__vs__wsls__seed102,DeepSeek-V3.2,WSLS,102,8,1.0,-0.14012453407775105,23.261311558399505
deepseek_v32__vs__wsls__seed102,DeepSeek-V3.2,WSLS,102,9,1.0,-0.04708487620197044,23.214226682197534
deepseek_v32__vs__wsls__seed102,DeepSeek-V3.2,WSLS,102,10,1.0,0.03251182607933423,23.24673850827687
deepseek_v32__vs__wsls__seed102,DeepSeek-V3.2,WSLS,102,11,1.0,0.096820177002364,23.343558685279234
deepseek_v32__vs__wsls__seed102,DeepSeek-V3.2,WSLS,102,12,1.0,0.14901600583710817,23.492574691116342
deepseek_v32__vs__wsls__seed102,DeepSeek-V3.2,WSLS,102,13,1.0,0.1979384951620311,23.690513186278373
deepseek_v32__vs__wsls__seed102,DeepSeek-V3.2,WSLS,102,14,1.0,0.24485090333263315,23.935364089611006
deepseek_v32__vs__wsls__seed102,DeepSeek-V3.2,WSLS,102,15,1.0,0.29053234633845193,24.22589643594946
deepseek_v32__vs__wsls__seed102,DeepSeek-V3.2,WSLS,102,16,1.0,0.33546121393169237,24.561357649881153
deepseek_v32__vs__wsls__seed102,DeepSeek-V3.2,WSLS,102,17,1.0,0.37993045238684076,24.941288102267993
deepseek_v32__vs__wsls__seed102,DeepSeek-V3.2,WSLS,102,18,1.0,0.42411915447668846,25.36540725674468
deepseek_v32__vs__wsls__seed102,DeepSeek-V3.2,WSLS,102,19,1.0,0.46813669801404956,25.83354395475873
deepseek_v32__vs__wsls__seed102,DeepSeek-V3.2,WSLS,102,20,1.0,0.5120498419426891,26.345593796701422
deepseek_v32__vs__wsls__seed102,DeepSeek-V3.2,WSLS,102,21,1.0,0.5558993168410762,26.9014931135425
deepseek_v32__vs__wsls__seed102,DeepSeek-V3.2,WSLS,102,22,1.0,0.5997099668737924,27.501203080416293
deepseek_v32__vs__wsls__seed102,DeepSeek-V3.2,WSLS,102,23,1.0,0.6434969436387608,28.144700024055055
deepseek_v32__vs__wsls__seed102,DeepSeek-V3.2,WSLS,102,24,1.0,0.6872694865727507,28.831969510627808
deepseek_v32__vs__wsls__seed102,DeepSeek-V3.2,WSLS,102,25,1.0,0.7310332294502189,29.563002740078026
deepseek_v32__vs__wsls__seed102,DeepSeek-V3.2,WSLS,102,26,1.0,0.7747916072872592,30.337794347365286
deepseek_v32__vs__wsls__seed102,DeepSeek-V3.2,WSLS,102,27,1.0,0.8185467143826308,31.156341061747916
deepseek_v32__vs__wsls__seed102,DeepSeek-V3.2,WSLS,102,28,1.0,0.8622998275638114,32.018640889311726
deepseek_v32__vs__wsls__seed102,DeepSeek-V3.2,WSLS,102,29,1.0,0.9060517252463676,32.9246926145581
deepseek_v32__vs__wsls__seed102,DeepSeek-V3.2,WSLS,102,30,1.0,0.9498028819756836,33.87449549653378
deepseek_v32__vs__wsls__seed102,DeepSeek-V3.2,WSLS,102,31,1.0,0.9935535870406405,34.86804908357442
deepseek_v32__vs__wsls__seed102,DeepSeek-V3.2,WSLS,102,32,1.0,1.037304016790646,35.90535310036506
deepseek_v32__vs__wsls__seed102,DeepSeek-V3.2,WSLS,102,33,1.0,1.0810542787248192,36.98640737908988
deepseek_v32__vs__wsls__seed102,DeepSeek-V3.2,WSLS,102,34,1.0,1.1248044383708304,38.11121181746071
deepseek_v32__vs__wsls__seed102,DeepSeek-V3.2,WSLS,102,35,1.0,1.1685545356710296,39.27976635313174
deepseek_v32__vs__wsls__seed102,DeepSeek-V3.2,WSLS,102,36,1.0,1.2123045949716502,40.49207094810339
deepseek_v32__vs__wsls__seed102,DeepSeek-V3.2,WSLS,102,37,1.0,1.256054631112196,41.74812557921558
deepseek_v32__vs__wsls__seed102,DeepSeek-V3.2,WSLS,102,38,1.0,1.2998046531374143,43.047930232352996
deepseek_v32__vs__wsls__seed102,DeepSeek-V3.2,WSLS,102,39,1.0,1.3435546665599905,44.391484898912985
deepseek_v32__vs__wsls__seed102,DeepSeek-V3.2,WSLS,102,40,1.0,1.374999987256496,45.76648488616948
deepseek_v32__vs__wsls__seed102,DeepSeek-V3.2,WSLS,102,41,1.0,1.3749999922706753,47.14148487844015
deepseek_v32__vs__wsls__seed102,DeepSeek-V3.2,WSLS,102,42,1.0,1.374999995311926,48.51648487375208
deepseek_v32__vs__wsls__seed102,DeepSeek-V3.2,WSLS,102,43,1.0,1.3749999971565394,49.89148487090861
deepseek_v32__vs__wsls__seed102,DeepSeek-V3.2,WSLS,102,44,1.0,1.3749999982753547,51.26648486918397
deepseek_v32__vs__wsls__seed102,DeepSeek-V3.2,WSLS,102,45,1.0,1.3749999989539496,52.64148486813792
deepseek_v32__vs__wsls__seed102,DeepSeek-V3.2,WSLS,102,46,1.0,1.3749999993655369,54.01648486750346
deepseek_v32__vs__wsls__seed102,DeepSeek-V3.2,WSLS,102,47,1.0,1.374999999615179,55.391484867118635
deepseek_v32__vs__wsls__seed102,DeepSeek-V3.2,WSLS,102,48,1.0,1.3749999997665956,56.76648486688523
deepseek_v32__vs__wsls__seed102,DeepSeek-V3.2,WSLS,102,49,1.0,1.3749999998584332,58.14148486674366
deepseek_v32__vs__wsls__seed102,DeepSeek-V3.2,WSLS,102,50,1.0,1.3749999999141345,59.51648486665779
deepseek_v32__vs__wsls__seed103,DeepSeek-V3.2,WSLS,103,1,1.0,4.0,4.0
deepseek_v32__vs__wsls__seed103,DeepSeek-V3.2,WSLS,103,2,1.0,4.901899659543274,8.901899659543274
deepseek_v32__vs__wsls__seed103,DeepSeek-V3.2,WSLS,103,3,1.0,5.737743197914256,14.63964285745753
deepseek_v32__vs__wsls__seed103,DeepSeek-V3.2,WSLS,103,4,1.0,6.452973827162612,21.09261668462014
deepseek_v32__vs__wsls__seed103,DeepSeek-V3.2,WSLS,103,5,1.0,7.03473354743033,28.127350232050468
deepseek_v32__vs__wsls__seed103,DeepSeek-V3.2,WSLS,103,6,1.0,7.499356761489178,35.62670699353964
deepseek_v32__vs__wsls__seed103,DeepSeek-V3.2,WSLS,103,7,1.0,7.874286035858203,43.50099302939785
deepseek_v32__vs__wsls__seed103,DeepSeek-V3.2,WSLS,103,8,1.0,8.186093248290184,51.68708627768803
deepseek_v32__vs__wsls__seed103,DeepSeek-V3.2,WSLS,103,9,1.0,8.448964671494203,60.136050949182234
deepseek_v32__vs__wsls__seed103,DeepSeek-V3.2,WSLS,103,10,1.0,8.684554558469525,68.82060550765176
deepseek_v32__vs__wsls__seed103,DeepSeek-V3.2,WSLS,103,11,1.0,8.90286936414416,77.72347487179593
deepseek_v32__vs__wsls__seed103,DeepSeek-V3.2,WSLS,103,12,1.0,9.110379184039502,86.83385405583543
deepseek_v32__vs__wsls__seed103,DeepSeek-V3.2,WSLS,103,13,1.0,9.3111817500719,96.14503580590733
deepseek_v32__vs__wsls__seed103,DeepSeek-V3.2,WSLS,103,14,1.0,9.50784007489565,105.65287588080298
deepseek_v32__vs__wsls__seed103,DeepSeek-V3.2,WSLS,103,15,1.0,9.701945134481047,115.35482101528403
deepseek_v32__vs__wsls__seed103,DeepSeek-V3.2,WSLS,103,16,1.0,9.894479950446282,125.24930096573031
deepseek_v32__vs__wsls__seed103,DeepSeek-V3.2,WSLS,103,17,1.0,10.092885193836924,135.34218615956723
deepseek_v32__vs__wsls__seed103,DeepSeek-V3.2,WSLS,103,18,1.0,10.290699050229954,145.6328852097972
deepseek_v32__vs__wsls__seed103,DeepSeek-V3.2,WSLS,103,19,1.0,10.488149919988981,156.12103512978618
deepseek_v32__vs__wsls__seed103,DeepSeek-V3.2,WSLS,103,20,1.0,10.68537807122826,166.80641320101444
deepseek_v32__vs__wsls__seed103,DeepSeek-V3.2,WSLS,103,21,1.0,10.749659515984732,177.55607271699915
deepseek_v32__vs__wsls__seed103,DeepSeek-V3.2,WSLS,103,22,1.0,10.74979348231664,188.3058661993158
deepseek_v32__vs__wsls__seed103,DeepSeek-V3.2,WSLS,103,23,1.0,10.74987473933614,199.05574093865195
deepseek_v32__vs__wsls__seed103,DeepSeek-V3.2,WSLS,103,24,1.0,10.749924025067646,209.8056649637196
deepseek_v32__vs__wsls__seed103,DeepSeek-V3.2,WSLS,103,25,1.0,10.749953918690487,220.5556188824101
deepseek_v32__vs__wsls__seed103,DeepSeek-V3.2,WSLS,103,26,1.0,10.749972050205368,231.30559093261547
deepseek_v32__vs__wsls__seed103,DeepSeek-V3.2,WSLS,103,27,1.0,10.749983047567767,242.05557398018323
deepseek_v32__vs__wsls__seed103,DeepSeek-V3.2,WSLS,103,28,1.0,10.749989717820949,252.80556369800416
deepseek_v32__vs__wsls__seed103,DeepSeek-V3.2,WSLS,103,29,1.0,10.749993763539791,263.55555746154397
deepseek_v32__vs__wsls__seed103,DeepSeek-V3.2,WSLS,103,30,1.0,7.0,270.55555746154397
deepseek_v32__vs__wsls__seed103,DeepSeek-V3.2,WSLS,103,31,1.0,7.9184449840139095,278.47400244555786
deepseek_v32__vs__wsls__seed103,DeepSeek-V3.2,WSLS,103,32,1.0,8.732939339725036,287.2069417852829
deepseek_v32__vs__wsls__seed103,DeepSeek-V3.2,WSLS,103,33,1.0,9.381808571452328,296.5887503567352
deepseek_v32__vs__wsls__seed103,DeepSeek-V3.2,WSLS,103,34,1.0,9.855978084834117,306.44472844156934
deepseek_v32__vs__wsls__seed103,DeepSeek-V3.2,WSLS,103,35,1.0,10.181063649840674,316.62579209141
deepseek_v32__vs__wsls__seed103,DeepSeek-V3.2,WSLS,103,36,1.0,10.39430595116825,327.02009804257824
deepseek_v32__vs__wsls__seed103,DeepSeek-V3.2,WSLS,103,37,1.0,10.53015826936483,337.5502563119431
deepseek_v32__vs__wsls__seed103,DeepSeek-V3.2,WSLS,103,38,1.0,10.61510342528431,348.1653597372274
deepseek_v32__vs__wsls__seed103,DeepSeek-V3.2,WSLS,103,39,1.0,10.667597930270553,358.83295766749796
deepseek_v32__vs__wsls__seed103,DeepSeek-V3.2,WSLS,103,40,1.0,10.699803618067861,369.5327612855658
deepseek_v32__vs__wsls__seed103,DeepSeek-V3.2,WSLS,103,41,1.0,10.719473967130781,380.2522352526966
deepseek_v32__vs__wsls__seed103,DeepSeek-V3.2,WSLS,103,42,1.0,10.73145532632524,390.98369057902187
deepseek_v32__vs__wsls__seed103,DeepSeek-V3.2,WSLS,103,43,1.0,10.738741133074473,401.72243171209635
deepseek_v32__vs__wsls__seed103,DeepSeek-V3.2,WSLS,103,44,1.0,10.743167116041995,412.46559882813835
deepseek_v32__vs__wsls__seed103,DeepSeek-V3.2,WSLS,103,45,1.0,10.745854160223072,423.21145298836143
deepseek_v32__vs__wsls__seed103,DeepSeek-V3.2,WSLS,103,46,1.0,7.0,430.21145298836143
deepseek_v32__vs__wsls__seed103,DeepSeek-V3.2,WSLS,103,47,1.0,7.9184449840139095,438.1298979723753
deepseek_v32__vs__wsls__seed103,DeepSeek-V3.2,WSLS,103,48,1.0,-8.0,430.1298979723753
deepseek_v32__vs__wsls__seed103,DeepSeek-V3.2,WSLS,103,49,1.0,-8.0,422.1298979723753
deepseek_v32__vs__wsls__seed103,DeepSeek-V3.2,WSLS,103,50,1.0,-8.0,414.1298979723753
deepseek_v32__vs__wsls__seed104,DeepSeek-V3.2,WSLS,104,1,1.0,4.0,4.0
deepseek_v32__vs__wsls__seed104,DeepSeek-V3.2,WSLS,104,2,1.0,4.901899659543274,8.901899659543274
deepseek_v32__vs__wsls__seed104,DeepSeek-V3.2,WSLS,104,3,1.0,-1.1555306042466382,7.746369055296635
deepseek_v32__vs__wsls__seed104,DeepSeek-V3.2,WSLS,104,4,1.0,2.7636849578718543,10.510054013168489
deepseek_v32__vs__wsls__seed104,DeepSeek-V3.2,WSLS,104,5,1.0,3.1588703043910193,13.668924317559508
deepseek_v32__vs__wsls__seed104,DeepSeek-V3.2,WSLS,104,6,1.0,3.465433264180774,17.134357581740282
deepseek_v32__vs__wsls__seed104,DeepSeek-V3.2,WSLS,104,7,1.0,3.704526805552746,20.838884387293028
deepseek_v32__vs__wsls__seed104,DeepSeek-V3.2,WSLS,104,8,1.0,3.8963616089322173,24.735245996225245
deepseek_v32__vs__wsls__seed104,DeepSeek-V3.2,WSLS,104,9,1.0,4.056769799763831,28.792015795989077
deepseek_v32__vs__wsls__seed104,DeepSeek-V3.2,WSLS,104,10,1.0,4.191837376381461,32.98385317237054
deepseek_v32__vs__wsls__seed104,DeepSeek-V3.2,WSLS,104,11,1.0,1.8654296874999972,34.849282859870534
deepseek_v32__vs__wsls__seed104,DeepSeek-V3.2,WSLS,104,12,1.0,2.5426120049203966,37.39189486479093
deepseek_v32__vs__wsls__seed104,DeepSeek-V3.2,WSLS,104,13,1.0,3.1589096482677217,40.55080451305865
deepseek_v32__vs__wsls__seed104,DeepSeek-V3.2,WSLS,104,14,1.0,3.671477069591841,44.222281582650496
deepseek_v32__vs__wsls__seed104,DeepSeek-V3.2,WSLS,104,15,1.0,4.071896683806948,48.29417826645744
deepseek_v32__vs__wsls__seed104,DeepSeek-V3.2,WSLS,104,16,1.0,4.375196644471629,52.66937491092907
deepseek_v32__vs__wsls__seed104,DeepSeek-V3.2,WSLS,104,17,1.0,4.604841858553282,57.27421676948235
deepseek_v32__vs__wsls__seed104,DeepSeek-V3.2,WSLS,104,18,1.0,4.783058635493617,62.05727540497597
deepseek_v32__vs__wsls__seed104,DeepSeek-V3.2,WSLS,104,19,1.0,2.4166796874999967,64.47395509247596
deepseek_v32__vs__wsls__seed104,DeepSeek-V3.2,WSLS,104,20,1.0,3.1276148580829073,67.60156995055887
deepseek_v32__vs__wsls__seed104,DeepSeek-V3.2,WSLS,104,21,1.0,3.773845169002616,71.37541511956148
deepseek_v32__vs__wsls__seed104,DeepSeek-V3.2,WSLS,104,22,1.0,4.3102585345927125,75.68567365415419
deepseek_v32__vs__wsls__seed104,DeepSeek-V3.2,WSLS,104,23,1.0,-8.0,67.68567365415419
deepseek_v32__vs__wsls__seed104,DeepSeek-V3.2,WSLS,104,24,1.0,-8.0,59.685673654154186
deepseek_v32__vs__wsls__seed104,DeepSeek-V3.2,WSLS,104,25,0.75,-6.0,53.685673654154186
deepseek_v32__vs__wsls__seed104,DeepSeek-V3.2,WSLS,104,26,1.0,-8.0,45.685673654154186
deepseek_v32__vs__wsls__seed104,DeepSeek-V3.2,WSLS,104,27,0.0,0.0,45.685673654154186
deepseek_v32__vs__wsls__seed104,DeepSeek-V3.2,WSLS,104,28,1.0,-8.0,37.685673654154186
deepseek_v32__vs__wsls__seed104,DeepSeek-V3.2,WSLS,104,29,0.0,0.0,37.685673654154186
deepseek_v32__vs__wsls__seed104,DeepSeek-V3.2,WSLS,104,30,1.0,2.575820312499996,40.261493966654186
deepseek_v32__vs__wsls__seed104,DeepSeek-V3.2,WSLS,104,31,1.0,-0.5357416567147304,39.72575230993945
deepseek_v32__vs__wsls__seed104,DeepSeek-V3.2,WSLS,104,32,1.0,-4.083315659707019,35.64243665023243
deepseek_v32__vs__wsls__seed104,DeepSeek-V3.2,WSLS,104,33,0.0,0.0,35.64243665023243
deepseek_v32__vs__wsls__seed104,DeepSeek-V3.2,WSLS,104,34,1.0,2.515117187499996,38.15755383773243
deepseek_v32__vs__wsls__seed104,DeepSeek-V3.2,WSLS,104,35,1.0,-0.5554738958094978,37.60207994192293
deepseek_v32__vs__wsls__seed104,DeepSeek-V3.2,WSLS,104,36,1.0,-0.15076988733158903,37.45131005459134
deepseek_v32__vs__wsls__seed104,DeepSeek-V3.2,WSLS,104,37,1.0,0.18465911108261146,37.63596916567395
deepseek_v32__vs__wsls__seed104,DeepSeek-V3.2,WSLS,104,38,1.0,0.44634263355582604,38.08231179922977
deepseek_v32__vs__wsls__seed104,DeepSeek-V3.2,WSLS,104,39,1.0,0.6359105406344749,38.71822233986425
deepseek_v32__vs__wsls__seed104,DeepSeek-V3.2,WSLS,104,40,1.0,0.7734133129694492,39.49163565283369
deepseek_v32__vs__wsls__seed104,DeepSeek-V3.2,WSLS,104,41,1.0,5.322170427642952,44.813806080476645
deepseek_v32__vs__wsls__seed104,DeepSeek-V3.2,WSLS,104,42,1.0,5.463664413327894,50.27747049380454
deepseek_v32__vs__wsls__seed104,DeepSeek-V3.2,WSLS,104,43,1.0,5.582281740968954,55.859752234773495
deepseek_v32__vs__wsls__seed104,DeepSeek-V3.2,WSLS,104,44,1.0,5.69161636938829,61.55136860416179
deepseek_v32__vs__wsls__seed104,DeepSeek-V3.2,WSLS,104,45,1.0,5.797129789117587,67.34849839327937
deepseek_v32__vs__wsls__seed104,DeepSeek-V3.2,WSLS,104,46,1.0,5.90225200000701,73.25075039328638
deepseek_v32__vs__wsls__seed104,DeepSeek-V3.2,WSLS,104,47,1.0,6.009112150369491,79.25986254365587
deepseek_v32__vs__wsls__seed104,DeepSeek-V3.2,WSLS,104,48,1.0,6.057375337031496,85.31723788068737
deepseek_v32__vs__wsls__seed104,DeepSeek-V3.2,WSLS,104,49,1.0,6.059390620167303,91.37662850085468
deepseek_v32__vs__wsls__seed104,DeepSeek-V3.2,WSLS,104,50,1.0,-3.3131287814946244,88.06349971936005
deepseek_v32__vs__wsls__seed105,DeepSeek-V3.2,WSLS,105,1,0.5,8.0,8.0
deepseek_v32__vs__wsls__seed105,DeepSeek-V3.2,WSLS,105,2,1.0,4.809042063803192,12.809042063803192
deepseek_v32__vs__wsls__seed105,DeepSeek-V3.2,WSLS,105,3,1.0,5.591329978691661,18.40037204249485
deepseek_v32__vs__wsls__seed105,DeepSeek-V3.2,WSLS,105,4,1.0,6.267085041051246,24.667457083546097
deepseek_v32__vs__wsls__seed105,DeepSeek-V3.2,WSLS,105,5,1.0,6.817733813760466,31.485190897306563
deepseek_v32__vs__wsls__seed105,DeepSeek-V3.2,WSLS,105,6,1.0,7.257195094264214,38.74238599157078
deepseek_v32__vs__wsls__seed105,DeepSeek-V3.2,WSLS,105,7,1.0,7.61140074663942,46.3537867382102
deepseek_v32__vs__wsls__seed105,DeepSeek-V3.2,WSLS,105,8,1.0,7.905824604466034,54.25961134267623
deepseek_v32__vs__wsls__seed105,DeepSeek-V3.2,WSLS,105,9,1.0,8.160624475729637,62.42023581840587
deepseek_v32__vs__wsls__seed105,DeepSeek-V3.2,WSLS,105,10,1.0,8.402207139774177,70.82244295818005
deepseek_v32__vs__wsls__seed105,DeepSeek-V3.2,WSLS,105,11,1.0,8.626852471156631,79.44929542933667
deepseek_v32__vs__wsls__seed105,DeepSeek-V3.2,WSLS,105,12,1.0,8.840896756721012,88.29019218605768
deepseek_v32__vs__wsls__seed105,DeepSeek-V3.2,WSLS,105,13,1.0,9.048356017524391,97.33854820358206
deepseek_v32__vs__wsls__seed105,DeepSeek-V3.2,WSLS,105,14,1.0,9.25174394607696,106.59029214965902
deepseek_v32__vs__wsls__seed105,DeepSeek-V3.2,WSLS,105,15,1.0,9.45262196357286,116.04291411323189
deepseek_v32__vs__wsls__seed105,DeepSeek-V3.2,WSLS,105,16,1.0,9.651955462248392,125.69486957548028
deepseek_v32__vs__wsls__seed105,DeepSeek-V3.2,WSLS,105,17,1.0,9.85033960827927,135.54520918375954
deepseek_v32__vs__wsls__seed105,DeepSeek-V3.2,WSLS,105,18,1.0,10.048140664003913,145.59334984776345
deepseek_v32__vs__wsls__seed105,DeepSeek-V3.2,WSLS,105,19,1.0,10.24558376811893,155.83893361588238
deepseek_v32__vs__wsls__seed105,DeepSeek-V3.2,WSLS,105,20,1.0,10.44280720865127,166.28174082453364
deepseek_v32__vs__wsls__seed105,DeepSeek-V3.2,WSLS,105,21,1.0,10.639895884234914,176.92163670876855
deepseek_v32__vs__wsls__seed105,DeepSeek-V3.2,WSLS,105,22,1.0,10.74979348231664,187.6714301910852
deepseek_v32__vs__wsls__seed105,DeepSeek-V3.2,WSLS,105,23,1.0,10.74987473933614,198.42130493042134
deepseek_v32__vs__wsls__seed105,DeepSeek-V3.2,WSLS,105,24,1.0,10.749924025067646,209.171228955489
deepseek_v32__vs__wsls__seed105,DeepSeek-V3.2,WSLS,105,25,1.0,10.749953918690487,219.9211828741795
deepseek_v32__vs__wsls__seed105,DeepSeek-V3.2,WSLS,105,26,1.0,10.749972050205368,230.67115492438487
deepseek_v32__vs__wsls__seed105,DeepSeek-V3.2,WSLS,105,27,1.0,10.749983047567767,241.42113797195265
deepseek_v32__vs__wsls__seed105,DeepSeek-V3.2,WSLS,105,28,1.0,10.749989717820949,252.17112768977358
deepseek_v32__vs__wsls__seed105,DeepSeek-V3.2,WSLS,105,29,1.0,10.749993763539791,262.9211214533134
deepseek_v32__vs__wsls__seed105,DeepSeek-V3.2,WSLS,105,30,1.0,10.74999621739444,273.6711176707078
deepseek_v32__vs__wsls__seed105,DeepSeek-V3.2,WSLS,105,31,1.0,10.749997705733296,284.4211153764411
deepseek_v32__vs__wsls__seed105,DeepSeek-V3.2,WSLS,105,32,1.0,10.749998608456735,295.17111398489783
deepseek_v32__vs__wsls__seed105,DeepSeek-V3.2,WSLS,105,33,1.0,10.749999155986284,305.92111314088413
deepseek_v32__vs__wsls__seed105,DeepSeek-V3.2,WSLS,105,34,1.0,10.74999948807978,316.6711126289639
deepseek_v32__vs__wsls__seed105,DeepSeek-V3.2,WSLS,105,35,1.0,6.062499767128513,322.7336123960924
deepseek_v32__vs__wsls__seed105,DeepSeek-V3.2,WSLS,105,36,1.0,6.062499858756301,328.7961122548487
deepseek_v32__vs__wsls__seed105,DeepSeek-V3.2,WSLS,105,37,1.0,6.062499914331365,334.85861216918005
deepseek_v32__vs__wsls__seed105,DeepSeek-V3.2,WSLS,105,38,1.0,6.0624999480393456,340.9211121172194
deepseek_v32__vs__wsls__seed105,DeepSeek-V3.2,WSLS,105,39,1.0,6.062499968484271,346.98361208570367
deepseek_v32__vs__wsls__seed105,DeepSeek-V3.2,WSLS,105,40,1.0,6.062499980884745,353.0461120665884
deepseek_v32__vs__wsls__seed105,DeepSeek-V3.2,WSLS,105,41,1.0,6.062499988406014,359.1086120549944
deepseek_v32__vs__wsls__seed105,DeepSeek-V3.2,WSLS,105,42,1.0,6.06249999296789,365.1711120479623
deepseek_v32__vs__wsls__seed105,DeepSeek-V3.2,WSLS,105,43,1.0,6.062499995734809,371.2336120436971
deepseek_v32__vs__wsls__seed105,DeepSeek-V3.2,WSLS,105,44,1.0,6.062499997413031,377.2961120411102
deepseek_v32__vs__wsls__seed105,DeepSeek-V3.2,WSLS,105,45,1.0,6.0624999984309245,383.35861203954113
deepseek_v32__vs__wsls__seed105,DeepSeek-V3.2,WSLS,105,46,0.75,8.062499999048306,391.42111203858946
deepseek_v32__vs__wsls__seed105,DeepSeek-V3.2,WSLS,105,47,0.75,8.06249999942277,399.4836120380122
deepseek_v32__vs__wsls__seed105,DeepSeek-V3.2,WSLS,105,48,0.75,8.062499999649894,407.5461120376621
deepseek_v32__vs__wsls__seed105,DeepSeek-V3.2,WSLS,105,49,0.75,8.06249999978765,415.60861203744975
deepseek_v32__vs__wsls__seed105,DeepSeek-V3.2,WSLS,105,50,0.75,3.3749999999141345,418.98361203736386
gemma3_27b__vs__always_cooperate__seed101,Gemma-3-27B,Always Cooperate,101,1,0.0,12.0,12.0
gemma3_27b__vs__always_cooperate__seed101,Gemma-3-27B,Always Cooperate,101,2,0.0,11.9825,23.9825
gemma3_27b__vs__always_cooperate__seed101,Gemma-3-27B,Always Cooperate,101,3,0.0,11.965,35.947500000000005
gemma3_27b__vs__always_cooperate__seed101,Gemma-3-27B,Always Cooperate,101,4,0.0,11.9475,47.895
gemma3_27b__vs__always_cooperate__seed101,Gemma-3-27B,Always Cooperate,101,5,0.0,11.93,59.825
gemma3_27b__vs__always_cooperate__seed101,Gemma-3-27B,Always Cooperate,101,6,0.0,11.9125,71.7375
gemma3_27b__vs__always_cooperate__seed101,Gemma-3-27B,Always Cooperate,101,7,0.0,11.895,83.6325
gemma3_27b__vs__always_cooperate__seed101,Gemma-3-27B,Always Cooperate,101,8,0.0,11.8775,95.50999999999999
gemma3_27b__vs__always_cooperate__seed101,Gemma-3-27B,Always Cooperate,101,9,0.0,11.86,107.36999999999999
gemma3_27b__vs__always_cooperate__seed101,Gemma-3-27B,Always Cooperate,101,10,0.0,11.8425,119.21249999999999
gemma3_27b__vs__always_cooperate__seed101,Gemma-3-27B,Always Cooperate,101,11,0.0,11.825,131.0375
gemma3_27b__vs__always_cooperate__seed101,Gemma-3-27B,Always Cooperate,101,12,0.0,11.8075,142.845
gemma3_27b__vs__always_cooperate__seed101,Gemma-3-27B,Always Cooperate,101,13,0.0,11.79,154.635
gemma3_27b__vs__always_cooperate__seed101,Gemma-3-27B,Always Cooperate,101,14,0.0,11.772499999999999,166.4075
gemma3_27b__vs__always_cooperate__seed101,Gemma-3-27B,Always Cooperate,101,15,0.0,11.754999999999999,178.1625
gemma3_27b__vs__always_cooperate__seed101,Gemma-3-27B,Always Cooperate,101,16,0.0,11.737499999999999,189.9
gemma3_27b__vs__always_cooperate__seed101,Gemma-3-27B,Always Cooperate,101,17,0.0,11.719999999999999,201.62
gemma3_27b__vs__always_cooperate__seed101,Gemma-3-27B,Always Cooperate,101,18,0.0,11.680625,213.300625
gemma3_27b__vs__always_cooperate__seed101,Gemma-3-27B,Always Cooperate,101,19,0.0,11.64125,224.94187499999998
gemma3_27b__vs__always_cooperate__seed101,Gemma-3-27B,Always Cooperate,101,20,0.0,11.601875,236.54375
gemma3_27b__vs__always_cooperate__seed101,Gemma-3-27B,Always Cooperate,101,21,0.0,11.5625,248.10625
gemma3_27b__vs__always_cooperate__seed101,Gemma-3-27B,Always Cooperate,101,22,0.0,11.523125,259.629375
gemma3_27b__vs__always_cooperate__seed101,Gemma-3-27B,Always Cooperate,101,23,0.0,11.48375,271.11312499999997
gemma3_27b__vs__always_cooperate__seed101,Gemma-3-27B,Always Cooperate,101,24,0.0,11.444375,282.55749999999995
gemma3_27b__vs__always_cooperate__seed101,Gemma-3-27B,Always Cooperate,101,25,0.0,11.405000000000001,293.9625
gemma3_27b__vs__always_cooperate__seed101,Gemma-3-27B,Always Cooperate,101,26,0.0,11.387500000000001,305.34999999999997
gemma3_27b__vs__always_cooperate__seed101,Gemma-3-27B,Always Cooperate,101,27,0.0,11.370000000000001,316.71999999999997
gemma3_27b__vs__always_cooperate__seed101,Gemma-3-27B,Always Cooperate,101,28,0.0,11.352500000000001,328.0725
gemma3_27b__vs__always_cooperate__seed101,Gemma-3-27B,Always Cooperate,101,29,0.0,11.335,339.40749999999997
gemma3_27b__vs__always_cooperate__seed101,Gemma-3-27B,Always Cooperate,101,30,0.0,11.3175,350.72499999999997
gemma3_27b__vs__always_cooperate__seed101,Gemma-3-27B,Always Cooperate,101,31,0.0,11.3,362.025
gemma3_27b__vs__always_cooperate__seed101,Gemma-3-27B,Always Cooperate,101,32,0.0,11.2825,373.3075
gemma3_27b__vs__always_cooperate__seed101,Gemma-3-27B,Always Cooperate,101,33,0.0,11.265,384.5725
gemma3_27b__vs__always_cooperate__seed101,Gemma-3-27B,Always Cooperate,101,34,0.0,11.2475,395.82
gemma3_27b__vs__always_cooperate__seed101,Gemma-3-27B,Always Cooperate,101,35,0.0,11.23,407.05
gemma3_27b__vs__always_cooperate__seed101,Gemma-3-27B,Always Cooperate,101,36,0.0,11.2125,418.2625
gemma3_27b__vs__always_cooperate__seed101,Gemma-3-27B,Always Cooperate,101,37,0.0,11.195,429.4575
gemma3_27b__vs__always_cooperate__seed101,Gemma-3-27B,Always Cooperate,101,38,0.0,11.1775,440.635
gemma3_27b__vs__always_cooperate__seed101,Gemma-3-27B,Always Cooperate,101,39,0.0,11.16,451.795
gemma3_27b__vs__always_cooperate__seed101,Gemma-3-27B,Always Cooperate,101,40,0.0,11.1425,462.9375
gemma3_27b__vs__always_cooperate__seed101,Gemma-3-27B,Always Cooperate,101,41,0.0,11.125,474.0625
gemma3_27b__vs__always_cooperate__seed101,Gemma-3-27B,Always Cooperate,101,42,0.0,11.1075,485.17
gemma3_27b__vs__always_cooperate__seed101,Gemma-3-27B,Always Cooperate,101,43,0.0,11.09,496.26
gemma3_27b__vs__always_cooperate__seed101,Gemma-3-27B,Always Cooperate,101,44,0.0,11.0725,507.3325
gemma3_27b__vs__always_cooperate__seed101,Gemma-3-27B,Always Cooperate,101,45,0.0,11.055,518.3874999999999
gemma3_27b__vs__always_cooperate__seed101,Gemma-3-27B,Always Cooperate,101,46,0.0,11.0375,529.425
gemma3_27b__vs__always_cooperate__seed101,Gemma-3-27B,Always Cooperate,101,47,0.0,11.02,540.4449999999999
gemma3_27b__vs__always_cooperate__seed101,Gemma-3-27B,Always Cooperate,101,48,0.0,11.0025,551.4475
gemma3_27b__vs__always_cooperate__seed101,Gemma-3-27B,Always Cooperate,101,49,0.0,10.985,562.4325
gemma3_27b__vs__always_cooperate__seed101,Gemma-3-27B,Always Cooperate,101,50,0.0,10.9675,573.4
gemma3_27b__vs__always_cooperate__seed102,Gemma-3-27B,Always Cooperate,102,1,0.0,12.0,12.0
gemma3_27b__vs__always_cooperate__seed102,Gemma-3-27B,Always Cooperate,102,2,0.0,11.9825,23.9825
gemma3_27b__vs__always_cooperate__seed102,Gemma-3-27B,Always Cooperate,102,3,0.0,11.965,35.947500000000005
gemma3_27b__vs__always_cooperate__seed102,Gemma-3-27B,Always Cooperate,102,4,0.0,11.9475,47.895
gemma3_27b__vs__always_cooperate__seed102,Gemma-3-27B,Always Cooperate,102,5,0.0,11.908125,59.803125
gemma3_27b__vs__always_cooperate__seed102,Gemma-3-27B,Always Cooperate,102,6,0.0,11.873125,71.67625
gemma3_27b__vs__always_cooperate__seed102,Gemma-3-27B,Always Cooperate,102,7,0.0,11.841041666666667,83.51729166666667
gemma3_27b__vs__always_cooperate__seed102,Gemma-3-27B,Always Cooperate,102,8,0.0,11.811041666666668,95.32833333333333
gemma3_27b__vs__always_cooperate__seed102,Gemma-3-27B,Always Cooperate,102,9,0.0,11.782604166666667,107.1109375
gemma3_27b__vs__always_cooperate__seed102,Gemma-3-27B,Always Cooperate,102,10,0.0,11.754166666666666,118.86510416666667
gemma3_27b__vs__always_cooperate__seed102,Gemma-3-27B,Always Cooperate,102,11,0.0,11.725729166666666,130.59083333333334
gemma3_27b__vs__always_cooperate__seed102,Gemma-3-27B,Always Cooperate,102,12,0.0,11.697291666666665,142.288125
gemma3_27b__vs__always_cooperate__seed102,Gemma-3-27B,Always Cooperate,102,13,0.0,11.679791666666665,153.96791666666667
gemma3_27b__vs__always_cooperate__seed102,Gemma-3-27B,Always Cooperate,102,14,0.0,11.662291666666665,165.63020833333334
gemma3_27b__vs__always_cooperate__seed102,Gemma-3-27B,Always Cooperate,102,15,0.0,11.644791666666665,177.275
gemma3_27b__vs__always_cooperate__seed102,Gemma-3-27B,Always Cooperate,102,16,0.0,11.627291666666665,188.90229166666666
gemma3_27b__vs__always_cooperate__seed102,Gemma-3-27B,Always Cooperate,102,17,0.0,11.609791666666665,200.51208333333332
gemma3_27b__vs__always_cooperate__seed102,Gemma-3-27B,Always Cooperate,102,18,0.0,11.592291666666664,212.10437499999998
gemma3_27b__vs__always_cooperate__seed102,Gemma-3-27B,Always Cooperate,102,19,0.0,11.574791666666664,223.67916666666665
gemma3_27b__vs__always_cooperate__seed102,Gemma-3-27B,Always Cooperate,102,20,0.0,11.557291666666664,235.2364583333333
gemma3_27b__vs__always_cooperate__seed102,Gemma-3-27B,Always Cooperate,102,21,0.0,11.539791666666664,246.77624999999998
gemma3_27b__vs__always_cooperate__seed102,Gemma-3-27B,Always Cooperate,102,22,0.0,11.522291666666664,258.29854166666667
gemma3_27b__vs__always_cooperate__seed102,Gemma-3-27B,Always Cooperate,102,23,0.0,11.504791666666664,269.80333333333334
gemma3_27b__vs__always_cooperate__seed102,Gemma-3-27B,Always Cooperate,102,24,0.0,11.487291666666664,281.290625
gemma3_27b__vs__always_cooperate__seed102,Gemma-3-27B,Always Cooperate,102,25,0.0,11.469791666666664,292.76041666666663
gemma3_27b__vs__always_cooperate__seed102,Gemma-3-27B,Always Cooperate,102,26,0.0,11.452291666666664,304.2127083333333
gemma3_27b__vs__always_cooperate__seed102,Gemma-3-27B,Always Cooperate,102,27,0.0,11.434791666666664,315.6475
gemma3_27b__vs__always_cooperate__seed102,Gemma-3-27B,Always Cooperate,102,28,0.0,11.417291666666664,327.0647916666666
gemma3_27b__vs__always_cooperate__seed102,Gemma-3-27B,Always Cooperate,102,29,0.0,11.399791666666664,338.4645833333333
gemma3_27b__vs__always_cooperate__seed102,Gemma-3-27B,Always Cooperate,102,30,0.0,11.382291666666664,349.84687499999995
gemma3_27b__vs__always_cooperate__seed102,Gemma-3-27B,Always Cooperate,102,31,0.0,11.364791666666664,361.21166666666664
gemma3_27b__vs__always_cooperate__seed102,Gemma-3-27B,Always Cooperate,102,32,0.0,11.347291666666663,372.5589583333333
gemma3_27b__vs__always_cooperate__seed102,Gemma-3-27B,Always Cooperate,102,33,0.0,11.329791666666663,383.88874999999996
gemma3_27b__vs__always_cooperate__seed102,Gemma-3-27B,Always Cooperate,102,34,0.0,11.312291666666663,395.20104166666664
gemma3_27b__vs__always_cooperate__seed102,Gemma-3-27B,Always Cooperate,102,35,0.0,11.294791666666663,406.4958333333333
gemma3_27b__vs__always_cooperate__seed102,Gemma-3-27B,Always Cooperate,102,36,0.0,11.277291666666663,417.77312499999994
gemma3_27b__vs__always_cooperate__seed102,Gemma-3-27B,Always Cooperate,102,37,0.0,11.259791666666663,429.0329166666666
gemma3_27b__vs__always_cooperate__seed102,Gemma-3-27B,Always Cooperate,102,38,0.0,11.242291666666663,440.2752083333333
gemma3_27b__vs__always_cooperate__seed102,Gemma-3-27B,Always Cooperate,102,39,0.0,11.224791666666663,451.49999999999994
gemma3_27b__vs__always_cooperate__seed102,Gemma-3-27B,Always Cooperate,102,40,0.0,11.207291666666663,462.7072916666666
gemma3_27b__vs__always_cooperate__seed102,Gemma-3-27B,Always Cooperate,102,41,0.0,11.189791666666663,473.8970833333333
gemma3_27b__vs__always_cooperate__seed102,Gemma-3-27B,Always Cooperate,102,42,0.0,11.172291666666663,485.0693749999999
gemma3_27b__vs__always_cooperate__seed102,Gemma-3-27B,Always Cooperate,102,43,0.0,11.154791666666663,496.2241666666666
gemma3_27b__vs__always_cooperate__seed102,Gemma-3-27B,Always Cooperate,102,44,0.0,11.137291666666663,507.36145833333325
gemma3_27b__vs__always_cooperate__seed102,Gemma-3-27B,Always Cooperate,102,45,0.0,11.119791666666663,518.4812499999999
gemma3_27b__vs__always_cooperate__seed102,Gemma-3-27B,Always Cooperate,102,46,0.0,11.102291666666662,529.5835416666666
gemma3_27b__vs__always_cooperate__seed102,Gemma-3-27B,Always Cooperate,102,47,0.0,11.084791666666662,540.6683333333333
gemma3_27b__vs__always_cooperate__seed102,Gemma-3-27B,Always Cooperate,102,48,0.0,11.067291666666662,551.7356249999999
gemma3_27b__vs__always_cooperate__seed102,Gemma-3-27B,Always Cooperate,102,49,0.0,11.049791666666662,562.7854166666666
gemma3_27b__vs__always_cooperate__seed102,Gemma-3-27B,Always Cooperate,102,50,0.0,11.032291666666662,573.8177083333333
gemma3_27b__vs__always_cooperate__seed103,Gemma-3-27B,Always Cooperate,103,1,0.0,12.0,12.0
gemma3_27b__vs__always_cooperate__seed103,Gemma-3-27B,Always Cooperate,103,2,0.0,11.9825,23.9825
gemma3_27b__vs__always_cooperate__seed103,Gemma-3-27B,Always Cooperate,103,3,0.0,11.965,35.947500000000005
gemma3_27b__vs__always_cooperate__seed103,Gemma-3-27B,Always Cooperate,103,4,0.0,11.9475,47.895
gemma3_27b__vs__always_cooperate__seed103,Gemma-3-27B,Always Cooperate,103,5,0.0,11.93,59.825
gemma3_27b__vs__always_cooperate__seed103,Gemma-3-27B,Always Cooperate,103,6,0.0,11.9125,71.7375
gemma3_27b__vs__always_cooperate__seed103,Gemma-3-27B,Always Cooperate,103,7,0.0,11.895,83.6325
gemma3_27b__vs__always_cooperate__seed103,Gemma-3-27B,Always Cooperate,103,8,0.0,11.8775,95.50999999999999
gemma3_27b__vs__always_cooperate__seed103,Gemma-3-27B,Always Cooperate,103,9,0.0,12.609398232962016,108.11939823296201
gemma3_27b__vs__always_cooperate__seed103,Gemma-3-27B,Always Cooperate,103,10,0.0,11.886249999999999,120.00564823296202
gemma3_27b__vs__always_cooperate__seed103,Gemma-3-27B,Always Cooperate,103,11,0.0,11.890624999999998,131.89627323296202
gemma3_27b__vs__always_cooperate__seed103,Gemma-3-27B,Always Cooperate,103,12,0.0,11.894999999999998,143.79127323296203
gemma3_27b__vs__always_cooperate__seed103,Gemma-3-27B,Always Cooperate,103,13,0.0,11.899374999999997,155.69064823296202
gemma3_27b__vs__always_cooperate__seed103,Gemma-3-27B,Always Cooperate,103,14,0.0,11.903749999999997,167.59439823296202
gemma3_27b__vs__always_cooperate__seed103,Gemma-3-27B,Always Cooperate,103,15,0.0,11.908124999999997,179.502523232962
gemma3_27b__vs__always_cooperate__seed103,Gemma-3-27B,Always Cooperate,103,16,0.0,11.912499999999996,191.415023232962
gemma3_27b__vs__always_cooperate__seed103,Gemma-3-27B,Always Cooperate,103,17,0.0,11.894999999999996,203.310023232962
gemma3_27b__vs__always_cooperate__seed103,Gemma-3-27B,Always Cooperate,103,18,0.0,11.877499999999996,215.187523232962
gemma3_27b__vs__always_cooperate__seed103,Gemma-3-27B,Always Cooperate,103,19,0.0,11.859999999999996,227.047523232962
gemma3_27b__vs__always_cooperate__seed103,Gemma-3-27B,Always Cooperate,103,20,0.0,11.842499999999996,238.890023232962
gemma3_27b__vs__always_cooperate__seed103,Gemma-3-27B,Always Cooperate,103,21,0.0,11.824999999999996,250.71502323296198
gemma3_27b__vs__always_cooperate__seed103,Gemma-3-27B,Always Cooperate,103,22,0.0,12.547880075784208,263.2629033087462
gemma3_27b__vs__always_cooperate__seed103,Gemma-3-27B,Always Cooperate,103,23,0.0,11.822812499999994,275.0857158087462
gemma3_27b__vs__always_cooperate__seed103,Gemma-3-27B,Always Cooperate,103,24,0.0,11.821718749999993,286.9074345587462
gemma3_27b__vs__always_cooperate__seed103,Gemma-3-27B,Always Cooperate,103,25,0.0,11.820624999999993,298.7280595587462
gemma3_27b__vs__always_cooperate__seed103,Gemma-3-27B,Always Cooperate,103,26,0.0,11.819531249999992,310.54759080874624
gemma3_27b__vs__always_cooperate__seed103,Gemma-3-27B,Always Cooperate,103,27,0.0,11.818437499999991,322.36602830874625
gemma3_27b__vs__always_cooperate__seed103,Gemma-3-27B,Always Cooperate,103,28,0.0,11.81734374999999,334.1833720587462
gemma3_27b__vs__always_cooperate__seed103,Gemma-3-27B,Always Cooperate,103,29,0.0,11.81624999999999,345.9996220587462
gemma3_27b__vs__always_cooperate__seed103,Gemma-3-27B,Always Cooperate,103,30,0.0,12.526987116742685,358.5266091754889
gemma3_27b__vs__always_cooperate__seed103,Gemma-3-27B,Always Cooperate,103,31,0.0,11.79218749999999,370.3187966754889
gemma3_27b__vs__always_cooperate__seed103,Gemma-3-27B,Always Cooperate,103,32,0.0,11.78015624999999,382.0989529254889
gemma3_27b__vs__always_cooperate__seed103,Gemma-3-27B,Always Cooperate,103,33,0.0,11.76812499999999,393.8670779254889
gemma3_27b__vs__always_cooperate__seed103,Gemma-3-27B,Always Cooperate,103,34,0.0,12.48752263855315,406.3546005640421
gemma3_27b__vs__always_cooperate__seed103,Gemma-3-27B,Always Cooperate,103,35,0.0,11.765937499999989,418.1205380640421
gemma3_27b__vs__always_cooperate__seed103,Gemma-3-27B,Always Cooperate,103,36,0.0,11.764843749999988,429.8853818140421
gemma3_27b__vs__always_cooperate__seed103,Gemma-3-27B,Always Cooperate,103,37,0.0,11.763749999999987,441.6491318140421
gemma3_27b__vs__always_cooperate__seed103,Gemma-3-27B,Always Cooperate,103,38,0.0,11.757187499999988,453.4063193140421
gemma3_27b__vs__always_cooperate__seed103,Gemma-3-27B,Always Cooperate,103,39,0.0,11.750624999999989,465.1569443140421
gemma3_27b__vs__always_cooperate__seed103,Gemma-3-27B,Always Cooperate,103,40,0.0,11.74406249999999,476.9010068140421
gemma3_27b__vs__always_cooperate__seed103,Gemma-3-27B,Always Cooperate,103,41,0.0,11.73749999999999,488.6385068140421
gemma3_27b__vs__always_cooperate__seed103,Gemma-3-27B,Always Cooperate,103,42,0.0,11.71999999999999,500.3585068140421
gemma3_27b__vs__always_cooperate__seed103,Gemma-3-27B,Always Cooperate,103,43,0.0,11.70249999999999,512.0610068140421
gemma3_27b__vs__always_cooperate__seed103,Gemma-3-27B,Always Cooperate,103,44,0.0,11.68499999999999,523.7460068140421
gemma3_27b__vs__always_cooperate__seed103,Gemma-3-27B,Always Cooperate,103,45,0.0,11.66749999999999,535.4135068140421
gemma3_27b__vs__always_cooperate__seed103,Gemma-3-27B,Always Cooperate,103,46,0.0,12.369129203984548,547.7826360180267
gemma3_27b__vs__always_cooperate__seed103,Gemma-3-27B,Always Cooperate,103,47,0.0,11.64343749999999,559.4260735180267
gemma3_27b__vs__always_cooperate__seed103,Gemma-3-27B,Always Cooperate,103,48,0.0,11.609531249999991,571.0356047680267
gemma3_27b__vs__always_cooperate__seed103,Gemma-3-27B,Always Cooperate,103,49,0.0,11.575624999999992,582.6112297680266
gemma3_27b__vs__always_cooperate__seed103,Gemma-3-27B,Always Cooperate,103,50,0.0,11.541718749999992,594.1529485180266
gemma3_27b__vs__always_cooperate__seed104,Gemma-3-27B,Always Cooperate,104,1,0.0,12.0,12.0
gemma3_27b__vs__always_cooperate__seed104,Gemma-3-27B,Always Cooperate,104,2,0.0,11.9825,23.9825
gemma3_27b__vs__always_cooperate__seed104,Gemma-3-27B,Always Cooperate,104,3,0.0,11.92125,35.90375
gemma3_27b__vs__always_cooperate__seed104,Gemma-3-27B,Always Cooperate,104,4,0.0,11.845416666666667,47.74916666666667
gemma3_27b__vs__always_cooperate__seed104,Gemma-3-27B,Always Cooperate,104,5,0.0,11.784166666666668,59.53333333333333
gemma3_27b__vs__always_cooperate__seed104,Gemma-3-27B,Always Cooperate,104,6,0.0,11.731666666666667,71.265
gemma3_27b__vs__always_cooperate__seed104,Gemma-3-27B,Always Cooperate,104,7,0.0,11.685,82.95
gemma3_27b__vs__always_cooperate__seed104,Gemma-3-27B,Always Cooperate,104,8,0.0,11.6425,94.5925
gemma3_27b__vs__always_cooperate__seed104,Gemma-3-27B,Always Cooperate,104,9,0.0,11.603125,106.195625
gemma3_27b__vs__always_cooperate__seed104,Gemma-3-27B,Always Cooperate,104,10,0.0,11.56375,117.759375
gemma3_27b__vs__always_cooperate__seed104,Gemma-3-27B,Always Cooperate,104,11,0.0,12.247419426710952,130.00679442671097
gemma3_27b__vs__always_cooperate__seed104,Gemma-3-27B,Always Cooperate,104,12,0.0,11.52875,141.53554442671097
gemma3_27b__vs__always_cooperate__seed104,Gemma-3-27B,Always Cooperate,104,13,0.0,11.51671875,153.05226317671097
gemma3_27b__vs__always_cooperate__seed104,Gemma-3-27B,Always Cooperate,104,14,0.0,11.504687500000001,164.55695067671095
gemma3_27b__vs__always_cooperate__seed104,Gemma-3-27B,Always Cooperate,104,15,0.0,11.492656250000001,176.04960692671096
gemma3_27b__vs__always_cooperate__seed104,Gemma-3-27B,Always Cooperate,104,16,0.0,11.480625000000002,187.53023192671097
gemma3_27b__vs__always_cooperate__seed104,Gemma-3-27B,Always Cooperate,104,17,0.0,11.468593750000002,198.99882567671096
gemma3_27b__vs__always_cooperate__seed104,Gemma-3-27B,Always Cooperate,104,18,0.0,11.456562500000002,210.45538817671095
gemma3_27b__vs__always_cooperate__seed104,Gemma-3-27B,Always Cooperate,104,19,0.0,12.145276071396864,222.60066424810782
gemma3_27b__vs__always_cooperate__seed104,Gemma-3-27B,Always Cooperate,104,20,0.0,11.432500000000003,234.03316424810782
gemma3_27b__vs__always_cooperate__seed104,Gemma-3-27B,Always Cooperate,104,21,0.0,11.420468750000003,245.45363299810782
gemma3_27b__vs__always_cooperate__seed104,Gemma-3-27B,Always Cooperate,104,22,0.0,11.408437500000003,256.8620704981078
gemma3_27b__vs__always_cooperate__seed104,Gemma-3-27B,Always Cooperate,104,23,0.0,11.380000000000003,268.2420704981078
gemma3_27b__vs__always_cooperate__seed104,Gemma-3-27B,Always Cooperate,104,24,0.0,11.351562500000002,279.5936329981078
gemma3_27b__vs__always_cooperate__seed104,Gemma-3-27B,Always Cooperate,104,25,0.0,11.323125000000001,290.9167579981078
gemma3_27b__vs__always_cooperate__seed104,Gemma-3-27B,Always Cooperate,104,26,0.0,12.003668237893239,302.92042623600105
gemma3_27b__vs__always_cooperate__seed104,Gemma-3-27B,Always Cooperate,104,27,0.0,11.293593750000001,314.21401998600106
gemma3_27b__vs__always_cooperate__seed104,Gemma-3-27B,Always Cooperate,104,28,0.0,11.276093750000001,325.49011373600104
gemma3_27b__vs__always_cooperate__seed104,Gemma-3-27B,Always Cooperate,104,29,0.0,11.258593750000001,336.748707486001
gemma3_27b__vs__always_cooperate__seed104,Gemma-3-27B,Always Cooperate,104,30,0.0,11.235625,347.98433248600105
gemma3_27b__vs__always_cooperate__seed104,Gemma-3-27B,Always Cooperate,104,31,0.0,11.229062500000001,359.21339498600105
gemma3_27b__vs__always_cooperate__seed104,Gemma-3-27B,Always Cooperate,104,32,0.0,11.222500000000002,370.4358949860011
gemma3_27b__vs__always_cooperate__seed104,Gemma-3-27B,Always Cooperate,104,33,0.0,11.215937500000003,381.65183248600107
gemma3_27b__vs__always_cooperate__seed104,Gemma-3-27B,Always Cooperate,104,34,0.0,11.187500000000002,392.83933248600107
gemma3_27b__vs__always_cooperate__seed104,Gemma-3-27B,Always Cooperate,104,35,0.0,11.159062500000001,403.9983949860011
gemma3_27b__vs__always_cooperate__seed104,Gemma-3-27B,Always Cooperate,104,36,0.0,11.130625,415.1290199860011
gemma3_27b__vs__always_cooperate__seed104,Gemma-3-27B,Always Cooperate,104,37,0.0,11.1021875,426.2312074860011
gemma3_27b__vs__always_cooperate__seed104,Gemma-3-27B,Always Cooperate,104,38,0.0,11.079218749999999,437.3104262360011
gemma3_27b__vs__always_cooperate__seed104,Gemma-3-27B,Always Cooperate,104,39,0.0,11.056249999999999,448.36667623600107
gemma3_27b__vs__always_cooperate__seed104,Gemma-3-27B,Always Cooperate,104,40,0.0,11.033281249999998,459.3999574860011
gemma3_27b__vs__always_cooperate__seed104,Gemma-3-27B,Always Cooperate,104,41,0.0,10.999374999999999,470.3993324860011
gemma3_27b__vs__always_cooperate__seed104,Gemma-3-27B,Always Cooperate,104,42,0.0,10.970937499999998,481.37026998600106
gemma3_27b__vs__always_cooperate__seed104,Gemma-3-27B,Always Cooperate,104,43,0.0,10.942499999999997,492.31276998600106
gemma3_27b__vs__always_cooperate__seed104,Gemma-3-27B,Always Cooperate,104,44,0.0,10.914062499999996,503.22683248600106
gemma3_27b__vs__always_cooperate__seed104,Gemma-3-27B,Always Cooperate,104,45,0.0,10.885624999999996,514.1124574860011
gemma3_27b__vs__always_cooperate__seed104,Gemma-3-27B,Always Cooperate,104,46,0.0,10.857187499999995,524.9696449860011
gemma3_27b__vs__always_cooperate__seed104,Gemma-3-27B,Always Cooperate,104,47,0.0,10.828749999999994,535.7983949860011
gemma3_27b__vs__always_cooperate__seed104,Gemma-3-27B,Always Cooperate,104,48,0.0,10.800312499999993,546.5987074860011
gemma3_27b__vs__always_cooperate__seed104,Gemma-3-27B,Always Cooperate,104,49,0.0,10.782812499999993,557.3815199860011
gemma3_27b__vs__always_cooperate__seed104,Gemma-3-27B,Always Cooperate,104,50,0.0,10.748906249999994,568.1304262360011
gemma3_27b__vs__always_cooperate__seed105,Gemma-3-27B,Always Cooperate,105,1,0.0,12.0,12.0
gemma3_27b__vs__always_cooperate__seed105,Gemma-3-27B,Always Cooperate,105,2,0.0,11.9825,23.9825
gemma3_27b__vs__always_cooperate__seed105,Gemma-3-27B,Always Cooperate,105,3,0.0,11.965,35.947500000000005
gemma3_27b__vs__always_cooperate__seed105,Gemma-3-27B,Always Cooperate,105,4,0.0,11.9475,47.895
gemma3_27b__vs__always_cooperate__seed105,Gemma-3-27B,Always Cooperate,105,5,0.0,11.93,59.825
gemma3_27b__vs__always_cooperate__seed105,Gemma-3-27B,Always Cooperate,105,6,0.0,11.9125,71.7375
gemma3_27b__vs__always_cooperate__seed105,Gemma-3-27B,Always Cooperate,105,7,0.0,11.895,83.6325
gemma3_27b__vs__always_cooperate__seed105,Gemma-3-27B,Always Cooperate,105,8,0.0,11.8775,95.50999999999999
gemma3_27b__vs__always_cooperate__seed105,Gemma-3-27B,Always Cooperate,105,9,0.0,11.86,107.36999999999999
gemma3_27b__vs__always_cooperate__seed105,Gemma-3-27B,Always Cooperate,105,10,0.0,11.8425,119.21249999999999
gemma3_27b__vs__always_cooperate__seed105,Gemma-3-27B,Always Cooperate,105,11,0.0,11.825,131.0375
gemma3_27b__vs__always_cooperate__seed105,Gemma-3-27B,Always Cooperate,105,12,0.0,11.8075,142.845
gemma3_27b__vs__always_cooperate__seed105,Gemma-3-27B,Always Cooperate,105,13,0.0,11.79,154.635
gemma3_27b__vs__always_cooperate__seed105,Gemma-3-27B,Always Cooperate,105,14,0.0,11.772499999999999,166.4075
gemma3_27b__vs__always_cooperate__seed105,Gemma-3-27B,Always Cooperate,105,15,0.0,11.754999999999999,178.1625
gemma3_27b__vs__always_cooperate__seed105,Gemma-3-27B,Always Cooperate,105,16,0.0,11.737499999999999,189.9
gemma3_27b__vs__always_cooperate__seed105,Gemma-3-27B,Always Cooperate,105,17,0.0,11.719999999999999,201.62
gemma3_27b__vs__always_cooperate__seed105,Gemma-3-27B,Always Cooperate,105,18,0.0,11.702499999999999,213.3225
gemma3_27b__vs__always_cooperate__seed105,Gemma-3-27B,Always Cooperate,105,19,0.0,11.684999999999999,225.0075
gemma3_27b__vs__always_cooperate__seed105,Gemma-3-27B,Always Cooperate,105,20,0.0,11.667499999999999,236.67499999999998
gemma3_27b__vs__always_cooperate__seed105,Gemma-3-27B,Always Cooperate,105,21,0.0,11.649999999999999,248.325
gemma3_27b__vs__always_cooperate__seed105,Gemma-3-27B,Always Cooperate,105,22,0.0,11.632499999999999,259.9575
gemma3_27b__vs__always_cooperate__seed105,Gemma-3-27B,Always Cooperate,105,23,0.0,11.614999999999998,271.5725
gemma3_27b__vs__always_cooperate__seed105,Gemma-3-27B,Always Cooperate,105,24,0.0,11.597499999999998,283.17
gemma3_27b__vs__always_cooperate__seed105,Gemma-3-27B,Always Cooperate,105,25,0.0,11.579999999999998,294.75
gemma3_27b__vs__always_cooperate__seed105,Gemma-3-27B,Always Cooperate,105,26,0.0,11.562499999999998,306.3125
gemma3_27b__vs__always_cooperate__seed105,Gemma-3-27B,Always Cooperate,105,27,0.0,11.544999999999998,317.8575
gemma3_27b__vs__always_cooperate__seed105,Gemma-3-27B,Always Cooperate,105,28,0.0,11.527499999999998,329.385
gemma3_27b__vs__always_cooperate__seed105,Gemma-3-27B,Always Cooperate,105,29,0.0,11.509999999999998,340.895
gemma3_27b__vs__always_cooperate__seed105,Gemma-3-27B,Always Cooperate,105,30,0.0,11.492499999999998,352.3875
gemma3_27b__vs__always_cooperate__seed105,Gemma-3-27B,Always Cooperate,105,31,0.0,12.195021211971902,364.5825212119719
gemma3_27b__vs__always_cooperate__seed105,Gemma-3-27B,Always Cooperate,105,32,0.0,11.490312499999996,376.0728337119719
gemma3_27b__vs__always_cooperate__seed105,Gemma-3-27B,Always Cooperate,105,33,0.0,11.489218749999996,387.5620524619719
gemma3_27b__vs__always_cooperate__seed105,Gemma-3-27B,Always Cooperate,105,34,0.0,11.488124999999995,399.0501774619719
gemma3_27b__vs__always_cooperate__seed105,Gemma-3-27B,Always Cooperate,105,35,0.0,11.481562499999995,410.5317399619719
gemma3_27b__vs__always_cooperate__seed105,Gemma-3-27B,Always Cooperate,105,36,0.0,11.474999999999996,422.0067399619719
gemma3_27b__vs__always_cooperate__seed105,Gemma-3-27B,Always Cooperate,105,37,0.0,11.468437499999997,433.4751774619719
gemma3_27b__vs__always_cooperate__seed105,Gemma-3-27B,Always Cooperate,105,38,0.0,11.461874999999997,444.9370524619719
gemma3_27b__vs__always_cooperate__seed105,Gemma-3-27B,Always Cooperate,105,39,0.0,11.438906249999997,456.3759587119719
gemma3_27b__vs__always_cooperate__seed105,Gemma-3-27B,Always Cooperate,105,40,0.0,11.415937499999997,467.7918962119719
gemma3_27b__vs__always_cooperate__seed105,Gemma-3-27B,Always Cooperate,105,41,0.0,11.392968749999996,479.1848649619719
gemma3_27b__vs__always_cooperate__seed105,Gemma-3-27B,Always Cooperate,105,42,0.0,11.369999999999996,490.55486496197193
gemma3_27b__vs__always_cooperate__seed105,Gemma-3-27B,Always Cooperate,105,43,0.0,12.065020577935787,502.6198855399077
gemma3_27b__vs__always_cooperate__seed105,Gemma-3-27B,Always Cooperate,105,44,0.0,11.367812499999994,513.9876980399077
gemma3_27b__vs__always_cooperate__seed105,Gemma-3-27B,Always Cooperate,105,45,0.0,11.366718749999993,525.3544167899078
gemma3_27b__vs__always_cooperate__seed105,Gemma-3-27B,Always Cooperate,105,46,0.0,11.365624999999993,536.7200417899078
gemma3_27b__vs__always_cooperate__seed105,Gemma-3-27B,Always Cooperate,105,47,0.0,11.364531249999992,548.0845730399078
gemma3_27b__vs__always_cooperate__seed105,Gemma-3-27B,Always Cooperate,105,48,0.0,11.363437499999991,559.4480105399078
gemma3_27b__vs__always_cooperate__seed105,Gemma-3-27B,Always Cooperate,105,49,0.0,11.36234374999999,570.8103542899079
gemma3_27b__vs__always_cooperate__seed105,Gemma-3-27B,Always Cooperate,105,50,0.0,11.35031249999999,582.1606667899079
gemma3_27b__vs__always_defect__seed101,Gemma-3-27B,Always Defect,101,1,0.0,0.0,0.0
gemma3_27b__vs__always_defect__seed101,Gemma-3-27B,Always Defect,101,2,0.0,0.0,0.0
gemma3_27b__vs__always_defect__seed101,Gemma-3-27B,Always Defect,101,3,0.0,0.0,0.0
gemma3_27b__vs__always_defect__seed101,Gemma-3-27B,Always Defect,101,4,0.0,0.0,0.0
gemma3_27b__vs__always_defect__seed101,Gemma-3-27B,Always Defect,101,5,0.0,0.0,0.0
gemma3_27b__vs__always_defect__seed101,Gemma-3-27B,Always Defect,101,6,0.0,0.0,0.0
gemma3_27b__vs__always_defect__seed101,Gemma-3-27B,Always Defect,101,7,0.0,0.0,0.0
gemma3_27b__vs__always_defect__seed101,Gemma-3-27B,Always Defect,101,8,0.0,0.0,0.0
gemma3_27b__vs__always_defect__seed101,Gemma-3-27B,Always Defect,101,9,0.0,0.0,0.0
gemma3_27b__vs__always_defect__seed101,Gemma-3-27B,Always Defect,101,10,0.0,0.0,0.0
gemma3_27b__vs__always_defect__seed101,Gemma-3-27B,Always Defect,101,11,0.0,0.0,0.0
gemma3_27b__vs__always_defect__seed101,Gemma-3-27B,Always Defect,101,12,0.0,0.0,0.0
gemma3_27b__vs__always_defect__seed101,Gemma-3-27B,Always Defect,101,13,0.0,0.0,0.0
gemma3_27b__vs__always_defect__seed101,Gemma-3-27B,Always Defect,101,14,0.0,0.0,0.0
gemma3_27b__vs__always_defect__seed101,Gemma-3-27B,Always Defect,101,15,0.0,0.0,0.0
gemma3_27b__vs__always_defect__seed101,Gemma-3-27B,Always Defect,101,16,0.0,0.0,0.0
gemma3_27b__vs__always_defect__seed101,Gemma-3-27B,Always Defect,101,17,0.0,0.0,0.0
gemma3_27b__vs__always_defect__seed101,Gemma-3-27B,Always Defect,101,18,0.0,0.0,0.0
gemma3_27b__vs__always_defect__seed101,Gemma-3-27B,Always Defect,101,19,0.0,0.0,0.0
gemma3_27b__vs__always_defect__seed101,Gemma-3-27B,Always Defect,101,20,0.0,0.0,0.0
gemma3_27b__vs__always_defect__seed101,Gemma-3-27B,Always Defect,101,21,0.0,0.0,0.0
gemma3_27b__vs__always_defect__seed101,Gemma-3-27B,Always Defect,101,22,0.0,0.0,0.0
gemma3_27b__vs__always_defect__seed101,Gemma-3-27B,Always Defect,101,23,0.0,0.0,0.0
gemma3_27b__vs__always_defect__seed101,Gemma-3-27B,Always Defect,101,24,0.0,0.0,0.0
gemma3_27b__vs__always_defect__seed101,Gemma-3-27B,Always Defect,101,25,0.0,0.0,0.0
gemma3_27b__vs__always_defect__seed101,Gemma-3-27B,Always Defect,101,26,0.0,0.0,0.0
gemma3_27b__vs__always_defect__seed101,Gemma-3-27B,Always Defect,101,27,0.0,0.0,0.0
gemma3_27b__vs__always_defect__seed101,Gemma-3-27B,Always Defect,101,28,0.0,0.0,0.0
gemma3_27b__vs__always_defect__seed101,Gemma-3-27B,Always Defect,101,29,0.0,0.0,0.0
gemma3_27b__vs__always_defect__seed101,Gemma-3-27B,Always Defect,101,30,0.0,0.0,0.0
gemma3_27b__vs__always_defect__seed101,Gemma-3-27B,Always Defect,101,31,0.0,0.0,0.0
gemma3_27b__vs__always_defect__seed101,Gemma-3-27B,Always Defect,101,32,0.0,0.0,0.0
gemma3_27b__vs__always_defect__seed101,Gemma-3-27B,Always Defect,101,33,0.0,0.0,0.0
gemma3_27b__vs__always_defect__seed101,Gemma-3-27B,Always Defect,101,34,0.0,0.0,0.0
gemma3_27b__vs__always_defect__seed101,Gemma-3-27B,Always Defect,101,35,0.0,0.0,0.0
gemma3_27b__vs__always_defect__seed101,Gemma-3-27B,Always Defect,101,36,0.0,0.0,0.0
gemma3_27b__vs__always_defect__seed101,Gemma-3-27B,Always Defect,101,37,0.0,0.0,0.0
gemma3_27b__vs__always_defect__seed101,Gemma-3-27B,Always Defect,101,38,0.0,0.0,0.0
gemma3_27b__vs__always_defect__seed101,Gemma-3-27B,Always Defect,101,39,0.0,0.0,0.0
gemma3_27b__vs__always_defect__seed101,Gemma-3-27B,Always Defect,101,40,0.0,0.0,0.0
gemma3_27b__vs__always_defect__seed101,Gemma-3-27B,Always Defect,101,41,0.0,0.0,0.0
gemma3_27b__vs__always_defect__seed101,Gemma-3-27B,Always Defect,101,42,0.0,0.0,0.0
gemma3_27b__vs__always_defect__seed101,Gemma-3-27B,Always Defect,101,43,0.0,0.0,0.0
gemma3_27b__vs__always_defect__seed101,Gemma-3-27B,Always Defect,101,44,0.0,0.0,0.0
gemma3_27b__vs__always_defect__seed101,Gemma-3-27B,Always Defect,101,45,0.0,0.0,0.0
gemma3_27b__vs__always_defect__seed101,Gemma-3-27B,Always Defect,101,46,0.0,0.0,0.0
gemma3_27b__vs__always_defect__seed101,Gemma-3-27B,Always Defect,101,47,0.0,0.0,0.0
gemma3_27b__vs__always_defect__seed101,Gemma-3-27B,Always Defect,101,48,0.0,0.0,0.0
gemma3_27b__vs__always_defect__seed101,Gemma-3-27B,Always Defect,101,49,0.0,0.0,0.0
gemma3_27b__vs__always_defect__seed101,Gemma-3-27B,Always Defect,101,50,0.0,0.0,0.0
gemma3_27b__vs__always_defect__seed102,Gemma-3-27B,Always Defect,102,1,0.0,0.0,0.0
gemma3_27b__vs__always_defect__seed102,Gemma-3-27B,Always Defect,102,2,0.0,0.0,0.0
gemma3_27b__vs__always_defect__seed102,Gemma-3-27B,Always Defect,102,3,0.0,0.0,0.0
gemma3_27b__vs__always_defect__seed102,Gemma-3-27B,Always Defect,102,4,0.0,0.0,0.0
gemma3_27b__vs__always_defect__seed102,Gemma-3-27B,Always Defect,102,5,0.0,0.0,0.0
gemma3_27b__vs__always_defect__seed102,Gemma-3-27B,Always Defect,102,6,0.0,0.0,0.0
gemma3_27b__vs__always_defect__seed102,Gemma-3-27B,Always Defect,102,7,0.0,0.0,0.0
gemma3_27b__vs__always_defect__seed102,Gemma-3-27B,Always Defect,102,8,0.0,0.0,0.0
gemma3_27b__vs__always_defect__seed102,Gemma-3-27B,Always Defect,102,9,0.0,0.0,0.0
gemma3_27b__vs__always_defect__seed102,Gemma-3-27B,Always Defect,102,10,0.0,0.0,0.0
gemma3_27b__vs__always_defect__seed102,Gemma-3-27B,Always Defect,102,11,0.0,0.0,0.0
gemma3_27b__vs__always_defect__seed102,Gemma-3-27B,Always Defect,102,12,0.0,0.0,0.0
gemma3_27b__vs__always_defect__seed102,Gemma-3-27B,Always Defect,102,13,0.0,0.0,0.0
gemma3_27b__vs__always_defect__seed102,Gemma-3-27B,Always Defect,102,14,0.0,0.0,0.0
gemma3_27b__vs__always_defect__seed102,Gemma-3-27B,Always Defect,102,15,0.0,0.0,0.0
gemma3_27b__vs__always_defect__seed102,Gemma-3-27B,Always Defect,102,16,0.0,0.0,0.0
gemma3_27b__vs__always_defect__seed102,Gemma-3-27B,Always Defect,102,17,0.0,0.0,0.0
gemma3_27b__vs__always_defect__seed102,Gemma-3-27B,Always Defect,102,18,0.0,0.0,0.0
gemma3_27b__vs__always_defect__seed102,Gemma-3-27B,Always Defect,102,19,0.0,0.0,0.0
gemma3_27b__vs__always_defect__seed102,Gemma-3-27B,Always Defect,102,20,0.0,0.0,0.0
gemma3_27b__vs__always_defect__seed102,Gemma-3-27B,Always Defect,102,21,0.0,0.0,0.0
gemma3_27b__vs__always_defect__seed102,Gemma-3-27B,Always Defect,102,22,0.0,0.0,0.0
gemma3_27b__vs__always_defect__seed102,Gemma-3-27B,Always Defect,102,23,0.0,0.0,0.0
gemma3_27b__vs__always_defect__seed102,Gemma-3-27B,Always Defect,102,24,0.0,0.0,0.0
gemma3_27b__vs__always_defect__seed102,Gemma-3-27B,Always Defect,102,25,0.0,0.0,0.0
gemma3_27b__vs__always_defect__seed102,Gemma-3-27B,Always Defect,102,26,0.0,0.0,0.0
gemma3_27b__vs__always_defect__seed102,Gemma-3-27B,Always Defect,102,27,0.0,0.0,0.0
gemma3_27b__vs__always_defect__seed102,Gemma-3-27B,Always Defect,102,28,0.0,0.0,0.0
gemma3_27b__vs__always_defect__seed102,Gemma-3-27B,Always Defect,102,29,0.0,0.0,0.0
gemma3_27b__vs__always_defect__seed102,Gemma-3-27B,Always Defect,102,30,0.0,0.0,0.0
gemma3_27b__vs__always_defect__seed102,Gemma-3-27B,Always Defect,102,31,0.0,0.0,0.0
gemma3_27b__vs__always_defect__seed102,Gemma-3-27B,Always Defect,102,32,0.0,0.0,0.0
gemma3_27b__vs__always_defect__seed102,Gemma-3-27B,Always Defect,102,33,0.0,0.0,0.0
gemma3_27b__vs__always_defect__seed102,Gemma-3-27B,Always Defect,102,34,0.0,0.0,0.0
gemma3_27b__vs__always_defect__seed102,Gemma-3-27B,Always Defect,102,35,0.0,0.0,0.0
gemma3_27b__vs__always_defect__seed102,Gemma-3-27B,Always Defect,102,36,0.0,0.0,0.0
gemma3_27b__vs__always_defect__seed102,Gemma-3-27B,Always Defect,102,37,0.0,0.0,0.0
gemma3_27b__vs__always_defect__seed102,Gemma-3-27B,Always Defect,102,38,0.0,0.0,0.0
gemma3_27b__vs__always_defect__seed102,Gemma-3-27B,Always Defect,102,39,0.0,0.0,0.0
gemma3_27b__vs__always_defect__seed102,Gemma-3-27B,Always Defect,102,40,0.0,0.0,0.0
gemma3_27b__vs__always_defect__seed102,Gemma-3-27B,Always Defect,102,41,0.0,0.0,0.0
gemma3_27b__vs__always_defect__seed102,Gemma-3-27B,Always Defect,102,42,0.0,0.0,0.0
gemma3_27b__vs__always_defect__seed102,Gemma-3-27B,Always Defect,102,43,0.0,0.0,0.0
gemma3_27b__vs__always_defect__seed102,Gemma-3-27B,Always Defect,102,44,0.0,0.0,0.0
gemma3_27b__vs__always_defect__seed102,Gemma-3-27B,Always Defect,102,45,0.0,0.0,0.0
gemma3_27b__vs__always_defect__seed102,Gemma-3-27B,Always Defect,102,46,0.0,0.0,0.0
gemma3_27b__vs__always_defect__seed102,Gemma-3-27B,Always Defect,102,47,0.0,0.0,0.0
gemma3_27b__vs__always_defect__seed102,Gemma-3-27B,Always Defect,102,48,0.0,0.0,0.0
gemma3_27b__vs__always_defect__seed102,Gemma-3-27B,Always Defect,102,49,0.0,0.0,0.0
gemma3_27b__vs__always_defect__seed102,Gemma-3-27B,Always Defect,102,50,0.0,0.0,0.0
gemma3_27b__vs__always_defect__seed103,Gemma-3-27B,Always Defect,103,1,0.0,0.0,0.0
gemma3_27b__vs__always_defect__seed103,Gemma-3-27B,Always Defect,103,2,0.0,0.0,0.0
gemma3_27b__vs__always_defect__seed103,Gemma-3-27B,Always Defect,103,3,0.0,0.0,0.0
gemma3_27b__vs__always_defect__seed103,Gemma-3-27B,Always Defect,103,4,0.0,0.0,0.0
gemma3_27b__vs__always_defect__seed103,Gemma-3-27B,Always Defect,103,5,0.0,0.0,0.0
gemma3_27b__vs__always_defect__seed103,Gemma-3-27B,Always Defect,103,6,0.0,0.0,0.0
gemma3_27b__vs__always_defect__seed103,Gemma-3-27B,Always Defect,103,7,0.0,0.0,0.0
gemma3_27b__vs__always_defect__seed103,Gemma-3-27B,Always Defect,103,8,0.0,0.0,0.0
gemma3_27b__vs__always_defect__seed103,Gemma-3-27B,Always Defect,103,9,0.0,0.0,0.0
gemma3_27b__vs__always_defect__seed103,Gemma-3-27B,Always Defect,103,10,0.0,0.0,0.0
gemma3_27b__vs__always_defect__seed103,Gemma-3-27B,Always Defect,103,11,0.0,0.0,0.0
gemma3_27b__vs__always_defect__seed103,Gemma-3-27B,Always Defect,103,12,0.0,0.0,0.0
gemma3_27b__vs__always_defect__seed103,Gemma-3-27B,Always Defect,103,13,0.0,0.0,0.0
gemma3_27b__vs__always_defect__seed103,Gemma-3-27B,Always Defect,103,14,0.0,0.0,0.0
gemma3_27b__vs__always_defect__seed103,Gemma-3-27B,Always Defect,103,15,0.0,0.0,0.0
gemma3_27b__vs__always_defect__seed103,Gemma-3-27B,Always Defect,103,16,0.0,0.0,0.0
gemma3_27b__vs__always_defect__seed103,Gemma-3-27B,Always Defect,103,17,0.0,0.0,0.0
gemma3_27b__vs__always_defect__seed103,Gemma-3-27B,Always Defect,103,18,0.0,0.0,0.0
gemma3_27b__vs__always_defect__seed103,Gemma-3-27B,Always Defect,103,19,0.0,0.0,0.0
gemma3_27b__vs__always_defect__seed103,Gemma-3-27B,Always Defect,103,20,0.0,0.0,0.0
gemma3_27b__vs__always_defect__seed103,Gemma-3-27B,Always Defect,103,21,0.0,0.0,0.0
gemma3_27b__vs__always_defect__seed103,Gemma-3-27B,Always Defect,103,22,0.0,0.0,0.0
gemma3_27b__vs__always_defect__seed103,Gemma-3-27B,Always Defect,103,23,0.0,0.0,0.0
gemma3_27b__vs__always_defect__seed103,Gemma-3-27B,Always Defect,103,24,0.0,0.0,0.0
gemma3_27b__vs__always_defect__seed103,Gemma-3-27B,Always Defect,103,25,0.0,0.0,0.0
gemma3_27b__vs__always_defect__seed103,Gemma-3-27B,Always Defect,103,26,0.0,0.0,0.0
gemma3_27b__vs__always_defect__seed103,Gemma-3-27B,Always Defect,103,27,0.0,0.0,0.0
gemma3_27b__vs__always_defect__seed103,Gemma-3-27B,Always Defect,103,28,0.0,0.0,0.0
gemma3_27b__vs__always_defect__seed103,Gemma-3-27B,Always Defect,103,29,0.0,0.0,0.0
gemma3_27b__vs__always_defect__seed103,Gemma-3-27B,Always Defect,103,30,0.0,0.0,0.0
gemma3_27b__vs__always_defect__seed103,Gemma-3-27B,Always Defect,103,31,0.0,0.0,0.0
gemma3_27b__vs__always_defect__seed103,Gemma-3-27B,Always Defect,103,32,0.0,0.0,0.0
gemma3_27b__vs__always_defect__seed103,Gemma-3-27B,Always Defect,103,33,0.0,0.0,0.0
gemma3_27b__vs__always_defect__seed103,Gemma-3-27B,Always Defect,103,34,0.0,0.0,0.0
gemma3_27b__vs__always_defect__seed103,Gemma-3-27B,Always Defect,103,35,0.0,0.0,0.0
gemma3_27b__vs__always_defect__seed103,Gemma-3-27B,Always Defect,103,36,0.0,0.0,0.0
gemma3_27b__vs__always_defect__seed103,Gemma-3-27B,Always Defect,103,37,0.0,0.0,0.0
gemma3_27b__vs__always_defect__seed103,Gemma-3-27B,Always Defect,103,38,0.0,0.0,0.0
gemma3_27b__vs__always_defect__seed103,Gemma-3-27B,Always Defect,103,39,0.0,0.0,0.0
gemma3_27b__vs__always_defect__seed103,Gemma-3-27B,Always Defect,103,40,0.0,0.0,0.0
gemma3_27b__vs__always_defect__seed103,Gemma-3-27B,Always Defect,103,41,0.0,0.0,0.0
gemma3_27b__vs__always_defect__seed103,Gemma-3-27B,Always Defect,103,42,0.0,0.0,0.0
gemma3_27b__vs__always_defect__seed103,Gemma-3-27B,Always Defect,103,43,0.0,0.0,0.0
gemma3_27b__vs__always_defect__seed103,Gemma-3-27B,Always Defect,103,44,0.0,0.0,0.0
gemma3_27b__vs__always_defect__seed103,Gemma-3-27B,Always Defect,103,45,0.0,0.0,0.0
gemma3_27b__vs__always_defect__seed103,Gemma-3-27B,Always Defect,103,46,0.0,0.0,0.0
gemma3_27b__vs__always_defect__seed103,Gemma-3-27B,Always Defect,103,47,0.0,0.0,0.0
gemma3_27b__vs__always_defect__seed103,Gemma-3-27B,Always Defect,103,48,0.0,0.0,0.0
gemma3_27b__vs__always_defect__seed103,Gemma-3-27B,Always Defect,103,49,0.0,0.0,0.0
gemma3_27b__vs__always_defect__seed103,Gemma-3-27B,Always Defect,103,50,0.0,0.0,0.0
gemma3_27b__vs__always_defect__seed104,Gemma-3-27B,Always Defect,104,1,0.0,0.0,0.0
gemma3_27b__vs__always_defect__seed104,Gemma-3-27B,Always Defect,104,2,0.0,0.0,0.0
gemma3_27b__vs__always_defect__seed104,Gemma-3-27B,Always Defect,104,3,0.0,0.0,0.0
gemma3_27b__vs__always_defect__seed104,Gemma-3-27B,Always Defect,104,4,0.0,0.0,0.0
gemma3_27b__vs__always_defect__seed104,Gemma-3-27B,Always Defect,104,5,0.0,0.0,0.0
gemma3_27b__vs__always_defect__seed104,Gemma-3-27B,Always Defect,104,6,0.0,0.0,0.0
gemma3_27b__vs__always_defect__seed104,Gemma-3-27B,Always Defect,104,7,0.0,0.0,0.0
gemma3_27b__vs__always_defect__seed104,Gemma-3-27B,Always Defect,104,8,0.0,0.0,0.0
gemma3_27b__vs__always_defect__seed104,Gemma-3-27B,Always Defect,104,9,0.0,0.0,0.0
gemma3_27b__vs__always_defect__seed104,Gemma-3-27B,Always Defect,104,10,0.0,0.0,0.0
gemma3_27b__vs__always_defect__seed104,Gemma-3-27B,Always Defect,104,11,0.0,0.0,0.0
gemma3_27b__vs__always_defect__seed104,Gemma-3-27B,Always Defect,104,12,0.0,0.0,0.0
gemma3_27b__vs__always_defect__seed104,Gemma-3-27B,Always Defect,104,13,0.0,0.0,0.0
gemma3_27b__vs__always_defect__seed104,Gemma-3-27B,Always Defect,104,14,0.0,0.0,0.0
gemma3_27b__vs__always_defect__seed104,Gemma-3-27B,Always Defect,104,15,0.0,0.0,0.0
gemma3_27b__vs__always_defect__seed104,Gemma-3-27B,Always Defect,104,16,0.0,0.0,0.0
gemma3_27b__vs__always_defect__seed104,Gemma-3-27B,Always Defect,104,17,0.0,0.0,0.0
gemma3_27b__vs__always_defect__seed104,Gemma-3-27B,Always Defect,104,18,0.0,0.0,0.0
gemma3_27b__vs__always_defect__seed104,Gemma-3-27B,Always Defect,104,19,0.0,0.0,0.0
gemma3_27b__vs__always_defect__seed104,Gemma-3-27B,Always Defect,104,20,0.0,0.0,0.0
gemma3_27b__vs__always_defect__seed104,Gemma-3-27B,Always Defect,104,21,0.0,0.0,0.0
gemma3_27b__vs__always_defect__seed104,Gemma-3-27B,Always Defect,104,22,0.0,0.0,0.0
gemma3_27b__vs__always_defect__seed104,Gemma-3-27B,Always Defect,104,23,0.0,0.0,0.0
gemma3_27b__vs__always_defect__seed104,Gemma-3-27B,Always Defect,104,24,0.0,0.0,0.0
gemma3_27b__vs__always_defect__seed104,Gemma-3-27B,Always Defect,104,25,0.0,0.0,0.0
gemma3_27b__vs__always_defect__seed104,Gemma-3-27B,Always Defect,104,26,0.0,0.0,0.0
gemma3_27b__vs__always_defect__seed104,Gemma-3-27B,Always Defect,104,27,0.0,0.0,0.0
gemma3_27b__vs__always_defect__seed104,Gemma-3-27B,Always Defect,104,28,0.0,0.0,0.0
gemma3_27b__vs__always_defect__seed104,Gemma-3-27B,Always Defect,104,29,0.0,0.0,0.0
gemma3_27b__vs__always_defect__seed104,Gemma-3-27B,Always Defect,104,30,0.0,0.0,0.0
gemma3_27b__vs__always_defect__seed104,Gemma-3-27B,Always Defect,104,31,0.0,0.0,0.0
gemma3_27b__vs__always_defect__seed104,Gemma-3-27B,Always Defect,104,32,0.0,0.0,0.0
gemma3_27b__vs__always_defect__seed104,Gemma-3-27B,Always Defect,104,33,0.0,0.0,0.0
gemma3_27b__vs__always_defect__seed104,Gemma-3-27B,Always Defect,104,34,0.0,0.0,0.0
gemma3_27b__vs__always_defect__seed104,Gemma-3-27B,Always Defect,104,35,0.0,0.0,0.0
gemma3_27b__vs__always_defect__seed104,Gemma-3-27B,Always Defect,104,36,0.0,0.0,0.0
gemma3_27b__vs__always_defect__seed104,Gemma-3-27B,Always Defect,104,37,0.0,0.0,0.0
gemma3_27b__vs__always_defect__seed104,Gemma-3-27B,Always Defect,104,38,0.0,0.0,0.0
gemma3_27b__vs__always_defect__seed104,Gemma-3-27B,Always Defect,104,39,0.0,0.0,0.0
gemma3_27b__vs__always_defect__seed104,Gemma-3-27B,Always Defect,104,40,0.0,0.0,0.0
gemma3_27b__vs__always_defect__seed104,Gemma-3-27B,Always Defect,104,41,0.0,0.0,0.0
gemma3_27b__vs__always_defect__seed104,Gemma-3-27B,Always Defect,104,42,0.0,0.0,0.0
gemma3_27b__vs__always_defect__seed104,Gemma-3-27B,Always Defect,104,43,0.0,0.0,0.0
gemma3_27b__vs__always_defect__seed104,Gemma-3-27B,Always Defect,104,44,0.0,0.0,0.0
gemma3_27b__vs__always_defect__seed104,Gemma-3-27B,Always Defect,104,45,0.0,0.0,0.0
gemma3_27b__vs__always_defect__seed104,Gemma-3-27B,Always Defect,104,46,0.0,0.0,0.0
gemma3_27b__vs__always_defect__seed104,Gemma-3-27B,Always Defect,104,47,0.0,0.0,0.0
gemma3_27b__vs__always_defect__seed104,Gemma-3-27B,Always Defect,104,48,0.0,0.0,0.0
gemma3_27b__vs__always_defect__seed104,Gemma-3-27B,Always Defect,104,49,0.0,0.0,0.0
gemma3_27b__vs__always_defect__seed104,Gemma-3-27B,Always Defect,104,50,0.0,0.0,0.0
gemma3_27b__vs__always_defect__seed105,Gemma-3-27B,Always Defect,105,1,0.0,0.0,0.0
gemma3_27b__vs__always_defect__seed105,Gemma-3-27B,Always Defect,105,2,0.0,0.0,0.0
gemma3_27b__vs__always_defect__seed105,Gemma-3-27B,Always Defect,105,3,0.0,0.0,0.0
gemma3_27b__vs__always_defect__seed105,Gemma-3-27B,Always Defect,105,4,0.0,0.0,0.0
gemma3_27b__vs__always_defect__seed105,Gemma-3-27B,Always Defect,105,5,0.0,0.0,0.0
gemma3_27b__vs__always_defect__seed105,Gemma-3-27B,Always Defect,105,6,0.0,0.0,0.0
gemma3_27b__vs__always_defect__seed105,Gemma-3-27B,Always Defect,105,7,0.0,0.0,0.0
gemma3_27b__vs__always_defect__seed105,Gemma-3-27B,Always Defect,105,8,0.0,0.0,0.0
gemma3_27b__vs__always_defect__seed105,Gemma-3-27B,Always Defect,105,9,0.0,0.0,0.0
gemma3_27b__vs__always_defect__seed105,Gemma-3-27B,Always Defect,105,10,0.0,0.0,0.0
gemma3_27b__vs__always_defect__seed105,Gemma-3-27B,Always Defect,105,11,0.0,0.0,0.0
gemma3_27b__vs__always_defect__seed105,Gemma-3-27B,Always Defect,105,12,0.0,0.0,0.0
gemma3_27b__vs__always_defect__seed105,Gemma-3-27B,Always Defect,105,13,0.0,0.0,0.0
gemma3_27b__vs__always_defect__seed105,Gemma-3-27B,Always Defect,105,14,0.0,0.0,0.0
gemma3_27b__vs__always_defect__seed105,Gemma-3-27B,Always Defect,105,15,0.0,0.0,0.0
gemma3_27b__vs__always_defect__seed105,Gemma-3-27B,Always Defect,105,16,0.0,0.0,0.0
gemma3_27b__vs__always_defect__seed105,Gemma-3-27B,Always Defect,105,17,0.0,0.0,0.0
gemma3_27b__vs__always_defect__seed105,Gemma-3-27B,Always Defect,105,18,0.0,0.0,0.0
gemma3_27b__vs__always_defect__seed105,Gemma-3-27B,Always Defect,105,19,0.0,0.0,0.0
gemma3_27b__vs__always_defect__seed105,Gemma-3-27B,Always Defect,105,20,0.0,0.0,0.0
gemma3_27b__vs__always_defect__seed105,Gemma-3-27B,Always Defect,105,21,0.0,0.0,0.0
gemma3_27b__vs__always_defect__seed105,Gemma-3-27B,Always Defect,105,22,0.0,0.0,0.0
gemma3_27b__vs__always_defect__seed105,Gemma-3-27B,Always Defect,105,23,0.0,0.0,0.0
gemma3_27b__vs__always_defect__seed105,Gemma-3-27B,Always Defect,105,24,0.0,0.0,0.0
gemma3_27b__vs__always_defect__seed105,Gemma-3-27B,Always Defect,105,25,0.0,0.0,0.0
gemma3_27b__vs__always_defect__seed105,Gemma-3-27B,Always Defect,105,26,0.0,0.0,0.0
gemma3_27b__vs__always_defect__seed105,Gemma-3-27B,Always Defect,105,27,0.0,0.0,0.0
gemma3_27b__vs__always_defect__seed105,Gemma-3-27B,Always Defect,105,28,0.0,0.0,0.0
gemma3_27b__vs__always_defect__seed105,Gemma-3-27B,Always Defect,105,29,0.0,0.0,0.0
gemma3_27b__vs__always_defect__seed105,Gemma-3-27B,Always Defect,105,30,0.0,0.0,0.0
gemma3_27b__vs__always_defect__seed105,Gemma-3-27B,Always Defect,105,31,0.0,0.0,0.0
gemma3_27b__vs__always_defect__seed105,Gemma-3-27B,Always Defect,105,32,0.0,0.0,0.0
gemma3_27b__vs__always_defect__seed105,Gemma-3-27B,Always Defect,105,33,0.0,0.0,0.0
gemma3_27b__vs__always_defect__seed105,Gemma-3-27B,Always Defect,105,34,0.0,0.0,0.0
gemma3_27b__vs__always_defect__seed105,Gemma-3-27B,Always Defect,105,35,0.0,0.0,0.0
gemma3_27b__vs__always_defect__seed105,Gemma-3-27B,Always Defect,105,36,0.0,0.0,0.0
gemma3_27b__vs__always_defect__seed105,Gemma-3-27B,Always Defect,105,37,0.0,0.0,0.0
gemma3_27b__vs__always_defect__seed105,Gemma-3-27B,Always Defect,105,38,0.0,0.0,0.0
gemma3_27b__vs__always_defect__seed105,Gemma-3-27B,Always Defect,105,39,0.0,0.0,0.0
gemma3_27b__vs__always_defect__seed105,Gemma-3-27B,Always Defect,105,40,0.0,0.0,0.0
gemma3_27b__vs__always_defect__seed105,Gemma-3-27B,Always Defect,105,41,0.0,0.0,0.0
gemma3_27b__vs__always_defect__seed105,Gemma-3-27B,Always Defect,105,42,0.0,0.0,0.0
gemma3_27b__vs__always_defect__seed105,Gemma-3-27B,Always Defect,105,43,0.0,0.0,0.0
gemma3_27b__vs__always_defect__seed105,Gemma-3-27B,Always Defect,105,44,0.0,0.0,0.0
gemma3_27b__vs__always_defect__seed105,Gemma-3-27B,Always Defect,105,45,0.0,0.0,0.0
gemma3_27b__vs__always_defect__seed105,Gemma-3-27B,Always Defect,105,46,0.0,0.0,0.0
gemma3_27b__vs__always_defect__seed105,Gemma-3-27B,Always Defect,105,47,0.0,0.0,0.0
gemma3_27b__vs__always_defect__seed105,Gemma-3-27B,Always Defect,105,48,0.0,0.0,0.0
gemma3_27b__vs__always_defect__seed105,Gemma-3-27B,Always Defect,105,49,0.0,0.0,0.0
gemma3_27b__vs__always_defect__seed105,Gemma-3-27B,Always Defect,105,50,0.0,0.0,0.0
gemma3_27b__vs__graded_tft__seed101,Gemma-3-27B,Graded TFT,101,1,0.0,12.0,12.0
gemma3_27b__vs__graded_tft__seed101,Gemma-3-27B,Graded TFT,101,2,0.0,5.99125,17.99125
gemma3_27b__vs__graded_tft__seed101,Gemma-3-27B,Graded TFT,101,3,0.0,2.9803125,20.9715625
gemma3_27b__vs__graded_tft__seed101,Gemma-3-27B,Graded TFT,101,4,0.0,0.0,20.9715625
gemma3_27b__vs__graded_tft__seed101,Gemma-3-27B,Graded TFT,101,5,0.0,0.0,20.9715625
gemma3_27b__vs__graded_tft__seed101,Gemma-3-27B,Graded TFT,101,6,0.0,0.0,20.9715625
gemma3_27b__vs__graded_tft__seed101,Gemma-3-27B,Graded TFT,101,7,0.0,0.0,20.9715625
gemma3_27b__vs__graded_tft__seed101,Gemma-3-27B,Graded TFT,101,8,0.0,0.0,20.9715625
gemma3_27b__vs__graded_tft__seed101,Gemma-3-27B,Graded TFT,101,9,0.0,0.0,20.9715625
gemma3_27b__vs__graded_tft__seed101,Gemma-3-27B,Graded TFT,101,10,0.0,0.0,20.9715625
gemma3_27b__vs__graded_tft__seed101,Gemma-3-27B,Graded TFT,101,11,0.0,0.0,20.9715625
gemma3_27b__vs__graded_tft__seed101,Gemma-3-27B,Graded TFT,101,12,0.0,0.0,20.9715625
gemma3_27b__vs__graded_tft__seed101,Gemma-3-27B,Graded TFT,101,13,0.0,0.0,20.9715625
gemma3_27b__vs__graded_tft__seed101,Gemma-3-27B,Graded TFT,101,14,0.0,0.0,20.9715625
gemma3_27b__vs__graded_tft__seed101,Gemma-3-27B,Graded TFT,101,15,0.0,0.0,20.9715625
gemma3_27b__vs__graded_tft__seed101,Gemma-3-27B,Graded TFT,101,16,0.0,0.0,20.9715625
gemma3_27b__vs__graded_tft__seed101,Gemma-3-27B,Graded TFT,101,17,0.0,0.0,20.9715625
gemma3_27b__vs__graded_tft__seed101,Gemma-3-27B,Graded TFT,101,18,0.0,0.0,20.9715625
gemma3_27b__vs__graded_tft__seed101,Gemma-3-27B,Graded TFT,101,19,0.0,0.0,20.9715625
gemma3_27b__vs__graded_tft__seed101,Gemma-3-27B,Graded TFT,101,20,0.0,0.0,20.9715625
gemma3_27b__vs__graded_tft__seed101,Gemma-3-27B,Graded TFT,101,21,0.0,0.0,20.9715625
gemma3_27b__vs__graded_tft__seed101,Gemma-3-27B,Graded TFT,101,22,0.0,0.0,20.9715625
gemma3_27b__vs__graded_tft__seed101,Gemma-3-27B,Graded TFT,101,23,0.0,0.0,20.9715625
gemma3_27b__vs__graded_tft__seed101,Gemma-3-27B,Graded TFT,101,24,0.0,0.0,20.9715625
gemma3_27b__vs__graded_tft__seed101,Gemma-3-27B,Graded TFT,101,25,0.0,0.0,20.9715625
gemma3_27b__vs__graded_tft__seed101,Gemma-3-27B,Graded TFT,101,26,0.0,0.0,20.9715625
gemma3_27b__vs__graded_tft__seed101,Gemma-3-27B,Graded TFT,101,27,0.0,0.0,20.9715625
gemma3_27b__vs__graded_tft__seed101,Gemma-3-27B,Graded TFT,101,28,0.0,0.0,20.9715625
gemma3_27b__vs__graded_tft__seed101,Gemma-3-27B,Graded TFT,101,29,0.0,0.0,20.9715625
gemma3_27b__vs__graded_tft__seed101,Gemma-3-27B,Graded TFT,101,30,0.0,0.0,20.9715625
gemma3_27b__vs__graded_tft__seed101,Gemma-3-27B,Graded TFT,101,31,0.0,0.0,20.9715625
gemma3_27b__vs__graded_tft__seed101,Gemma-3-27B,Graded TFT,101,32,0.0,0.0,20.9715625
gemma3_27b__vs__graded_tft__seed101,Gemma-3-27B,Graded TFT,101,33,0.0,0.0,20.9715625
gemma3_27b__vs__graded_tft__seed101,Gemma-3-27B,Graded TFT,101,34,0.0,0.0,20.9715625
gemma3_27b__vs__graded_tft__seed101,Gemma-3-27B,Graded TFT,101,35,0.0,0.0,20.9715625
gemma3_27b__vs__graded_tft__seed101,Gemma-3-27B,Graded TFT,101,36,0.0,0.0,20.9715625
gemma3_27b__vs__graded_tft__seed101,Gemma-3-27B,Graded TFT,101,37,0.0,0.0,20.9715625
gemma3_27b__vs__graded_tft__seed101,Gemma-3-27B,Graded TFT,101,38,0.0,0.0,20.9715625
gemma3_27b__vs__graded_tft__seed101,Gemma-3-27B,Graded TFT,101,39,0.0,0.0,20.9715625
gemma3_27b__vs__graded_tft__seed101,Gemma-3-27B,Graded TFT,101,40,0.0,0.0,20.9715625
gemma3_27b__vs__graded_tft__seed101,Gemma-3-27B,Graded TFT,101,41,0.0,0.0,20.9715625
gemma3_27b__vs__graded_tft__seed101,Gemma-3-27B,Graded TFT,101,42,0.0,0.0,20.9715625
gemma3_27b__vs__graded_tft__seed101,Gemma-3-27B,Graded TFT,101,43,0.0,0.0,20.9715625
gemma3_27b__vs__graded_tft__seed101,Gemma-3-27B,Graded TFT,101,44,0.0,0.0,20.9715625
gemma3_27b__vs__graded_tft__seed101,Gemma-3-27B,Graded TFT,101,45,0.0,0.0,20.9715625
gemma3_27b__vs__graded_tft__seed101,Gemma-3-27B,Graded TFT,101,46,0.0,0.0,20.9715625
gemma3_27b__vs__graded_tft__seed101,Gemma-3-27B,Graded TFT,101,47,0.0,0.0,20.9715625
gemma3_27b__vs__graded_tft__seed101,Gemma-3-27B,Graded TFT,101,48,0.0,0.0,20.9715625
gemma3_27b__vs__graded_tft__seed101,Gemma-3-27B,Graded TFT,101,49,0.0,0.0,20.9715625
gemma3_27b__vs__graded_tft__seed101,Gemma-3-27B,Graded TFT,101,50,0.0,0.0,20.9715625
gemma3_27b__vs__graded_tft__seed102,Gemma-3-27B,Graded TFT,102,1,0.0,12.0,12.0
gemma3_27b__vs__graded_tft__seed102,Gemma-3-27B,Graded TFT,102,2,0.0,5.99125,17.99125
gemma3_27b__vs__graded_tft__seed102,Gemma-3-27B,Graded TFT,102,3,0.0,2.9803125,20.9715625
gemma3_27b__vs__graded_tft__seed102,Gemma-3-27B,Graded TFT,102,4,0.0,0.0,20.9715625
gemma3_27b__vs__graded_tft__seed102,Gemma-3-27B,Graded TFT,102,5,0.0,5.873854166666667,26.84541666666667
gemma3_27b__vs__graded_tft__seed102,Gemma-3-27B,Graded TFT,102,6,0.0,2.9150520833333333,29.76046875
gemma3_27b__vs__graded_tft__seed102,Gemma-3-27B,Graded TFT,102,7,0.0,0.0,29.76046875
gemma3_27b__vs__graded_tft__seed102,Gemma-3-27B,Graded TFT,102,8,0.0,0.0,29.76046875
gemma3_27b__vs__graded_tft__seed102,Gemma-3-27B,Graded TFT,102,9,0.0,0.0,29.76046875
gemma3_27b__vs__graded_tft__seed102,Gemma-3-27B,Graded TFT,102,10,0.0,0.0,29.76046875
gemma3_27b__vs__graded_tft__seed102,Gemma-3-27B,Graded TFT,102,11,0.0,0.0,29.76046875
gemma3_27b__vs__graded_tft__seed102,Gemma-3-27B,Graded TFT,102,12,0.0,0.0,29.76046875
gemma3_27b__vs__graded_tft__seed102,Gemma-3-27B,Graded TFT,102,13,0.0,0.0,29.76046875
gemma3_27b__vs__graded_tft__seed102,Gemma-3-27B,Graded TFT,102,14,0.0,0.0,29.76046875
gemma3_27b__vs__graded_tft__seed102,Gemma-3-27B,Graded TFT,102,15,0.0,0.0,29.76046875
gemma3_27b__vs__graded_tft__seed102,Gemma-3-27B,Graded TFT,102,16,0.0,0.0,29.76046875
gemma3_27b__vs__graded_tft__seed102,Gemma-3-27B,Graded TFT,102,17,0.0,0.0,29.76046875
gemma3_27b__vs__graded_tft__seed102,Gemma-3-27B,Graded TFT,102,18,0.0,0.0,29.76046875
gemma3_27b__vs__graded_tft__seed102,Gemma-3-27B,Graded TFT,102,19,0.0,0.0,29.76046875
gemma3_27b__vs__graded_tft__seed102,Gemma-3-27B,Graded TFT,102,20,0.0,0.0,29.76046875
gemma3_27b__vs__graded_tft__seed102,Gemma-3-27B,Graded TFT,102,21,0.0,0.0,29.76046875
gemma3_27b__vs__graded_tft__seed102,Gemma-3-27B,Graded TFT,102,22,0.0,0.0,29.76046875
gemma3_27b__vs__graded_tft__seed102,Gemma-3-27B,Graded TFT,102,23,0.0,0.0,29.76046875
gemma3_27b__vs__graded_tft__seed102,Gemma-3-27B,Graded TFT,102,24,0.0,0.0,29.76046875
gemma3_27b__vs__graded_tft__seed102,Gemma-3-27B,Graded TFT,102,25,0.0,0.0,29.76046875
gemma3_27b__vs__graded_tft__seed102,Gemma-3-27B,Graded TFT,102,26,0.0,0.0,29.76046875
gemma3_27b__vs__graded_tft__seed102,Gemma-3-27B,Graded TFT,102,27,0.0,0.0,29.76046875
gemma3_27b__vs__graded_tft__seed102,Gemma-3-27B,Graded TFT,102,28,0.0,0.0,29.76046875
gemma3_27b__vs__graded_tft__seed102,Gemma-3-27B,Graded TFT,102,29,0.0,0.0,29.76046875
gemma3_27b__vs__graded_tft__seed102,Gemma-3-27B,Graded TFT,102,30,0.0,0.0,29.76046875
gemma3_27b__vs__graded_tft__seed102,Gemma-3-27B,Graded TFT,102,31,0.0,0.0,29.76046875
gemma3_27b__vs__graded_tft__seed102,Gemma-3-27B,Graded TFT,102,32,0.0,0.0,29.76046875
gemma3_27b__vs__graded_tft__seed102,Gemma-3-27B,Graded TFT,102,33,0.0,0.0,29.76046875
gemma3_27b__vs__graded_tft__seed102,Gemma-3-27B,Graded TFT,102,34,0.0,0.0,29.76046875
gemma3_27b__vs__graded_tft__seed102,Gemma-3-27B,Graded TFT,102,35,0.0,0.0,29.76046875
gemma3_27b__vs__graded_tft__seed102,Gemma-3-27B,Graded TFT,102,36,0.0,0.0,29.76046875
gemma3_27b__vs__graded_tft__seed102,Gemma-3-27B,Graded TFT,102,37,0.0,0.0,29.76046875
gemma3_27b__vs__graded_tft__seed102,Gemma-3-27B,Graded TFT,102,38,0.0,0.0,29.76046875
gemma3_27b__vs__graded_tft__seed102,Gemma-3-27B,Graded TFT,102,39,0.0,0.0,29.76046875
gemma3_27b__vs__graded_tft__seed102,Gemma-3-27B,Graded TFT,102,40,0.0,0.0,29.76046875
gemma3_27b__vs__graded_tft__seed102,Gemma-3-27B,Graded TFT,102,41,0.0,0.0,29.76046875
gemma3_27b__vs__graded_tft__seed102,Gemma-3-27B,Graded TFT,102,42,0.0,0.0,29.76046875
gemma3_27b__vs__graded_tft__seed102,Gemma-3-27B,Graded TFT,102,43,0.0,0.0,29.76046875
gemma3_27b__vs__graded_tft__seed102,Gemma-3-27B,Graded TFT,102,44,0.0,0.0,29.76046875
gemma3_27b__vs__graded_tft__seed102,Gemma-3-27B,Graded TFT,102,45,0.0,0.0,29.76046875
gemma3_27b__vs__graded_tft__seed102,Gemma-3-27B,Graded TFT,102,46,0.0,0.0,29.76046875
gemma3_27b__vs__graded_tft__seed102,Gemma-3-27B,Graded TFT,102,47,0.0,0.0,29.76046875
gemma3_27b__vs__graded_tft__seed102,Gemma-3-27B,Graded TFT,102,48,0.0,0.0,29.76046875
gemma3_27b__vs__graded_tft__seed102,Gemma-3-27B,Graded TFT,102,49,0.0,0.0,29.76046875
gemma3_27b__vs__graded_tft__seed102,Gemma-3-27B,Graded TFT,102,50,0.0,0.0,29.76046875
gemma3_27b__vs__graded_tft__seed103,Gemma-3-27B,Graded TFT,103,1,0.0,12.0,12.0
gemma3_27b__vs__graded_tft__seed103,Gemma-3-27B,Graded TFT,103,2,0.0,5.99125,17.99125
gemma3_27b__vs__graded_tft__seed103,Gemma-3-27B,Graded TFT,103,3,0.0,2.9803125,20.9715625
gemma3_27b__vs__graded_tft__seed103,Gemma-3-27B,Graded TFT,103,4,0.0,0.0,20.9715625
gemma3_27b__vs__graded_tft__seed103,Gemma-3-27B,Graded TFT,103,5,0.0,0.0,20.9715625
gemma3_27b__vs__graded_tft__seed103,Gemma-3-27B,Graded TFT,103,6,0.0,0.0,20.9715625
gemma3_27b__vs__graded_tft__seed103,Gemma-3-27B,Graded TFT,103,7,0.0,0.0,20.9715625
gemma3_27b__vs__graded_tft__seed103,Gemma-3-27B,Graded TFT,103,8,0.0,0.0,20.9715625
gemma3_27b__vs__graded_tft__seed103,Gemma-3-27B,Graded TFT,103,9,0.0,5.580546875000001,26.552109375
gemma3_27b__vs__graded_tft__seed103,Gemma-3-27B,Graded TFT,103,10,0.0,2.754453125000001,29.306562500000002
gemma3_27b__vs__graded_tft__seed103,Gemma-3-27B,Graded TFT,103,11,0.0,0.0,29.306562500000002
gemma3_27b__vs__graded_tft__seed103,Gemma-3-27B,Graded TFT,103,12,0.0,0.0,29.306562500000002
gemma3_27b__vs__graded_tft__seed103,Gemma-3-27B,Graded TFT,103,13,0.0,0.0,29.306562500000002
gemma3_27b__vs__graded_tft__seed103,Gemma-3-27B,Graded TFT,103,14,0.0,0.0,29.306562500000002
gemma3_27b__vs__graded_tft__seed103,Gemma-3-27B,Graded TFT,103,15,0.0,0.0,29.306562500000002
gemma3_27b__vs__graded_tft__seed103,Gemma-3-27B,Graded TFT,103,16,0.0,0.0,29.306562500000002
gemma3_27b__vs__graded_tft__seed103,Gemma-3-27B,Graded TFT,103,17,0.0,0.0,29.306562500000002
gemma3_27b__vs__graded_tft__seed103,Gemma-3-27B,Graded TFT,103,18,0.0,0.0,29.306562500000002
gemma3_27b__vs__graded_tft__seed103,Gemma-3-27B,Graded TFT,103,19,0.0,0.0,29.306562500000002
gemma3_27b__vs__graded_tft__seed103,Gemma-3-27B,Graded TFT,103,20,0.0,0.0,29.306562500000002
gemma3_27b__vs__graded_tft__seed103,Gemma-3-27B,Graded TFT,103,21,0.0,0.0,29.306562500000002
gemma3_27b__vs__graded_tft__seed103,Gemma-3-27B,Graded TFT,103,22,0.0,4.5,33.8065625
gemma3_27b__vs__graded_tft__seed103,Gemma-3-27B,Graded TFT,103,23,0.0,2.25,36.0565625
gemma3_27b__vs__graded_tft__seed103,Gemma-3-27B,Graded TFT,103,24,0.0,0.0,36.0565625
gemma3_27b__vs__graded_tft__seed103,Gemma-3-27B,Graded TFT,103,25,0.0,0.0,36.0565625
gemma3_27b__vs__graded_tft__seed103,Gemma-3-27B,Graded TFT,103,26,0.0,0.0,36.0565625
gemma3_27b__vs__graded_tft__seed103,Gemma-3-27B,Graded TFT,103,27,0.0,0.0,36.0565625
gemma3_27b__vs__graded_tft__seed103,Gemma-3-27B,Graded TFT,103,28,0.0,0.0,36.0565625
gemma3_27b__vs__graded_tft__seed103,Gemma-3-27B,Graded TFT,103,29,0.0,0.0,36.0565625
gemma3_27b__vs__graded_tft__seed103,Gemma-3-27B,Graded TFT,103,30,0.0,0.0,36.0565625
gemma3_27b__vs__graded_tft__seed103,Gemma-3-27B,Graded TFT,103,31,0.0,0.0,36.0565625
gemma3_27b__vs__graded_tft__seed103,Gemma-3-27B,Graded TFT,103,32,0.0,0.0,36.0565625
gemma3_27b__vs__graded_tft__seed103,Gemma-3-27B,Graded TFT,103,33,0.0,0.0,36.0565625
gemma3_27b__vs__graded_tft__seed103,Gemma-3-27B,Graded TFT,103,34,0.0,2.25,38.3065625
gemma3_27b__vs__graded_tft__seed103,Gemma-3-27B,Graded TFT,103,35,0.0,0.0,38.3065625
gemma3_27b__vs__graded_tft__seed103,Gemma-3-27B,Graded TFT,103,36,0.0,0.0,38.3065625
gemma3_27b__vs__graded_tft__seed103,Gemma-3-27B,Graded TFT,103,37,0.0,0.0,38.3065625
gemma3_27b__vs__graded_tft__seed103,Gemma-3-27B,Graded TFT,103,38,0.0,0.0,38.3065625
gemma3_27b__vs__graded_tft__seed103,Gemma-3-27B,Graded TFT,103,39,0.0,0.0,38.3065625
gemma3_27b__vs__graded_tft__seed103,Gemma-3-27B,Graded TFT,103,40,0.0,0.0,38.3065625
gemma3_27b__vs__graded_tft__seed103,Gemma-3-27B,Graded TFT,103,41,0.0,0.0,38.3065625
gemma3_27b__vs__graded_tft__seed103,Gemma-3-27B,Graded TFT,103,42,0.0,0.0,38.3065625
gemma3_27b__vs__graded_tft__seed103,Gemma-3-27B,Graded TFT,103,43,0.0,0.0,38.3065625
gemma3_27b__vs__graded_tft__seed103,Gemma-3-27B,Graded TFT,103,44,0.0,0.0,38.3065625
gemma3_27b__vs__graded_tft__seed103,Gemma-3-27B,Graded TFT,103,45,0.0,0.0,38.3065625
gemma3_27b__vs__graded_tft__seed103,Gemma-3-27B,Graded TFT,103,46,0.0,0.0,38.3065625
gemma3_27b__vs__graded_tft__seed103,Gemma-3-27B,Graded TFT,103,47,0.0,0.0,38.3065625
gemma3_27b__vs__graded_tft__seed103,Gemma-3-27B,Graded TFT,103,48,0.0,0.0,38.3065625
gemma3_27b__vs__graded_tft__seed103,Gemma-3-27B,Graded TFT,103,49,0.0,0.0,38.3065625
gemma3_27b__vs__graded_tft__seed103,Gemma-3-27B,Graded TFT,103,50,0.0,0.0,38.3065625
gemma3_27b__vs__graded_tft__seed104,Gemma-3-27B,Graded TFT,104,1,0.0,12.0,12.0
gemma3_27b__vs__graded_tft__seed104,Gemma-3-27B,Graded TFT,104,2,0.0,5.99125,17.99125
gemma3_27b__vs__graded_tft__seed104,Gemma-3-27B,Graded TFT,104,3,0.0,5.9715625,23.962812500000002
gemma3_27b__vs__graded_tft__seed104,Gemma-3-27B,Graded TFT,104,4,0.0,5.948229166666667,29.91104166666667
gemma3_27b__vs__graded_tft__seed104,Gemma-3-27B,Graded TFT,104,5,0.0,2.9588020833333335,32.86984375
gemma3_27b__vs__graded_tft__seed104,Gemma-3-27B,Graded TFT,104,6,0.0,0.0,32.86984375
gemma3_27b__vs__graded_tft__seed104,Gemma-3-27B,Graded TFT,104,7,0.0,0.0,32.86984375
gemma3_27b__vs__graded_tft__seed104,Gemma-3-27B,Graded TFT,104,8,0.0,0.0,32.86984375
gemma3_27b__vs__graded_tft__seed104,Gemma-3-27B,Graded TFT,104,9,0.0,0.0,32.86984375
gemma3_27b__vs__graded_tft__seed104,Gemma-3-27B,Graded TFT,104,10,0.0,0.0,32.86984375
gemma3_27b__vs__graded_tft__seed104,Gemma-3-27B,Graded TFT,104,11,0.0,0.0,32.86984375
gemma3_27b__vs__graded_tft__seed104,Gemma-3-27B,Graded TFT,104,12,0.0,0.0,32.86984375
gemma3_27b__vs__graded_tft__seed104,Gemma-3-27B,Graded TFT,104,13,0.0,0.0,32.86984375
gemma3_27b__vs__graded_tft__seed104,Gemma-3-27B,Graded TFT,104,14,0.0,0.0,32.86984375
gemma3_27b__vs__graded_tft__seed104,Gemma-3-27B,Graded TFT,104,15,0.0,0.0,32.86984375
gemma3_27b__vs__graded_tft__seed104,Gemma-3-27B,Graded TFT,104,16,0.0,0.0,32.86984375
gemma3_27b__vs__graded_tft__seed104,Gemma-3-27B,Graded TFT,104,17,0.0,0.0,32.86984375
gemma3_27b__vs__graded_tft__seed104,Gemma-3-27B,Graded TFT,104,18,0.0,0.0,32.86984375
gemma3_27b__vs__graded_tft__seed104,Gemma-3-27B,Graded TFT,104,19,0.0,0.0,32.86984375
gemma3_27b__vs__graded_tft__seed104,Gemma-3-27B,Graded TFT,104,20,0.0,0.0,32.86984375
gemma3_27b__vs__graded_tft__seed104,Gemma-3-27B,Graded TFT,104,21,0.0,0.0,32.86984375
gemma3_27b__vs__graded_tft__seed104,Gemma-3-27B,Graded TFT,104,22,0.0,0.0,32.86984375
gemma3_27b__vs__graded_tft__seed104,Gemma-3-27B,Graded TFT,104,23,0.0,2.25,35.11984375
gemma3_27b__vs__graded_tft__seed104,Gemma-3-27B,Graded TFT,104,24,0.0,0.0,35.11984375
gemma3_27b__vs__graded_tft__seed104,Gemma-3-27B,Graded TFT,104,25,0.0,0.0,35.11984375
gemma3_27b__vs__graded_tft__seed104,Gemma-3-27B,Graded TFT,104,26,0.0,4.5,39.61984375
gemma3_27b__vs__graded_tft__seed104,Gemma-3-27B,Graded TFT,104,27,0.0,2.25,41.86984375
gemma3_27b__vs__graded_tft__seed104,Gemma-3-27B,Graded TFT,104,28,0.0,0.0,41.86984375
gemma3_27b__vs__graded_tft__seed104,Gemma-3-27B,Graded TFT,104,29,0.0,0.0,41.86984375
gemma3_27b__vs__graded_tft__seed104,Gemma-3-27B,Graded TFT,104,30,0.0,4.5,46.36984375
gemma3_27b__vs__graded_tft__seed104,Gemma-3-27B,Graded TFT,104,31,0.0,2.25,48.61984375
gemma3_27b__vs__graded_tft__seed104,Gemma-3-27B,Graded TFT,104,32,0.0,0.0,48.61984375
gemma3_27b__vs__graded_tft__seed104,Gemma-3-27B,Graded TFT,104,33,0.0,0.0,48.61984375
gemma3_27b__vs__graded_tft__seed104,Gemma-3-27B,Graded TFT,104,34,0.0,4.5,53.11984375
gemma3_27b__vs__graded_tft__seed104,Gemma-3-27B,Graded TFT,104,35,0.0,2.25,55.36984375
gemma3_27b__vs__graded_tft__seed104,Gemma-3-27B,Graded TFT,104,36,0.0,0.0,55.36984375
gemma3_27b__vs__graded_tft__seed104,Gemma-3-27B,Graded TFT,104,37,0.0,0.0,55.36984375
gemma3_27b__vs__graded_tft__seed104,Gemma-3-27B,Graded TFT,104,38,0.0,0.0,55.36984375
gemma3_27b__vs__graded_tft__seed104,Gemma-3-27B,Graded TFT,104,39,0.0,0.0,55.36984375
gemma3_27b__vs__graded_tft__seed104,Gemma-3-27B,Graded TFT,104,40,0.0,0.0,55.36984375
gemma3_27b__vs__graded_tft__seed104,Gemma-3-27B,Graded TFT,104,41,0.0,4.5,59.86984375
gemma3_27b__vs__graded_tft__seed104,Gemma-3-27B,Graded TFT,104,42,0.0,2.25,62.11984375
gemma3_27b__vs__graded_tft__seed104,Gemma-3-27B,Graded TFT,104,43,0.0,0.0,62.11984375
gemma3_27b__vs__graded_tft__seed104,Gemma-3-27B,Graded TFT,104,44,0.0,0.0,62.11984375
gemma3_27b__vs__graded_tft__seed104,Gemma-3-27B,Graded TFT,104,45,0.0,0.0,62.11984375
gemma3_27b__vs__graded_tft__seed104,Gemma-3-27B,Graded TFT,104,46,0.0,0.0,62.11984375
gemma3_27b__vs__graded_tft__seed104,Gemma-3-27B,Graded TFT,104,47,0.0,0.0,62.11984375
gemma3_27b__vs__graded_tft__seed104,Gemma-3-27B,Graded TFT,104,48,0.0,0.0,62.11984375
gemma3_27b__vs__graded_tft__seed104,Gemma-3-27B,Graded TFT,104,49,0.0,0.0,62.11984375
gemma3_27b__vs__graded_tft__seed104,Gemma-3-27B,Graded TFT,104,50,0.0,2.25,64.36984375
gemma3_27b__vs__graded_tft__seed105,Gemma-3-27B,Graded TFT,105,1,0.0,12.0,12.0
gemma3_27b__vs__graded_tft__seed105,Gemma-3-27B,Graded TFT,105,2,0.0,5.99125,17.99125
gemma3_27b__vs__graded_tft__seed105,Gemma-3-27B,Graded TFT,105,3,0.0,2.9803125,20.9715625
gemma3_27b__vs__graded_tft__seed105,Gemma-3-27B,Graded TFT,105,4,0.0,0.0,20.9715625
gemma3_27b__vs__graded_tft__seed105,Gemma-3-27B,Graded TFT,105,5,0.0,0.0,20.9715625
gemma3_27b__vs__graded_tft__seed105,Gemma-3-27B,Graded TFT,105,6,0.0,0.0,20.9715625
gemma3_27b__vs__graded_tft__seed105,Gemma-3-27B,Graded TFT,105,7,0.0,0.0,20.9715625
gemma3_27b__vs__graded_tft__seed105,Gemma-3-27B,Graded TFT,105,8,0.0,0.0,20.9715625
gemma3_27b__vs__graded_tft__seed105,Gemma-3-27B,Graded TFT,105,9,0.0,0.0,20.9715625
gemma3_27b__vs__graded_tft__seed105,Gemma-3-27B,Graded TFT,105,10,0.0,0.0,20.9715625
gemma3_27b__vs__graded_tft__seed105,Gemma-3-27B,Graded TFT,105,11,0.0,0.0,20.9715625
gemma3_27b__vs__graded_tft__seed105,Gemma-3-27B,Graded TFT,105,12,0.0,0.0,20.9715625
gemma3_27b__vs__graded_tft__seed105,Gemma-3-27B,Graded TFT,105,13,0.0,0.0,20.9715625
gemma3_27b__vs__graded_tft__seed105,Gemma-3-27B,Graded TFT,105,14,0.0,0.0,20.9715625
gemma3_27b__vs__graded_tft__seed105,Gemma-3-27B,Graded TFT,105,15,0.0,0.0,20.9715625
gemma3_27b__vs__graded_tft__seed105,Gemma-3-27B,Graded TFT,105,16,0.0,0.0,20.9715625
gemma3_27b__vs__graded_tft__seed105,Gemma-3-27B,Graded TFT,105,17,0.0,0.0,20.9715625
gemma3_27b__vs__graded_tft__seed105,Gemma-3-27B,Graded TFT,105,18,0.0,0.0,20.9715625
gemma3_27b__vs__graded_tft__seed105,Gemma-3-27B,Graded TFT,105,19,0.0,0.0,20.9715625
gemma3_27b__vs__graded_tft__seed105,Gemma-3-27B,Graded TFT,105,20,0.0,0.0,20.9715625
gemma3_27b__vs__graded_tft__seed105,Gemma-3-27B,Graded TFT,105,21,0.0,0.0,20.9715625
gemma3_27b__vs__graded_tft__seed105,Gemma-3-27B,Graded TFT,105,22,0.0,0.0,20.9715625
gemma3_27b__vs__graded_tft__seed105,Gemma-3-27B,Graded TFT,105,23,0.0,0.0,20.9715625
gemma3_27b__vs__graded_tft__seed105,Gemma-3-27B,Graded TFT,105,24,0.0,0.0,20.9715625
gemma3_27b__vs__graded_tft__seed105,Gemma-3-27B,Graded TFT,105,25,0.0,0.0,20.9715625
gemma3_27b__vs__graded_tft__seed105,Gemma-3-27B,Graded TFT,105,26,0.0,0.0,20.9715625
gemma3_27b__vs__graded_tft__seed105,Gemma-3-27B,Graded TFT,105,27,0.0,0.0,20.9715625
gemma3_27b__vs__graded_tft__seed105,Gemma-3-27B,Graded TFT,105,28,0.0,0.0,20.9715625
gemma3_27b__vs__graded_tft__seed105,Gemma-3-27B,Graded TFT,105,29,0.0,0.0,20.9715625
gemma3_27b__vs__graded_tft__seed105,Gemma-3-27B,Graded TFT,105,30,0.0,0.0,20.9715625
gemma3_27b__vs__graded_tft__seed105,Gemma-3-27B,Graded TFT,105,31,0.0,4.5,25.4715625
gemma3_27b__vs__graded_tft__seed105,Gemma-3-27B,Graded TFT,105,32,0.0,2.25,27.7215625
gemma3_27b__vs__graded_tft__seed105,Gemma-3-27B,Graded TFT,105,33,0.0,0.0,27.7215625
gemma3_27b__vs__graded_tft__seed105,Gemma-3-27B,Graded TFT,105,34,0.0,0.0,27.7215625
gemma3_27b__vs__graded_tft__seed105,Gemma-3-27B,Graded TFT,105,35,0.0,4.5,32.221562500000005
gemma3_27b__vs__graded_tft__seed105,Gemma-3-27B,Graded TFT,105,36,0.0,2.25,34.471562500000005
gemma3_27b__vs__graded_tft__seed105,Gemma-3-27B,Graded TFT,105,37,0.0,0.0,34.471562500000005
gemma3_27b__vs__graded_tft__seed105,Gemma-3-27B,Graded TFT,105,38,0.0,0.0,34.471562500000005
gemma3_27b__vs__graded_tft__seed105,Gemma-3-27B,Graded TFT,105,39,0.0,0.0,34.471562500000005
gemma3_27b__vs__graded_tft__seed105,Gemma-3-27B,Graded TFT,105,40,0.0,0.0,34.471562500000005
gemma3_27b__vs__graded_tft__seed105,Gemma-3-27B,Graded TFT,105,41,0.0,0.0,34.471562500000005
gemma3_27b__vs__graded_tft__seed105,Gemma-3-27B,Graded TFT,105,42,0.0,0.0,34.471562500000005
gemma3_27b__vs__graded_tft__seed105,Gemma-3-27B,Graded TFT,105,43,0.0,4.5,38.971562500000005
gemma3_27b__vs__graded_tft__seed105,Gemma-3-27B,Graded TFT,105,44,0.0,2.25,41.221562500000005
gemma3_27b__vs__graded_tft__seed105,Gemma-3-27B,Graded TFT,105,45,0.0,0.0,41.221562500000005
gemma3_27b__vs__graded_tft__seed105,Gemma-3-27B,Graded TFT,105,46,0.0,0.0,41.221562500000005
gemma3_27b__vs__graded_tft__seed105,Gemma-3-27B,Graded TFT,105,47,0.0,0.0,41.221562500000005
gemma3_27b__vs__graded_tft__seed105,Gemma-3-27B,Graded TFT,105,48,0.0,0.0,41.221562500000005
gemma3_27b__vs__graded_tft__seed105,Gemma-3-27B,Graded TFT,105,49,0.0,0.0,41.221562500000005
gemma3_27b__vs__graded_tft__seed105,Gemma-3-27B,Graded TFT,105,50,0.0,4.5,45.721562500000005
gemma3_27b__vs__grim_trigger__seed101,Gemma-3-27B,Grim Trigger,101,1,0.0,0.0,0.0
gemma3_27b__vs__grim_trigger__seed101,Gemma-3-27B,Grim Trigger,101,2,0.0,0.0,0.0
gemma3_27b__vs__grim_trigger__seed101,Gemma-3-27B,Grim Trigger,101,3,0.0,0.0,0.0
gemma3_27b__vs__grim_trigger__seed101,Gemma-3-27B,Grim Trigger,101,4,0.0,0.0,0.0
gemma3_27b__vs__grim_trigger__seed101,Gemma-3-27B,Grim Trigger,101,5,0.0,0.0,0.0
gemma3_27b__vs__grim_trigger__seed101,Gemma-3-27B,Grim Trigger,101,6,0.0,0.0,0.0
gemma3_27b__vs__grim_trigger__seed101,Gemma-3-27B,Grim Trigger,101,7,0.0,0.0,0.0
gemma3_27b__vs__grim_trigger__seed101,Gemma-3-27B,Grim Trigger,101,8,0.0,0.0,0.0
gemma3_27b__vs__grim_trigger__seed101,Gemma-3-27B,Grim Trigger,101,9,0.0,0.0,0.0
gemma3_27b__vs__grim_trigger__seed101,Gemma-3-27B,Grim Trigger,101,10,0.0,0.0,0.0
gemma3_27b__vs__grim_trigger__seed101,Gemma-3-27B,Grim Trigger,101,11,0.0,0.0,0.0
gemma3_27b__vs__grim_trigger__seed101,Gemma-3-27B,Grim Trigger,101,12,0.0,0.0,0.0
gemma3_27b__vs__grim_trigger__seed101,Gemma-3-27B,Grim Trigger,101,13,0.0,0.0,0.0
gemma3_27b__vs__grim_trigger__seed101,Gemma-3-27B,Grim Trigger,101,14,0.0,0.0,0.0
gemma3_27b__vs__grim_trigger__seed101,Gemma-3-27B,Grim Trigger,101,15,0.0,0.0,0.0
gemma3_27b__vs__grim_trigger__seed101,Gemma-3-27B,Grim Trigger,101,16,0.0,0.0,0.0
gemma3_27b__vs__grim_trigger__seed101,Gemma-3-27B,Grim Trigger,101,17,0.0,0.0,0.0
gemma3_27b__vs__grim_trigger__seed101,Gemma-3-27B,Grim Trigger,101,18,0.0,0.0,0.0
gemma3_27b__vs__grim_trigger__seed101,Gemma-3-27B,Grim Trigger,101,19,0.0,0.0,0.0
gemma3_27b__vs__grim_trigger__seed101,Gemma-3-27B,Grim Trigger,101,20,0.0,0.0,0.0
gemma3_27b__vs__grim_trigger__seed101,Gemma-3-27B,Grim Trigger,101,21,0.0,0.0,0.0
gemma3_27b__vs__grim_trigger__seed101,Gemma-3-27B,Grim Trigger,101,22,0.0,0.0,0.0
gemma3_27b__vs__grim_trigger__seed101,Gemma-3-27B,Grim Trigger,101,23,0.0,0.0,0.0
gemma3_27b__vs__grim_trigger__seed101,Gemma-3-27B,Grim Trigger,101,24,0.0,0.0,0.0
gemma3_27b__vs__grim_trigger__seed101,Gemma-3-27B,Grim Trigger,101,25,0.0,0.0,0.0
gemma3_27b__vs__grim_trigger__seed101,Gemma-3-27B,Grim Trigger,101,26,0.0,0.0,0.0
gemma3_27b__vs__grim_trigger__seed101,Gemma-3-27B,Grim Trigger,101,27,0.0,0.0,0.0
gemma3_27b__vs__grim_trigger__seed101,Gemma-3-27B,Grim Trigger,101,28,0.0,0.0,0.0
gemma3_27b__vs__grim_trigger__seed101,Gemma-3-27B,Grim Trigger,101,29,0.0,0.0,0.0
gemma3_27b__vs__grim_trigger__seed101,Gemma-3-27B,Grim Trigger,101,30,0.0,0.0,0.0
gemma3_27b__vs__grim_trigger__seed101,Gemma-3-27B,Grim Trigger,101,31,0.0,0.0,0.0
gemma3_27b__vs__grim_trigger__seed101,Gemma-3-27B,Grim Trigger,101,32,0.0,0.0,0.0
gemma3_27b__vs__grim_trigger__seed101,Gemma-3-27B,Grim Trigger,101,33,0.0,0.0,0.0
gemma3_27b__vs__grim_trigger__seed101,Gemma-3-27B,Grim Trigger,101,34,0.0,0.0,0.0
gemma3_27b__vs__grim_trigger__seed101,Gemma-3-27B,Grim Trigger,101,35,0.0,0.0,0.0
gemma3_27b__vs__grim_trigger__seed101,Gemma-3-27B,Grim Trigger,101,36,0.0,0.0,0.0
gemma3_27b__vs__grim_trigger__seed101,Gemma-3-27B,Grim Trigger,101,37,0.0,0.0,0.0
gemma3_27b__vs__grim_trigger__seed101,Gemma-3-27B,Grim Trigger,101,38,0.0,0.0,0.0
gemma3_27b__vs__grim_trigger__seed101,Gemma-3-27B,Grim Trigger,101,39,0.0,0.0,0.0
gemma3_27b__vs__grim_trigger__seed101,Gemma-3-27B,Grim Trigger,101,40,0.0,0.0,0.0
gemma3_27b__vs__grim_trigger__seed101,Gemma-3-27B,Grim Trigger,101,41,0.0,0.0,0.0
gemma3_27b__vs__grim_trigger__seed101,Gemma-3-27B,Grim Trigger,101,42,0.0,0.0,0.0
gemma3_27b__vs__grim_trigger__seed101,Gemma-3-27B,Grim Trigger,101,43,0.0,0.0,0.0
gemma3_27b__vs__grim_trigger__seed101,Gemma-3-27B,Grim Trigger,101,44,0.0,0.0,0.0
gemma3_27b__vs__grim_trigger__seed101,Gemma-3-27B,Grim Trigger,101,45,0.0,0.0,0.0
gemma3_27b__vs__grim_trigger__seed101,Gemma-3-27B,Grim Trigger,101,46,0.0,0.0,0.0
gemma3_27b__vs__grim_trigger__seed101,Gemma-3-27B,Grim Trigger,101,47,0.0,0.0,0.0
gemma3_27b__vs__grim_trigger__seed101,Gemma-3-27B,Grim Trigger,101,48,0.0,0.0,0.0
gemma3_27b__vs__grim_trigger__seed101,Gemma-3-27B,Grim Trigger,101,49,0.0,0.0,0.0
gemma3_27b__vs__grim_trigger__seed101,Gemma-3-27B,Grim Trigger,101,50,0.0,0.0,0.0
gemma3_27b__vs__grim_trigger__seed102,Gemma-3-27B,Grim Trigger,102,1,0.0,0.0,0.0
gemma3_27b__vs__grim_trigger__seed102,Gemma-3-27B,Grim Trigger,102,2,0.0,0.0,0.0
gemma3_27b__vs__grim_trigger__seed102,Gemma-3-27B,Grim Trigger,102,3,0.0,0.0,0.0
gemma3_27b__vs__grim_trigger__seed102,Gemma-3-27B,Grim Trigger,102,4,0.0,0.0,0.0
gemma3_27b__vs__grim_trigger__seed102,Gemma-3-27B,Grim Trigger,102,5,0.0,0.0,0.0
gemma3_27b__vs__grim_trigger__seed102,Gemma-3-27B,Grim Trigger,102,6,0.0,0.0,0.0
gemma3_27b__vs__grim_trigger__seed102,Gemma-3-27B,Grim Trigger,102,7,0.0,0.0,0.0
gemma3_27b__vs__grim_trigger__seed102,Gemma-3-27B,Grim Trigger,102,8,0.0,0.0,0.0
gemma3_27b__vs__grim_trigger__seed102,Gemma-3-27B,Grim Trigger,102,9,0.0,0.0,0.0
gemma3_27b__vs__grim_trigger__seed102,Gemma-3-27B,Grim Trigger,102,10,0.0,0.0,0.0
gemma3_27b__vs__grim_trigger__seed102,Gemma-3-27B,Grim Trigger,102,11,0.0,0.0,0.0
gemma3_27b__vs__grim_trigger__seed102,Gemma-3-27B,Grim Trigger,102,12,0.0,0.0,0.0
gemma3_27b__vs__grim_trigger__seed102,Gemma-3-27B,Grim Trigger,102,13,0.0,0.0,0.0
gemma3_27b__vs__grim_trigger__seed102,Gemma-3-27B,Grim Trigger,102,14,0.0,0.0,0.0
gemma3_27b__vs__grim_trigger__seed102,Gemma-3-27B,Grim Trigger,102,15,0.0,0.0,0.0
gemma3_27b__vs__grim_trigger__seed102,Gemma-3-27B,Grim Trigger,102,16,0.0,0.0,0.0
gemma3_27b__vs__grim_trigger__seed102,Gemma-3-27B,Grim Trigger,102,17,0.0,0.0,0.0
gemma3_27b__vs__grim_trigger__seed102,Gemma-3-27B,Grim Trigger,102,18,0.0,0.0,0.0
gemma3_27b__vs__grim_trigger__seed102,Gemma-3-27B,Grim Trigger,102,19,0.0,0.0,0.0
gemma3_27b__vs__grim_trigger__seed102,Gemma-3-27B,Grim Trigger,102,20,0.0,0.0,0.0
gemma3_27b__vs__grim_trigger__seed102,Gemma-3-27B,Grim Trigger,102,21,0.0,0.0,0.0
gemma3_27b__vs__grim_trigger__seed102,Gemma-3-27B,Grim Trigger,102,22,0.0,0.0,0.0
gemma3_27b__vs__grim_trigger__seed102,Gemma-3-27B,Grim Trigger,102,23,0.0,0.0,0.0
gemma3_27b__vs__grim_trigger__seed102,Gemma-3-27B,Grim Trigger,102,24,0.0,0.0,0.0
gemma3_27b__vs__grim_trigger__seed102,Gemma-3-27B,Grim Trigger,102,25,0.0,0.0,0.0
gemma3_27b__vs__grim_trigger__seed102,Gemma-3-27B,Grim Trigger,102,26,0.0,0.0,0.0
gemma3_27b__vs__grim_trigger__seed102,Gemma-3-27B,Grim Trigger,102,27,0.0,0.0,0.0
gemma3_27b__vs__grim_trigger__seed102,Gemma-3-27B,Grim Trigger,102,28,0.0,0.0,0.0
gemma3_27b__vs__grim_trigger__seed102,Gemma-3-27B,Grim Trigger,102,29,0.0,0.0,0.0
gemma3_27b__vs__grim_trigger__seed102,Gemma-3-27B,Grim Trigger,102,30,0.0,0.0,0.0
gemma3_27b__vs__grim_trigger__seed102,Gemma-3-27B,Grim Trigger,102,31,0.0,0.0,0.0
gemma3_27b__vs__grim_trigger__seed102,Gemma-3-27B,Grim Trigger,102,32,0.0,0.0,0.0
gemma3_27b__vs__grim_trigger__seed102,Gemma-3-27B,Grim Trigger,102,33,0.0,0.0,0.0
gemma3_27b__vs__grim_trigger__seed102,Gemma-3-27B,Grim Trigger,102,34,0.0,0.0,0.0
gemma3_27b__vs__grim_trigger__seed102,Gemma-3-27B,Grim Trigger,102,35,0.0,0.0,0.0
gemma3_27b__vs__grim_trigger__seed102,Gemma-3-27B,Grim Trigger,102,36,0.0,0.0,0.0
gemma3_27b__vs__grim_trigger__seed102,Gemma-3-27B,Grim Trigger,102,37,0.0,0.0,0.0
gemma3_27b__vs__grim_trigger__seed102,Gemma-3-27B,Grim Trigger,102,38,0.0,0.0,0.0
gemma3_27b__vs__grim_trigger__seed102,Gemma-3-27B,Grim Trigger,102,39,0.0,0.0,0.0
gemma3_27b__vs__grim_trigger__seed102,Gemma-3-27B,Grim Trigger,102,40,0.0,0.0,0.0
gemma3_27b__vs__grim_trigger__seed102,Gemma-3-27B,Grim Trigger,102,41,0.0,0.0,0.0
gemma3_27b__vs__grim_trigger__seed102,Gemma-3-27B,Grim Trigger,102,42,0.0,0.0,0.0
gemma3_27b__vs__grim_trigger__seed102,Gemma-3-27B,Grim Trigger,102,43,0.0,0.0,0.0
gemma3_27b__vs__grim_trigger__seed102,Gemma-3-27B,Grim Trigger,102,44,0.0,0.0,0.0
gemma3_27b__vs__grim_trigger__seed102,Gemma-3-27B,Grim Trigger,102,45,0.0,0.0,0.0
gemma3_27b__vs__grim_trigger__seed102,Gemma-3-27B,Grim Trigger,102,46,0.0,0.0,0.0
gemma3_27b__vs__grim_trigger__seed102,Gemma-3-27B,Grim Trigger,102,47,0.0,0.0,0.0
gemma3_27b__vs__grim_trigger__seed102,Gemma-3-27B,Grim Trigger,102,48,0.0,0.0,0.0
gemma3_27b__vs__grim_trigger__seed102,Gemma-3-27B,Grim Trigger,102,49,0.0,0.0,0.0
gemma3_27b__vs__grim_trigger__seed102,Gemma-3-27B,Grim Trigger,102,50,0.0,0.0,0.0
gemma3_27b__vs__grim_trigger__seed103,Gemma-3-27B,Grim Trigger,103,1,0.0,0.0,0.0
gemma3_27b__vs__grim_trigger__seed103,Gemma-3-27B,Grim Trigger,103,2,0.0,0.0,0.0
gemma3_27b__vs__grim_trigger__seed103,Gemma-3-27B,Grim Trigger,103,3,0.0,0.0,0.0
gemma3_27b__vs__grim_trigger__seed103,Gemma-3-27B,Grim Trigger,103,4,0.0,0.0,0.0
gemma3_27b__vs__grim_trigger__seed103,Gemma-3-27B,Grim Trigger,103,5,0.0,0.0,0.0
gemma3_27b__vs__grim_trigger__seed103,Gemma-3-27B,Grim Trigger,103,6,0.0,0.0,0.0
gemma3_27b__vs__grim_trigger__seed103,Gemma-3-27B,Grim Trigger,103,7,0.0,0.0,0.0
gemma3_27b__vs__grim_trigger__seed103,Gemma-3-27B,Grim Trigger,103,8,0.0,0.0,0.0
gemma3_27b__vs__grim_trigger__seed103,Gemma-3-27B,Grim Trigger,103,9,0.0,0.0,0.0
gemma3_27b__vs__grim_trigger__seed103,Gemma-3-27B,Grim Trigger,103,10,0.0,0.0,0.0
gemma3_27b__vs__grim_trigger__seed103,Gemma-3-27B,Grim Trigger,103,11,0.0,0.0,0.0
gemma3_27b__vs__grim_trigger__seed103,Gemma-3-27B,Grim Trigger,103,12,0.0,0.0,0.0
gemma3_27b__vs__grim_trigger__seed103,Gemma-3-27B,Grim Trigger,103,13,0.0,0.0,0.0
gemma3_27b__vs__grim_trigger__seed103,Gemma-3-27B,Grim Trigger,103,14,0.0,0.0,0.0
gemma3_27b__vs__grim_trigger__seed103,Gemma-3-27B,Grim Trigger,103,15,0.0,0.0,0.0
gemma3_27b__vs__grim_trigger__seed103,Gemma-3-27B,Grim Trigger,103,16,0.0,0.0,0.0
gemma3_27b__vs__grim_trigger__seed103,Gemma-3-27B,Grim Trigger,103,17,0.0,0.0,0.0
gemma3_27b__vs__grim_trigger__seed103,Gemma-3-27B,Grim Trigger,103,18,0.0,0.0,0.0
gemma3_27b__vs__grim_trigger__seed103,Gemma-3-27B,Grim Trigger,103,19,0.0,0.0,0.0
gemma3_27b__vs__grim_trigger__seed103,Gemma-3-27B,Grim Trigger,103,20,0.0,0.0,0.0
gemma3_27b__vs__grim_trigger__seed103,Gemma-3-27B,Grim Trigger,103,21,0.0,0.0,0.0
gemma3_27b__vs__grim_trigger__seed103,Gemma-3-27B,Grim Trigger,103,22,0.0,0.0,0.0
gemma3_27b__vs__grim_trigger__seed103,Gemma-3-27B,Grim Trigger,103,23,0.0,0.0,0.0
gemma3_27b__vs__grim_trigger__seed103,Gemma-3-27B,Grim Trigger,103,24,0.0,0.0,0.0
gemma3_27b__vs__grim_trigger__seed103,Gemma-3-27B,Grim Trigger,103,25,0.0,0.0,0.0
gemma3_27b__vs__grim_trigger__seed103,Gemma-3-27B,Grim Trigger,103,26,0.0,0.0,0.0
gemma3_27b__vs__grim_trigger__seed103,Gemma-3-27B,Grim Trigger,103,27,0.0,0.0,0.0
gemma3_27b__vs__grim_trigger__seed103,Gemma-3-27B,Grim Trigger,103,28,0.0,0.0,0.0
gemma3_27b__vs__grim_trigger__seed103,Gemma-3-27B,Grim Trigger,103,29,0.0,0.0,0.0
gemma3_27b__vs__grim_trigger__seed103,Gemma-3-27B,Grim Trigger,103,30,0.0,0.0,0.0
gemma3_27b__vs__grim_trigger__seed103,Gemma-3-27B,Grim Trigger,103,31,0.0,0.0,0.0
gemma3_27b__vs__grim_trigger__seed103,Gemma-3-27B,Grim Trigger,103,32,0.0,0.0,0.0
gemma3_27b__vs__grim_trigger__seed103,Gemma-3-27B,Grim Trigger,103,33,0.0,0.0,0.0
gemma3_27b__vs__grim_trigger__seed103,Gemma-3-27B,Grim Trigger,103,34,0.0,0.0,0.0
gemma3_27b__vs__grim_trigger__seed103,Gemma-3-27B,Grim Trigger,103,35,0.0,0.0,0.0
gemma3_27b__vs__grim_trigger__seed103,Gemma-3-27B,Grim Trigger,103,36,0.0,0.0,0.0
gemma3_27b__vs__grim_trigger__seed103,Gemma-3-27B,Grim Trigger,103,37,0.0,0.0,0.0
gemma3_27b__vs__grim_trigger__seed103,Gemma-3-27B,Grim Trigger,103,38,0.0,0.0,0.0
gemma3_27b__vs__grim_trigger__seed103,Gemma-3-27B,Grim Trigger,103,39,0.0,0.0,0.0
gemma3_27b__vs__grim_trigger__seed103,Gemma-3-27B,Grim Trigger,103,40,0.0,0.0,0.0
gemma3_27b__vs__grim_trigger__seed103,Gemma-3-27B,Grim Trigger,103,41,0.0,0.0,0.0
gemma3_27b__vs__grim_trigger__seed103,Gemma-3-27B,Grim Trigger,103,42,0.0,0.0,0.0
gemma3_27b__vs__grim_trigger__seed103,Gemma-3-27B,Grim Trigger,103,43,0.0,0.0,0.0
gemma3_27b__vs__grim_trigger__seed103,Gemma-3-27B,Grim Trigger,103,44,0.0,0.0,0.0
gemma3_27b__vs__grim_trigger__seed103,Gemma-3-27B,Grim Trigger,103,45,0.0,0.0,0.0
gemma3_27b__vs__grim_trigger__seed103,Gemma-3-27B,Grim Trigger,103,46,0.0,0.0,0.0
gemma3_27b__vs__grim_trigger__seed103,Gemma-3-27B,Grim Trigger,103,47,0.0,0.0,0.0
gemma3_27b__vs__grim_trigger__seed103,Gemma-3-27B,Grim Trigger,103,48,0.0,0.0,0.0
gemma3_27b__vs__grim_trigger__seed103,Gemma-3-27B,Grim Trigger,103,49,0.0,0.0,0.0
gemma3_27b__vs__grim_trigger__seed103,Gemma-3-27B,Grim Trigger,103,50,0.0,0.0,0.0
gemma3_27b__vs__grim_trigger__seed104,Gemma-3-27B,Grim Trigger,104,1,0.0,0.0,0.0
gemma3_27b__vs__grim_trigger__seed104,Gemma-3-27B,Grim Trigger,104,2,0.0,0.0,0.0
gemma3_27b__vs__grim_trigger__seed104,Gemma-3-27B,Grim Trigger,104,3,0.0,0.0,0.0
gemma3_27b__vs__grim_trigger__seed104,Gemma-3-27B,Grim Trigger,104,4,0.0,0.0,0.0
gemma3_27b__vs__grim_trigger__seed104,Gemma-3-27B,Grim Trigger,104,5,0.0,0.0,0.0
gemma3_27b__vs__grim_trigger__seed104,Gemma-3-27B,Grim Trigger,104,6,0.0,0.0,0.0
gemma3_27b__vs__grim_trigger__seed104,Gemma-3-27B,Grim Trigger,104,7,0.0,0.0,0.0
gemma3_27b__vs__grim_trigger__seed104,Gemma-3-27B,Grim Trigger,104,8,0.0,0.0,0.0
gemma3_27b__vs__grim_trigger__seed104,Gemma-3-27B,Grim Trigger,104,9,0.0,0.0,0.0
gemma3_27b__vs__grim_trigger__seed104,Gemma-3-27B,Grim Trigger,104,10,0.0,0.0,0.0
gemma3_27b__vs__grim_trigger__seed104,Gemma-3-27B,Grim Trigger,104,11,0.0,0.0,0.0
gemma3_27b__vs__grim_trigger__seed104,Gemma-3-27B,Grim Trigger,104,12,0.0,0.0,0.0
gemma3_27b__vs__grim_trigger__seed104,Gemma-3-27B,Grim Trigger,104,13,0.0,0.0,0.0
gemma3_27b__vs__grim_trigger__seed104,Gemma-3-27B,Grim Trigger,104,14,0.0,0.0,0.0
gemma3_27b__vs__grim_trigger__seed104,Gemma-3-27B,Grim Trigger,104,15,0.0,0.0,0.0
gemma3_27b__vs__grim_trigger__seed104,Gemma-3-27B,Grim Trigger,104,16,0.0,0.0,0.0
gemma3_27b__vs__grim_trigger__seed104,Gemma-3-27B,Grim Trigger,104,17,0.0,0.0,0.0
gemma3_27b__vs__grim_trigger__seed104,Gemma-3-27B,Grim Trigger,104,18,0.0,0.0,0.0
gemma3_27b__vs__grim_trigger__seed104,Gemma-3-27B,Grim Trigger,104,19,0.0,0.0,0.0
gemma3_27b__vs__grim_trigger__seed104,Gemma-3-27B,Grim Trigger,104,20,0.0,0.0,0.0
gemma3_27b__vs__grim_trigger__seed104,Gemma-3-27B,Grim Trigger,104,21,0.0,0.0,0.0
gemma3_27b__vs__grim_trigger__seed104,Gemma-3-27B,Grim Trigger,104,22,0.0,0.0,0.0
gemma3_27b__vs__grim_trigger__seed104,Gemma-3-27B,Grim Trigger,104,23,0.0,0.0,0.0
gemma3_27b__vs__grim_trigger__seed104,Gemma-3-27B,Grim Trigger,104,24,0.0,0.0,0.0
gemma3_27b__vs__grim_trigger__seed104,Gemma-3-27B,Grim Trigger,104,25,0.0,0.0,0.0
gemma3_27b__vs__grim_trigger__seed104,Gemma-3-27B,Grim Trigger,104,26,0.0,0.0,0.0
gemma3_27b__vs__grim_trigger__seed104,Gemma-3-27B,Grim Trigger,104,27,0.0,0.0,0.0
gemma3_27b__vs__grim_trigger__seed104,Gemma-3-27B,Grim Trigger,104,28,0.0,0.0,0.0
gemma3_27b__vs__grim_trigger__seed104,Gemma-3-27B,Grim Trigger,104,29,0.0,0.0,0.0
gemma3_27b__vs__grim_trigger__seed104,Gemma-3-27B,Grim Trigger,104,30,0.0,0.0,0.0
gemma3_27b__vs__grim_trigger__seed104,Gemma-3-27B,Grim Trigger,104,31,0.0,0.0,0.0
gemma3_27b__vs__grim_trigger__seed104,Gemma-3-27B,Grim Trigger,104,32,0.0,0.0,0.0
gemma3_27b__vs__grim_trigger__seed104,Gemma-3-27B,Grim Trigger,104,33,0.0,0.0,0.0
gemma3_27b__vs__grim_trigger__seed104,Gemma-3-27B,Grim Trigger,104,34,0.0,0.0,0.0
gemma3_27b__vs__grim_trigger__seed104,Gemma-3-27B,Grim Trigger,104,35,0.0,0.0,0.0
gemma3_27b__vs__grim_trigger__seed104,Gemma-3-27B,Grim Trigger,104,36,0.0,0.0,0.0
gemma3_27b__vs__grim_trigger__seed104,Gemma-3-27B,Grim Trigger,104,37,0.0,0.0,0.0
gemma3_27b__vs__grim_trigger__seed104,Gemma-3-27B,Grim Trigger,104,38,0.0,0.0,0.0
gemma3_27b__vs__grim_trigger__seed104,Gemma-3-27B,Grim Trigger,104,39,0.0,0.0,0.0
gemma3_27b__vs__grim_trigger__seed104,Gemma-3-27B,Grim Trigger,104,40,0.0,0.0,0.0
gemma3_27b__vs__grim_trigger__seed104,Gemma-3-27B,Grim Trigger,104,41,0.0,0.0,0.0
gemma3_27b__vs__grim_trigger__seed104,Gemma-3-27B,Grim Trigger,104,42,0.0,0.0,0.0
gemma3_27b__vs__grim_trigger__seed104,Gemma-3-27B,Grim Trigger,104,43,0.0,0.0,0.0
gemma3_27b__vs__grim_trigger__seed104,Gemma-3-27B,Grim Trigger,104,44,0.0,0.0,0.0
gemma3_27b__vs__grim_trigger__seed104,Gemma-3-27B,Grim Trigger,104,45,0.0,0.0,0.0
gemma3_27b__vs__grim_trigger__seed104,Gemma-3-27B,Grim Trigger,104,46,0.0,0.0,0.0
gemma3_27b__vs__grim_trigger__seed104,Gemma-3-27B,Grim Trigger,104,47,0.0,0.0,0.0
gemma3_27b__vs__grim_trigger__seed104,Gemma-3-27B,Grim Trigger,104,48,0.0,0.0,0.0
gemma3_27b__vs__grim_trigger__seed104,Gemma-3-27B,Grim Trigger,104,49,0.0,0.0,0.0
gemma3_27b__vs__grim_trigger__seed104,Gemma-3-27B,Grim Trigger,104,50,0.0,0.0,0.0
gemma3_27b__vs__grim_trigger__seed105,Gemma-3-27B,Grim Trigger,105,1,0.0,0.0,0.0
gemma3_27b__vs__grim_trigger__seed105,Gemma-3-27B,Grim Trigger,105,2,0.0,0.0,0.0
gemma3_27b__vs__grim_trigger__seed105,Gemma-3-27B,Grim Trigger,105,3,0.0,0.0,0.0
gemma3_27b__vs__grim_trigger__seed105,Gemma-3-27B,Grim Trigger,105,4,0.0,0.0,0.0
gemma3_27b__vs__grim_trigger__seed105,Gemma-3-27B,Grim Trigger,105,5,0.0,0.0,0.0
gemma3_27b__vs__grim_trigger__seed105,Gemma-3-27B,Grim Trigger,105,6,0.0,0.0,0.0
gemma3_27b__vs__grim_trigger__seed105,Gemma-3-27B,Grim Trigger,105,7,0.0,0.0,0.0
gemma3_27b__vs__grim_trigger__seed105,Gemma-3-27B,Grim Trigger,105,8,0.0,0.0,0.0
gemma3_27b__vs__grim_trigger__seed105,Gemma-3-27B,Grim Trigger,105,9,0.0,0.0,0.0
gemma3_27b__vs__grim_trigger__seed105,Gemma-3-27B,Grim Trigger,105,10,0.0,0.0,0.0
gemma3_27b__vs__grim_trigger__seed105,Gemma-3-27B,Grim Trigger,105,11,0.0,0.0,0.0
gemma3_27b__vs__grim_trigger__seed105,Gemma-3-27B,Grim Trigger,105,12,0.0,0.0,0.0
gemma3_27b__vs__grim_trigger__seed105,Gemma-3-27B,Grim Trigger,105,13,0.0,0.0,0.0
gemma3_27b__vs__grim_trigger__seed105,Gemma-3-27B,Grim Trigger,105,14,0.0,0.0,0.0
gemma3_27b__vs__grim_trigger__seed105,Gemma-3-27B,Grim Trigger,105,15,0.0,0.0,0.0
gemma3_27b__vs__grim_trigger__seed105,Gemma-3-27B,Grim Trigger,105,16,0.0,0.0,0.0
gemma3_27b__vs__grim_trigger__seed105,Gemma-3-27B,Grim Trigger,105,17,0.0,0.0,0.0
gemma3_27b__vs__grim_trigger__seed105,Gemma-3-27B,Grim Trigger,105,18,0.0,0.0,0.0
gemma3_27b__vs__grim_trigger__seed105,Gemma-3-27B,Grim Trigger,105,19,0.0,0.0,0.0
gemma3_27b__vs__grim_trigger__seed105,Gemma-3-27B,Grim Trigger,105,20,0.0,0.0,0.0
gemma3_27b__vs__grim_trigger__seed105,Gemma-3-27B,Grim Trigger,105,21,0.0,0.0,0.0
gemma3_27b__vs__grim_trigger__seed105,Gemma-3-27B,Grim Trigger,105,22,0.0,0.0,0.0
gemma3_27b__vs__grim_trigger__seed105,Gemma-3-27B,Grim Trigger,105,23,0.0,0.0,0.0
gemma3_27b__vs__grim_trigger__seed105,Gemma-3-27B,Grim Trigger,105,24,0.0,0.0,0.0
gemma3_27b__vs__grim_trigger__seed105,Gemma-3-27B,Grim Trigger,105,25,0.0,0.0,0.0
gemma3_27b__vs__grim_trigger__seed105,Gemma-3-27B,Grim Trigger,105,26,0.0,0.0,0.0
gemma3_27b__vs__grim_trigger__seed105,Gemma-3-27B,Grim Trigger,105,27,0.0,0.0,0.0
gemma3_27b__vs__grim_trigger__seed105,Gemma-3-27B,Grim Trigger,105,28,0.0,0.0,0.0
gemma3_27b__vs__grim_trigger__seed105,Gemma-3-27B,Grim Trigger,105,29,0.0,0.0,0.0
gemma3_27b__vs__grim_trigger__seed105,Gemma-3-27B,Grim Trigger,105,30,0.0,0.0,0.0
gemma3_27b__vs__grim_trigger__seed105,Gemma-3-27B,Grim Trigger,105,31,0.0,0.0,0.0
gemma3_27b__vs__grim_trigger__seed105,Gemma-3-27B,Grim Trigger,105,32,0.0,0.0,0.0
gemma3_27b__vs__grim_trigger__seed105,Gemma-3-27B,Grim Trigger,105,33,0.0,0.0,0.0
gemma3_27b__vs__grim_trigger__seed105,Gemma-3-27B,Grim Trigger,105,34,0.0,0.0,0.0
gemma3_27b__vs__grim_trigger__seed105,Gemma-3-27B,Grim Trigger,105,35,0.0,0.0,0.0
gemma3_27b__vs__grim_trigger__seed105,Gemma-3-27B,Grim Trigger,105,36,0.0,0.0,0.0
gemma3_27b__vs__grim_trigger__seed105,Gemma-3-27B,Grim Trigger,105,37,0.0,0.0,0.0
gemma3_27b__vs__grim_trigger__seed105,Gemma-3-27B,Grim Trigger,105,38,0.0,0.0,0.0
gemma3_27b__vs__grim_trigger__seed105,Gemma-3-27B,Grim Trigger,105,39,0.0,0.0,0.0
gemma3_27b__vs__grim_trigger__seed105,Gemma-3-27B,Grim Trigger,105,40,0.0,0.0,0.0
gemma3_27b__vs__grim_trigger__seed105,Gemma-3-27B,Grim Trigger,105,41,0.0,0.0,0.0
gemma3_27b__vs__grim_trigger__seed105,Gemma-3-27B,Grim Trigger,105,42,0.0,0.0,0.0
gemma3_27b__vs__grim_trigger__seed105,Gemma-3-27B,Grim Trigger,105,43,0.0,0.0,0.0
gemma3_27b__vs__grim_trigger__seed105,Gemma-3-27B,Grim Trigger,105,44,0.0,0.0,0.0
gemma3_27b__vs__grim_trigger__seed105,Gemma-3-27B,Grim Trigger,105,45,0.0,0.0,0.0
gemma3_27b__vs__grim_trigger__seed105,Gemma-3-27B,Grim Trigger,105,46,0.0,0.0,0.0
gemma3_27b__vs__grim_trigger__seed105,Gemma-3-27B,Grim Trigger,105,47,0.0,0.0,0.0
gemma3_27b__vs__grim_trigger__seed105,Gemma-3-27B,Grim Trigger,105,48,0.0,0.0,0.0
gemma3_27b__vs__grim_trigger__seed105,Gemma-3-27B,Grim Trigger,105,49,0.0,0.0,0.0
gemma3_27b__vs__grim_trigger__seed105,Gemma-3-27B,Grim Trigger,105,50,0.0,0.0,0.0
gemma3_27b__vs__random_uniform__seed101,Gemma-3-27B,Random,101,1,0.0,0.0,0.0
gemma3_27b__vs__random_uniform__seed101,Gemma-3-27B,Random,101,2,0.0,5.90375,5.90375
gemma3_27b__vs__random_uniform__seed101,Gemma-3-27B,Random,101,3,0.0,5.829375,11.733125
gemma3_27b__vs__random_uniform__seed101,Gemma-3-27B,Random,101,4,0.0,11.524583333333332,23.257708333333333
gemma3_27b__vs__random_uniform__seed101,Gemma-3-27B,Random,101,5,0.0,11.419583333333332,34.67729166666666
gemma3_27b__vs__random_uniform__seed101,Gemma-3-27B,Random,101,6,0.0,8.499062499999999,43.17635416666666
gemma3_27b__vs__random_uniform__seed101,Gemma-3-27B,Random,101,7,0.0,8.436718749999997,51.61307291666666
gemma3_27b__vs__random_uniform__seed101,Gemma-3-27B,Random,101,8,0.0,5.584479166666665,57.19755208333333
gemma3_27b__vs__random_uniform__seed101,Gemma-3-27B,Random,101,9,0.0,0.0,57.19755208333333
gemma3_27b__vs__random_uniform__seed101,Gemma-3-27B,Random,101,10,0.0,8.252031249999996,65.44958333333332
gemma3_27b__vs__random_uniform__seed101,Gemma-3-27B,Random,101,11,0.0,5.462526041666664,70.91210937499999
gemma3_27b__vs__random_uniform__seed101,Gemma-3-27B,Random,101,12,0.0,0.0,70.91210937499999
gemma3_27b__vs__random_uniform__seed101,Gemma-3-27B,Random,101,13,0.0,10.747864583333328,81.65997395833331
gemma3_27b__vs__random_uniform__seed101,Gemma-3-27B,Random,101,14,0.0,5.324166666666664,86.98414062499998
gemma3_27b__vs__random_uniform__seed101,Gemma-3-27B,Random,101,15,0.0,7.907499999999995,94.89164062499998
gemma3_27b__vs__random_uniform__seed101,Gemma-3-27B,Random,101,16,0.0,10.438333333333327,105.32997395833331
gemma3_27b__vs__random_uniform__seed101,Gemma-3-27B,Random,101,17,0.0,2.586067708333332,107.91604166666664
gemma3_27b__vs__random_uniform__seed101,Gemma-3-27B,Random,101,18,0.0,7.687656249999996,115.60369791666665
gemma3_27b__vs__random_uniform__seed101,Gemma-3-27B,Random,101,19,0.0,5.078072916666664,120.68177083333332
gemma3_27b__vs__random_uniform__seed101,Gemma-3-27B,Random,101,20,0.0,5.031041666666664,125.71281249999998
gemma3_27b__vs__random_uniform__seed101,Gemma-3-27B,Random,101,21,0.0,9.978958333333328,135.69177083333332
gemma3_27b__vs__random_uniform__seed101,Gemma-3-27B,Random,101,22,0.0,0.0,135.69177083333332
gemma3_27b__vs__random_uniform__seed101,Gemma-3-27B,Random,101,23,0.0,9.801770833333327,145.49354166666666
gemma3_27b__vs__random_uniform__seed101,Gemma-3-27B,Random,101,24,0.0,0.0,145.49354166666666
gemma3_27b__vs__random_uniform__seed101,Gemma-3-27B,Random,101,25,0.0,2.4006770833333317,147.89421875
gemma3_27b__vs__random_uniform__seed101,Gemma-3-27B,Random,101,26,0.0,7.1232812499999945,155.01749999999998
gemma3_27b__vs__random_uniform__seed101,Gemma-3-27B,Random,101,27,0.0,9.392708333333326,164.41020833333332
gemma3_27b__vs__random_uniform__seed101,Gemma-3-27B,Random,101,28,0.0,9.298645833333326,173.70885416666664
gemma3_27b__vs__random_uniform__seed101,Gemma-3-27B,Random,101,29,0.0,9.215520833333326,182.92437499999997
gemma3_27b__vs__random_uniform__seed101,Gemma-3-27B,Random,101,30,0.0,2.283098958333331,185.2074739583333
gemma3_27b__vs__random_uniform__seed101,Gemma-3-27B,Random,101,31,0.0,9.054739583333324,194.26221354166663
gemma3_27b__vs__random_uniform__seed101,Gemma-3-27B,Random,101,32,0.0,6.75,201.01221354166663
gemma3_27b__vs__random_uniform__seed101,Gemma-3-27B,Random,101,33,0.0,9.0,210.01221354166663
gemma3_27b__vs__random_uniform__seed101,Gemma-3-27B,Random,101,34,0.0,2.25,212.26221354166663
gemma3_27b__vs__random_uniform__seed101,Gemma-3-27B,Random,101,35,0.0,2.25,214.51221354166663
gemma3_27b__vs__random_uniform__seed101,Gemma-3-27B,Random,101,36,0.0,2.25,216.76221354166663
gemma3_27b__vs__random_uniform__seed101,Gemma-3-27B,Random,101,37,0.0,4.5,221.26221354166663
gemma3_27b__vs__random_uniform__seed101,Gemma-3-27B,Random,101,38,0.0,9.0,230.26221354166663
gemma3_27b__vs__random_uniform__seed101,Gemma-3-27B,Random,101,39,0.0,9.0,239.26221354166663
gemma3_27b__vs__random_uniform__seed101,Gemma-3-27B,Random,101,40,0.0,2.25,241.51221354166663
gemma3_27b__vs__random_uniform__seed101,Gemma-3-27B,Random,101,41,0.0,9.0,250.51221354166663
gemma3_27b__vs__random_uniform__seed101,Gemma-3-27B,Random,101,42,0.0,4.5,255.01221354166663
gemma3_27b__vs__random_uniform__seed101,Gemma-3-27B,Random,101,43,0.0,0.0,255.01221354166663
gemma3_27b__vs__random_uniform__seed101,Gemma-3-27B,Random,101,44,0.0,4.5,259.5122135416666
gemma3_27b__vs__random_uniform__seed101,Gemma-3-27B,Random,101,45,0.0,6.75,266.2622135416666
gemma3_27b__vs__random_uniform__seed101,Gemma-3-27B,Random,101,46,0.0,4.5,270.7622135416666
gemma3_27b__vs__random_uniform__seed101,Gemma-3-27B,Random,101,47,0.0,6.75,277.5122135416666
gemma3_27b__vs__random_uniform__seed101,Gemma-3-27B,Random,101,48,0.0,6.75,284.2622135416666
gemma3_27b__vs__random_uniform__seed101,Gemma-3-27B,Random,101,49,0.0,2.25,286.5122135416666
gemma3_27b__vs__random_uniform__seed101,Gemma-3-27B,Random,101,50,0.0,2.25,288.7622135416666
gemma3_27b__vs__random_uniform__seed102,Gemma-3-27B,Random,102,1,0.0,9.0,9.0
gemma3_27b__vs__random_uniform__seed102,Gemma-3-27B,Random,102,2,0.0,8.954062500000001,17.9540625
gemma3_27b__vs__random_uniform__seed102,Gemma-3-27B,Random,102,3,0.0,8.908125000000002,26.8621875
gemma3_27b__vs__random_uniform__seed102,Gemma-3-27B,Random,102,4,0.0,5.908125000000001,32.7703125
gemma3_27b__vs__random_uniform__seed102,Gemma-3-27B,Random,102,5,0.0,8.816250000000002,41.58656250000001
gemma3_27b__vs__random_uniform__seed102,Gemma-3-27B,Random,102,6,0.0,8.770312500000003,50.35687500000001
gemma3_27b__vs__random_uniform__seed102,Gemma-3-27B,Random,102,7,0.0,11.632500000000004,61.98937500000001
gemma3_27b__vs__random_uniform__seed102,Gemma-3-27B,Random,102,8,0.0,11.577500000000004,73.56687500000001
gemma3_27b__vs__random_uniform__seed102,Gemma-3-27B,Random,102,9,0.0,0.0,73.56687500000001
gemma3_27b__vs__random_uniform__seed102,Gemma-3-27B,Random,102,10,0.0,0.0,73.56687500000001
gemma3_27b__vs__random_uniform__seed102,Gemma-3-27B,Random,102,11,0.0,11.377343750000003,84.94421875000002
gemma3_27b__vs__random_uniform__seed102,Gemma-3-27B,Random,102,12,0.0,8.474765625000002,93.41898437500002
gemma3_27b__vs__random_uniform__seed102,Gemma-3-27B,Random,102,13,0.0,8.416523437500002,101.83550781250003
gemma3_27b__vs__random_uniform__seed102,Gemma-3-27B,Random,102,14,0.0,2.7860937500000005,104.62160156250003
gemma3_27b__vs__random_uniform__seed102,Gemma-3-27B,Random,102,15,0.0,0.0,104.62160156250003
gemma3_27b__vs__random_uniform__seed102,Gemma-3-27B,Random,102,16,0.0,8.208984375000002,112.83058593750003
gemma3_27b__vs__random_uniform__seed102,Gemma-3-27B,Random,102,17,0.0,0.0,112.83058593750003
gemma3_27b__vs__random_uniform__seed102,Gemma-3-27B,Random,102,18,0.0,2.6783593750000008,115.50894531250003
gemma3_27b__vs__random_uniform__seed102,Gemma-3-27B,Random,102,19,0.0,0.0,115.50894531250003
gemma3_27b__vs__random_uniform__seed102,Gemma-3-27B,Random,102,20,0.0,7.852968750000001,123.36191406250003
gemma3_27b__vs__random_uniform__seed102,Gemma-3-27B,Random,102,21,0.0,7.753710937500001,131.11562500000002
gemma3_27b__vs__random_uniform__seed102,Gemma-3-27B,Random,102,22,0.0,5.1029687500000005,136.21859375000003
gemma3_27b__vs__random_uniform__seed102,Gemma-3-27B,Random,102,23,0.0,0.0,136.21859375000003
gemma3_27b__vs__random_uniform__seed102,Gemma-3-27B,Random,102,24,0.0,2.488046875,138.70664062500003
gemma3_27b__vs__random_uniform__seed102,Gemma-3-27B,Random,102,25,0.0,9.814375,148.52101562500005
gemma3_27b__vs__random_uniform__seed102,Gemma-3-27B,Random,102,26,0.0,0.0,148.52101562500005
gemma3_27b__vs__random_uniform__seed102,Gemma-3-27B,Random,102,27,0.0,7.182773437500001,155.70378906250005
gemma3_27b__vs__random_uniform__seed102,Gemma-3-27B,Random,102,28,0.0,2.3680078125,158.07179687500005
gemma3_27b__vs__random_uniform__seed102,Gemma-3-27B,Random,102,29,0.0,2.3390234375000003,160.41082031250005
gemma3_27b__vs__random_uniform__seed102,Gemma-3-27B,Random,102,30,0.0,2.3073046875000003,162.71812500000004
gemma3_27b__vs__random_uniform__seed102,Gemma-3-27B,Random,102,31,0.0,6.8226562500000005,169.54078125000004
gemma3_27b__vs__random_uniform__seed102,Gemma-3-27B,Random,102,32,0.0,2.25,171.79078125000004
gemma3_27b__vs__random_uniform__seed102,Gemma-3-27B,Random,102,33,0.0,0.0,171.79078125000004
gemma3_27b__vs__random_uniform__seed102,Gemma-3-27B,Random,102,34,0.0,6.75,178.54078125000004
gemma3_27b__vs__random_uniform__seed102,Gemma-3-27B,Random,102,35,0.0,9.0,187.54078125000004
gemma3_27b__vs__random_uniform__seed102,Gemma-3-27B,Random,102,36,0.0,6.75,194.29078125000004
gemma3_27b__vs__random_uniform__seed102,Gemma-3-27B,Random,102,37,0.0,0.0,194.29078125000004
gemma3_27b__vs__random_uniform__seed102,Gemma-3-27B,Random,102,38,0.0,4.5,198.79078125000004
gemma3_27b__vs__random_uniform__seed102,Gemma-3-27B,Random,102,39,0.0,9.0,207.79078125000004
gemma3_27b__vs__random_uniform__seed102,Gemma-3-27B,Random,102,40,0.0,0.0,207.79078125000004
gemma3_27b__vs__random_uniform__seed102,Gemma-3-27B,Random,102,41,0.0,0.0,207.79078125000004
gemma3_27b__vs__random_uniform__seed102,Gemma-3-27B,Random,102,42,0.0,2.25,210.04078125000004
gemma3_27b__vs__random_uniform__seed102,Gemma-3-27B,Random,102,43,0.0,0.0,210.04078125000004
gemma3_27b__vs__random_uniform__seed102,Gemma-3-27B,Random,102,44,0.0,9.0,219.04078125000004
gemma3_27b__vs__random_uniform__seed102,Gemma-3-27B,Random,102,45,0.0,9.0,228.04078125000004
gemma3_27b__vs__random_uniform__seed102,Gemma-3-27B,Random,102,46,0.0,0.0,228.04078125000004
gemma3_27b__vs__random_uniform__seed102,Gemma-3-27B,Random,102,47,0.0,2.25,230.29078125000004
gemma3_27b__vs__random_uniform__seed102,Gemma-3-27B,Random,102,48,0.0,0.0,230.29078125000004
gemma3_27b__vs__random_uniform__seed102,Gemma-3-27B,Random,102,49,0.0,4.5,234.79078125000004
gemma3_27b__vs__random_uniform__seed102,Gemma-3-27B,Random,102,50,0.0,4.5,239.29078125000004
gemma3_27b__vs__random_uniform__seed103,Gemma-3-27B,Random,103,1,0.0,12.0,12.0
gemma3_27b__vs__random_uniform__seed103,Gemma-3-27B,Random,103,2,0.0,0.0,12.0
gemma3_27b__vs__random_uniform__seed103,Gemma-3-27B,Random,103,3,0.0,0.0,12.0
gemma3_27b__vs__random_uniform__seed103,Gemma-3-27B,Random,103,4,0.0,5.871666666666666,17.871666666666666
gemma3_27b__vs__random_uniform__seed103,Gemma-3-27B,Random,103,5,0.0,11.616458333333332,29.488124999999997
gemma3_27b__vs__random_uniform__seed103,Gemma-3-27B,Random,103,6,0.0,0.0,29.488124999999997
gemma3_27b__vs__random_uniform__seed103,Gemma-3-27B,Random,103,7,0.0,8.54390625,38.032031249999996
gemma3_27b__vs__random_uniform__seed103,Gemma-3-27B,Random,103,8,0.0,11.280624999999999,49.312656249999996
gemma3_27b__vs__random_uniform__seed103,Gemma-3-27B,Random,103,9,0.0,5.944461390150068,55.257117640150064
gemma3_27b__vs__random_uniform__seed103,Gemma-3-27B,Random,103,10,0.0,11.114374999999999,66.37149264015007
gemma3_27b__vs__random_uniform__seed103,Gemma-3-27B,Random,103,11,0.0,8.285742187499999,74.65723482765006
gemma3_27b__vs__random_uniform__seed103,Gemma-3-27B,Random,103,12,0.0,2.7493359374999997,77.40657076515006
gemma3_27b__vs__random_uniform__seed103,Gemma-3-27B,Random,103,13,0.0,8.206171874999999,85.61274264015006
gemma3_27b__vs__random_uniform__seed103,Gemma-3-27B,Random,103,14,0.0,8.160234374999998,93.77297701515006
gemma3_27b__vs__random_uniform__seed103,Gemma-3-27B,Random,103,15,0.0,2.7088671874999997,96.48184420265007
gemma3_27b__vs__random_uniform__seed103,Gemma-3-27B,Random,103,16,0.0,8.084765625,104.56660982765007
gemma3_27b__vs__random_uniform__seed103,Gemma-3-27B,Random,103,17,0.0,10.696562499999997,115.26317232765007
gemma3_27b__vs__random_uniform__seed103,Gemma-3-27B,Random,103,18,0.0,0.0,115.26317232765007
gemma3_27b__vs__random_uniform__seed103,Gemma-3-27B,Random,103,19,0.0,5.265156249999999,120.52832857765007
gemma3_27b__vs__random_uniform__seed103,Gemma-3-27B,Random,103,20,0.0,2.6076953124999993,123.13602389015007
gemma3_27b__vs__random_uniform__seed103,Gemma-3-27B,Random,103,21,0.0,5.165624999999999,128.30164889015006
gemma3_27b__vs__random_uniform__seed103,Gemma-3-27B,Random,103,22,0.0,2.717452666763186,131.01910155691326
gemma3_27b__vs__random_uniform__seed103,Gemma-3-27B,Random,103,23,0.0,7.607343749999998,138.62644530691324
gemma3_27b__vs__random_uniform__seed103,Gemma-3-27B,Random,103,24,0.0,5.027265624999999,143.65371093191325
gemma3_27b__vs__random_uniform__seed103,Gemma-3-27B,Random,103,25,0.0,2.4901171874999997,146.14382811941326
gemma3_27b__vs__random_uniform__seed103,Gemma-3-27B,Random,103,26,0.0,0.0,146.14382811941326
gemma3_27b__vs__random_uniform__seed103,Gemma-3-27B,Random,103,27,0.0,9.739531249999997,155.88335936941326
gemma3_27b__vs__random_uniform__seed103,Gemma-3-27B,Random,103,28,0.0,0.0,155.88335936941326
gemma3_27b__vs__random_uniform__seed103,Gemma-3-27B,Random,103,29,0.0,0.0,155.88335936941326
gemma3_27b__vs__random_uniform__seed103,Gemma-3-27B,Random,103,30,0.0,4.704062499999998,160.58742186941325
gemma3_27b__vs__random_uniform__seed103,Gemma-3-27B,Random,103,31,0.0,0.0,160.58742186941325
gemma3_27b__vs__random_uniform__seed103,Gemma-3-27B,Random,103,32,0.0,4.574453124999998,165.16187499441324
gemma3_27b__vs__random_uniform__seed103,Gemma-3-27B,Random,103,33,0.0,4.505546874999998,169.66742186941323
gemma3_27b__vs__random_uniform__seed103,Gemma-3-27B,Random,103,34,0.0,2.25,171.91742186941323
gemma3_27b__vs__random_uniform__seed103,Gemma-3-27B,Random,103,35,0.0,4.5,176.41742186941323
gemma3_27b__vs__random_uniform__seed103,Gemma-3-27B,Random,103,36,0.0,4.5,180.91742186941323
gemma3_27b__vs__random_uniform__seed103,Gemma-3-27B,Random,103,37,0.0,0.0,180.91742186941323
gemma3_27b__vs__random_uniform__seed103,Gemma-3-27B,Random,103,38,0.0,2.25,183.16742186941323
gemma3_27b__vs__random_uniform__seed103,Gemma-3-27B,Random,103,39,0.0,0.0,183.16742186941323
gemma3_27b__vs__random_uniform__seed103,Gemma-3-27B,Random,103,40,0.0,9.0,192.16742186941323
gemma3_27b__vs__random_uniform__seed103,Gemma-3-27B,Random,103,41,0.0,0.0,192.16742186941323
gemma3_27b__vs__random_uniform__seed103,Gemma-3-27B,Random,103,42,0.0,4.5,196.66742186941323
gemma3_27b__vs__random_uniform__seed103,Gemma-3-27B,Random,103,43,0.0,6.75,203.41742186941323
gemma3_27b__vs__random_uniform__seed103,Gemma-3-27B,Random,103,44,0.0,0.0,203.41742186941323
gemma3_27b__vs__random_uniform__seed103,Gemma-3-27B,Random,103,45,0.0,9.0,212.41742186941323
gemma3_27b__vs__random_uniform__seed103,Gemma-3-27B,Random,103,46,0.0,7.163300242806258,219.5807221122195
gemma3_27b__vs__random_uniform__seed103,Gemma-3-27B,Random,103,47,0.0,4.5,224.0807221122195
gemma3_27b__vs__random_uniform__seed103,Gemma-3-27B,Random,103,48,0.0,0.0,224.0807221122195
gemma3_27b__vs__random_uniform__seed103,Gemma-3-27B,Random,103,49,0.0,2.25,226.3307221122195
gemma3_27b__vs__random_uniform__seed103,Gemma-3-27B,Random,103,50,0.0,9.0,235.3307221122195
gemma3_27b__vs__random_uniform__seed104,Gemma-3-27B,Random,104,1,0.0,9.0,9.0
gemma3_27b__vs__random_uniform__seed104,Gemma-3-27B,Random,104,2,0.0,8.954062500000001,17.9540625
gemma3_27b__vs__random_uniform__seed104,Gemma-3-27B,Random,104,3,0.0,11.855625,29.8096875
gemma3_27b__vs__random_uniform__seed104,Gemma-3-27B,Random,104,4,0.0,2.9413020833333334,32.750989583333336
gemma3_27b__vs__random_uniform__seed104,Gemma-3-27B,Random,104,5,0.0,11.660208333333333,44.411197916666666
gemma3_27b__vs__random_uniform__seed104,Gemma-3-27B,Random,104,6,0.0,8.67953125,53.09072916666666
gemma3_27b__vs__random_uniform__seed104,Gemma-3-27B,Random,104,7,0.0,8.6171875,61.70791666666666
gemma3_27b__vs__random_uniform__seed104,Gemma-3-27B,Random,104,8,0.0,11.409583333333332,73.11749999999999
gemma3_27b__vs__random_uniform__seed104,Gemma-3-27B,Random,104,9,0.0,2.834348958333333,75.95184895833333
gemma3_27b__vs__random_uniform__seed104,Gemma-3-27B,Random,104,10,0.0,0.0,75.95184895833333
gemma3_27b__vs__random_uniform__seed104,Gemma-3-27B,Random,104,11,0.0,0.0,75.95184895833333
gemma3_27b__vs__random_uniform__seed104,Gemma-3-27B,Random,104,12,0.0,8.299609375,84.25145833333333
gemma3_27b__vs__random_uniform__seed104,Gemma-3-27B,Random,104,13,0.0,0.0,84.25145833333333
gemma3_27b__vs__random_uniform__seed104,Gemma-3-27B,Random,104,14,0.0,0.0,84.25145833333333
gemma3_27b__vs__random_uniform__seed104,Gemma-3-27B,Random,104,15,0.0,0.0,84.25145833333333
gemma3_27b__vs__random_uniform__seed104,Gemma-3-27B,Random,104,16,0.0,7.947695312499999,92.19915364583333
gemma3_27b__vs__random_uniform__seed104,Gemma-3-27B,Random,104,17,0.0,5.224088541666666,97.4232421875
gemma3_27b__vs__random_uniform__seed104,Gemma-3-27B,Random,104,18,0.0,7.728671875,105.1519140625
gemma3_27b__vs__random_uniform__seed104,Gemma-3-27B,Random,104,19,0.0,7.633515624999999,112.7854296875
gemma3_27b__vs__random_uniform__seed104,Gemma-3-27B,Random,104,20,0.0,10.067552083333332,122.85298177083334
gemma3_27b__vs__random_uniform__seed104,Gemma-3-27B,Random,104,21,0.0,7.471914062499999,130.32489583333333
gemma3_27b__vs__random_uniform__seed104,Gemma-3-27B,Random,104,22,0.0,0.0,130.32489583333333
gemma3_27b__vs__random_uniform__seed104,Gemma-3-27B,Random,104,23,0.0,4.898151041666666,135.223046875
gemma3_27b__vs__random_uniform__seed104,Gemma-3-27B,Random,104,24,0.0,2.432395833333333,137.65544270833334
gemma3_27b__vs__random_uniform__seed104,Gemma-3-27B,Random,104,25,0.0,9.651927083333332,147.30736979166667
gemma3_27b__vs__random_uniform__seed104,Gemma-3-27B,Random,104,26,0.0,0.0,147.30736979166667
gemma3_27b__vs__random_uniform__seed104,Gemma-3-27B,Random,104,27,0.0,4.764713541666666,152.07208333333335
gemma3_27b__vs__random_uniform__seed104,Gemma-3-27B,Random,104,28,0.0,2.3629427083333328,154.43502604166667
gemma3_27b__vs__random_uniform__seed104,Gemma-3-27B,Random,104,29,0.0,9.357708333333331,163.792734375
gemma3_27b__vs__random_uniform__seed104,Gemma-3-27B,Random,104,30,0.0,2.315911458333333,166.10864583333336
gemma3_27b__vs__random_uniform__seed104,Gemma-3-27B,Random,104,31,0.0,6.873085937499999,172.98173177083336
gemma3_27b__vs__random_uniform__seed104,Gemma-3-27B,Random,104,32,0.0,2.267513020833333,175.24924479166668
gemma3_27b__vs__random_uniform__seed104,Gemma-3-27B,Random,104,33,0.0,6.75,181.99924479166668
gemma3_27b__vs__random_uniform__seed104,Gemma-3-27B,Random,104,34,0.0,2.25,184.24924479166668
gemma3_27b__vs__random_uniform__seed104,Gemma-3-27B,Random,104,35,0.0,6.75,190.99924479166668
gemma3_27b__vs__random_uniform__seed104,Gemma-3-27B,Random,104,36,0.0,0.0,190.99924479166668
gemma3_27b__vs__random_uniform__seed104,Gemma-3-27B,Random,104,37,0.0,4.5,195.49924479166668
gemma3_27b__vs__random_uniform__seed104,Gemma-3-27B,Random,104,38,0.0,0.0,195.49924479166668
gemma3_27b__vs__random_uniform__seed104,Gemma-3-27B,Random,104,39,0.0,2.25,197.74924479166668
gemma3_27b__vs__random_uniform__seed104,Gemma-3-27B,Random,104,40,0.0,2.25,199.99924479166668
gemma3_27b__vs__random_uniform__seed104,Gemma-3-27B,Random,104,41,0.0,2.25,202.24924479166668
gemma3_27b__vs__random_uniform__seed104,Gemma-3-27B,Random,104,42,0.0,2.25,204.49924479166668
gemma3_27b__vs__random_uniform__seed104,Gemma-3-27B,Random,104,43,0.0,0.0,204.49924479166668
gemma3_27b__vs__random_uniform__seed104,Gemma-3-27B,Random,104,44,0.0,0.0,204.49924479166668
gemma3_27b__vs__random_uniform__seed104,Gemma-3-27B,Random,104,45,0.0,0.0,204.49924479166668
gemma3_27b__vs__random_uniform__seed104,Gemma-3-27B,Random,104,46,0.0,9.0,213.49924479166668
gemma3_27b__vs__random_uniform__seed104,Gemma-3-27B,Random,104,47,0.0,2.25,215.74924479166668
gemma3_27b__vs__random_uniform__seed104,Gemma-3-27B,Random,104,48,0.0,4.5,220.24924479166668
gemma3_27b__vs__random_uniform__seed104,Gemma-3-27B,Random,104,49,0.0,0.0,220.24924479166668
gemma3_27b__vs__random_uniform__seed104,Gemma-3-27B,Random,104,50,0.0,6.75,226.99924479166668
gemma3_27b__vs__random_uniform__seed105,Gemma-3-27B,Random,105,1,0.0,3.0,3.0
gemma3_27b__vs__random_uniform__seed105,Gemma-3-27B,Random,105,2,0.0,2.9628125,5.9628125
gemma3_27b__vs__random_uniform__seed105,Gemma-3-27B,Random,105,3,0.0,0.0,5.9628125
gemma3_27b__vs__random_uniform__seed105,Gemma-3-27B,Random,105,4,0.0,11.539166666666667,17.501979166666665
gemma3_27b__vs__random_uniform__seed105,Gemma-3-27B,Random,105,5,0.0,0.0,17.501979166666665
gemma3_27b__vs__random_uniform__seed105,Gemma-3-27B,Random,105,6,0.0,11.272291666666666,28.774270833333333
gemma3_27b__vs__random_uniform__seed105,Gemma-3-27B,Random,105,7,0.0,2.7881770833333333,31.562447916666667
gemma3_27b__vs__random_uniform__seed105,Gemma-3-27B,Random,105,8,0.0,8.27171875,39.83416666666667
gemma3_27b__vs__random_uniform__seed105,Gemma-3-27B,Random,105,9,0.0,5.456510416666667,45.290677083333335
gemma3_27b__vs__random_uniform__seed105,Gemma-3-27B,Random,105,10,0.0,5.401276041666667,50.691953125000005
gemma3_27b__vs__random_uniform__seed105,Gemma-3-27B,Random,105,11,0.0,5.3487760416666665,56.04072916666667
gemma3_27b__vs__random_uniform__seed105,Gemma-3-27B,Random,105,12,0.0,10.603489583333333,66.64421875000001
gemma3_27b__vs__random_uniform__seed105,Gemma-3-27B,Random,105,13,0.0,2.6273567708333334,69.27157552083334
gemma3_27b__vs__random_uniform__seed105,Gemma-3-27B,Random,105,14,0.0,5.210416666666667,74.4819921875
gemma3_27b__vs__random_uniform__seed105,Gemma-3-27B,Random,105,15,0.0,5.160651041666667,79.64264322916667
gemma3_27b__vs__random_uniform__seed105,Gemma-3-27B,Random,105,16,0.0,5.113619791666667,84.75626302083333
gemma3_27b__vs__random_uniform__seed105,Gemma-3-27B,Random,105,17,0.0,5.063854166666667,89.8201171875
gemma3_27b__vs__random_uniform__seed105,Gemma-3-27B,Random,105,18,0.0,7.521132812500001,97.34125
gemma3_27b__vs__random_uniform__seed105,Gemma-3-27B,Random,105,19,0.0,0.0,97.34125
gemma3_27b__vs__random_uniform__seed105,Gemma-3-27B,Random,105,20,0.0,4.914557291666667,102.25580729166667
gemma3_27b__vs__random_uniform__seed105,Gemma-3-27B,Random,105,21,0.0,0.0,102.25580729166667
gemma3_27b__vs__random_uniform__seed105,Gemma-3-27B,Random,105,22,0.0,4.795885416666668,107.05169270833333
gemma3_27b__vs__random_uniform__seed105,Gemma-3-27B,Random,105,23,0.0,9.470364583333335,116.52205729166667
gemma3_27b__vs__random_uniform__seed105,Gemma-3-27B,Random,105,24,0.0,0.0,116.52205729166667
gemma3_27b__vs__random_uniform__seed105,Gemma-3-27B,Random,105,25,0.0,0.0,116.52205729166667
gemma3_27b__vs__random_uniform__seed105,Gemma-3-27B,Random,105,26,0.0,2.2765364583333336,118.79859375000001
gemma3_27b__vs__random_uniform__seed105,Gemma-3-27B,Random,105,27,0.0,4.5,123.29859375000001
gemma3_27b__vs__random_uniform__seed105,Gemma-3-27B,Random,105,28,0.0,4.5,127.79859375000001
gemma3_27b__vs__random_uniform__seed105,Gemma-3-27B,Random,105,29,0.0,6.75,134.54859375
gemma3_27b__vs__random_uniform__seed105,Gemma-3-27B,Random,105,30,0.0,2.25,136.79859375
gemma3_27b__vs__random_uniform__seed105,Gemma-3-27B,Random,105,31,0.0,2.25,139.04859375
gemma3_27b__vs__random_uniform__seed105,Gemma-3-27B,Random,105,32,0.0,4.5,143.54859375
gemma3_27b__vs__random_uniform__seed105,Gemma-3-27B,Random,105,33,0.0,2.25,145.79859375
gemma3_27b__vs__random_uniform__seed105,Gemma-3-27B,Random,105,34,0.0,6.75,152.54859375
gemma3_27b__vs__random_uniform__seed105,Gemma-3-27B,Random,105,35,0.0,6.75,159.29859375
gemma3_27b__vs__random_uniform__seed105,Gemma-3-27B,Random,105,36,0.0,6.75,166.04859375
gemma3_27b__vs__random_uniform__seed105,Gemma-3-27B,Random,105,37,0.0,6.75,172.79859375
gemma3_27b__vs__random_uniform__seed105,Gemma-3-27B,Random,105,38,0.0,9.0,181.79859375
gemma3_27b__vs__random_uniform__seed105,Gemma-3-27B,Random,105,39,0.0,0.0,181.79859375
gemma3_27b__vs__random_uniform__seed105,Gemma-3-27B,Random,105,40,0.0,4.5,186.29859375
gemma3_27b__vs__random_uniform__seed105,Gemma-3-27B,Random,105,41,0.0,6.75,193.04859375
gemma3_27b__vs__random_uniform__seed105,Gemma-3-27B,Random,105,42,0.0,2.25,195.29859375
gemma3_27b__vs__random_uniform__seed105,Gemma-3-27B,Random,105,43,0.0,6.75,202.04859375
gemma3_27b__vs__random_uniform__seed105,Gemma-3-27B,Random,105,44,0.0,4.5,206.54859375
gemma3_27b__vs__random_uniform__seed105,Gemma-3-27B,Random,105,45,0.0,2.25,208.79859375
gemma3_27b__vs__random_uniform__seed105,Gemma-3-27B,Random,105,46,0.0,4.5,213.29859375
gemma3_27b__vs__random_uniform__seed105,Gemma-3-27B,Random,105,47,0.0,2.25,215.54859375
gemma3_27b__vs__random_uniform__seed105,Gemma-3-27B,Random,105,48,0.0,0.0,215.54859375
gemma3_27b__vs__random_uniform__seed105,Gemma-3-27B,Random,105,49,0.0,0.0,215.54859375
gemma3_27b__vs__random_uniform__seed105,Gemma-3-27B,Random,105,50,0.0,6.75,222.29859375
gemma3_27b__vs__wsls__seed101,Gemma-3-27B,WSLS,101,1,0.0,12.0,12.0
gemma3_27b__vs__wsls__seed101,Gemma-3-27B,WSLS,101,2,0.0,8.986875,20.986874999999998
gemma3_27b__vs__wsls__seed101,Gemma-3-27B,WSLS,101,3,0.0,5.9715625,26.9584375
gemma3_27b__vs__wsls__seed101,Gemma-3-27B,WSLS,101,4,0.0,2.97046875,29.928906249999997
gemma3_27b__vs__wsls__seed101,Gemma-3-27B,WSLS,101,5,0.0,0.0,29.928906249999997
gemma3_27b__vs__wsls__seed101,Gemma-3-27B,WSLS,101,6,0.0,0.0,29.928906249999997
gemma3_27b__vs__wsls__seed101,Gemma-3-27B,WSLS,101,7,0.0,0.0,29.928906249999997
gemma3_27b__vs__wsls__seed101,Gemma-3-27B,WSLS,101,8,0.0,0.0,29.928906249999997
gemma3_27b__vs__wsls__seed101,Gemma-3-27B,WSLS,101,9,0.0,0.0,29.928906249999997
gemma3_27b__vs__wsls__seed101,Gemma-3-27B,WSLS,101,10,0.0,0.0,29.928906249999997
gemma3_27b__vs__wsls__seed101,Gemma-3-27B,WSLS,101,11,0.0,0.0,29.928906249999997
gemma3_27b__vs__wsls__seed101,Gemma-3-27B,WSLS,101,12,0.0,0.0,29.928906249999997
gemma3_27b__vs__wsls__seed101,Gemma-3-27B,WSLS,101,13,0.0,0.0,29.928906249999997
gemma3_27b__vs__wsls__seed101,Gemma-3-27B,WSLS,101,14,0.0,0.0,29.928906249999997
gemma3_27b__vs__wsls__seed101,Gemma-3-27B,WSLS,101,15,0.0,0.0,29.928906249999997
gemma3_27b__vs__wsls__seed101,Gemma-3-27B,WSLS,101,16,0.0,0.0,29.928906249999997
gemma3_27b__vs__wsls__seed101,Gemma-3-27B,WSLS,101,17,0.0,0.0,29.928906249999997
gemma3_27b__vs__wsls__seed101,Gemma-3-27B,WSLS,101,18,0.0,0.0,29.928906249999997
gemma3_27b__vs__wsls__seed101,Gemma-3-27B,WSLS,101,19,0.0,0.0,29.928906249999997
gemma3_27b__vs__wsls__seed101,Gemma-3-27B,WSLS,101,20,0.0,0.0,29.928906249999997
gemma3_27b__vs__wsls__seed101,Gemma-3-27B,WSLS,101,21,0.0,0.0,29.928906249999997
gemma3_27b__vs__wsls__seed101,Gemma-3-27B,WSLS,101,22,0.0,0.0,29.928906249999997
gemma3_27b__vs__wsls__seed101,Gemma-3-27B,WSLS,101,23,0.0,0.0,29.928906249999997
gemma3_27b__vs__wsls__seed101,Gemma-3-27B,WSLS,101,24,0.0,0.0,29.928906249999997
gemma3_27b__vs__wsls__seed101,Gemma-3-27B,WSLS,101,25,0.0,0.0,29.928906249999997
gemma3_27b__vs__wsls__seed101,Gemma-3-27B,WSLS,101,26,0.0,0.0,29.928906249999997
gemma3_27b__vs__wsls__seed101,Gemma-3-27B,WSLS,101,27,0.0,0.0,29.928906249999997
gemma3_27b__vs__wsls__seed101,Gemma-3-27B,WSLS,101,28,0.0,0.0,29.928906249999997
gemma3_27b__vs__wsls__seed101,Gemma-3-27B,WSLS,101,29,0.0,0.0,29.928906249999997
gemma3_27b__vs__wsls__seed101,Gemma-3-27B,WSLS,101,30,0.0,0.0,29.928906249999997
gemma3_27b__vs__wsls__seed101,Gemma-3-27B,WSLS,101,31,0.0,0.0,29.928906249999997
gemma3_27b__vs__wsls__seed101,Gemma-3-27B,WSLS,101,32,0.0,0.0,29.928906249999997
gemma3_27b__vs__wsls__seed101,Gemma-3-27B,WSLS,101,33,0.0,0.0,29.928906249999997
gemma3_27b__vs__wsls__seed101,Gemma-3-27B,WSLS,101,34,0.0,0.0,29.928906249999997
gemma3_27b__vs__wsls__seed101,Gemma-3-27B,WSLS,101,35,0.0,0.0,29.928906249999997
gemma3_27b__vs__wsls__seed101,Gemma-3-27B,WSLS,101,36,0.0,0.0,29.928906249999997
gemma3_27b__vs__wsls__seed101,Gemma-3-27B,WSLS,101,37,0.0,0.0,29.928906249999997
gemma3_27b__vs__wsls__seed101,Gemma-3-27B,WSLS,101,38,0.0,0.0,29.928906249999997
gemma3_27b__vs__wsls__seed101,Gemma-3-27B,WSLS,101,39,0.0,0.0,29.928906249999997
gemma3_27b__vs__wsls__seed101,Gemma-3-27B,WSLS,101,40,0.0,0.0,29.928906249999997
gemma3_27b__vs__wsls__seed101,Gemma-3-27B,WSLS,101,41,0.0,0.0,29.928906249999997
gemma3_27b__vs__wsls__seed101,Gemma-3-27B,WSLS,101,42,0.0,0.0,29.928906249999997
gemma3_27b__vs__wsls__seed101,Gemma-3-27B,WSLS,101,43,0.0,0.0,29.928906249999997
gemma3_27b__vs__wsls__seed101,Gemma-3-27B,WSLS,101,44,0.0,0.0,29.928906249999997
gemma3_27b__vs__wsls__seed101,Gemma-3-27B,WSLS,101,45,0.0,0.0,29.928906249999997
gemma3_27b__vs__wsls__seed101,Gemma-3-27B,WSLS,101,46,0.0,0.0,29.928906249999997
gemma3_27b__vs__wsls__seed101,Gemma-3-27B,WSLS,101,47,0.0,0.0,29.928906249999997
gemma3_27b__vs__wsls__seed101,Gemma-3-27B,WSLS,101,48,0.0,0.0,29.928906249999997
gemma3_27b__vs__wsls__seed101,Gemma-3-27B,WSLS,101,49,0.0,0.0,29.928906249999997
gemma3_27b__vs__wsls__seed101,Gemma-3-27B,WSLS,101,50,0.0,0.0,29.928906249999997
gemma3_27b__vs__wsls__seed102,Gemma-3-27B,WSLS,102,1,0.0,12.0,12.0
gemma3_27b__vs__wsls__seed102,Gemma-3-27B,WSLS,102,2,0.0,8.986875,20.986874999999998
gemma3_27b__vs__wsls__seed102,Gemma-3-27B,WSLS,102,3,0.0,5.9715625,26.9584375
gemma3_27b__vs__wsls__seed102,Gemma-3-27B,WSLS,102,4,0.0,2.97046875,29.928906249999997
gemma3_27b__vs__wsls__seed102,Gemma-3-27B,WSLS,102,5,0.0,5.910312500000001,35.83921875
gemma3_27b__vs__wsls__seed102,Gemma-3-27B,WSLS,102,6,0.0,2.9376562500000003,38.776875000000004
gemma3_27b__vs__wsls__seed102,Gemma-3-27B,WSLS,102,7,0.0,0.0,38.776875000000004
gemma3_27b__vs__wsls__seed102,Gemma-3-27B,WSLS,102,8,0.0,0.0,38.776875000000004
gemma3_27b__vs__wsls__seed102,Gemma-3-27B,WSLS,102,9,0.0,0.0,38.776875000000004
gemma3_27b__vs__wsls__seed102,Gemma-3-27B,WSLS,102,10,0.0,0.0,38.776875000000004
gemma3_27b__vs__wsls__seed102,Gemma-3-27B,WSLS,102,11,0.0,0.0,38.776875000000004
gemma3_27b__vs__wsls__seed102,Gemma-3-27B,WSLS,102,12,0.0,0.0,38.776875000000004
gemma3_27b__vs__wsls__seed102,Gemma-3-27B,WSLS,102,13,0.0,0.0,38.776875000000004
gemma3_27b__vs__wsls__seed102,Gemma-3-27B,WSLS,102,14,0.0,0.0,38.776875000000004
gemma3_27b__vs__wsls__seed102,Gemma-3-27B,WSLS,102,15,0.0,0.0,38.776875000000004
gemma3_27b__vs__wsls__seed102,Gemma-3-27B,WSLS,102,16,0.0,0.0,38.776875000000004
gemma3_27b__vs__wsls__seed102,Gemma-3-27B,WSLS,102,17,0.0,0.0,38.776875000000004
gemma3_27b__vs__wsls__seed102,Gemma-3-27B,WSLS,102,18,0.0,0.0,38.776875000000004
gemma3_27b__vs__wsls__seed102,Gemma-3-27B,WSLS,102,19,0.0,0.0,38.776875000000004
gemma3_27b__vs__wsls__seed102,Gemma-3-27B,WSLS,102,20,0.0,0.0,38.776875000000004
gemma3_27b__vs__wsls__seed102,Gemma-3-27B,WSLS,102,21,0.0,0.0,38.776875000000004
gemma3_27b__vs__wsls__seed102,Gemma-3-27B,WSLS,102,22,0.0,0.0,38.776875000000004
gemma3_27b__vs__wsls__seed102,Gemma-3-27B,WSLS,102,23,0.0,0.0,38.776875000000004
gemma3_27b__vs__wsls__seed102,Gemma-3-27B,WSLS,102,24,0.0,0.0,38.776875000000004
gemma3_27b__vs__wsls__seed102,Gemma-3-27B,WSLS,102,25,0.0,0.0,38.776875000000004
gemma3_27b__vs__wsls__seed102,Gemma-3-27B,WSLS,102,26,0.0,0.0,38.776875000000004
gemma3_27b__vs__wsls__seed102,Gemma-3-27B,WSLS,102,27,0.0,0.0,38.776875000000004
gemma3_27b__vs__wsls__seed102,Gemma-3-27B,WSLS,102,28,0.0,0.0,38.776875000000004
gemma3_27b__vs__wsls__seed102,Gemma-3-27B,WSLS,102,29,0.0,0.0,38.776875000000004
gemma3_27b__vs__wsls__seed102,Gemma-3-27B,WSLS,102,30,0.0,0.0,38.776875000000004
gemma3_27b__vs__wsls__seed102,Gemma-3-27B,WSLS,102,31,0.0,0.0,38.776875000000004
gemma3_27b__vs__wsls__seed102,Gemma-3-27B,WSLS,102,32,0.0,0.0,38.776875000000004
gemma3_27b__vs__wsls__seed102,Gemma-3-27B,WSLS,102,33,0.0,0.0,38.776875000000004
gemma3_27b__vs__wsls__seed102,Gemma-3-27B,WSLS,102,34,0.0,0.0,38.776875000000004
gemma3_27b__vs__wsls__seed102,Gemma-3-27B,WSLS,102,35,0.0,0.0,38.776875000000004
gemma3_27b__vs__wsls__seed102,Gemma-3-27B,WSLS,102,36,0.0,0.0,38.776875000000004
gemma3_27b__vs__wsls__seed102,Gemma-3-27B,WSLS,102,37,0.0,0.0,38.776875000000004
gemma3_27b__vs__wsls__seed102,Gemma-3-27B,WSLS,102,38,0.0,0.0,38.776875000000004
gemma3_27b__vs__wsls__seed102,Gemma-3-27B,WSLS,102,39,0.0,0.0,38.776875000000004
gemma3_27b__vs__wsls__seed102,Gemma-3-27B,WSLS,102,40,0.0,0.0,38.776875000000004
gemma3_27b__vs__wsls__seed102,Gemma-3-27B,WSLS,102,41,0.0,0.0,38.776875000000004
gemma3_27b__vs__wsls__seed102,Gemma-3-27B,WSLS,102,42,0.0,0.0,38.776875000000004
gemma3_27b__vs__wsls__seed102,Gemma-3-27B,WSLS,102,43,0.0,0.0,38.776875000000004
gemma3_27b__vs__wsls__seed102,Gemma-3-27B,WSLS,102,44,0.0,0.0,38.776875000000004
gemma3_27b__vs__wsls__seed102,Gemma-3-27B,WSLS,102,45,0.0,0.0,38.776875000000004
gemma3_27b__vs__wsls__seed102,Gemma-3-27B,WSLS,102,46,0.0,0.0,38.776875000000004
gemma3_27b__vs__wsls__seed102,Gemma-3-27B,WSLS,102,47,0.0,0.0,38.776875000000004
gemma3_27b__vs__wsls__seed102,Gemma-3-27B,WSLS,102,48,0.0,0.0,38.776875000000004
gemma3_27b__vs__wsls__seed102,Gemma-3-27B,WSLS,102,49,0.0,0.0,38.776875000000004
gemma3_27b__vs__wsls__seed102,Gemma-3-27B,WSLS,102,50,0.0,0.0,38.776875000000004
gemma3_27b__vs__wsls__seed103,Gemma-3-27B,WSLS,103,1,0.0,12.0,12.0
gemma3_27b__vs__wsls__seed103,Gemma-3-27B,WSLS,103,2,0.0,8.986875,20.986874999999998
gemma3_27b__vs__wsls__seed103,Gemma-3-27B,WSLS,103,3,0.0,5.9715625,26.9584375
gemma3_27b__vs__wsls__seed103,Gemma-3-27B,WSLS,103,4,0.0,2.97046875,29.928906249999997
gemma3_27b__vs__wsls__seed103,Gemma-3-27B,WSLS,103,5,0.0,0.0,29.928906249999997
gemma3_27b__vs__wsls__seed103,Gemma-3-27B,WSLS,103,6,0.0,0.0,29.928906249999997
gemma3_27b__vs__wsls__seed103,Gemma-3-27B,WSLS,103,7,0.0,0.0,29.928906249999997
gemma3_27b__vs__wsls__seed103,Gemma-3-27B,WSLS,103,8,0.0,0.0,29.928906249999997
gemma3_27b__vs__wsls__seed103,Gemma-3-27B,WSLS,103,9,0.0,0.0,29.928906249999997
gemma3_27b__vs__wsls__seed103,Gemma-3-27B,WSLS,103,10,0.0,0.0,29.928906249999997
gemma3_27b__vs__wsls__seed103,Gemma-3-27B,WSLS,103,11,0.0,0.0,29.928906249999997
gemma3_27b__vs__wsls__seed103,Gemma-3-27B,WSLS,103,12,0.0,0.0,29.928906249999997
gemma3_27b__vs__wsls__seed103,Gemma-3-27B,WSLS,103,13,0.0,0.0,29.928906249999997
gemma3_27b__vs__wsls__seed103,Gemma-3-27B,WSLS,103,14,0.0,0.0,29.928906249999997
gemma3_27b__vs__wsls__seed103,Gemma-3-27B,WSLS,103,15,0.0,0.0,29.928906249999997
gemma3_27b__vs__wsls__seed103,Gemma-3-27B,WSLS,103,16,0.0,0.0,29.928906249999997
gemma3_27b__vs__wsls__seed103,Gemma-3-27B,WSLS,103,17,0.0,0.0,29.928906249999997
gemma3_27b__vs__wsls__seed103,Gemma-3-27B,WSLS,103,18,0.0,0.0,29.928906249999997
gemma3_27b__vs__wsls__seed103,Gemma-3-27B,WSLS,103,19,0.0,0.0,29.928906249999997
gemma3_27b__vs__wsls__seed103,Gemma-3-27B,WSLS,103,20,0.0,0.0,29.928906249999997
gemma3_27b__vs__wsls__seed103,Gemma-3-27B,WSLS,103,21,0.0,0.0,29.928906249999997
gemma3_27b__vs__wsls__seed103,Gemma-3-27B,WSLS,103,22,0.0,0.0,29.928906249999997
gemma3_27b__vs__wsls__seed103,Gemma-3-27B,WSLS,103,23,0.0,0.0,29.928906249999997
gemma3_27b__vs__wsls__seed103,Gemma-3-27B,WSLS,103,24,0.0,0.0,29.928906249999997
gemma3_27b__vs__wsls__seed103,Gemma-3-27B,WSLS,103,25,0.0,0.0,29.928906249999997
gemma3_27b__vs__wsls__seed103,Gemma-3-27B,WSLS,103,26,0.0,0.0,29.928906249999997
gemma3_27b__vs__wsls__seed103,Gemma-3-27B,WSLS,103,27,0.0,0.0,29.928906249999997
gemma3_27b__vs__wsls__seed103,Gemma-3-27B,WSLS,103,28,0.0,0.0,29.928906249999997
gemma3_27b__vs__wsls__seed103,Gemma-3-27B,WSLS,103,29,0.0,0.0,29.928906249999997
gemma3_27b__vs__wsls__seed103,Gemma-3-27B,WSLS,103,30,0.0,0.0,29.928906249999997
gemma3_27b__vs__wsls__seed103,Gemma-3-27B,WSLS,103,31,0.0,0.0,29.928906249999997
gemma3_27b__vs__wsls__seed103,Gemma-3-27B,WSLS,103,32,0.0,0.0,29.928906249999997
gemma3_27b__vs__wsls__seed103,Gemma-3-27B,WSLS,103,33,0.0,0.0,29.928906249999997
gemma3_27b__vs__wsls__seed103,Gemma-3-27B,WSLS,103,34,0.0,0.0,29.928906249999997
gemma3_27b__vs__wsls__seed103,Gemma-3-27B,WSLS,103,35,0.0,0.0,29.928906249999997
gemma3_27b__vs__wsls__seed103,Gemma-3-27B,WSLS,103,36,0.0,0.0,29.928906249999997
gemma3_27b__vs__wsls__seed103,Gemma-3-27B,WSLS,103,37,0.0,0.0,29.928906249999997
gemma3_27b__vs__wsls__seed103,Gemma-3-27B,WSLS,103,38,0.0,0.0,29.928906249999997
gemma3_27b__vs__wsls__seed103,Gemma-3-27B,WSLS,103,39,0.0,0.0,29.928906249999997
gemma3_27b__vs__wsls__seed103,Gemma-3-27B,WSLS,103,40,0.0,0.0,29.928906249999997
gemma3_27b__vs__wsls__seed103,Gemma-3-27B,WSLS,103,41,0.0,0.0,29.928906249999997
gemma3_27b__vs__wsls__seed103,Gemma-3-27B,WSLS,103,42,0.0,0.0,29.928906249999997
gemma3_27b__vs__wsls__seed103,Gemma-3-27B,WSLS,103,43,0.0,0.0,29.928906249999997
gemma3_27b__vs__wsls__seed103,Gemma-3-27B,WSLS,103,44,0.0,0.0,29.928906249999997
gemma3_27b__vs__wsls__seed103,Gemma-3-27B,WSLS,103,45,0.0,0.0,29.928906249999997
gemma3_27b__vs__wsls__seed103,Gemma-3-27B,WSLS,103,46,0.0,0.0,29.928906249999997
gemma3_27b__vs__wsls__seed103,Gemma-3-27B,WSLS,103,47,0.0,0.0,29.928906249999997
gemma3_27b__vs__wsls__seed103,Gemma-3-27B,WSLS,103,48,0.0,0.0,29.928906249999997
gemma3_27b__vs__wsls__seed103,Gemma-3-27B,WSLS,103,49,0.0,0.0,29.928906249999997
gemma3_27b__vs__wsls__seed103,Gemma-3-27B,WSLS,103,50,0.0,0.0,29.928906249999997
gemma3_27b__vs__wsls__seed104,Gemma-3-27B,WSLS,104,1,0.0,12.0,12.0
gemma3_27b__vs__wsls__seed104,Gemma-3-27B,WSLS,104,2,0.0,8.986875,20.986874999999998
gemma3_27b__vs__wsls__seed104,Gemma-3-27B,WSLS,104,3,0.0,2.9803125,23.967187499999998
gemma3_27b__vs__wsls__seed104,Gemma-3-27B,WSLS,104,4,0.0,5.930000000000001,29.897187499999998
gemma3_27b__vs__wsls__seed104,Gemma-3-27B,WSLS,104,5,0.0,2.9469531250000003,32.844140624999994
gemma3_27b__vs__wsls__seed104,Gemma-3-27B,WSLS,104,6,0.0,0.0,32.844140624999994
gemma3_27b__vs__wsls__seed104,Gemma-3-27B,WSLS,104,7,0.0,0.0,32.844140624999994
gemma3_27b__vs__wsls__seed104,Gemma-3-27B,WSLS,104,8,0.0,0.0,32.844140624999994
gemma3_27b__vs__wsls__seed104,Gemma-3-27B,WSLS,104,9,0.0,0.0,32.844140624999994
gemma3_27b__vs__wsls__seed104,Gemma-3-27B,WSLS,104,10,0.0,0.0,32.844140624999994
gemma3_27b__vs__wsls__seed104,Gemma-3-27B,WSLS,104,11,0.0,0.0,32.844140624999994
gemma3_27b__vs__wsls__seed104,Gemma-3-27B,WSLS,104,12,0.0,0.0,32.844140624999994
gemma3_27b__vs__wsls__seed104,Gemma-3-27B,WSLS,104,13,0.0,0.0,32.844140624999994
gemma3_27b__vs__wsls__seed104,Gemma-3-27B,WSLS,104,14,0.0,0.0,32.844140624999994
gemma3_27b__vs__wsls__seed104,Gemma-3-27B,WSLS,104,15,0.0,0.0,32.844140624999994
gemma3_27b__vs__wsls__seed104,Gemma-3-27B,WSLS,104,16,0.0,0.0,32.844140624999994
gemma3_27b__vs__wsls__seed104,Gemma-3-27B,WSLS,104,17,0.0,0.0,32.844140624999994
gemma3_27b__vs__wsls__seed104,Gemma-3-27B,WSLS,104,18,0.0,0.0,32.844140624999994
gemma3_27b__vs__wsls__seed104,Gemma-3-27B,WSLS,104,19,0.0,0.0,32.844140624999994
gemma3_27b__vs__wsls__seed104,Gemma-3-27B,WSLS,104,20,0.0,0.0,32.844140624999994
gemma3_27b__vs__wsls__seed104,Gemma-3-27B,WSLS,104,21,0.0,0.0,32.844140624999994
gemma3_27b__vs__wsls__seed104,Gemma-3-27B,WSLS,104,22,0.0,0.0,32.844140624999994
gemma3_27b__vs__wsls__seed104,Gemma-3-27B,WSLS,104,23,0.0,0.0,32.844140624999994
gemma3_27b__vs__wsls__seed104,Gemma-3-27B,WSLS,104,24,0.0,0.0,32.844140624999994
gemma3_27b__vs__wsls__seed104,Gemma-3-27B,WSLS,104,25,0.0,0.0,32.844140624999994
gemma3_27b__vs__wsls__seed104,Gemma-3-27B,WSLS,104,26,0.0,0.0,32.844140624999994
gemma3_27b__vs__wsls__seed104,Gemma-3-27B,WSLS,104,27,0.0,0.0,32.844140624999994
gemma3_27b__vs__wsls__seed104,Gemma-3-27B,WSLS,104,28,0.0,0.0,32.844140624999994
gemma3_27b__vs__wsls__seed104,Gemma-3-27B,WSLS,104,29,0.0,0.0,32.844140624999994
gemma3_27b__vs__wsls__seed104,Gemma-3-27B,WSLS,104,30,0.0,6.75,39.594140624999994
gemma3_27b__vs__wsls__seed104,Gemma-3-27B,WSLS,104,31,0.0,4.5,44.094140624999994
gemma3_27b__vs__wsls__seed104,Gemma-3-27B,WSLS,104,32,0.0,2.25,46.344140624999994
gemma3_27b__vs__wsls__seed104,Gemma-3-27B,WSLS,104,33,0.0,0.0,46.344140624999994
gemma3_27b__vs__wsls__seed104,Gemma-3-27B,WSLS,104,34,0.0,6.75,53.094140624999994
gemma3_27b__vs__wsls__seed104,Gemma-3-27B,WSLS,104,35,0.0,4.5,57.594140624999994
gemma3_27b__vs__wsls__seed104,Gemma-3-27B,WSLS,104,36,0.0,2.25,59.844140624999994
gemma3_27b__vs__wsls__seed104,Gemma-3-27B,WSLS,104,37,0.0,0.0,59.844140624999994
gemma3_27b__vs__wsls__seed104,Gemma-3-27B,WSLS,104,38,0.0,0.0,59.844140624999994
gemma3_27b__vs__wsls__seed104,Gemma-3-27B,WSLS,104,39,0.0,0.0,59.844140624999994
gemma3_27b__vs__wsls__seed104,Gemma-3-27B,WSLS,104,40,0.0,0.0,59.844140624999994
gemma3_27b__vs__wsls__seed104,Gemma-3-27B,WSLS,104,41,0.0,4.5,64.344140625
gemma3_27b__vs__wsls__seed104,Gemma-3-27B,WSLS,104,42,0.0,2.25,66.594140625
gemma3_27b__vs__wsls__seed104,Gemma-3-27B,WSLS,104,43,0.0,0.0,66.594140625
gemma3_27b__vs__wsls__seed104,Gemma-3-27B,WSLS,104,44,0.0,0.0,66.594140625
gemma3_27b__vs__wsls__seed104,Gemma-3-27B,WSLS,104,45,0.0,0.0,66.594140625
gemma3_27b__vs__wsls__seed104,Gemma-3-27B,WSLS,104,46,0.0,0.0,66.594140625
gemma3_27b__vs__wsls__seed104,Gemma-3-27B,WSLS,104,47,0.0,0.0,66.594140625
gemma3_27b__vs__wsls__seed104,Gemma-3-27B,WSLS,104,48,0.0,0.0,66.594140625
gemma3_27b__vs__wsls__seed104,Gemma-3-27B,WSLS,104,49,0.0,0.0,66.594140625
gemma3_27b__vs__wsls__seed104,Gemma-3-27B,WSLS,104,50,0.0,2.25,68.844140625
gemma3_27b__vs__wsls__seed105,Gemma-3-27B,WSLS,105,1,0.0,12.0,12.0
gemma3_27b__vs__wsls__seed105,Gemma-3-27B,WSLS,105,2,0.0,8.986875,20.986874999999998
gemma3_27b__vs__wsls__seed105,Gemma-3-27B,WSLS,105,3,0.0,5.9715625,26.9584375
gemma3_27b__vs__wsls__seed105,Gemma-3-27B,WSLS,105,4,0.0,2.97046875,29.928906249999997
gemma3_27b__vs__wsls__seed105,Gemma-3-27B,WSLS,105,5,0.0,0.0,29.928906249999997
gemma3_27b__vs__wsls__seed105,Gemma-3-27B,WSLS,105,6,0.0,0.0,29.928906249999997
gemma3_27b__vs__wsls__seed105,Gemma-3-27B,WSLS,105,7,0.0,0.0,29.928906249999997
gemma3_27b__vs__wsls__seed105,Gemma-3-27B,WSLS,105,8,0.0,0.0,29.928906249999997
gemma3_27b__vs__wsls__seed105,Gemma-3-27B,WSLS,105,9,0.0,0.0,29.928906249999997
gemma3_27b__vs__wsls__seed105,Gemma-3-27B,WSLS,105,10,0.0,0.0,29.928906249999997
gemma3_27b__vs__wsls__seed105,Gemma-3-27B,WSLS,105,11,0.0,0.0,29.928906249999997
gemma3_27b__vs__wsls__seed105,Gemma-3-27B,WSLS,105,12,0.0,0.0,29.928906249999997
gemma3_27b__vs__wsls__seed105,Gemma-3-27B,WSLS,105,13,0.0,0.0,29.928906249999997
gemma3_27b__vs__wsls__seed105,Gemma-3-27B,WSLS,105,14,0.0,0.0,29.928906249999997
gemma3_27b__vs__wsls__seed105,Gemma-3-27B,WSLS,105,15,0.0,0.0,29.928906249999997
gemma3_27b__vs__wsls__seed105,Gemma-3-27B,WSLS,105,16,0.0,0.0,29.928906249999997
gemma3_27b__vs__wsls__seed105,Gemma-3-27B,WSLS,105,17,0.0,0.0,29.928906249999997
gemma3_27b__vs__wsls__seed105,Gemma-3-27B,WSLS,105,18,0.0,0.0,29.928906249999997
gemma3_27b__vs__wsls__seed105,Gemma-3-27B,WSLS,105,19,0.0,0.0,29.928906249999997
gemma3_27b__vs__wsls__seed105,Gemma-3-27B,WSLS,105,20,0.0,0.0,29.928906249999997
gemma3_27b__vs__wsls__seed105,Gemma-3-27B,WSLS,105,21,0.0,0.0,29.928906249999997
gemma3_27b__vs__wsls__seed105,Gemma-3-27B,WSLS,105,22,0.0,0.0,29.928906249999997
gemma3_27b__vs__wsls__seed105,Gemma-3-27B,WSLS,105,23,0.0,0.0,29.928906249999997
gemma3_27b__vs__wsls__seed105,Gemma-3-27B,WSLS,105,24,0.0,0.0,29.928906249999997
gemma3_27b__vs__wsls__seed105,Gemma-3-27B,WSLS,105,25,0.0,0.0,29.928906249999997
gemma3_27b__vs__wsls__seed105,Gemma-3-27B,WSLS,105,26,0.0,0.0,29.928906249999997
gemma3_27b__vs__wsls__seed105,Gemma-3-27B,WSLS,105,27,0.0,0.0,29.928906249999997
gemma3_27b__vs__wsls__seed105,Gemma-3-27B,WSLS,105,28,0.0,0.0,29.928906249999997
gemma3_27b__vs__wsls__seed105,Gemma-3-27B,WSLS,105,29,0.0,0.0,29.928906249999997
gemma3_27b__vs__wsls__seed105,Gemma-3-27B,WSLS,105,30,0.0,0.0,29.928906249999997
gemma3_27b__vs__wsls__seed105,Gemma-3-27B,WSLS,105,31,0.0,0.0,29.928906249999997
gemma3_27b__vs__wsls__seed105,Gemma-3-27B,WSLS,105,32,0.0,0.0,29.928906249999997
gemma3_27b__vs__wsls__seed105,Gemma-3-27B,WSLS,105,33,0.0,0.0,29.928906249999997
gemma3_27b__vs__wsls__seed105,Gemma-3-27B,WSLS,105,34,0.0,0.0,29.928906249999997
gemma3_27b__vs__wsls__seed105,Gemma-3-27B,WSLS,105,35,0.0,6.75,36.67890625
gemma3_27b__vs__wsls__seed105,Gemma-3-27B,WSLS,105,36,0.0,4.5,41.17890625
gemma3_27b__vs__wsls__seed105,Gemma-3-27B,WSLS,105,37,0.0,2.25,43.42890625
gemma3_27b__vs__wsls__seed105,Gemma-3-27B,WSLS,105,38,0.0,0.0,43.42890625
gemma3_27b__vs__wsls__seed105,Gemma-3-27B,WSLS,105,39,0.0,0.0,43.42890625
gemma3_27b__vs__wsls__seed105,Gemma-3-27B,WSLS,105,40,0.0,0.0,43.42890625
gemma3_27b__vs__wsls__seed105,Gemma-3-27B,WSLS,105,41,0.0,0.0,43.42890625
gemma3_27b__vs__wsls__seed105,Gemma-3-27B,WSLS,105,42,0.0,0.0,43.42890625
gemma3_27b__vs__wsls__seed105,Gemma-3-27B,WSLS,105,43,0.0,0.0,43.42890625
gemma3_27b__vs__wsls__seed105,Gemma-3-27B,WSLS,105,44,0.0,0.0,43.42890625
gemma3_27b__vs__wsls__seed105,Gemma-3-27B,WSLS,105,45,0.0,0.0,43.42890625
gemma3_27b__vs__wsls__seed105,Gemma-3-27B,WSLS,105,46,0.0,0.0,43.42890625
gemma3_27b__vs__wsls__seed105,Gemma-3-27B,WSLS,105,47,0.0,0.0,43.42890625
gemma3_27b__vs__wsls__seed105,Gemma-3-27B,WSLS,105,48,0.0,0.0,43.42890625
gemma3_27b__vs__wsls__seed105,Gemma-3-27B,WSLS,105,49,0.0,0.0,43.42890625
gemma3_27b__vs__wsls__seed105,Gemma-3-27B,WSLS,105,50,0.0,4.5,47.92890625
gpt_oss_20b__vs__always_cooperate__seed101,GPT-OSS-20B,Always Cooperate,101,1,0.0,12.0,12.0
gpt_oss_20b__vs__always_cooperate__seed101,GPT-OSS-20B,Always Cooperate,101,2,0.0,11.9825,23.9825
gpt_oss_20b__vs__always_cooperate__seed101,GPT-OSS-20B,Always Cooperate,101,3,0.0,11.965,35.947500000000005
gpt_oss_20b__vs__always_cooperate__seed101,GPT-OSS-20B,Always Cooperate,101,4,0.0,11.9475,47.895
gpt_oss_20b__vs__always_cooperate__seed101,GPT-OSS-20B,Always Cooperate,101,5,0.0,11.93,59.825
gpt_oss_20b__vs__always_cooperate__seed101,GPT-OSS-20B,Always Cooperate,101,6,0.0,11.9125,71.7375
gpt_oss_20b__vs__always_cooperate__seed101,GPT-OSS-20B,Always Cooperate,101,7,0.0,11.895,83.6325
gpt_oss_20b__vs__always_cooperate__seed101,GPT-OSS-20B,Always Cooperate,101,8,0.0,11.8775,95.50999999999999
gpt_oss_20b__vs__always_cooperate__seed101,GPT-OSS-20B,Always Cooperate,101,9,0.0,11.86,107.36999999999999
gpt_oss_20b__vs__always_cooperate__seed101,GPT-OSS-20B,Always Cooperate,101,10,0.0,11.8425,119.21249999999999
gpt_oss_20b__vs__always_cooperate__seed101,GPT-OSS-20B,Always Cooperate,101,11,0.0,11.825,131.0375
gpt_oss_20b__vs__always_cooperate__seed101,GPT-OSS-20B,Always Cooperate,101,12,0.0,11.8075,142.845
gpt_oss_20b__vs__always_cooperate__seed101,GPT-OSS-20B,Always Cooperate,101,13,0.0,11.79,154.635
gpt_oss_20b__vs__always_cooperate__seed101,GPT-OSS-20B,Always Cooperate,101,14,0.0,11.772499999999999,166.4075
gpt_oss_20b__vs__always_cooperate__seed101,GPT-OSS-20B,Always Cooperate,101,15,0.0,11.754999999999999,178.1625
gpt_oss_20b__vs__always_cooperate__seed101,GPT-OSS-20B,Always Cooperate,101,16,0.0,11.737499999999999,189.9
gpt_oss_20b__vs__always_cooperate__seed101,GPT-OSS-20B,Always Cooperate,101,17,0.0,11.719999999999999,201.62
gpt_oss_20b__vs__always_cooperate__seed101,GPT-OSS-20B,Always Cooperate,101,18,0.0,11.680625,213.300625
gpt_oss_20b__vs__always_cooperate__seed101,GPT-OSS-20B,Always Cooperate,101,19,0.0,11.64125,224.94187499999998
gpt_oss_20b__vs__always_cooperate__seed101,GPT-OSS-20B,Always Cooperate,101,20,0.0,11.601875,236.54375
gpt_oss_20b__vs__always_cooperate__seed101,GPT-OSS-20B,Always Cooperate,101,21,0.0,11.5625,248.10625
gpt_oss_20b__vs__always_cooperate__seed101,GPT-OSS-20B,Always Cooperate,101,22,0.0,11.523125,259.629375
gpt_oss_20b__vs__always_cooperate__seed101,GPT-OSS-20B,Always Cooperate,101,23,0.0,11.48375,271.11312499999997
gpt_oss_20b__vs__always_cooperate__seed101,GPT-OSS-20B,Always Cooperate,101,24,0.0,11.444375,282.55749999999995
gpt_oss_20b__vs__always_cooperate__seed101,GPT-OSS-20B,Always Cooperate,101,25,0.0,11.405000000000001,293.9625
gpt_oss_20b__vs__always_cooperate__seed101,GPT-OSS-20B,Always Cooperate,101,26,0.0,11.387500000000001,305.34999999999997
gpt_oss_20b__vs__always_cooperate__seed101,GPT-OSS-20B,Always Cooperate,101,27,0.0,11.370000000000001,316.71999999999997
gpt_oss_20b__vs__always_cooperate__seed101,GPT-OSS-20B,Always Cooperate,101,28,0.0,11.352500000000001,328.0725
gpt_oss_20b__vs__always_cooperate__seed101,GPT-OSS-20B,Always Cooperate,101,29,0.0,11.335,339.40749999999997
gpt_oss_20b__vs__always_cooperate__seed101,GPT-OSS-20B,Always Cooperate,101,30,0.0,11.3175,350.72499999999997
gpt_oss_20b__vs__always_cooperate__seed101,GPT-OSS-20B,Always Cooperate,101,31,0.0,11.3,362.025
gpt_oss_20b__vs__always_cooperate__seed101,GPT-OSS-20B,Always Cooperate,101,32,0.0,11.2825,373.3075
gpt_oss_20b__vs__always_cooperate__seed101,GPT-OSS-20B,Always Cooperate,101,33,0.0,11.265,384.5725
gpt_oss_20b__vs__always_cooperate__seed101,GPT-OSS-20B,Always Cooperate,101,34,0.0,11.2475,395.82
gpt_oss_20b__vs__always_cooperate__seed101,GPT-OSS-20B,Always Cooperate,101,35,0.0,11.23,407.05
gpt_oss_20b__vs__always_cooperate__seed101,GPT-OSS-20B,Always Cooperate,101,36,0.0,11.2125,418.2625
gpt_oss_20b__vs__always_cooperate__seed101,GPT-OSS-20B,Always Cooperate,101,37,0.0,11.195,429.4575
gpt_oss_20b__vs__always_cooperate__seed101,GPT-OSS-20B,Always Cooperate,101,38,0.0,11.1775,440.635
gpt_oss_20b__vs__always_cooperate__seed101,GPT-OSS-20B,Always Cooperate,101,39,0.0,11.16,451.795
gpt_oss_20b__vs__always_cooperate__seed101,GPT-OSS-20B,Always Cooperate,101,40,0.0,11.1425,462.9375
gpt_oss_20b__vs__always_cooperate__seed101,GPT-OSS-20B,Always Cooperate,101,41,0.0,11.125,474.0625
gpt_oss_20b__vs__always_cooperate__seed101,GPT-OSS-20B,Always Cooperate,101,42,0.0,11.1075,485.17
gpt_oss_20b__vs__always_cooperate__seed101,GPT-OSS-20B,Always Cooperate,101,43,1.0,3.09,488.26
gpt_oss_20b__vs__always_cooperate__seed101,GPT-OSS-20B,Always Cooperate,101,44,0.0,11.773679871301287,500.0336798713013
gpt_oss_20b__vs__always_cooperate__seed101,GPT-OSS-20B,Always Cooperate,101,45,0.0,11.098749999999999,511.13242987130127
gpt_oss_20b__vs__always_cooperate__seed101,GPT-OSS-20B,Always Cooperate,101,46,1.0,3.1031249999999986,514.2355548713012
gpt_oss_20b__vs__always_cooperate__seed101,GPT-OSS-20B,Always Cooperate,101,47,0.0,11.810822909597317,526.0463777808985
gpt_oss_20b__vs__always_cooperate__seed101,GPT-OSS-20B,Always Cooperate,101,48,0.0,11.155624999999997,537.2020027808985
gpt_oss_20b__vs__always_cooperate__seed101,GPT-OSS-20B,Always Cooperate,101,49,0.0,11.181874999999996,548.3838777808985
gpt_oss_20b__vs__always_cooperate__seed101,GPT-OSS-20B,Always Cooperate,101,50,0.0,11.208124999999995,559.5920027808985
gpt_oss_20b__vs__always_cooperate__seed102,GPT-OSS-20B,Always Cooperate,102,1,1.0,4.0,4.0
gpt_oss_20b__vs__always_cooperate__seed102,GPT-OSS-20B,Always Cooperate,102,2,0.0,12.901899659543274,16.901899659543275
gpt_oss_20b__vs__always_cooperate__seed102,GPT-OSS-20B,Always Cooperate,102,3,1.0,4.227500000000001,21.129399659543274
gpt_oss_20b__vs__always_cooperate__seed102,GPT-OSS-20B,Always Cooperate,102,4,0.0,13.081424344640764,34.21082400418404
gpt_oss_20b__vs__always_cooperate__seed102,GPT-OSS-20B,Always Cooperate,102,5,0.0,12.374791666666669,46.58561567085071
gpt_oss_20b__vs__always_cooperate__seed102,GPT-OSS-20B,Always Cooperate,102,6,0.0,12.409791666666669,58.99540733751738
gpt_oss_20b__vs__always_cooperate__seed102,GPT-OSS-20B,Always Cooperate,102,7,0.0,12.436041666666668,71.43144900418405
gpt_oss_20b__vs__always_cooperate__seed102,GPT-OSS-20B,Always Cooperate,102,8,0.0,12.456041666666668,83.88749067085071
gpt_oss_20b__vs__always_cooperate__seed102,GPT-OSS-20B,Always Cooperate,102,9,0.0,12.471354166666668,96.35884483751738
gpt_oss_20b__vs__always_cooperate__seed102,GPT-OSS-20B,Always Cooperate,102,10,0.0,12.464791666666668,108.82363650418405
gpt_oss_20b__vs__always_cooperate__seed102,GPT-OSS-20B,Always Cooperate,102,11,1.0,4.458229166666669,113.28186567085072
gpt_oss_20b__vs__always_cooperate__seed102,GPT-OSS-20B,Always Cooperate,102,12,0.0,13.214078052840883,126.4959437236916
gpt_oss_20b__vs__always_cooperate__seed102,GPT-OSS-20B,Always Cooperate,102,13,0.0,12.45604166666667,138.95198539035826
gpt_oss_20b__vs__always_cooperate__seed102,GPT-OSS-20B,Always Cooperate,102,14,0.0,12.460416666666669,151.41240205702493
gpt_oss_20b__vs__always_cooperate__seed102,GPT-OSS-20B,Always Cooperate,102,15,0.0,12.464791666666668,163.8771937236916
gpt_oss_20b__vs__always_cooperate__seed102,GPT-OSS-20B,Always Cooperate,102,16,0.0,12.469166666666668,176.34636039035826
gpt_oss_20b__vs__always_cooperate__seed102,GPT-OSS-20B,Always Cooperate,102,17,0.0,12.473541666666668,188.81990205702493
gpt_oss_20b__vs__always_cooperate__seed102,GPT-OSS-20B,Always Cooperate,102,18,0.0,12.477916666666667,201.2978187236916
gpt_oss_20b__vs__always_cooperate__seed102,GPT-OSS-20B,Always Cooperate,102,19,0.0,12.482291666666667,213.78011039035826
gpt_oss_20b__vs__always_cooperate__seed102,GPT-OSS-20B,Always Cooperate,102,20,0.0,12.464791666666667,226.24490205702492
gpt_oss_20b__vs__always_cooperate__seed102,GPT-OSS-20B,Always Cooperate,102,21,0.0,12.447291666666667,238.6921937236916
gpt_oss_20b__vs__always_cooperate__seed102,GPT-OSS-20B,Always Cooperate,102,22,0.0,12.429791666666667,251.12198539035825
gpt_oss_20b__vs__always_cooperate__seed102,GPT-OSS-20B,Always Cooperate,102,23,0.0,12.412291666666667,263.5342770570249
gpt_oss_20b__vs__always_cooperate__seed102,GPT-OSS-20B,Always Cooperate,102,24,0.0,12.394791666666666,275.92906872369156
gpt_oss_20b__vs__always_cooperate__seed102,GPT-OSS-20B,Always Cooperate,102,25,1.0,4.377291666666666,280.30636039035824
gpt_oss_20b__vs__always_cooperate__seed102,GPT-OSS-20B,Always Cooperate,102,26,0.0,13.139791976248814,293.44615236660707
gpt_oss_20b__vs__always_cooperate__seed102,GPT-OSS-20B,Always Cooperate,102,27,0.0,12.386041666666666,305.8321940332737
gpt_oss_20b__vs__always_cooperate__seed102,GPT-OSS-20B,Always Cooperate,102,28,0.0,12.390416666666665,318.2226106999404
gpt_oss_20b__vs__always_cooperate__seed102,GPT-OSS-20B,Always Cooperate,102,29,0.0,12.394791666666665,330.61740236660705
gpt_oss_20b__vs__always_cooperate__seed102,GPT-OSS-20B,Always Cooperate,102,30,0.0,12.399166666666664,343.0165690332737
gpt_oss_20b__vs__always_cooperate__seed102,GPT-OSS-20B,Always Cooperate,102,31,0.0,12.403541666666664,355.4201106999404
gpt_oss_20b__vs__always_cooperate__seed102,GPT-OSS-20B,Always Cooperate,102,32,0.0,12.407916666666663,367.82802736660705
gpt_oss_20b__vs__always_cooperate__seed102,GPT-OSS-20B,Always Cooperate,102,33,0.0,12.412291666666663,380.2403190332737
gpt_oss_20b__vs__always_cooperate__seed102,GPT-OSS-20B,Always Cooperate,102,34,0.0,12.394791666666663,392.63511069994036
gpt_oss_20b__vs__always_cooperate__seed102,GPT-OSS-20B,Always Cooperate,102,35,0.0,12.377291666666663,405.01240236660703
gpt_oss_20b__vs__always_cooperate__seed102,GPT-OSS-20B,Always Cooperate,102,36,0.0,12.359791666666663,417.3721940332737
gpt_oss_20b__vs__always_cooperate__seed102,GPT-OSS-20B,Always Cooperate,102,37,0.0,12.342291666666663,429.7144856999403
gpt_oss_20b__vs__always_cooperate__seed102,GPT-OSS-20B,Always Cooperate,102,38,0.0,12.324791666666663,442.039277366607
gpt_oss_20b__vs__always_cooperate__seed102,GPT-OSS-20B,Always Cooperate,102,39,1.0,4.3072916666666625,446.3465690332737
gpt_oss_20b__vs__always_cooperate__seed102,GPT-OSS-20B,Always Cooperate,102,40,0.0,13.065505899656744,459.4120749329304
gpt_oss_20b__vs__always_cooperate__seed102,GPT-OSS-20B,Always Cooperate,102,41,0.0,12.316041666666662,471.72811659959706
gpt_oss_20b__vs__always_cooperate__seed102,GPT-OSS-20B,Always Cooperate,102,42,0.0,12.320416666666661,484.04853326626375
gpt_oss_20b__vs__always_cooperate__seed102,GPT-OSS-20B,Always Cooperate,102,43,0.0,12.32479166666666,496.3733249329304
gpt_oss_20b__vs__always_cooperate__seed102,GPT-OSS-20B,Always Cooperate,102,44,0.0,12.32916666666666,508.70249159959707
gpt_oss_20b__vs__always_cooperate__seed102,GPT-OSS-20B,Always Cooperate,102,45,0.0,12.33354166666666,521.0360332662638
gpt_oss_20b__vs__always_cooperate__seed102,GPT-OSS-20B,Always Cooperate,102,46,0.0,12.33791666666666,533.3739499329304
gpt_oss_20b__vs__always_cooperate__seed102,GPT-OSS-20B,Always Cooperate,102,47,0.0,12.342291666666659,545.7162415995971
gpt_oss_20b__vs__always_cooperate__seed102,GPT-OSS-20B,Always Cooperate,102,48,0.0,12.324791666666659,558.0410332662638
gpt_oss_20b__vs__always_cooperate__seed102,GPT-OSS-20B,Always Cooperate,102,49,0.0,12.307291666666659,570.3483249329304
gpt_oss_20b__vs__always_cooperate__seed102,GPT-OSS-20B,Always Cooperate,102,50,0.0,12.289791666666659,582.6381165995971
gpt_oss_20b__vs__always_cooperate__seed103,GPT-OSS-20B,Always Cooperate,103,1,0.0,12.0,12.0
gpt_oss_20b__vs__always_cooperate__seed103,GPT-OSS-20B,Always Cooperate,103,2,0.0,11.9825,23.9825
gpt_oss_20b__vs__always_cooperate__seed103,GPT-OSS-20B,Always Cooperate,103,3,1.0,3.965,27.9475
gpt_oss_20b__vs__always_cooperate__seed103,GPT-OSS-20B,Always Cooperate,103,4,0.0,12.7409464935938,40.6884464935938
gpt_oss_20b__vs__always_cooperate__seed103,GPT-OSS-20B,Always Cooperate,103,5,0.0,12.032083333333333,52.720529826927134
gpt_oss_20b__vs__always_cooperate__seed103,GPT-OSS-20B,Always Cooperate,103,6,0.0,12.049583333333333,64.77011316026046
gpt_oss_20b__vs__always_cooperate__seed103,GPT-OSS-20B,Always Cooperate,103,7,0.0,12.06125,76.83136316026047
gpt_oss_20b__vs__always_cooperate__seed103,GPT-OSS-20B,Always Cooperate,103,8,0.0,12.06875,88.90011316026046
gpt_oss_20b__vs__always_cooperate__seed103,GPT-OSS-20B,Always Cooperate,103,9,0.0,12.835572805443213,101.73568596570368
gpt_oss_20b__vs__always_cooperate__seed103,GPT-OSS-20B,Always Cooperate,103,10,0.0,12.121249999999998,113.85693596570368
gpt_oss_20b__vs__always_cooperate__seed103,GPT-OSS-20B,Always Cooperate,103,11,0.0,12.147499999999997,126.00443596570368
gpt_oss_20b__vs__always_cooperate__seed103,GPT-OSS-20B,Always Cooperate,103,12,0.0,12.151874999999997,138.15631096570368
gpt_oss_20b__vs__always_cooperate__seed103,GPT-OSS-20B,Always Cooperate,103,13,0.0,12.156249999999996,150.31256096570368
gpt_oss_20b__vs__always_cooperate__seed103,GPT-OSS-20B,Always Cooperate,103,14,0.0,12.160624999999996,162.4731859657037
gpt_oss_20b__vs__always_cooperate__seed103,GPT-OSS-20B,Always Cooperate,103,15,0.0,12.164999999999996,174.63818596570368
gpt_oss_20b__vs__always_cooperate__seed103,GPT-OSS-20B,Always Cooperate,103,16,0.0,12.169374999999995,186.8075609657037
gpt_oss_20b__vs__always_cooperate__seed103,GPT-OSS-20B,Always Cooperate,103,17,0.0,12.151874999999995,198.95943596570368
gpt_oss_20b__vs__always_cooperate__seed103,GPT-OSS-20B,Always Cooperate,103,18,0.0,12.134374999999995,211.09381096570368
gpt_oss_20b__vs__always_cooperate__seed103,GPT-OSS-20B,Always Cooperate,103,19,0.0,12.116874999999995,223.21068596570368
gpt_oss_20b__vs__always_cooperate__seed103,GPT-OSS-20B,Always Cooperate,103,20,0.0,12.099374999999995,235.31006096570366
gpt_oss_20b__vs__always_cooperate__seed103,GPT-OSS-20B,Always Cooperate,103,21,0.0,12.081874999999995,247.39193596570365
gpt_oss_20b__vs__always_cooperate__seed103,GPT-OSS-20B,Always Cooperate,103,22,0.0,12.820483446135446,260.2124194118391
gpt_oss_20b__vs__always_cooperate__seed103,GPT-OSS-20B,Always Cooperate,103,23,0.0,12.079687499999993,272.2921069118391
gpt_oss_20b__vs__always_cooperate__seed103,GPT-OSS-20B,Always Cooperate,103,24,0.0,12.078593749999992,284.37070066183907
gpt_oss_20b__vs__always_cooperate__seed103,GPT-OSS-20B,Always Cooperate,103,25,0.0,12.077499999999992,296.44820066183905
gpt_oss_20b__vs__always_cooperate__seed103,GPT-OSS-20B,Always Cooperate,103,26,0.0,12.076406249999991,308.52460691183904
gpt_oss_20b__vs__always_cooperate__seed103,GPT-OSS-20B,Always Cooperate,103,27,0.0,12.07531249999999,320.59991941183904
gpt_oss_20b__vs__always_cooperate__seed103,GPT-OSS-20B,Always Cooperate,103,28,0.0,12.07421874999999,332.67413816183904
gpt_oss_20b__vs__always_cooperate__seed103,GPT-OSS-20B,Always Cooperate,103,29,0.0,12.073124999999989,344.74726316183904
gpt_oss_20b__vs__always_cooperate__seed103,GPT-OSS-20B,Always Cooperate,103,30,0.0,12.799590487093921,357.54685364893294
gpt_oss_20b__vs__always_cooperate__seed103,GPT-OSS-20B,Always Cooperate,103,31,0.0,12.04906249999999,369.59591614893293
gpt_oss_20b__vs__always_cooperate__seed103,GPT-OSS-20B,Always Cooperate,103,32,0.0,12.03703124999999,381.6329473989329
gpt_oss_20b__vs__always_cooperate__seed103,GPT-OSS-20B,Always Cooperate,103,33,0.0,12.02499999999999,393.6579473989329
gpt_oss_20b__vs__always_cooperate__seed103,GPT-OSS-20B,Always Cooperate,103,34,0.0,12.760126008904388,406.41807340783726
gpt_oss_20b__vs__always_cooperate__seed103,GPT-OSS-20B,Always Cooperate,103,35,0.0,12.022812499999988,418.44088590783724
gpt_oss_20b__vs__always_cooperate__seed103,GPT-OSS-20B,Always Cooperate,103,36,0.0,12.021718749999987,430.46260465783723
gpt_oss_20b__vs__always_cooperate__seed103,GPT-OSS-20B,Always Cooperate,103,37,0.0,12.020624999999987,442.4832296578372
gpt_oss_20b__vs__always_cooperate__seed103,GPT-OSS-20B,Always Cooperate,103,38,0.0,12.014062499999987,454.4972921578372
gpt_oss_20b__vs__always_cooperate__seed103,GPT-OSS-20B,Always Cooperate,103,39,0.0,12.007499999999988,466.5047921578372
gpt_oss_20b__vs__always_cooperate__seed103,GPT-OSS-20B,Always Cooperate,103,40,0.0,12.000937499999988,478.50572965783715
gpt_oss_20b__vs__always_cooperate__seed103,GPT-OSS-20B,Always Cooperate,103,41,0.0,11.99437499999999,490.50010465783714
gpt_oss_20b__vs__always_cooperate__seed103,GPT-OSS-20B,Always Cooperate,103,42,0.0,11.976874999999989,502.47697965783715
gpt_oss_20b__vs__always_cooperate__seed103,GPT-OSS-20B,Always Cooperate,103,43,0.0,11.959374999999989,514.4363546578371
gpt_oss_20b__vs__always_cooperate__seed103,GPT-OSS-20B,Always Cooperate,103,44,0.0,11.941874999999989,526.3782296578371
gpt_oss_20b__vs__always_cooperate__seed103,GPT-OSS-20B,Always Cooperate,103,45,0.0,11.924374999999989,538.302604657837
gpt_oss_20b__vs__always_cooperate__seed103,GPT-OSS-20B,Always Cooperate,103,46,0.0,12.641732574335784,550.9443372321729
gpt_oss_20b__vs__always_cooperate__seed103,GPT-OSS-20B,Always Cooperate,103,47,0.0,11.90031249999999,562.8446497321729
gpt_oss_20b__vs__always_cooperate__seed103,GPT-OSS-20B,Always Cooperate,103,48,0.0,11.86640624999999,574.7110559821729
gpt_oss_20b__vs__always_cooperate__seed103,GPT-OSS-20B,Always Cooperate,103,49,0.0,11.83249999999999,586.5435559821728
gpt_oss_20b__vs__always_cooperate__seed103,GPT-OSS-20B,Always Cooperate,103,50,0.0,11.798593749999991,598.3421497321729
gpt_oss_20b__vs__always_cooperate__seed104,GPT-OSS-20B,Always Cooperate,104,1,0.0,12.0,12.0
gpt_oss_20b__vs__always_cooperate__seed104,GPT-OSS-20B,Always Cooperate,104,2,0.0,11.9825,23.9825
gpt_oss_20b__vs__always_cooperate__seed104,GPT-OSS-20B,Always Cooperate,104,3,0.0,11.92125,35.90375
gpt_oss_20b__vs__always_cooperate__seed104,GPT-OSS-20B,Always Cooperate,104,4,0.0,11.845416666666667,47.74916666666667
gpt_oss_20b__vs__always_cooperate__seed104,GPT-OSS-20B,Always Cooperate,104,5,0.0,11.784166666666668,59.53333333333333
gpt_oss_20b__vs__always_cooperate__seed104,GPT-OSS-20B,Always Cooperate,104,6,0.0,11.731666666666667,71.265
gpt_oss_20b__vs__always_cooperate__seed104,GPT-OSS-20B,Always Cooperate,104,7,0.0,11.685,82.95
gpt_oss_20b__vs__always_cooperate__seed104,GPT-OSS-20B,Always Cooperate,104,8,0.0,11.6425,94.5925
gpt_oss_20b__vs__always_cooperate__seed104,GPT-OSS-20B,Always Cooperate,104,9,0.0,11.603125,106.195625
gpt_oss_20b__vs__always_cooperate__seed104,GPT-OSS-20B,Always Cooperate,104,10,0.0,11.56375,117.759375
gpt_oss_20b__vs__always_cooperate__seed104,GPT-OSS-20B,Always Cooperate,104,11,0.0,12.247419426710952,130.00679442671097
gpt_oss_20b__vs__always_cooperate__seed104,GPT-OSS-20B,Always Cooperate,104,12,0.0,11.52875,141.53554442671097
gpt_oss_20b__vs__always_cooperate__seed104,GPT-OSS-20B,Always Cooperate,104,13,0.0,11.51671875,153.05226317671097
gpt_oss_20b__vs__always_cooperate__seed104,GPT-OSS-20B,Always Cooperate,104,14,0.0,11.504687500000001,164.55695067671095
gpt_oss_20b__vs__always_cooperate__seed104,GPT-OSS-20B,Always Cooperate,104,15,0.0,11.492656250000001,176.04960692671096
gpt_oss_20b__vs__always_cooperate__seed104,GPT-OSS-20B,Always Cooperate,104,16,0.0,11.480625000000002,187.53023192671097
gpt_oss_20b__vs__always_cooperate__seed104,GPT-OSS-20B,Always Cooperate,104,17,0.0,11.468593750000002,198.99882567671096
gpt_oss_20b__vs__always_cooperate__seed104,GPT-OSS-20B,Always Cooperate,104,18,0.0,11.456562500000002,210.45538817671095
gpt_oss_20b__vs__always_cooperate__seed104,GPT-OSS-20B,Always Cooperate,104,19,0.25,10.145276071396864,220.60066424810782
gpt_oss_20b__vs__always_cooperate__seed104,GPT-OSS-20B,Always Cooperate,104,20,0.0,12.75938915089471,233.36005339900254
gpt_oss_20b__vs__always_cooperate__seed104,GPT-OSS-20B,Always Cooperate,104,21,0.0,11.431406250000004,244.79145964900255
gpt_oss_20b__vs__always_cooperate__seed104,GPT-OSS-20B,Always Cooperate,104,22,0.0,11.424843750000004,256.2163033990025
gpt_oss_20b__vs__always_cooperate__seed104,GPT-OSS-20B,Always Cooperate,104,23,0.0,11.401875000000004,267.61817839900255
gpt_oss_20b__vs__always_cooperate__seed104,GPT-OSS-20B,Always Cooperate,104,24,0.0,11.378906250000004,278.99708464900255
gpt_oss_20b__vs__always_cooperate__seed104,GPT-OSS-20B,Always Cooperate,104,25,0.25,9.355937500000003,288.3530221490025
gpt_oss_20b__vs__always_cooperate__seed104,GPT-OSS-20B,Always Cooperate,104,26,0.0,12.044293436029527,300.39731558503206
gpt_oss_20b__vs__always_cooperate__seed104,GPT-OSS-20B,Always Cooperate,104,27,0.0,11.337343750000004,311.73465933503206
gpt_oss_20b__vs__always_cooperate__seed104,GPT-OSS-20B,Always Cooperate,104,28,0.0,11.319843750000004,323.0545030850321
gpt_oss_20b__vs__always_cooperate__seed104,GPT-OSS-20B,Always Cooperate,104,29,0.0,11.302343750000004,334.35684683503206
gpt_oss_20b__vs__always_cooperate__seed104,GPT-OSS-20B,Always Cooperate,104,30,0.0,11.279375000000003,345.6362218350321
gpt_oss_20b__vs__always_cooperate__seed104,GPT-OSS-20B,Always Cooperate,104,31,0.0,11.272812500000004,356.90903433503206
gpt_oss_20b__vs__always_cooperate__seed104,GPT-OSS-20B,Always Cooperate,104,32,0.0,11.266250000000005,368.1752843350321
gpt_oss_20b__vs__always_cooperate__seed104,GPT-OSS-20B,Always Cooperate,104,33,0.0,11.259687500000005,379.43497183503206
gpt_oss_20b__vs__always_cooperate__seed104,GPT-OSS-20B,Always Cooperate,104,34,0.0,11.231250000000005,390.66622183503205
gpt_oss_20b__vs__always_cooperate__seed104,GPT-OSS-20B,Always Cooperate,104,35,0.0,11.202812500000004,401.86903433503204
gpt_oss_20b__vs__always_cooperate__seed104,GPT-OSS-20B,Always Cooperate,104,36,0.0,11.174375000000003,413.04340933503204
gpt_oss_20b__vs__always_cooperate__seed104,GPT-OSS-20B,Always Cooperate,104,37,0.0,11.145937500000002,424.18934683503204
gpt_oss_20b__vs__always_cooperate__seed104,GPT-OSS-20B,Always Cooperate,104,38,0.0,11.122968750000002,435.312315585032
gpt_oss_20b__vs__always_cooperate__seed104,GPT-OSS-20B,Always Cooperate,104,39,0.0,11.100000000000001,446.41231558503205
gpt_oss_20b__vs__always_cooperate__seed104,GPT-OSS-20B,Always Cooperate,104,40,0.0,11.077031250000001,457.48934683503205
gpt_oss_20b__vs__always_cooperate__seed104,GPT-OSS-20B,Always Cooperate,104,41,0.0,11.043125000000002,468.532471835032
gpt_oss_20b__vs__always_cooperate__seed104,GPT-OSS-20B,Always Cooperate,104,42,0.0,11.0146875,479.547159335032
gpt_oss_20b__vs__always_cooperate__seed104,GPT-OSS-20B,Always Cooperate,104,43,0.0,10.98625,490.533409335032
gpt_oss_20b__vs__always_cooperate__seed104,GPT-OSS-20B,Always Cooperate,104,44,0.0,10.9578125,501.491221835032
gpt_oss_20b__vs__always_cooperate__seed104,GPT-OSS-20B,Always Cooperate,104,45,0.0,10.929374999999999,512.420596835032
gpt_oss_20b__vs__always_cooperate__seed104,GPT-OSS-20B,Always Cooperate,104,46,0.0,10.900937499999998,523.3215343350321
gpt_oss_20b__vs__always_cooperate__seed104,GPT-OSS-20B,Always Cooperate,104,47,0.0,10.872499999999997,534.194034335032
gpt_oss_20b__vs__always_cooperate__seed104,GPT-OSS-20B,Always Cooperate,104,48,0.0,10.844062499999996,545.038096835032
gpt_oss_20b__vs__always_cooperate__seed104,GPT-OSS-20B,Always Cooperate,104,49,0.0,10.826562499999996,555.864659335032
gpt_oss_20b__vs__always_cooperate__seed104,GPT-OSS-20B,Always Cooperate,104,50,0.0,10.792656249999997,566.657315585032
gpt_oss_20b__vs__always_cooperate__seed105,GPT-OSS-20B,Always Cooperate,105,1,0.0,12.0,12.0
gpt_oss_20b__vs__always_cooperate__seed105,GPT-OSS-20B,Always Cooperate,105,2,0.0,11.9825,23.9825
gpt_oss_20b__vs__always_cooperate__seed105,GPT-OSS-20B,Always Cooperate,105,3,0.0,11.965,35.947500000000005
gpt_oss_20b__vs__always_cooperate__seed105,GPT-OSS-20B,Always Cooperate,105,4,0.0,11.9475,47.895
gpt_oss_20b__vs__always_cooperate__seed105,GPT-OSS-20B,Always Cooperate,105,5,0.0,11.93,59.825
gpt_oss_20b__vs__always_cooperate__seed105,GPT-OSS-20B,Always Cooperate,105,6,0.0,11.9125,71.7375
gpt_oss_20b__vs__always_cooperate__seed105,GPT-OSS-20B,Always Cooperate,105,7,0.0,11.895,83.6325
gpt_oss_20b__vs__always_cooperate__seed105,GPT-OSS-20B,Always Cooperate,105,8,0.0,11.8775,95.50999999999999
gpt_oss_20b__vs__always_cooperate__seed105,GPT-OSS-20B,Always Cooperate,105,9,0.0,11.86,107.36999999999999
gpt_oss_20b__vs__always_cooperate__seed105,GPT-OSS-20B,Always Cooperate,105,10,0.0,11.8425,119.21249999999999
gpt_oss_20b__vs__always_cooperate__seed105,GPT-OSS-20B,Always Cooperate,105,11,0.0,11.825,131.0375
gpt_oss_20b__vs__always_cooperate__seed105,GPT-OSS-20B,Always Cooperate,105,12,0.0,11.8075,142.845
gpt_oss_20b__vs__always_cooperate__seed105,GPT-OSS-20B,Always Cooperate,105,13,0.0,11.79,154.635
gpt_oss_20b__vs__always_cooperate__seed105,GPT-OSS-20B,Always Cooperate,105,14,0.0,11.772499999999999,166.4075
gpt_oss_20b__vs__always_cooperate__seed105,GPT-OSS-20B,Always Cooperate,105,15,0.0,11.754999999999999,178.1625
gpt_oss_20b__vs__always_cooperate__seed105,GPT-OSS-20B,Always Cooperate,105,16,0.0,11.737499999999999,189.9
gpt_oss_20b__vs__always_cooperate__seed105,GPT-OSS-20B,Always Cooperate,105,17,0.0,11.719999999999999,201.62
gpt_oss_20b__vs__always_cooperate__seed105,GPT-OSS-20B,Always Cooperate,105,18,0.0,11.702499999999999,213.3225
gpt_oss_20b__vs__always_cooperate__seed105,GPT-OSS-20B,Always Cooperate,105,19,0.0,11.684999999999999,225.0075
gpt_oss_20b__vs__always_cooperate__seed105,GPT-OSS-20B,Always Cooperate,105,20,0.0,11.667499999999999,236.67499999999998
gpt_oss_20b__vs__always_cooperate__seed105,GPT-OSS-20B,Always Cooperate,105,21,0.0,11.649999999999999,248.325
gpt_oss_20b__vs__always_cooperate__seed105,GPT-OSS-20B,Always Cooperate,105,22,0.0,11.632499999999999,259.9575
gpt_oss_20b__vs__always_cooperate__seed105,GPT-OSS-20B,Always Cooperate,105,23,0.0,11.614999999999998,271.5725
gpt_oss_20b__vs__always_cooperate__seed105,GPT-OSS-20B,Always Cooperate,105,24,0.0,11.597499999999998,283.17
gpt_oss_20b__vs__always_cooperate__seed105,GPT-OSS-20B,Always Cooperate,105,25,0.0,11.579999999999998,294.75
gpt_oss_20b__vs__always_cooperate__seed105,GPT-OSS-20B,Always Cooperate,105,26,0.0,11.562499999999998,306.3125
gpt_oss_20b__vs__always_cooperate__seed105,GPT-OSS-20B,Always Cooperate,105,27,0.0,11.544999999999998,317.8575
gpt_oss_20b__vs__always_cooperate__seed105,GPT-OSS-20B,Always Cooperate,105,28,0.0,11.527499999999998,329.385
gpt_oss_20b__vs__always_cooperate__seed105,GPT-OSS-20B,Always Cooperate,105,29,0.0,11.509999999999998,340.895
gpt_oss_20b__vs__always_cooperate__seed105,GPT-OSS-20B,Always Cooperate,105,30,0.0,11.492499999999998,352.3875
gpt_oss_20b__vs__always_cooperate__seed105,GPT-OSS-20B,Always Cooperate,105,31,0.0,12.195021211971902,364.5825212119719
gpt_oss_20b__vs__always_cooperate__seed105,GPT-OSS-20B,Always Cooperate,105,32,0.0,11.490312499999996,376.0728337119719
gpt_oss_20b__vs__always_cooperate__seed105,GPT-OSS-20B,Always Cooperate,105,33,0.0,11.489218749999996,387.5620524619719
gpt_oss_20b__vs__always_cooperate__seed105,GPT-OSS-20B,Always Cooperate,105,34,0.0,11.488124999999995,399.0501774619719
gpt_oss_20b__vs__always_cooperate__seed105,GPT-OSS-20B,Always Cooperate,105,35,0.0,11.481562499999995,410.5317399619719
gpt_oss_20b__vs__always_cooperate__seed105,GPT-OSS-20B,Always Cooperate,105,36,0.0,11.474999999999996,422.0067399619719
gpt_oss_20b__vs__always_cooperate__seed105,GPT-OSS-20B,Always Cooperate,105,37,0.0,11.468437499999997,433.4751774619719
gpt_oss_20b__vs__always_cooperate__seed105,GPT-OSS-20B,Always Cooperate,105,38,0.0,11.461874999999997,444.9370524619719
gpt_oss_20b__vs__always_cooperate__seed105,GPT-OSS-20B,Always Cooperate,105,39,0.0,11.438906249999997,456.3759587119719
gpt_oss_20b__vs__always_cooperate__seed105,GPT-OSS-20B,Always Cooperate,105,40,0.0,11.415937499999997,467.7918962119719
gpt_oss_20b__vs__always_cooperate__seed105,GPT-OSS-20B,Always Cooperate,105,41,0.0,11.392968749999996,479.1848649619719
gpt_oss_20b__vs__always_cooperate__seed105,GPT-OSS-20B,Always Cooperate,105,42,0.0,11.369999999999996,490.55486496197193
gpt_oss_20b__vs__always_cooperate__seed105,GPT-OSS-20B,Always Cooperate,105,43,0.0,12.065020577935787,502.6198855399077
gpt_oss_20b__vs__always_cooperate__seed105,GPT-OSS-20B,Always Cooperate,105,44,0.0,11.367812499999994,513.9876980399077
gpt_oss_20b__vs__always_cooperate__seed105,GPT-OSS-20B,Always Cooperate,105,45,0.0,11.366718749999993,525.3544167899078
gpt_oss_20b__vs__always_cooperate__seed105,GPT-OSS-20B,Always Cooperate,105,46,0.0,11.365624999999993,536.7200417899078
gpt_oss_20b__vs__always_cooperate__seed105,GPT-OSS-20B,Always Cooperate,105,47,0.0,11.364531249999992,548.0845730399078
gpt_oss_20b__vs__always_cooperate__seed105,GPT-OSS-20B,Always Cooperate,105,48,0.0,11.363437499999991,559.4480105399078
gpt_oss_20b__vs__always_cooperate__seed105,GPT-OSS-20B,Always Cooperate,105,49,0.0,11.36234374999999,570.8103542899079
gpt_oss_20b__vs__always_cooperate__seed105,GPT-OSS-20B,Always Cooperate,105,50,0.0,11.35031249999999,582.1606667899079
gpt_oss_20b__vs__always_defect__seed101,GPT-OSS-20B,Always Defect,101,1,0.0,0.0,0.0
gpt_oss_20b__vs__always_defect__seed101,GPT-OSS-20B,Always Defect,101,2,0.0,0.0,0.0
gpt_oss_20b__vs__always_defect__seed101,GPT-OSS-20B,Always Defect,101,3,0.0,0.0,0.0
gpt_oss_20b__vs__always_defect__seed101,GPT-OSS-20B,Always Defect,101,4,0.0,0.0,0.0
gpt_oss_20b__vs__always_defect__seed101,GPT-OSS-20B,Always Defect,101,5,0.0,0.0,0.0
gpt_oss_20b__vs__always_defect__seed101,GPT-OSS-20B,Always Defect,101,6,0.0,0.0,0.0
gpt_oss_20b__vs__always_defect__seed101,GPT-OSS-20B,Always Defect,101,7,0.0,0.0,0.0
gpt_oss_20b__vs__always_defect__seed101,GPT-OSS-20B,Always Defect,101,8,0.0,0.0,0.0
gpt_oss_20b__vs__always_defect__seed101,GPT-OSS-20B,Always Defect,101,9,0.0,0.0,0.0
gpt_oss_20b__vs__always_defect__seed101,GPT-OSS-20B,Always Defect,101,10,0.0,0.0,0.0
gpt_oss_20b__vs__always_defect__seed101,GPT-OSS-20B,Always Defect,101,11,0.0,0.0,0.0
gpt_oss_20b__vs__always_defect__seed101,GPT-OSS-20B,Always Defect,101,12,0.0,0.0,0.0
gpt_oss_20b__vs__always_defect__seed101,GPT-OSS-20B,Always Defect,101,13,0.0,0.0,0.0
gpt_oss_20b__vs__always_defect__seed101,GPT-OSS-20B,Always Defect,101,14,0.0,0.0,0.0
gpt_oss_20b__vs__always_defect__seed101,GPT-OSS-20B,Always Defect,101,15,0.0,0.0,0.0
gpt_oss_20b__vs__always_defect__seed101,GPT-OSS-20B,Always Defect,101,16,0.0,0.0,0.0
gpt_oss_20b__vs__always_defect__seed101,GPT-OSS-20B,Always Defect,101,17,0.0,0.0,0.0
gpt_oss_20b__vs__always_defect__seed101,GPT-OSS-20B,Always Defect,101,18,0.0,0.0,0.0
gpt_oss_20b__vs__always_defect__seed101,GPT-OSS-20B,Always Defect,101,19,0.0,0.0,0.0
gpt_oss_20b__vs__always_defect__seed101,GPT-OSS-20B,Always Defect,101,20,0.0,0.0,0.0
gpt_oss_20b__vs__always_defect__seed101,GPT-OSS-20B,Always Defect,101,21,0.0,0.0,0.0
gpt_oss_20b__vs__always_defect__seed101,GPT-OSS-20B,Always Defect,101,22,0.0,0.0,0.0
gpt_oss_20b__vs__always_defect__seed101,GPT-OSS-20B,Always Defect,101,23,0.0,0.0,0.0
gpt_oss_20b__vs__always_defect__seed101,GPT-OSS-20B,Always Defect,101,24,0.0,0.0,0.0
gpt_oss_20b__vs__always_defect__seed101,GPT-OSS-20B,Always Defect,101,25,0.0,0.0,0.0
gpt_oss_20b__vs__always_defect__seed101,GPT-OSS-20B,Always Defect,101,26,0.0,0.0,0.0
gpt_oss_20b__vs__always_defect__seed101,GPT-OSS-20B,Always Defect,101,27,0.0,0.0,0.0
gpt_oss_20b__vs__always_defect__seed101,GPT-OSS-20B,Always Defect,101,28,0.0,0.0,0.0
gpt_oss_20b__vs__always_defect__seed101,GPT-OSS-20B,Always Defect,101,29,0.0,0.0,0.0
gpt_oss_20b__vs__always_defect__seed101,GPT-OSS-20B,Always Defect,101,30,0.0,0.0,0.0
gpt_oss_20b__vs__always_defect__seed101,GPT-OSS-20B,Always Defect,101,31,0.0,0.0,0.0
gpt_oss_20b__vs__always_defect__seed101,GPT-OSS-20B,Always Defect,101,32,0.0,0.0,0.0
gpt_oss_20b__vs__always_defect__seed101,GPT-OSS-20B,Always Defect,101,33,0.0,0.0,0.0
gpt_oss_20b__vs__always_defect__seed101,GPT-OSS-20B,Always Defect,101,34,0.0,0.0,0.0
gpt_oss_20b__vs__always_defect__seed101,GPT-OSS-20B,Always Defect,101,35,0.0,0.0,0.0
gpt_oss_20b__vs__always_defect__seed101,GPT-OSS-20B,Always Defect,101,36,0.0,0.0,0.0
gpt_oss_20b__vs__always_defect__seed101,GPT-OSS-20B,Always Defect,101,37,0.0,0.0,0.0
gpt_oss_20b__vs__always_defect__seed101,GPT-OSS-20B,Always Defect,101,38,0.0,0.0,0.0
gpt_oss_20b__vs__always_defect__seed101,GPT-OSS-20B,Always Defect,101,39,0.0,0.0,0.0
gpt_oss_20b__vs__always_defect__seed101,GPT-OSS-20B,Always Defect,101,40,0.0,0.0,0.0
gpt_oss_20b__vs__always_defect__seed101,GPT-OSS-20B,Always Defect,101,41,0.0,0.0,0.0
gpt_oss_20b__vs__always_defect__seed101,GPT-OSS-20B,Always Defect,101,42,0.0,0.0,0.0
gpt_oss_20b__vs__always_defect__seed101,GPT-OSS-20B,Always Defect,101,43,0.0,0.0,0.0
gpt_oss_20b__vs__always_defect__seed101,GPT-OSS-20B,Always Defect,101,44,0.0,0.0,0.0
gpt_oss_20b__vs__always_defect__seed101,GPT-OSS-20B,Always Defect,101,45,0.0,0.0,0.0
gpt_oss_20b__vs__always_defect__seed101,GPT-OSS-20B,Always Defect,101,46,0.0,0.0,0.0
gpt_oss_20b__vs__always_defect__seed101,GPT-OSS-20B,Always Defect,101,47,0.0,0.0,0.0
gpt_oss_20b__vs__always_defect__seed101,GPT-OSS-20B,Always Defect,101,48,0.0,0.0,0.0
gpt_oss_20b__vs__always_defect__seed101,GPT-OSS-20B,Always Defect,101,49,0.0,0.0,0.0
gpt_oss_20b__vs__always_defect__seed101,GPT-OSS-20B,Always Defect,101,50,0.0,0.0,0.0
gpt_oss_20b__vs__always_defect__seed102,GPT-OSS-20B,Always Defect,102,1,0.0,0.0,0.0
gpt_oss_20b__vs__always_defect__seed102,GPT-OSS-20B,Always Defect,102,2,0.0,0.0,0.0
gpt_oss_20b__vs__always_defect__seed102,GPT-OSS-20B,Always Defect,102,3,0.0,0.0,0.0
gpt_oss_20b__vs__always_defect__seed102,GPT-OSS-20B,Always Defect,102,4,0.0,0.0,0.0
gpt_oss_20b__vs__always_defect__seed102,GPT-OSS-20B,Always Defect,102,5,0.0,0.0,0.0
gpt_oss_20b__vs__always_defect__seed102,GPT-OSS-20B,Always Defect,102,6,0.0,0.0,0.0
gpt_oss_20b__vs__always_defect__seed102,GPT-OSS-20B,Always Defect,102,7,0.0,0.0,0.0
gpt_oss_20b__vs__always_defect__seed102,GPT-OSS-20B,Always Defect,102,8,0.0,0.0,0.0
gpt_oss_20b__vs__always_defect__seed102,GPT-OSS-20B,Always Defect,102,9,0.0,0.0,0.0
gpt_oss_20b__vs__always_defect__seed102,GPT-OSS-20B,Always Defect,102,10,0.0,0.0,0.0
gpt_oss_20b__vs__always_defect__seed102,GPT-OSS-20B,Always Defect,102,11,0.0,0.0,0.0
gpt_oss_20b__vs__always_defect__seed102,GPT-OSS-20B,Always Defect,102,12,0.0,0.0,0.0
gpt_oss_20b__vs__always_defect__seed102,GPT-OSS-20B,Always Defect,102,13,0.0,0.0,0.0
gpt_oss_20b__vs__always_defect__seed102,GPT-OSS-20B,Always Defect,102,14,0.0,0.0,0.0
gpt_oss_20b__vs__always_defect__seed102,GPT-OSS-20B,Always Defect,102,15,0.0,0.0,0.0
gpt_oss_20b__vs__always_defect__seed102,GPT-OSS-20B,Always Defect,102,16,0.0,0.0,0.0
gpt_oss_20b__vs__always_defect__seed102,GPT-OSS-20B,Always Defect,102,17,0.0,0.0,0.0
gpt_oss_20b__vs__always_defect__seed102,GPT-OSS-20B,Always Defect,102,18,0.0,0.0,0.0
gpt_oss_20b__vs__always_defect__seed102,GPT-OSS-20B,Always Defect,102,19,0.0,0.0,0.0
gpt_oss_20b__vs__always_defect__seed102,GPT-OSS-20B,Always Defect,102,20,0.0,0.0,0.0
gpt_oss_20b__vs__always_defect__seed102,GPT-OSS-20B,Always Defect,102,21,0.0,0.0,0.0
gpt_oss_20b__vs__always_defect__seed102,GPT-OSS-20B,Always Defect,102,22,0.0,0.0,0.0
gpt_oss_20b__vs__always_defect__seed102,GPT-OSS-20B,Always Defect,102,23,0.0,0.0,0.0
gpt_oss_20b__vs__always_defect__seed102,GPT-OSS-20B,Always Defect,102,24,0.0,0.0,0.0
gpt_oss_20b__vs__always_defect__seed102,GPT-OSS-20B,Always Defect,102,25,0.0,0.0,0.0
gpt_oss_20b__vs__always_defect__seed102,GPT-OSS-20B,Always Defect,102,26,0.0,0.0,0.0
gpt_oss_20b__vs__always_defect__seed102,GPT-OSS-20B,Always Defect,102,27,0.0,0.0,0.0
gpt_oss_20b__vs__always_defect__seed102,GPT-OSS-20B,Always Defect,102,28,0.0,0.0,0.0
gpt_oss_20b__vs__always_defect__seed102,GPT-OSS-20B,Always Defect,102,29,0.0,0.0,0.0
gpt_oss_20b__vs__always_defect__seed102,GPT-OSS-20B,Always Defect,102,30,0.0,0.0,0.0
gpt_oss_20b__vs__always_defect__seed102,GPT-OSS-20B,Always Defect,102,31,0.0,0.0,0.0
gpt_oss_20b__vs__always_defect__seed102,GPT-OSS-20B,Always Defect,102,32,0.0,0.0,0.0
gpt_oss_20b__vs__always_defect__seed102,GPT-OSS-20B,Always Defect,102,33,0.0,0.0,0.0
gpt_oss_20b__vs__always_defect__seed102,GPT-OSS-20B,Always Defect,102,34,0.0,0.0,0.0
gpt_oss_20b__vs__always_defect__seed102,GPT-OSS-20B,Always Defect,102,35,0.0,0.0,0.0
gpt_oss_20b__vs__always_defect__seed102,GPT-OSS-20B,Always Defect,102,36,0.0,0.0,0.0
gpt_oss_20b__vs__always_defect__seed102,GPT-OSS-20B,Always Defect,102,37,0.0,0.0,0.0
gpt_oss_20b__vs__always_defect__seed102,GPT-OSS-20B,Always Defect,102,38,0.0,0.0,0.0
gpt_oss_20b__vs__always_defect__seed102,GPT-OSS-20B,Always Defect,102,39,0.0,0.0,0.0
gpt_oss_20b__vs__always_defect__seed102,GPT-OSS-20B,Always Defect,102,40,0.0,0.0,0.0
gpt_oss_20b__vs__always_defect__seed102,GPT-OSS-20B,Always Defect,102,41,0.0,0.0,0.0
gpt_oss_20b__vs__always_defect__seed102,GPT-OSS-20B,Always Defect,102,42,0.0,0.0,0.0
gpt_oss_20b__vs__always_defect__seed102,GPT-OSS-20B,Always Defect,102,43,0.0,0.0,0.0
gpt_oss_20b__vs__always_defect__seed102,GPT-OSS-20B,Always Defect,102,44,0.0,0.0,0.0
gpt_oss_20b__vs__always_defect__seed102,GPT-OSS-20B,Always Defect,102,45,0.0,0.0,0.0
gpt_oss_20b__vs__always_defect__seed102,GPT-OSS-20B,Always Defect,102,46,0.0,0.0,0.0
gpt_oss_20b__vs__always_defect__seed102,GPT-OSS-20B,Always Defect,102,47,0.0,0.0,0.0
gpt_oss_20b__vs__always_defect__seed102,GPT-OSS-20B,Always Defect,102,48,0.0,0.0,0.0
gpt_oss_20b__vs__always_defect__seed102,GPT-OSS-20B,Always Defect,102,49,0.0,0.0,0.0
gpt_oss_20b__vs__always_defect__seed102,GPT-OSS-20B,Always Defect,102,50,0.0,0.0,0.0
gpt_oss_20b__vs__always_defect__seed103,GPT-OSS-20B,Always Defect,103,1,0.0,0.0,0.0
gpt_oss_20b__vs__always_defect__seed103,GPT-OSS-20B,Always Defect,103,2,0.0,0.0,0.0
gpt_oss_20b__vs__always_defect__seed103,GPT-OSS-20B,Always Defect,103,3,0.0,0.0,0.0
gpt_oss_20b__vs__always_defect__seed103,GPT-OSS-20B,Always Defect,103,4,0.0,0.0,0.0
gpt_oss_20b__vs__always_defect__seed103,GPT-OSS-20B,Always Defect,103,5,0.0,0.0,0.0
gpt_oss_20b__vs__always_defect__seed103,GPT-OSS-20B,Always Defect,103,6,0.0,0.0,0.0
gpt_oss_20b__vs__always_defect__seed103,GPT-OSS-20B,Always Defect,103,7,0.0,0.0,0.0
gpt_oss_20b__vs__always_defect__seed103,GPT-OSS-20B,Always Defect,103,8,0.0,0.0,0.0
gpt_oss_20b__vs__always_defect__seed103,GPT-OSS-20B,Always Defect,103,9,0.0,0.0,0.0
gpt_oss_20b__vs__always_defect__seed103,GPT-OSS-20B,Always Defect,103,10,0.0,0.0,0.0
gpt_oss_20b__vs__always_defect__seed103,GPT-OSS-20B,Always Defect,103,11,0.0,0.0,0.0
gpt_oss_20b__vs__always_defect__seed103,GPT-OSS-20B,Always Defect,103,12,0.0,0.0,0.0
gpt_oss_20b__vs__always_defect__seed103,GPT-OSS-20B,Always Defect,103,13,0.0,0.0,0.0
gpt_oss_20b__vs__always_defect__seed103,GPT-OSS-20B,Always Defect,103,14,0.0,0.0,0.0
gpt_oss_20b__vs__always_defect__seed103,GPT-OSS-20B,Always Defect,103,15,0.0,0.0,0.0
gpt_oss_20b__vs__always_defect__seed103,GPT-OSS-20B,Always Defect,103,16,0.0,0.0,0.0
gpt_oss_20b__vs__always_defect__seed103,GPT-OSS-20B,Always Defect,103,17,0.0,0.0,0.0
gpt_oss_20b__vs__always_defect__seed103,GPT-OSS-20B,Always Defect,103,18,0.0,0.0,0.0
gpt_oss_20b__vs__always_defect__seed103,GPT-OSS-20B,Always Defect,103,19,0.0,0.0,0.0
gpt_oss_20b__vs__always_defect__seed103,GPT-OSS-20B,Always Defect,103,20,0.0,0.0,0.0
gpt_oss_20b__vs__always_defect__seed103,GPT-OSS-20B,Always Defect,103,21,0.0,0.0,0.0
gpt_oss_20b__vs__always_defect__seed103,GPT-OSS-20B,Always Defect,103,22,0.0,0.0,0.0
gpt_oss_20b__vs__always_defect__seed103,GPT-OSS-20B,Always Defect,103,23,0.0,0.0,0.0
gpt_oss_20b__vs__always_defect__seed103,GPT-OSS-20B,Always Defect,103,24,0.0,0.0,0.0
gpt_oss_20b__vs__always_defect__seed103,GPT-OSS-20B,Always Defect,103,25,0.0,0.0,0.0
gpt_oss_20b__vs__always_defect__seed103,GPT-OSS-20B,Always Defect,103,26,0.0,0.0,0.0
gpt_oss_20b__vs__always_defect__seed103,GPT-OSS-20B,Always Defect,103,27,0.0,0.0,0.0
gpt_oss_20b__vs__always_defect__seed103,GPT-OSS-20B,Always Defect,103,28,0.0,0.0,0.0
gpt_oss_20b__vs__always_defect__seed103,GPT-OSS-20B,Always Defect,103,29,0.0,0.0,0.0
gpt_oss_20b__vs__always_defect__seed103,GPT-OSS-20B,Always Defect,103,30,0.0,0.0,0.0
gpt_oss_20b__vs__always_defect__seed103,GPT-OSS-20B,Always Defect,103,31,0.0,0.0,0.0
gpt_oss_20b__vs__always_defect__seed103,GPT-OSS-20B,Always Defect,103,32,0.0,0.0,0.0
gpt_oss_20b__vs__always_defect__seed103,GPT-OSS-20B,Always Defect,103,33,0.0,0.0,0.0
gpt_oss_20b__vs__always_defect__seed103,GPT-OSS-20B,Always Defect,103,34,0.0,0.0,0.0
gpt_oss_20b__vs__always_defect__seed103,GPT-OSS-20B,Always Defect,103,35,0.0,0.0,0.0
gpt_oss_20b__vs__always_defect__seed103,GPT-OSS-20B,Always Defect,103,36,0.0,0.0,0.0
gpt_oss_20b__vs__always_defect__seed103,GPT-OSS-20B,Always Defect,103,37,0.0,0.0,0.0
gpt_oss_20b__vs__always_defect__seed103,GPT-OSS-20B,Always Defect,103,38,0.0,0.0,0.0
gpt_oss_20b__vs__always_defect__seed103,GPT-OSS-20B,Always Defect,103,39,0.0,0.0,0.0
gpt_oss_20b__vs__always_defect__seed103,GPT-OSS-20B,Always Defect,103,40,0.0,0.0,0.0
gpt_oss_20b__vs__always_defect__seed103,GPT-OSS-20B,Always Defect,103,41,0.0,0.0,0.0
gpt_oss_20b__vs__always_defect__seed103,GPT-OSS-20B,Always Defect,103,42,0.0,0.0,0.0
gpt_oss_20b__vs__always_defect__seed103,GPT-OSS-20B,Always Defect,103,43,0.0,0.0,0.0
gpt_oss_20b__vs__always_defect__seed103,GPT-OSS-20B,Always Defect,103,44,0.0,0.0,0.0
gpt_oss_20b__vs__always_defect__seed103,GPT-OSS-20B,Always Defect,103,45,0.0,0.0,0.0
gpt_oss_20b__vs__always_defect__seed103,GPT-OSS-20B,Always Defect,103,46,0.0,0.0,0.0
gpt_oss_20b__vs__always_defect__seed103,GPT-OSS-20B,Always Defect,103,47,0.0,0.0,0.0
gpt_oss_20b__vs__always_defect__seed103,GPT-OSS-20B,Always Defect,103,48,0.0,0.0,0.0
gpt_oss_20b__vs__always_defect__seed103,GPT-OSS-20B,Always Defect,103,49,0.0,0.0,0.0
gpt_oss_20b__vs__always_defect__seed103,GPT-OSS-20B,Always Defect,103,50,0.0,0.0,0.0
gpt_oss_20b__vs__always_defect__seed104,GPT-OSS-20B,Always Defect,104,1,0.0,0.0,0.0
gpt_oss_20b__vs__always_defect__seed104,GPT-OSS-20B,Always Defect,104,2,0.0,0.0,0.0
gpt_oss_20b__vs__always_defect__seed104,GPT-OSS-20B,Always Defect,104,3,0.0,0.0,0.0
gpt_oss_20b__vs__always_defect__seed104,GPT-OSS-20B,Always Defect,104,4,0.0,0.0,0.0
gpt_oss_20b__vs__always_defect__seed104,GPT-OSS-20B,Always Defect,104,5,0.0,0.0,0.0
gpt_oss_20b__vs__always_defect__seed104,GPT-OSS-20B,Always Defect,104,6,0.0,0.0,0.0
gpt_oss_20b__vs__always_defect__seed104,GPT-OSS-20B,Always Defect,104,7,0.0,0.0,0.0
gpt_oss_20b__vs__always_defect__seed104,GPT-OSS-20B,Always Defect,104,8,0.0,0.0,0.0
gpt_oss_20b__vs__always_defect__seed104,GPT-OSS-20B,Always Defect,104,9,0.0,0.0,0.0
gpt_oss_20b__vs__always_defect__seed104,GPT-OSS-20B,Always Defect,104,10,0.0,0.0,0.0
gpt_oss_20b__vs__always_defect__seed104,GPT-OSS-20B,Always Defect,104,11,0.0,0.0,0.0
gpt_oss_20b__vs__always_defect__seed104,GPT-OSS-20B,Always Defect,104,12,0.0,0.0,0.0
gpt_oss_20b__vs__always_defect__seed104,GPT-OSS-20B,Always Defect,104,13,0.0,0.0,0.0
gpt_oss_20b__vs__always_defect__seed104,GPT-OSS-20B,Always Defect,104,14,0.0,0.0,0.0
gpt_oss_20b__vs__always_defect__seed104,GPT-OSS-20B,Always Defect,104,15,0.0,0.0,0.0
gpt_oss_20b__vs__always_defect__seed104,GPT-OSS-20B,Always Defect,104,16,0.0,0.0,0.0
gpt_oss_20b__vs__always_defect__seed104,GPT-OSS-20B,Always Defect,104,17,0.0,0.0,0.0
gpt_oss_20b__vs__always_defect__seed104,GPT-OSS-20B,Always Defect,104,18,0.0,0.0,0.0
gpt_oss_20b__vs__always_defect__seed104,GPT-OSS-20B,Always Defect,104,19,0.0,0.0,0.0
gpt_oss_20b__vs__always_defect__seed104,GPT-OSS-20B,Always Defect,104,20,0.0,0.0,0.0
gpt_oss_20b__vs__always_defect__seed104,GPT-OSS-20B,Always Defect,104,21,0.0,0.0,0.0
gpt_oss_20b__vs__always_defect__seed104,GPT-OSS-20B,Always Defect,104,22,0.0,0.0,0.0
gpt_oss_20b__vs__always_defect__seed104,GPT-OSS-20B,Always Defect,104,23,0.0,0.0,0.0
gpt_oss_20b__vs__always_defect__seed104,GPT-OSS-20B,Always Defect,104,24,0.0,0.0,0.0
gpt_oss_20b__vs__always_defect__seed104,GPT-OSS-20B,Always Defect,104,25,0.0,0.0,0.0
gpt_oss_20b__vs__always_defect__seed104,GPT-OSS-20B,Always Defect,104,26,0.0,0.0,0.0
gpt_oss_20b__vs__always_defect__seed104,GPT-OSS-20B,Always Defect,104,27,0.0,0.0,0.0
gpt_oss_20b__vs__always_defect__seed104,GPT-OSS-20B,Always Defect,104,28,0.0,0.0,0.0
gpt_oss_20b__vs__always_defect__seed104,GPT-OSS-20B,Always Defect,104,29,0.0,0.0,0.0
gpt_oss_20b__vs__always_defect__seed104,GPT-OSS-20B,Always Defect,104,30,0.0,0.0,0.0
gpt_oss_20b__vs__always_defect__seed104,GPT-OSS-20B,Always Defect,104,31,0.0,0.0,0.0
gpt_oss_20b__vs__always_defect__seed104,GPT-OSS-20B,Always Defect,104,32,0.0,0.0,0.0
gpt_oss_20b__vs__always_defect__seed104,GPT-OSS-20B,Always Defect,104,33,0.0,0.0,0.0
gpt_oss_20b__vs__always_defect__seed104,GPT-OSS-20B,Always Defect,104,34,0.0,0.0,0.0
gpt_oss_20b__vs__always_defect__seed104,GPT-OSS-20B,Always Defect,104,35,0.0,0.0,0.0
gpt_oss_20b__vs__always_defect__seed104,GPT-OSS-20B,Always Defect,104,36,0.0,0.0,0.0
gpt_oss_20b__vs__always_defect__seed104,GPT-OSS-20B,Always Defect,104,37,0.0,0.0,0.0
gpt_oss_20b__vs__always_defect__seed104,GPT-OSS-20B,Always Defect,104,38,0.0,0.0,0.0
gpt_oss_20b__vs__always_defect__seed104,GPT-OSS-20B,Always Defect,104,39,0.0,0.0,0.0
gpt_oss_20b__vs__always_defect__seed104,GPT-OSS-20B,Always Defect,104,40,0.0,0.0,0.0
gpt_oss_20b__vs__always_defect__seed104,GPT-OSS-20B,Always Defect,104,41,0.0,0.0,0.0
gpt_oss_20b__vs__always_defect__seed104,GPT-OSS-20B,Always Defect,104,42,0.0,0.0,0.0
gpt_oss_20b__vs__always_defect__seed104,GPT-OSS-20B,Always Defect,104,43,0.0,0.0,0.0
gpt_oss_20b__vs__always_defect__seed104,GPT-OSS-20B,Always Defect,104,44,0.0,0.0,0.0
gpt_oss_20b__vs__always_defect__seed104,GPT-OSS-20B,Always Defect,104,45,0.0,0.0,0.0
gpt_oss_20b__vs__always_defect__seed104,GPT-OSS-20B,Always Defect,104,46,0.0,0.0,0.0
gpt_oss_20b__vs__always_defect__seed104,GPT-OSS-20B,Always Defect,104,47,0.0,0.0,0.0
gpt_oss_20b__vs__always_defect__seed104,GPT-OSS-20B,Always Defect,104,48,0.0,0.0,0.0
gpt_oss_20b__vs__always_defect__seed104,GPT-OSS-20B,Always Defect,104,49,0.0,0.0,0.0
gpt_oss_20b__vs__always_defect__seed104,GPT-OSS-20B,Always Defect,104,50,0.0,0.0,0.0
gpt_oss_20b__vs__always_defect__seed105,GPT-OSS-20B,Always Defect,105,1,0.0,0.0,0.0
gpt_oss_20b__vs__always_defect__seed105,GPT-OSS-20B,Always Defect,105,2,0.0,0.0,0.0
gpt_oss_20b__vs__always_defect__seed105,GPT-OSS-20B,Always Defect,105,3,0.0,0.0,0.0
gpt_oss_20b__vs__always_defect__seed105,GPT-OSS-20B,Always Defect,105,4,0.0,0.0,0.0
gpt_oss_20b__vs__always_defect__seed105,GPT-OSS-20B,Always Defect,105,5,0.0,0.0,0.0
gpt_oss_20b__vs__always_defect__seed105,GPT-OSS-20B,Always Defect,105,6,0.0,0.0,0.0
gpt_oss_20b__vs__always_defect__seed105,GPT-OSS-20B,Always Defect,105,7,0.0,0.0,0.0
gpt_oss_20b__vs__always_defect__seed105,GPT-OSS-20B,Always Defect,105,8,0.0,0.0,0.0
gpt_oss_20b__vs__always_defect__seed105,GPT-OSS-20B,Always Defect,105,9,0.0,0.0,0.0
gpt_oss_20b__vs__always_defect__seed105,GPT-OSS-20B,Always Defect,105,10,0.0,0.0,0.0
gpt_oss_20b__vs__always_defect__seed105,GPT-OSS-20B,Always Defect,105,11,0.0,0.0,0.0
gpt_oss_20b__vs__always_defect__seed105,GPT-OSS-20B,Always Defect,105,12,0.0,0.0,0.0
gpt_oss_20b__vs__always_defect__seed105,GPT-OSS-20B,Always Defect,105,13,0.0,0.0,0.0
gpt_oss_20b__vs__always_defect__seed105,GPT-OSS-20B,Always Defect,105,14,0.0,0.0,0.0
gpt_oss_20b__vs__always_defect__seed105,GPT-OSS-20B,Always Defect,105,15,0.0,0.0,0.0
gpt_oss_20b__vs__always_defect__seed105,GPT-OSS-20B,Always Defect,105,16,0.0,0.0,0.0
gpt_oss_20b__vs__always_defect__seed105,GPT-OSS-20B,Always Defect,105,17,0.0,0.0,0.0
gpt_oss_20b__vs__always_defect__seed105,GPT-OSS-20B,Always Defect,105,18,1.0,-8.0,-8.0
gpt_oss_20b__vs__always_defect__seed105,GPT-OSS-20B,Always Defect,105,19,0.0,0.0,-8.0
gpt_oss_20b__vs__always_defect__seed105,GPT-OSS-20B,Always Defect,105,20,0.0,0.0,-8.0
gpt_oss_20b__vs__always_defect__seed105,GPT-OSS-20B,Always Defect,105,21,0.0,0.0,-8.0
gpt_oss_20b__vs__always_defect__seed105,GPT-OSS-20B,Always Defect,105,22,0.0,0.0,-8.0
gpt_oss_20b__vs__always_defect__seed105,GPT-OSS-20B,Always Defect,105,23,0.0,0.0,-8.0
gpt_oss_20b__vs__always_defect__seed105,GPT-OSS-20B,Always Defect,105,24,0.0,0.0,-8.0
gpt_oss_20b__vs__always_defect__seed105,GPT-OSS-20B,Always Defect,105,25,0.0,0.0,-8.0
gpt_oss_20b__vs__always_defect__seed105,GPT-OSS-20B,Always Defect,105,26,0.0,0.0,-8.0
gpt_oss_20b__vs__always_defect__seed105,GPT-OSS-20B,Always Defect,105,27,0.0,0.0,-8.0
gpt_oss_20b__vs__always_defect__seed105,GPT-OSS-20B,Always Defect,105,28,0.0,0.0,-8.0
gpt_oss_20b__vs__always_defect__seed105,GPT-OSS-20B,Always Defect,105,29,0.0,0.0,-8.0
gpt_oss_20b__vs__always_defect__seed105,GPT-OSS-20B,Always Defect,105,30,0.0,0.0,-8.0
gpt_oss_20b__vs__always_defect__seed105,GPT-OSS-20B,Always Defect,105,31,0.0,0.0,-8.0
gpt_oss_20b__vs__always_defect__seed105,GPT-OSS-20B,Always Defect,105,32,0.0,0.0,-8.0
gpt_oss_20b__vs__always_defect__seed105,GPT-OSS-20B,Always Defect,105,33,0.0,0.0,-8.0
gpt_oss_20b__vs__always_defect__seed105,GPT-OSS-20B,Always Defect,105,34,0.0,0.0,-8.0
gpt_oss_20b__vs__always_defect__seed105,GPT-OSS-20B,Always Defect,105,35,0.0,0.0,-8.0
gpt_oss_20b__vs__always_defect__seed105,GPT-OSS-20B,Always Defect,105,36,0.0,0.0,-8.0
gpt_oss_20b__vs__always_defect__seed105,GPT-OSS-20B,Always Defect,105,37,0.0,0.0,-8.0
gpt_oss_20b__vs__always_defect__seed105,GPT-OSS-20B,Always Defect,105,38,0.0,0.0,-8.0
gpt_oss_20b__vs__always_defect__seed105,GPT-OSS-20B,Always Defect,105,39,0.0,0.0,-8.0
gpt_oss_20b__vs__always_defect__seed105,GPT-OSS-20B,Always Defect,105,40,0.0,0.0,-8.0
gpt_oss_20b__vs__always_defect__seed105,GPT-OSS-20B,Always Defect,105,41,0.0,0.0,-8.0
gpt_oss_20b__vs__always_defect__seed105,GPT-OSS-20B,Always Defect,105,42,0.0,0.0,-8.0
gpt_oss_20b__vs__always_defect__seed105,GPT-OSS-20B,Always Defect,105,43,0.0,0.0,-8.0
gpt_oss_20b__vs__always_defect__seed105,GPT-OSS-20B,Always Defect,105,44,0.0,0.0,-8.0
gpt_oss_20b__vs__always_defect__seed105,GPT-OSS-20B,Always Defect,105,45,0.0,0.0,-8.0
gpt_oss_20b__vs__always_defect__seed105,GPT-OSS-20B,Always Defect,105,46,0.0,0.0,-8.0
gpt_oss_20b__vs__always_defect__seed105,GPT-OSS-20B,Always Defect,105,47,0.0,0.0,-8.0
gpt_oss_20b__vs__always_defect__seed105,GPT-OSS-20B,Always Defect,105,48,0.0,0.0,-8.0
gpt_oss_20b__vs__always_defect__seed105,GPT-OSS-20B,Always Defect,105,49,0.0,0.0,-8.0
gpt_oss_20b__vs__always_defect__seed105,GPT-OSS-20B,Always Defect,105,50,0.0,0.0,-8.0
gpt_oss_20b__vs__graded_tft__seed101,GPT-OSS-20B,Graded TFT,101,1,0.0,12.0,12.0
gpt_oss_20b__vs__graded_tft__seed101,GPT-OSS-20B,Graded TFT,101,2,0.0,5.99125,17.99125
gpt_oss_20b__vs__graded_tft__seed101,GPT-OSS-20B,Graded TFT,101,3,0.0,2.9803125,20.9715625
gpt_oss_20b__vs__graded_tft__seed101,GPT-OSS-20B,Graded TFT,101,4,0.0,0.0,20.9715625
gpt_oss_20b__vs__graded_tft__seed101,GPT-OSS-20B,Graded TFT,101,5,0.0,0.0,20.9715625
gpt_oss_20b__vs__graded_tft__seed101,GPT-OSS-20B,Graded TFT,101,6,0.0,0.0,20.9715625
gpt_oss_20b__vs__graded_tft__seed101,GPT-OSS-20B,Graded TFT,101,7,0.0,0.0,20.9715625
gpt_oss_20b__vs__graded_tft__seed101,GPT-OSS-20B,Graded TFT,101,8,0.0,0.0,20.9715625
gpt_oss_20b__vs__graded_tft__seed101,GPT-OSS-20B,Graded TFT,101,9,0.0,0.0,20.9715625
gpt_oss_20b__vs__graded_tft__seed101,GPT-OSS-20B,Graded TFT,101,10,0.0,0.0,20.9715625
gpt_oss_20b__vs__graded_tft__seed101,GPT-OSS-20B,Graded TFT,101,11,0.0,0.0,20.9715625
gpt_oss_20b__vs__graded_tft__seed101,GPT-OSS-20B,Graded TFT,101,12,0.0,0.0,20.9715625
gpt_oss_20b__vs__graded_tft__seed101,GPT-OSS-20B,Graded TFT,101,13,0.0,0.0,20.9715625
gpt_oss_20b__vs__graded_tft__seed101,GPT-OSS-20B,Graded TFT,101,14,0.0,0.0,20.9715625
gpt_oss_20b__vs__graded_tft__seed101,GPT-OSS-20B,Graded TFT,101,15,0.0,0.0,20.9715625
gpt_oss_20b__vs__graded_tft__seed101,GPT-OSS-20B,Graded TFT,101,16,0.0,0.0,20.9715625
gpt_oss_20b__vs__graded_tft__seed101,GPT-OSS-20B,Graded TFT,101,17,0.0,0.0,20.9715625
gpt_oss_20b__vs__graded_tft__seed101,GPT-OSS-20B,Graded TFT,101,18,0.0,0.0,20.9715625
gpt_oss_20b__vs__graded_tft__seed101,GPT-OSS-20B,Graded TFT,101,19,0.0,0.0,20.9715625
gpt_oss_20b__vs__graded_tft__seed101,GPT-OSS-20B,Graded TFT,101,20,0.0,0.0,20.9715625
gpt_oss_20b__vs__graded_tft__seed101,GPT-OSS-20B,Graded TFT,101,21,0.0,0.0,20.9715625
gpt_oss_20b__vs__graded_tft__seed101,GPT-OSS-20B,Graded TFT,101,22,0.0,0.0,20.9715625
gpt_oss_20b__vs__graded_tft__seed101,GPT-OSS-20B,Graded TFT,101,23,0.0,0.0,20.9715625
gpt_oss_20b__vs__graded_tft__seed101,GPT-OSS-20B,Graded TFT,101,24,0.0,0.0,20.9715625
gpt_oss_20b__vs__graded_tft__seed101,GPT-OSS-20B,Graded TFT,101,25,0.0,0.0,20.9715625
gpt_oss_20b__vs__graded_tft__seed101,GPT-OSS-20B,Graded TFT,101,26,0.0,0.0,20.9715625
gpt_oss_20b__vs__graded_tft__seed101,GPT-OSS-20B,Graded TFT,101,27,0.0,0.0,20.9715625
gpt_oss_20b__vs__graded_tft__seed101,GPT-OSS-20B,Graded TFT,101,28,0.0,0.0,20.9715625
gpt_oss_20b__vs__graded_tft__seed101,GPT-OSS-20B,Graded TFT,101,29,0.0,0.0,20.9715625
gpt_oss_20b__vs__graded_tft__seed101,GPT-OSS-20B,Graded TFT,101,30,0.0,0.0,20.9715625
gpt_oss_20b__vs__graded_tft__seed101,GPT-OSS-20B,Graded TFT,101,31,0.0,0.0,20.9715625
gpt_oss_20b__vs__graded_tft__seed101,GPT-OSS-20B,Graded TFT,101,32,0.0,0.0,20.9715625
gpt_oss_20b__vs__graded_tft__seed101,GPT-OSS-20B,Graded TFT,101,33,0.0,0.0,20.9715625
gpt_oss_20b__vs__graded_tft__seed101,GPT-OSS-20B,Graded TFT,101,34,0.0,0.0,20.9715625
gpt_oss_20b__vs__graded_tft__seed101,GPT-OSS-20B,Graded TFT,101,35,0.0,0.0,20.9715625
gpt_oss_20b__vs__graded_tft__seed101,GPT-OSS-20B,Graded TFT,101,36,0.0,0.0,20.9715625
gpt_oss_20b__vs__graded_tft__seed101,GPT-OSS-20B,Graded TFT,101,37,0.0,0.0,20.9715625
gpt_oss_20b__vs__graded_tft__seed101,GPT-OSS-20B,Graded TFT,101,38,0.0,0.0,20.9715625
gpt_oss_20b__vs__graded_tft__seed101,GPT-OSS-20B,Graded TFT,101,39,0.0,0.0,20.9715625
gpt_oss_20b__vs__graded_tft__seed101,GPT-OSS-20B,Graded TFT,101,40,0.0,0.0,20.9715625
gpt_oss_20b__vs__graded_tft__seed101,GPT-OSS-20B,Graded TFT,101,41,0.0,0.0,20.9715625
gpt_oss_20b__vs__graded_tft__seed101,GPT-OSS-20B,Graded TFT,101,42,0.0,0.0,20.9715625
gpt_oss_20b__vs__graded_tft__seed101,GPT-OSS-20B,Graded TFT,101,43,0.0,0.0,20.9715625
gpt_oss_20b__vs__graded_tft__seed101,GPT-OSS-20B,Graded TFT,101,44,0.0,0.0,20.9715625
gpt_oss_20b__vs__graded_tft__seed101,GPT-OSS-20B,Graded TFT,101,45,0.0,0.0,20.9715625
gpt_oss_20b__vs__graded_tft__seed101,GPT-OSS-20B,Graded TFT,101,46,0.0,0.0,20.9715625
gpt_oss_20b__vs__graded_tft__seed101,GPT-OSS-20B,Graded TFT,101,47,0.0,0.0,20.9715625
gpt_oss_20b__vs__graded_tft__seed101,GPT-OSS-20B,Graded TFT,101,48,0.0,0.0,20.9715625
gpt_oss_20b__vs__graded_tft__seed101,GPT-OSS-20B,Graded TFT,101,49,0.0,0.0,20.9715625
gpt_oss_20b__vs__graded_tft__seed101,GPT-OSS-20B,Graded TFT,101,50,0.0,0.0,20.9715625
gpt_oss_20b__vs__graded_tft__seed102,GPT-OSS-20B,Graded TFT,102,1,0.0,12.0,12.0
gpt_oss_20b__vs__graded_tft__seed102,GPT-OSS-20B,Graded TFT,102,2,0.0,5.99125,17.99125
gpt_oss_20b__vs__graded_tft__seed102,GPT-OSS-20B,Graded TFT,102,3,0.0,2.9803125,20.9715625
gpt_oss_20b__vs__graded_tft__seed102,GPT-OSS-20B,Graded TFT,102,4,0.25,-2.0,18.9715625
gpt_oss_20b__vs__graded_tft__seed102,GPT-OSS-20B,Graded TFT,102,5,0.0,5.879322916666667,24.850885416666667
gpt_oss_20b__vs__graded_tft__seed102,GPT-OSS-20B,Graded TFT,102,6,0.0,2.9199739583333337,27.770859375
gpt_oss_20b__vs__graded_tft__seed102,GPT-OSS-20B,Graded TFT,102,7,0.0,0.0,27.770859375
gpt_oss_20b__vs__graded_tft__seed102,GPT-OSS-20B,Graded TFT,102,8,0.0,0.0,27.770859375
gpt_oss_20b__vs__graded_tft__seed102,GPT-OSS-20B,Graded TFT,102,9,0.0,0.0,27.770859375
gpt_oss_20b__vs__graded_tft__seed102,GPT-OSS-20B,Graded TFT,102,10,0.5,-4.0,23.770859375
gpt_oss_20b__vs__graded_tft__seed102,GPT-OSS-20B,Graded TFT,102,11,0.0,2.773229166666667,26.544088541666667
gpt_oss_20b__vs__graded_tft__seed102,GPT-OSS-20B,Graded TFT,102,12,0.0,0.0,26.544088541666667
gpt_oss_20b__vs__graded_tft__seed102,GPT-OSS-20B,Graded TFT,102,13,0.0,0.0,26.544088541666667
gpt_oss_20b__vs__graded_tft__seed102,GPT-OSS-20B,Graded TFT,102,14,0.0,0.0,26.544088541666667
gpt_oss_20b__vs__graded_tft__seed102,GPT-OSS-20B,Graded TFT,102,15,0.0,0.0,26.544088541666667
gpt_oss_20b__vs__graded_tft__seed102,GPT-OSS-20B,Graded TFT,102,16,0.0,0.0,26.544088541666667
gpt_oss_20b__vs__graded_tft__seed102,GPT-OSS-20B,Graded TFT,102,17,0.0,0.0,26.544088541666667
gpt_oss_20b__vs__graded_tft__seed102,GPT-OSS-20B,Graded TFT,102,18,0.0,0.0,26.544088541666667
gpt_oss_20b__vs__graded_tft__seed102,GPT-OSS-20B,Graded TFT,102,19,0.0,0.0,26.544088541666667
gpt_oss_20b__vs__graded_tft__seed102,GPT-OSS-20B,Graded TFT,102,20,0.0,0.0,26.544088541666667
gpt_oss_20b__vs__graded_tft__seed102,GPT-OSS-20B,Graded TFT,102,21,0.0,0.0,26.544088541666667
gpt_oss_20b__vs__graded_tft__seed102,GPT-OSS-20B,Graded TFT,102,22,0.0,0.0,26.544088541666667
gpt_oss_20b__vs__graded_tft__seed102,GPT-OSS-20B,Graded TFT,102,23,0.0,0.0,26.544088541666667
gpt_oss_20b__vs__graded_tft__seed102,GPT-OSS-20B,Graded TFT,102,24,0.0,0.0,26.544088541666667
gpt_oss_20b__vs__graded_tft__seed102,GPT-OSS-20B,Graded TFT,102,25,0.0,0.0,26.544088541666667
gpt_oss_20b__vs__graded_tft__seed102,GPT-OSS-20B,Graded TFT,102,26,0.0,0.0,26.544088541666667
gpt_oss_20b__vs__graded_tft__seed102,GPT-OSS-20B,Graded TFT,102,27,0.0,0.0,26.544088541666667
gpt_oss_20b__vs__graded_tft__seed102,GPT-OSS-20B,Graded TFT,102,28,0.0,0.0,26.544088541666667
gpt_oss_20b__vs__graded_tft__seed102,GPT-OSS-20B,Graded TFT,102,29,0.0,0.0,26.544088541666667
gpt_oss_20b__vs__graded_tft__seed102,GPT-OSS-20B,Graded TFT,102,30,0.0,0.0,26.544088541666667
gpt_oss_20b__vs__graded_tft__seed102,GPT-OSS-20B,Graded TFT,102,31,0.0,0.0,26.544088541666667
gpt_oss_20b__vs__graded_tft__seed102,GPT-OSS-20B,Graded TFT,102,32,0.0,0.0,26.544088541666667
gpt_oss_20b__vs__graded_tft__seed102,GPT-OSS-20B,Graded TFT,102,33,0.0,0.0,26.544088541666667
gpt_oss_20b__vs__graded_tft__seed102,GPT-OSS-20B,Graded TFT,102,34,0.0,0.0,26.544088541666667
gpt_oss_20b__vs__graded_tft__seed102,GPT-OSS-20B,Graded TFT,102,35,0.0,0.0,26.544088541666667
gpt_oss_20b__vs__graded_tft__seed102,GPT-OSS-20B,Graded TFT,102,36,0.0,0.0,26.544088541666667
gpt_oss_20b__vs__graded_tft__seed102,GPT-OSS-20B,Graded TFT,102,37,0.0,0.0,26.544088541666667
gpt_oss_20b__vs__graded_tft__seed102,GPT-OSS-20B,Graded TFT,102,38,0.0,0.0,26.544088541666667
gpt_oss_20b__vs__graded_tft__seed102,GPT-OSS-20B,Graded TFT,102,39,0.0,0.0,26.544088541666667
gpt_oss_20b__vs__graded_tft__seed102,GPT-OSS-20B,Graded TFT,102,40,0.0,0.0,26.544088541666667
gpt_oss_20b__vs__graded_tft__seed102,GPT-OSS-20B,Graded TFT,102,41,0.0,0.0,26.544088541666667
gpt_oss_20b__vs__graded_tft__seed102,GPT-OSS-20B,Graded TFT,102,42,0.0,0.0,26.544088541666667
gpt_oss_20b__vs__graded_tft__seed102,GPT-OSS-20B,Graded TFT,102,43,0.0,0.0,26.544088541666667
gpt_oss_20b__vs__graded_tft__seed102,GPT-OSS-20B,Graded TFT,102,44,0.0,0.0,26.544088541666667
gpt_oss_20b__vs__graded_tft__seed102,GPT-OSS-20B,Graded TFT,102,45,0.0,0.0,26.544088541666667
gpt_oss_20b__vs__graded_tft__seed102,GPT-OSS-20B,Graded TFT,102,46,0.0,0.0,26.544088541666667
gpt_oss_20b__vs__graded_tft__seed102,GPT-OSS-20B,Graded TFT,102,47,0.0,0.0,26.544088541666667
gpt_oss_20b__vs__graded_tft__seed102,GPT-OSS-20B,Graded TFT,102,48,0.0,0.0,26.544088541666667
gpt_oss_20b__vs__graded_tft__seed102,GPT-OSS-20B,Graded TFT,102,49,0.0,0.0,26.544088541666667
gpt_oss_20b__vs__graded_tft__seed102,GPT-OSS-20B,Graded TFT,102,50,0.0,0.0,26.544088541666667
gpt_oss_20b__vs__graded_tft__seed103,GPT-OSS-20B,Graded TFT,103,1,0.0,12.0,12.0
gpt_oss_20b__vs__graded_tft__seed103,GPT-OSS-20B,Graded TFT,103,2,0.0,5.99125,17.99125
gpt_oss_20b__vs__graded_tft__seed103,GPT-OSS-20B,Graded TFT,103,3,0.0,2.9803125,20.9715625
gpt_oss_20b__vs__graded_tft__seed103,GPT-OSS-20B,Graded TFT,103,4,0.0,0.0,20.9715625
gpt_oss_20b__vs__graded_tft__seed103,GPT-OSS-20B,Graded TFT,103,5,0.0,0.0,20.9715625
gpt_oss_20b__vs__graded_tft__seed103,GPT-OSS-20B,Graded TFT,103,6,0.0,0.0,20.9715625
gpt_oss_20b__vs__graded_tft__seed103,GPT-OSS-20B,Graded TFT,103,7,0.0,0.0,20.9715625
gpt_oss_20b__vs__graded_tft__seed103,GPT-OSS-20B,Graded TFT,103,8,0.0,0.0,20.9715625
gpt_oss_20b__vs__graded_tft__seed103,GPT-OSS-20B,Graded TFT,103,9,0.0,5.580546875000001,26.552109375
gpt_oss_20b__vs__graded_tft__seed103,GPT-OSS-20B,Graded TFT,103,10,0.0,2.754453125000001,29.306562500000002
gpt_oss_20b__vs__graded_tft__seed103,GPT-OSS-20B,Graded TFT,103,11,0.0,0.0,29.306562500000002
gpt_oss_20b__vs__graded_tft__seed103,GPT-OSS-20B,Graded TFT,103,12,0.0,0.0,29.306562500000002
gpt_oss_20b__vs__graded_tft__seed103,GPT-OSS-20B,Graded TFT,103,13,0.0,0.0,29.306562500000002
gpt_oss_20b__vs__graded_tft__seed103,GPT-OSS-20B,Graded TFT,103,14,0.0,0.0,29.306562500000002
gpt_oss_20b__vs__graded_tft__seed103,GPT-OSS-20B,Graded TFT,103,15,0.0,0.0,29.306562500000002
gpt_oss_20b__vs__graded_tft__seed103,GPT-OSS-20B,Graded TFT,103,16,0.0,0.0,29.306562500000002
gpt_oss_20b__vs__graded_tft__seed103,GPT-OSS-20B,Graded TFT,103,17,0.0,0.0,29.306562500000002
gpt_oss_20b__vs__graded_tft__seed103,GPT-OSS-20B,Graded TFT,103,18,0.0,0.0,29.306562500000002
gpt_oss_20b__vs__graded_tft__seed103,GPT-OSS-20B,Graded TFT,103,19,0.0,0.0,29.306562500000002
gpt_oss_20b__vs__graded_tft__seed103,GPT-OSS-20B,Graded TFT,103,20,0.0,0.0,29.306562500000002
gpt_oss_20b__vs__graded_tft__seed103,GPT-OSS-20B,Graded TFT,103,21,0.0,0.0,29.306562500000002
gpt_oss_20b__vs__graded_tft__seed103,GPT-OSS-20B,Graded TFT,103,22,0.0,4.5,33.8065625
gpt_oss_20b__vs__graded_tft__seed103,GPT-OSS-20B,Graded TFT,103,23,0.0,2.25,36.0565625
gpt_oss_20b__vs__graded_tft__seed103,GPT-OSS-20B,Graded TFT,103,24,0.0,0.0,36.0565625
gpt_oss_20b__vs__graded_tft__seed103,GPT-OSS-20B,Graded TFT,103,25,0.0,0.0,36.0565625
gpt_oss_20b__vs__graded_tft__seed103,GPT-OSS-20B,Graded TFT,103,26,0.0,0.0,36.0565625
gpt_oss_20b__vs__graded_tft__seed103,GPT-OSS-20B,Graded TFT,103,27,0.0,0.0,36.0565625
gpt_oss_20b__vs__graded_tft__seed103,GPT-OSS-20B,Graded TFT,103,28,0.0,0.0,36.0565625
gpt_oss_20b__vs__graded_tft__seed103,GPT-OSS-20B,Graded TFT,103,29,0.0,0.0,36.0565625
gpt_oss_20b__vs__graded_tft__seed103,GPT-OSS-20B,Graded TFT,103,30,0.0,0.0,36.0565625
gpt_oss_20b__vs__graded_tft__seed103,GPT-OSS-20B,Graded TFT,103,31,0.0,0.0,36.0565625
gpt_oss_20b__vs__graded_tft__seed103,GPT-OSS-20B,Graded TFT,103,32,0.0,0.0,36.0565625
gpt_oss_20b__vs__graded_tft__seed103,GPT-OSS-20B,Graded TFT,103,33,0.0,0.0,36.0565625
gpt_oss_20b__vs__graded_tft__seed103,GPT-OSS-20B,Graded TFT,103,34,0.0,2.25,38.3065625
gpt_oss_20b__vs__graded_tft__seed103,GPT-OSS-20B,Graded TFT,103,35,0.0,0.0,38.3065625
gpt_oss_20b__vs__graded_tft__seed103,GPT-OSS-20B,Graded TFT,103,36,0.0,0.0,38.3065625
gpt_oss_20b__vs__graded_tft__seed103,GPT-OSS-20B,Graded TFT,103,37,0.0,0.0,38.3065625
gpt_oss_20b__vs__graded_tft__seed103,GPT-OSS-20B,Graded TFT,103,38,0.0,0.0,38.3065625
gpt_oss_20b__vs__graded_tft__seed103,GPT-OSS-20B,Graded TFT,103,39,0.0,0.0,38.3065625
gpt_oss_20b__vs__graded_tft__seed103,GPT-OSS-20B,Graded TFT,103,40,0.0,0.0,38.3065625
gpt_oss_20b__vs__graded_tft__seed103,GPT-OSS-20B,Graded TFT,103,41,0.0,0.0,38.3065625
gpt_oss_20b__vs__graded_tft__seed103,GPT-OSS-20B,Graded TFT,103,42,0.0,0.0,38.3065625
gpt_oss_20b__vs__graded_tft__seed103,GPT-OSS-20B,Graded TFT,103,43,0.0,0.0,38.3065625
gpt_oss_20b__vs__graded_tft__seed103,GPT-OSS-20B,Graded TFT,103,44,0.0,0.0,38.3065625
gpt_oss_20b__vs__graded_tft__seed103,GPT-OSS-20B,Graded TFT,103,45,0.0,0.0,38.3065625
gpt_oss_20b__vs__graded_tft__seed103,GPT-OSS-20B,Graded TFT,103,46,0.0,0.0,38.3065625
gpt_oss_20b__vs__graded_tft__seed103,GPT-OSS-20B,Graded TFT,103,47,0.0,0.0,38.3065625
gpt_oss_20b__vs__graded_tft__seed103,GPT-OSS-20B,Graded TFT,103,48,0.0,0.0,38.3065625
gpt_oss_20b__vs__graded_tft__seed103,GPT-OSS-20B,Graded TFT,103,49,0.0,0.0,38.3065625
gpt_oss_20b__vs__graded_tft__seed103,GPT-OSS-20B,Graded TFT,103,50,0.0,0.0,38.3065625
gpt_oss_20b__vs__graded_tft__seed104,GPT-OSS-20B,Graded TFT,104,1,0.0,12.0,12.0
gpt_oss_20b__vs__graded_tft__seed104,GPT-OSS-20B,Graded TFT,104,2,0.0,5.99125,17.99125
gpt_oss_20b__vs__graded_tft__seed104,GPT-OSS-20B,Graded TFT,104,3,0.0,5.9715625,23.962812500000002
gpt_oss_20b__vs__graded_tft__seed104,GPT-OSS-20B,Graded TFT,104,4,0.0,5.948229166666667,29.91104166666667
gpt_oss_20b__vs__graded_tft__seed104,GPT-OSS-20B,Graded TFT,104,5,0.0,2.9588020833333335,32.86984375
gpt_oss_20b__vs__graded_tft__seed104,GPT-OSS-20B,Graded TFT,104,6,0.0,0.0,32.86984375
gpt_oss_20b__vs__graded_tft__seed104,GPT-OSS-20B,Graded TFT,104,7,0.0,0.0,32.86984375
gpt_oss_20b__vs__graded_tft__seed104,GPT-OSS-20B,Graded TFT,104,8,0.0,0.0,32.86984375
gpt_oss_20b__vs__graded_tft__seed104,GPT-OSS-20B,Graded TFT,104,9,0.0,0.0,32.86984375
gpt_oss_20b__vs__graded_tft__seed104,GPT-OSS-20B,Graded TFT,104,10,0.0,0.0,32.86984375
gpt_oss_20b__vs__graded_tft__seed104,GPT-OSS-20B,Graded TFT,104,11,0.0,0.0,32.86984375
gpt_oss_20b__vs__graded_tft__seed104,GPT-OSS-20B,Graded TFT,104,12,0.0,0.0,32.86984375
gpt_oss_20b__vs__graded_tft__seed104,GPT-OSS-20B,Graded TFT,104,13,0.0,0.0,32.86984375
gpt_oss_20b__vs__graded_tft__seed104,GPT-OSS-20B,Graded TFT,104,14,0.0,0.0,32.86984375
gpt_oss_20b__vs__graded_tft__seed104,GPT-OSS-20B,Graded TFT,104,15,0.0,0.0,32.86984375
gpt_oss_20b__vs__graded_tft__seed104,GPT-OSS-20B,Graded TFT,104,16,0.0,0.0,32.86984375
gpt_oss_20b__vs__graded_tft__seed104,GPT-OSS-20B,Graded TFT,104,17,0.0,0.0,32.86984375
gpt_oss_20b__vs__graded_tft__seed104,GPT-OSS-20B,Graded TFT,104,18,0.0,0.0,32.86984375
gpt_oss_20b__vs__graded_tft__seed104,GPT-OSS-20B,Graded TFT,104,19,0.0,0.0,32.86984375
gpt_oss_20b__vs__graded_tft__seed104,GPT-OSS-20B,Graded TFT,104,20,0.0,0.0,32.86984375
gpt_oss_20b__vs__graded_tft__seed104,GPT-OSS-20B,Graded TFT,104,21,0.0,0.0,32.86984375
gpt_oss_20b__vs__graded_tft__seed104,GPT-OSS-20B,Graded TFT,104,22,0.0,0.0,32.86984375
gpt_oss_20b__vs__graded_tft__seed104,GPT-OSS-20B,Graded TFT,104,23,0.0,2.25,35.11984375
gpt_oss_20b__vs__graded_tft__seed104,GPT-OSS-20B,Graded TFT,104,24,0.0,0.0,35.11984375
gpt_oss_20b__vs__graded_tft__seed104,GPT-OSS-20B,Graded TFT,104,25,0.0,0.0,35.11984375
gpt_oss_20b__vs__graded_tft__seed104,GPT-OSS-20B,Graded TFT,104,26,0.0,4.5,39.61984375
gpt_oss_20b__vs__graded_tft__seed104,GPT-OSS-20B,Graded TFT,104,27,0.0,2.25,41.86984375
gpt_oss_20b__vs__graded_tft__seed104,GPT-OSS-20B,Graded TFT,104,28,0.0,0.0,41.86984375
gpt_oss_20b__vs__graded_tft__seed104,GPT-OSS-20B,Graded TFT,104,29,0.0,0.0,41.86984375
gpt_oss_20b__vs__graded_tft__seed104,GPT-OSS-20B,Graded TFT,104,30,0.0,4.5,46.36984375
gpt_oss_20b__vs__graded_tft__seed104,GPT-OSS-20B,Graded TFT,104,31,0.0,2.25,48.61984375
gpt_oss_20b__vs__graded_tft__seed104,GPT-OSS-20B,Graded TFT,104,32,0.0,0.0,48.61984375
gpt_oss_20b__vs__graded_tft__seed104,GPT-OSS-20B,Graded TFT,104,33,0.0,0.0,48.61984375
gpt_oss_20b__vs__graded_tft__seed104,GPT-OSS-20B,Graded TFT,104,34,0.0,4.5,53.11984375
gpt_oss_20b__vs__graded_tft__seed104,GPT-OSS-20B,Graded TFT,104,35,0.0,2.25,55.36984375
gpt_oss_20b__vs__graded_tft__seed104,GPT-OSS-20B,Graded TFT,104,36,0.0,0.0,55.36984375
gpt_oss_20b__vs__graded_tft__seed104,GPT-OSS-20B,Graded TFT,104,37,0.0,0.0,55.36984375
gpt_oss_20b__vs__graded_tft__seed104,GPT-OSS-20B,Graded TFT,104,38,0.0,0.0,55.36984375
gpt_oss_20b__vs__graded_tft__seed104,GPT-OSS-20B,Graded TFT,104,39,0.0,0.0,55.36984375
gpt_oss_20b__vs__graded_tft__seed104,GPT-OSS-20B,Graded TFT,104,40,0.0,0.0,55.36984375
gpt_oss_20b__vs__graded_tft__seed104,GPT-OSS-20B,Graded TFT,104,41,0.0,4.5,59.86984375
gpt_oss_20b__vs__graded_tft__seed104,GPT-OSS-20B,Graded TFT,104,42,0.0,2.25,62.11984375
gpt_oss_20b__vs__graded_tft__seed104,GPT-OSS-20B,Graded TFT,104,43,0.0,0.0,62.11984375
gpt_oss_20b__vs__graded_tft__seed104,GPT-OSS-20B,Graded TFT,104,44,0.0,0.0,62.11984375
gpt_oss_20b__vs__graded_tft__seed104,GPT-OSS-20B,Graded TFT,104,45,0.0,0.0,62.11984375
gpt_oss_20b__vs__graded_tft__seed104,GPT-OSS-20B,Graded TFT,104,46,0.0,0.0,62.11984375
gpt_oss_20b__vs__graded_tft__seed104,GPT-OSS-20B,Graded TFT,104,47,0.0,0.0,62.11984375
gpt_oss_20b__vs__graded_tft__seed104,GPT-OSS-20B,Graded TFT,104,48,0.0,0.0,62.11984375
gpt_oss_20b__vs__graded_tft__seed104,GPT-OSS-20B,Graded TFT,104,49,0.0,0.0,62.11984375
gpt_oss_20b__vs__graded_tft__seed104,GPT-OSS-20B,Graded TFT,104,50,0.0,2.25,64.36984375
gpt_oss_20b__vs__graded_tft__seed105,GPT-OSS-20B,Graded TFT,105,1,0.0,12.0,12.0
gpt_oss_20b__vs__graded_tft__seed105,GPT-OSS-20B,Graded TFT,105,2,0.0,5.99125,17.99125
gpt_oss_20b__vs__graded_tft__seed105,GPT-OSS-20B,Graded TFT,105,3,0.0,2.9803125,20.9715625
gpt_oss_20b__vs__graded_tft__seed105,GPT-OSS-20B,Graded TFT,105,4,0.0,0.0,20.9715625
gpt_oss_20b__vs__graded_tft__seed105,GPT-OSS-20B,Graded TFT,105,5,0.0,0.0,20.9715625
gpt_oss_20b__vs__graded_tft__seed105,GPT-OSS-20B,Graded TFT,105,6,0.0,0.0,20.9715625
gpt_oss_20b__vs__graded_tft__seed105,GPT-OSS-20B,Graded TFT,105,7,0.0,0.0,20.9715625
gpt_oss_20b__vs__graded_tft__seed105,GPT-OSS-20B,Graded TFT,105,8,0.0,0.0,20.9715625
gpt_oss_20b__vs__graded_tft__seed105,GPT-OSS-20B,Graded TFT,105,9,0.0,0.0,20.9715625
gpt_oss_20b__vs__graded_tft__seed105,GPT-OSS-20B,Graded TFT,105,10,0.0,0.0,20.9715625
gpt_oss_20b__vs__graded_tft__seed105,GPT-OSS-20B,Graded TFT,105,11,0.0,0.0,20.9715625
gpt_oss_20b__vs__graded_tft__seed105,GPT-OSS-20B,Graded TFT,105,12,0.0,0.0,20.9715625
gpt_oss_20b__vs__graded_tft__seed105,GPT-OSS-20B,Graded TFT,105,13,0.0,0.0,20.9715625
gpt_oss_20b__vs__graded_tft__seed105,GPT-OSS-20B,Graded TFT,105,14,0.0,0.0,20.9715625
gpt_oss_20b__vs__graded_tft__seed105,GPT-OSS-20B,Graded TFT,105,15,0.0,0.0,20.9715625
gpt_oss_20b__vs__graded_tft__seed105,GPT-OSS-20B,Graded TFT,105,16,0.0,0.0,20.9715625
gpt_oss_20b__vs__graded_tft__seed105,GPT-OSS-20B,Graded TFT,105,17,0.0,0.0,20.9715625
gpt_oss_20b__vs__graded_tft__seed105,GPT-OSS-20B,Graded TFT,105,18,0.0,0.0,20.9715625
gpt_oss_20b__vs__graded_tft__seed105,GPT-OSS-20B,Graded TFT,105,19,0.0,0.0,20.9715625
gpt_oss_20b__vs__graded_tft__seed105,GPT-OSS-20B,Graded TFT,105,20,0.0,0.0,20.9715625
gpt_oss_20b__vs__graded_tft__seed105,GPT-OSS-20B,Graded TFT,105,21,0.0,0.0,20.9715625
gpt_oss_20b__vs__graded_tft__seed105,GPT-OSS-20B,Graded TFT,105,22,0.0,0.0,20.9715625
gpt_oss_20b__vs__graded_tft__seed105,GPT-OSS-20B,Graded TFT,105,23,0.0,0.0,20.9715625
gpt_oss_20b__vs__graded_tft__seed105,GPT-OSS-20B,Graded TFT,105,24,0.0,0.0,20.9715625
gpt_oss_20b__vs__graded_tft__seed105,GPT-OSS-20B,Graded TFT,105,25,0.0,0.0,20.9715625
gpt_oss_20b__vs__graded_tft__seed105,GPT-OSS-20B,Graded TFT,105,26,0.0,0.0,20.9715625
gpt_oss_20b__vs__graded_tft__seed105,GPT-OSS-20B,Graded TFT,105,27,0.0,0.0,20.9715625
gpt_oss_20b__vs__graded_tft__seed105,GPT-OSS-20B,Graded TFT,105,28,0.0,0.0,20.9715625
gpt_oss_20b__vs__graded_tft__seed105,GPT-OSS-20B,Graded TFT,105,29,0.0,0.0,20.9715625
gpt_oss_20b__vs__graded_tft__seed105,GPT-OSS-20B,Graded TFT,105,30,0.0,0.0,20.9715625
gpt_oss_20b__vs__graded_tft__seed105,GPT-OSS-20B,Graded TFT,105,31,0.0,4.5,25.4715625
gpt_oss_20b__vs__graded_tft__seed105,GPT-OSS-20B,Graded TFT,105,32,0.0,2.25,27.7215625
gpt_oss_20b__vs__graded_tft__seed105,GPT-OSS-20B,Graded TFT,105,33,0.0,0.0,27.7215625
gpt_oss_20b__vs__graded_tft__seed105,GPT-OSS-20B,Graded TFT,105,34,0.0,0.0,27.7215625
gpt_oss_20b__vs__graded_tft__seed105,GPT-OSS-20B,Graded TFT,105,35,0.0,4.5,32.221562500000005
gpt_oss_20b__vs__graded_tft__seed105,GPT-OSS-20B,Graded TFT,105,36,0.0,2.25,34.471562500000005
gpt_oss_20b__vs__graded_tft__seed105,GPT-OSS-20B,Graded TFT,105,37,0.0,0.0,34.471562500000005
gpt_oss_20b__vs__graded_tft__seed105,GPT-OSS-20B,Graded TFT,105,38,0.0,0.0,34.471562500000005
gpt_oss_20b__vs__graded_tft__seed105,GPT-OSS-20B,Graded TFT,105,39,0.0,0.0,34.471562500000005
gpt_oss_20b__vs__graded_tft__seed105,GPT-OSS-20B,Graded TFT,105,40,0.0,0.0,34.471562500000005
gpt_oss_20b__vs__graded_tft__seed105,GPT-OSS-20B,Graded TFT,105,41,0.0,0.0,34.471562500000005
gpt_oss_20b__vs__graded_tft__seed105,GPT-OSS-20B,Graded TFT,105,42,0.0,0.0,34.471562500000005
gpt_oss_20b__vs__graded_tft__seed105,GPT-OSS-20B,Graded TFT,105,43,0.0,4.5,38.971562500000005
gpt_oss_20b__vs__graded_tft__seed105,GPT-OSS-20B,Graded TFT,105,44,0.0,2.25,41.221562500000005
gpt_oss_20b__vs__graded_tft__seed105,GPT-OSS-20B,Graded TFT,105,45,0.0,0.0,41.221562500000005
gpt_oss_20b__vs__graded_tft__seed105,GPT-OSS-20B,Graded TFT,105,46,0.0,0.0,41.221562500000005
gpt_oss_20b__vs__graded_tft__seed105,GPT-OSS-20B,Graded TFT,105,47,0.0,0.0,41.221562500000005
gpt_oss_20b__vs__graded_tft__seed105,GPT-OSS-20B,Graded TFT,105,48,0.0,0.0,41.221562500000005
gpt_oss_20b__vs__graded_tft__seed105,GPT-OSS-20B,Graded TFT,105,49,0.0,0.0,41.221562500000005
gpt_oss_20b__vs__graded_tft__seed105,GPT-OSS-20B,Graded TFT,105,50,0.0,4.5,45.721562500000005
gpt_oss_20b__vs__grim_trigger__seed101,GPT-OSS-20B,Grim Trigger,101,1,0.0,0.0,0.0
gpt_oss_20b__vs__grim_trigger__seed101,GPT-OSS-20B,Grim Trigger,101,2,0.0,0.0,0.0
gpt_oss_20b__vs__grim_trigger__seed101,GPT-OSS-20B,Grim Trigger,101,3,0.0,0.0,0.0
gpt_oss_20b__vs__grim_trigger__seed101,GPT-OSS-20B,Grim Trigger,101,4,0.0,0.0,0.0
gpt_oss_20b__vs__grim_trigger__seed101,GPT-OSS-20B,Grim Trigger,101,5,0.0,0.0,0.0
gpt_oss_20b__vs__grim_trigger__seed101,GPT-OSS-20B,Grim Trigger,101,6,0.0,0.0,0.0
gpt_oss_20b__vs__grim_trigger__seed101,GPT-OSS-20B,Grim Trigger,101,7,0.0,0.0,0.0
gpt_oss_20b__vs__grim_trigger__seed101,GPT-OSS-20B,Grim Trigger,101,8,0.0,0.0,0.0
gpt_oss_20b__vs__grim_trigger__seed101,GPT-OSS-20B,Grim Trigger,101,9,0.0,0.0,0.0
gpt_oss_20b__vs__grim_trigger__seed101,GPT-OSS-20B,Grim Trigger,101,10,0.0,0.0,0.0
gpt_oss_20b__vs__grim_trigger__seed101,GPT-OSS-20B,Grim Trigger,101,11,0.0,0.0,0.0
gpt_oss_20b__vs__grim_trigger__seed101,GPT-OSS-20B,Grim Trigger,101,12,0.0,0.0,0.0
gpt_oss_20b__vs__grim_trigger__seed101,GPT-OSS-20B,Grim Trigger,101,13,0.0,0.0,0.0
gpt_oss_20b__vs__grim_trigger__seed101,GPT-OSS-20B,Grim Trigger,101,14,0.0,0.0,0.0
gpt_oss_20b__vs__grim_trigger__seed101,GPT-OSS-20B,Grim Trigger,101,15,0.0,0.0,0.0
gpt_oss_20b__vs__grim_trigger__seed101,GPT-OSS-20B,Grim Trigger,101,16,0.0,0.0,0.0
gpt_oss_20b__vs__grim_trigger__seed101,GPT-OSS-20B,Grim Trigger,101,17,0.0,0.0,0.0
gpt_oss_20b__vs__grim_trigger__seed101,GPT-OSS-20B,Grim Trigger,101,18,0.0,0.0,0.0
gpt_oss_20b__vs__grim_trigger__seed101,GPT-OSS-20B,Grim Trigger,101,19,0.0,0.0,0.0
gpt_oss_20b__vs__grim_trigger__seed101,GPT-OSS-20B,Grim Trigger,101,20,0.0,0.0,0.0
gpt_oss_20b__vs__grim_trigger__seed101,GPT-OSS-20B,Grim Trigger,101,21,0.0,0.0,0.0
gpt_oss_20b__vs__grim_trigger__seed101,GPT-OSS-20B,Grim Trigger,101,22,0.0,0.0,0.0
gpt_oss_20b__vs__grim_trigger__seed101,GPT-OSS-20B,Grim Trigger,101,23,0.0,0.0,0.0
gpt_oss_20b__vs__grim_trigger__seed101,GPT-OSS-20B,Grim Trigger,101,24,0.0,0.0,0.0
gpt_oss_20b__vs__grim_trigger__seed101,GPT-OSS-20B,Grim Trigger,101,25,0.0,0.0,0.0
gpt_oss_20b__vs__grim_trigger__seed101,GPT-OSS-20B,Grim Trigger,101,26,0.0,0.0,0.0
gpt_oss_20b__vs__grim_trigger__seed101,GPT-OSS-20B,Grim Trigger,101,27,0.0,0.0,0.0
gpt_oss_20b__vs__grim_trigger__seed101,GPT-OSS-20B,Grim Trigger,101,28,0.0,0.0,0.0
gpt_oss_20b__vs__grim_trigger__seed101,GPT-OSS-20B,Grim Trigger,101,29,0.0,0.0,0.0
gpt_oss_20b__vs__grim_trigger__seed101,GPT-OSS-20B,Grim Trigger,101,30,0.0,0.0,0.0
gpt_oss_20b__vs__grim_trigger__seed101,GPT-OSS-20B,Grim Trigger,101,31,0.0,0.0,0.0
gpt_oss_20b__vs__grim_trigger__seed101,GPT-OSS-20B,Grim Trigger,101,32,0.0,0.0,0.0
gpt_oss_20b__vs__grim_trigger__seed101,GPT-OSS-20B,Grim Trigger,101,33,0.0,0.0,0.0
gpt_oss_20b__vs__grim_trigger__seed101,GPT-OSS-20B,Grim Trigger,101,34,0.0,0.0,0.0
gpt_oss_20b__vs__grim_trigger__seed101,GPT-OSS-20B,Grim Trigger,101,35,0.0,0.0,0.0
gpt_oss_20b__vs__grim_trigger__seed101,GPT-OSS-20B,Grim Trigger,101,36,0.0,0.0,0.0
gpt_oss_20b__vs__grim_trigger__seed101,GPT-OSS-20B,Grim Trigger,101,37,0.0,0.0,0.0
gpt_oss_20b__vs__grim_trigger__seed101,GPT-OSS-20B,Grim Trigger,101,38,0.0,0.0,0.0
gpt_oss_20b__vs__grim_trigger__seed101,GPT-OSS-20B,Grim Trigger,101,39,0.0,0.0,0.0
gpt_oss_20b__vs__grim_trigger__seed101,GPT-OSS-20B,Grim Trigger,101,40,0.0,0.0,0.0
gpt_oss_20b__vs__grim_trigger__seed101,GPT-OSS-20B,Grim Trigger,101,41,0.0,0.0,0.0
gpt_oss_20b__vs__grim_trigger__seed101,GPT-OSS-20B,Grim Trigger,101,42,0.0,0.0,0.0
gpt_oss_20b__vs__grim_trigger__seed101,GPT-OSS-20B,Grim Trigger,101,43,0.0,0.0,0.0
gpt_oss_20b__vs__grim_trigger__seed101,GPT-OSS-20B,Grim Trigger,101,44,0.0,0.0,0.0
gpt_oss_20b__vs__grim_trigger__seed101,GPT-OSS-20B,Grim Trigger,101,45,0.0,0.0,0.0
gpt_oss_20b__vs__grim_trigger__seed101,GPT-OSS-20B,Grim Trigger,101,46,0.0,0.0,0.0
gpt_oss_20b__vs__grim_trigger__seed101,GPT-OSS-20B,Grim Trigger,101,47,0.0,0.0,0.0
gpt_oss_20b__vs__grim_trigger__seed101,GPT-OSS-20B,Grim Trigger,101,48,0.0,0.0,0.0
gpt_oss_20b__vs__grim_trigger__seed101,GPT-OSS-20B,Grim Trigger,101,49,0.0,0.0,0.0
gpt_oss_20b__vs__grim_trigger__seed101,GPT-OSS-20B,Grim Trigger,101,50,0.0,0.0,0.0
gpt_oss_20b__vs__grim_trigger__seed102,GPT-OSS-20B,Grim Trigger,102,1,0.0,0.0,0.0
gpt_oss_20b__vs__grim_trigger__seed102,GPT-OSS-20B,Grim Trigger,102,2,0.0,0.0,0.0
gpt_oss_20b__vs__grim_trigger__seed102,GPT-OSS-20B,Grim Trigger,102,3,0.0,0.0,0.0
gpt_oss_20b__vs__grim_trigger__seed102,GPT-OSS-20B,Grim Trigger,102,4,0.0,0.0,0.0
gpt_oss_20b__vs__grim_trigger__seed102,GPT-OSS-20B,Grim Trigger,102,5,0.0,0.0,0.0
gpt_oss_20b__vs__grim_trigger__seed102,GPT-OSS-20B,Grim Trigger,102,6,0.0,0.0,0.0
gpt_oss_20b__vs__grim_trigger__seed102,GPT-OSS-20B,Grim Trigger,102,7,0.0,0.0,0.0
gpt_oss_20b__vs__grim_trigger__seed102,GPT-OSS-20B,Grim Trigger,102,8,0.0,0.0,0.0
gpt_oss_20b__vs__grim_trigger__seed102,GPT-OSS-20B,Grim Trigger,102,9,0.0,0.0,0.0
gpt_oss_20b__vs__grim_trigger__seed102,GPT-OSS-20B,Grim Trigger,102,10,0.0,0.0,0.0
gpt_oss_20b__vs__grim_trigger__seed102,GPT-OSS-20B,Grim Trigger,102,11,0.0,0.0,0.0
gpt_oss_20b__vs__grim_trigger__seed102,GPT-OSS-20B,Grim Trigger,102,12,0.0,0.0,0.0
gpt_oss_20b__vs__grim_trigger__seed102,GPT-OSS-20B,Grim Trigger,102,13,0.0,0.0,0.0
gpt_oss_20b__vs__grim_trigger__seed102,GPT-OSS-20B,Grim Trigger,102,14,0.0,0.0,0.0
gpt_oss_20b__vs__grim_trigger__seed102,GPT-OSS-20B,Grim Trigger,102,15,0.0,0.0,0.0
gpt_oss_20b__vs__grim_trigger__seed102,GPT-OSS-20B,Grim Trigger,102,16,0.0,0.0,0.0
gpt_oss_20b__vs__grim_trigger__seed102,GPT-OSS-20B,Grim Trigger,102,17,0.0,0.0,0.0
gpt_oss_20b__vs__grim_trigger__seed102,GPT-OSS-20B,Grim Trigger,102,18,0.0,0.0,0.0
gpt_oss_20b__vs__grim_trigger__seed102,GPT-OSS-20B,Grim Trigger,102,19,0.0,0.0,0.0
gpt_oss_20b__vs__grim_trigger__seed102,GPT-OSS-20B,Grim Trigger,102,20,0.0,0.0,0.0
gpt_oss_20b__vs__grim_trigger__seed102,GPT-OSS-20B,Grim Trigger,102,21,0.0,0.0,0.0
gpt_oss_20b__vs__grim_trigger__seed102,GPT-OSS-20B,Grim Trigger,102,22,0.0,0.0,0.0
gpt_oss_20b__vs__grim_trigger__seed102,GPT-OSS-20B,Grim Trigger,102,23,0.0,0.0,0.0
gpt_oss_20b__vs__grim_trigger__seed102,GPT-OSS-20B,Grim Trigger,102,24,0.0,0.0,0.0
gpt_oss_20b__vs__grim_trigger__seed102,GPT-OSS-20B,Grim Trigger,102,25,0.0,0.0,0.0
gpt_oss_20b__vs__grim_trigger__seed102,GPT-OSS-20B,Grim Trigger,102,26,0.0,0.0,0.0
gpt_oss_20b__vs__grim_trigger__seed102,GPT-OSS-20B,Grim Trigger,102,27,0.0,0.0,0.0
gpt_oss_20b__vs__grim_trigger__seed102,GPT-OSS-20B,Grim Trigger,102,28,0.0,0.0,0.0
gpt_oss_20b__vs__grim_trigger__seed102,GPT-OSS-20B,Grim Trigger,102,29,0.0,0.0,0.0
gpt_oss_20b__vs__grim_trigger__seed102,GPT-OSS-20B,Grim Trigger,102,30,0.0,0.0,0.0
gpt_oss_20b__vs__grim_trigger__seed102,GPT-OSS-20B,Grim Trigger,102,31,0.0,0.0,0.0
gpt_oss_20b__vs__grim_trigger__seed102,GPT-OSS-20B,Grim Trigger,102,32,0.0,0.0,0.0
gpt_oss_20b__vs__grim_trigger__seed102,GPT-OSS-20B,Grim Trigger,102,33,0.0,0.0,0.0
gpt_oss_20b__vs__grim_trigger__seed102,GPT-OSS-20B,Grim Trigger,102,34,0.0,0.0,0.0
gpt_oss_20b__vs__grim_trigger__seed102,GPT-OSS-20B,Grim Trigger,102,35,0.0,0.0,0.0
gpt_oss_20b__vs__grim_trigger__seed102,GPT-OSS-20B,Grim Trigger,102,36,0.0,0.0,0.0
gpt_oss_20b__vs__grim_trigger__seed102,GPT-OSS-20B,Grim Trigger,102,37,0.0,0.0,0.0
gpt_oss_20b__vs__grim_trigger__seed102,GPT-OSS-20B,Grim Trigger,102,38,0.0,0.0,0.0
gpt_oss_20b__vs__grim_trigger__seed102,GPT-OSS-20B,Grim Trigger,102,39,0.0,0.0,0.0
gpt_oss_20b__vs__grim_trigger__seed102,GPT-OSS-20B,Grim Trigger,102,40,0.0,0.0,0.0
gpt_oss_20b__vs__grim_trigger__seed102,GPT-OSS-20B,Grim Trigger,102,41,0.0,0.0,0.0
gpt_oss_20b__vs__grim_trigger__seed102,GPT-OSS-20B,Grim Trigger,102,42,0.0,0.0,0.0
gpt_oss_20b__vs__grim_trigger__seed102,GPT-OSS-20B,Grim Trigger,102,43,0.0,0.0,0.0
gpt_oss_20b__vs__grim_trigger__seed102,GPT-OSS-20B,Grim Trigger,102,44,0.0,0.0,0.0
gpt_oss_20b__vs__grim_trigger__seed102,GPT-OSS-20B,Grim Trigger,102,45,0.0,0.0,0.0
gpt_oss_20b__vs__grim_trigger__seed102,GPT-OSS-20B,Grim Trigger,102,46,0.0,0.0,0.0
gpt_oss_20b__vs__grim_trigger__seed102,GPT-OSS-20B,Grim Trigger,102,47,0.0,0.0,0.0
gpt_oss_20b__vs__grim_trigger__seed102,GPT-OSS-20B,Grim Trigger,102,48,0.0,0.0,0.0
gpt_oss_20b__vs__grim_trigger__seed102,GPT-OSS-20B,Grim Trigger,102,49,0.0,0.0,0.0
gpt_oss_20b__vs__grim_trigger__seed102,GPT-OSS-20B,Grim Trigger,102,50,0.0,0.0,0.0
gpt_oss_20b__vs__grim_trigger__seed103,GPT-OSS-20B,Grim Trigger,103,1,0.0,0.0,0.0
gpt_oss_20b__vs__grim_trigger__seed103,GPT-OSS-20B,Grim Trigger,103,2,0.0,0.0,0.0
gpt_oss_20b__vs__grim_trigger__seed103,GPT-OSS-20B,Grim Trigger,103,3,0.0,0.0,0.0
gpt_oss_20b__vs__grim_trigger__seed103,GPT-OSS-20B,Grim Trigger,103,4,0.0,0.0,0.0
gpt_oss_20b__vs__grim_trigger__seed103,GPT-OSS-20B,Grim Trigger,103,5,0.0,0.0,0.0
gpt_oss_20b__vs__grim_trigger__seed103,GPT-OSS-20B,Grim Trigger,103,6,0.0,0.0,0.0
gpt_oss_20b__vs__grim_trigger__seed103,GPT-OSS-20B,Grim Trigger,103,7,0.0,0.0,0.0
gpt_oss_20b__vs__grim_trigger__seed103,GPT-OSS-20B,Grim Trigger,103,8,0.0,0.0,0.0
gpt_oss_20b__vs__grim_trigger__seed103,GPT-OSS-20B,Grim Trigger,103,9,0.0,0.0,0.0
gpt_oss_20b__vs__grim_trigger__seed103,GPT-OSS-20B,Grim Trigger,103,10,0.0,0.0,0.0
gpt_oss_20b__vs__grim_trigger__seed103,GPT-OSS-20B,Grim Trigger,103,11,0.0,0.0,0.0
gpt_oss_20b__vs__grim_trigger__seed103,GPT-OSS-20B,Grim Trigger,103,12,0.0,0.0,0.0
gpt_oss_20b__vs__grim_trigger__seed103,GPT-OSS-20B,Grim Trigger,103,13,0.0,0.0,0.0
gpt_oss_20b__vs__grim_trigger__seed103,GPT-OSS-20B,Grim Trigger,103,14,0.0,0.0,0.0
gpt_oss_20b__vs__grim_trigger__seed103,GPT-OSS-20B,Grim Trigger,103,15,0.0,0.0,0.0
gpt_oss_20b__vs__grim_trigger__seed103,GPT-OSS-20B,Grim Trigger,103,16,0.0,0.0,0.0
gpt_oss_20b__vs__grim_trigger__seed103,GPT-OSS-20B,Grim Trigger,103,17,0.0,0.0,0.0
gpt_oss_20b__vs__grim_trigger__seed103,GPT-OSS-20B,Grim Trigger,103,18,0.0,0.0,0.0
gpt_oss_20b__vs__grim_trigger__seed103,GPT-OSS-20B,Grim Trigger,103,19,0.0,0.0,0.0
gpt_oss_20b__vs__grim_trigger__seed103,GPT-OSS-20B,Grim Trigger,103,20,0.0,0.0,0.0
gpt_oss_20b__vs__grim_trigger__seed103,GPT-OSS-20B,Grim Trigger,103,21,0.0,0.0,0.0
gpt_oss_20b__vs__grim_trigger__seed103,GPT-OSS-20B,Grim Trigger,103,22,0.0,0.0,0.0
gpt_oss_20b__vs__grim_trigger__seed103,GPT-OSS-20B,Grim Trigger,103,23,0.0,0.0,0.0
gpt_oss_20b__vs__grim_trigger__seed103,GPT-OSS-20B,Grim Trigger,103,24,0.0,0.0,0.0
gpt_oss_20b__vs__grim_trigger__seed103,GPT-OSS-20B,Grim Trigger,103,25,0.0,0.0,0.0
gpt_oss_20b__vs__grim_trigger__seed103,GPT-OSS-20B,Grim Trigger,103,26,0.0,0.0,0.0
gpt_oss_20b__vs__grim_trigger__seed103,GPT-OSS-20B,Grim Trigger,103,27,0.0,0.0,0.0
gpt_oss_20b__vs__grim_trigger__seed103,GPT-OSS-20B,Grim Trigger,103,28,0.0,0.0,0.0
gpt_oss_20b__vs__grim_trigger__seed103,GPT-OSS-20B,Grim Trigger,103,29,0.0,0.0,0.0
gpt_oss_20b__vs__grim_trigger__seed103,GPT-OSS-20B,Grim Trigger,103,30,0.0,0.0,0.0
gpt_oss_20b__vs__grim_trigger__seed103,GPT-OSS-20B,Grim Trigger,103,31,0.0,0.0,0.0
gpt_oss_20b__vs__grim_trigger__seed103,GPT-OSS-20B,Grim Trigger,103,32,0.0,0.0,0.0
gpt_oss_20b__vs__grim_trigger__seed103,GPT-OSS-20B,Grim Trigger,103,33,0.0,0.0,0.0
gpt_oss_20b__vs__grim_trigger__seed103,GPT-OSS-20B,Grim Trigger,103,34,0.0,0.0,0.0
gpt_oss_20b__vs__grim_trigger__seed103,GPT-OSS-20B,Grim Trigger,103,35,0.0,0.0,0.0
gpt_oss_20b__vs__grim_trigger__seed103,GPT-OSS-20B,Grim Trigger,103,36,0.0,0.0,0.0
gpt_oss_20b__vs__grim_trigger__seed103,GPT-OSS-20B,Grim Trigger,103,37,0.0,0.0,0.0
gpt_oss_20b__vs__grim_trigger__seed103,GPT-OSS-20B,Grim Trigger,103,38,0.0,0.0,0.0
gpt_oss_20b__vs__grim_trigger__seed103,GPT-OSS-20B,Grim Trigger,103,39,0.0,0.0,0.0
gpt_oss_20b__vs__grim_trigger__seed103,GPT-OSS-20B,Grim Trigger,103,40,0.0,0.0,0.0
gpt_oss_20b__vs__grim_trigger__seed103,GPT-OSS-20B,Grim Trigger,103,41,0.0,0.0,0.0
gpt_oss_20b__vs__grim_trigger__seed103,GPT-OSS-20B,Grim Trigger,103,42,0.0,0.0,0.0
gpt_oss_20b__vs__grim_trigger__seed103,GPT-OSS-20B,Grim Trigger,103,43,0.0,0.0,0.0
gpt_oss_20b__vs__grim_trigger__seed103,GPT-OSS-20B,Grim Trigger,103,44,0.0,0.0,0.0
gpt_oss_20b__vs__grim_trigger__seed103,GPT-OSS-20B,Grim Trigger,103,45,0.0,0.0,0.0
gpt_oss_20b__vs__grim_trigger__seed103,GPT-OSS-20B,Grim Trigger,103,46,0.0,0.0,0.0
gpt_oss_20b__vs__grim_trigger__seed103,GPT-OSS-20B,Grim Trigger,103,47,0.0,0.0,0.0
gpt_oss_20b__vs__grim_trigger__seed103,GPT-OSS-20B,Grim Trigger,103,48,0.0,0.0,0.0
gpt_oss_20b__vs__grim_trigger__seed103,GPT-OSS-20B,Grim Trigger,103,49,0.0,0.0,0.0
gpt_oss_20b__vs__grim_trigger__seed103,GPT-OSS-20B,Grim Trigger,103,50,0.0,0.0,0.0
gpt_oss_20b__vs__grim_trigger__seed104,GPT-OSS-20B,Grim Trigger,104,1,0.0,0.0,0.0
gpt_oss_20b__vs__grim_trigger__seed104,GPT-OSS-20B,Grim Trigger,104,2,0.0,0.0,0.0
gpt_oss_20b__vs__grim_trigger__seed104,GPT-OSS-20B,Grim Trigger,104,3,0.0,0.0,0.0
gpt_oss_20b__vs__grim_trigger__seed104,GPT-OSS-20B,Grim Trigger,104,4,0.0,0.0,0.0
gpt_oss_20b__vs__grim_trigger__seed104,GPT-OSS-20B,Grim Trigger,104,5,0.0,0.0,0.0
gpt_oss_20b__vs__grim_trigger__seed104,GPT-OSS-20B,Grim Trigger,104,6,0.0,0.0,0.0
gpt_oss_20b__vs__grim_trigger__seed104,GPT-OSS-20B,Grim Trigger,104,7,0.0,0.0,0.0
gpt_oss_20b__vs__grim_trigger__seed104,GPT-OSS-20B,Grim Trigger,104,8,0.0,0.0,0.0
gpt_oss_20b__vs__grim_trigger__seed104,GPT-OSS-20B,Grim Trigger,104,9,0.0,0.0,0.0
gpt_oss_20b__vs__grim_trigger__seed104,GPT-OSS-20B,Grim Trigger,104,10,0.0,0.0,0.0
gpt_oss_20b__vs__grim_trigger__seed104,GPT-OSS-20B,Grim Trigger,104,11,0.0,0.0,0.0
gpt_oss_20b__vs__grim_trigger__seed104,GPT-OSS-20B,Grim Trigger,104,12,0.0,0.0,0.0
gpt_oss_20b__vs__grim_trigger__seed104,GPT-OSS-20B,Grim Trigger,104,13,0.0,0.0,0.0
gpt_oss_20b__vs__grim_trigger__seed104,GPT-OSS-20B,Grim Trigger,104,14,0.0,0.0,0.0
gpt_oss_20b__vs__grim_trigger__seed104,GPT-OSS-20B,Grim Trigger,104,15,0.0,0.0,0.0
gpt_oss_20b__vs__grim_trigger__seed104,GPT-OSS-20B,Grim Trigger,104,16,0.0,0.0,0.0
gpt_oss_20b__vs__grim_trigger__seed104,GPT-OSS-20B,Grim Trigger,104,17,0.0,0.0,0.0
gpt_oss_20b__vs__grim_trigger__seed104,GPT-OSS-20B,Grim Trigger,104,18,0.0,0.0,0.0
gpt_oss_20b__vs__grim_trigger__seed104,GPT-OSS-20B,Grim Trigger,104,19,0.0,0.0,0.0
gpt_oss_20b__vs__grim_trigger__seed104,GPT-OSS-20B,Grim Trigger,104,20,0.0,0.0,0.0
gpt_oss_20b__vs__grim_trigger__seed104,GPT-OSS-20B,Grim Trigger,104,21,0.0,0.0,0.0
gpt_oss_20b__vs__grim_trigger__seed104,GPT-OSS-20B,Grim Trigger,104,22,0.0,0.0,0.0
gpt_oss_20b__vs__grim_trigger__seed104,GPT-OSS-20B,Grim Trigger,104,23,0.0,0.0,0.0
gpt_oss_20b__vs__grim_trigger__seed104,GPT-OSS-20B,Grim Trigger,104,24,0.0,0.0,0.0
gpt_oss_20b__vs__grim_trigger__seed104,GPT-OSS-20B,Grim Trigger,104,25,0.0,0.0,0.0
gpt_oss_20b__vs__grim_trigger__seed104,GPT-OSS-20B,Grim Trigger,104,26,0.0,0.0,0.0
gpt_oss_20b__vs__grim_trigger__seed104,GPT-OSS-20B,Grim Trigger,104,27,0.0,0.0,0.0
gpt_oss_20b__vs__grim_trigger__seed104,GPT-OSS-20B,Grim Trigger,104,28,0.0,0.0,0.0
gpt_oss_20b__vs__grim_trigger__seed104,GPT-OSS-20B,Grim Trigger,104,29,0.0,0.0,0.0
gpt_oss_20b__vs__grim_trigger__seed104,GPT-OSS-20B,Grim Trigger,104,30,0.0,0.0,0.0
gpt_oss_20b__vs__grim_trigger__seed104,GPT-OSS-20B,Grim Trigger,104,31,0.0,0.0,0.0
gpt_oss_20b__vs__grim_trigger__seed104,GPT-OSS-20B,Grim Trigger,104,32,0.0,0.0,0.0
gpt_oss_20b__vs__grim_trigger__seed104,GPT-OSS-20B,Grim Trigger,104,33,0.0,0.0,0.0
gpt_oss_20b__vs__grim_trigger__seed104,GPT-OSS-20B,Grim Trigger,104,34,0.0,0.0,0.0
gpt_oss_20b__vs__grim_trigger__seed104,GPT-OSS-20B,Grim Trigger,104,35,0.0,0.0,0.0
gpt_oss_20b__vs__grim_trigger__seed104,GPT-OSS-20B,Grim Trigger,104,36,0.0,0.0,0.0
gpt_oss_20b__vs__grim_trigger__seed104,GPT-OSS-20B,Grim Trigger,104,37,0.0,0.0,0.0
gpt_oss_20b__vs__grim_trigger__seed104,GPT-OSS-20B,Grim Trigger,104,38,0.0,0.0,0.0
gpt_oss_20b__vs__grim_trigger__seed104,GPT-OSS-20B,Grim Trigger,104,39,0.0,0.0,0.0
gpt_oss_20b__vs__grim_trigger__seed104,GPT-OSS-20B,Grim Trigger,104,40,0.0,0.0,0.0
gpt_oss_20b__vs__grim_trigger__seed104,GPT-OSS-20B,Grim Trigger,104,41,0.0,0.0,0.0
gpt_oss_20b__vs__grim_trigger__seed104,GPT-OSS-20B,Grim Trigger,104,42,0.0,0.0,0.0
gpt_oss_20b__vs__grim_trigger__seed104,GPT-OSS-20B,Grim Trigger,104,43,0.0,0.0,0.0
gpt_oss_20b__vs__grim_trigger__seed104,GPT-OSS-20B,Grim Trigger,104,44,0.0,0.0,0.0
gpt_oss_20b__vs__grim_trigger__seed104,GPT-OSS-20B,Grim Trigger,104,45,0.0,0.0,0.0
gpt_oss_20b__vs__grim_trigger__seed104,GPT-OSS-20B,Grim Trigger,104,46,0.0,0.0,0.0
gpt_oss_20b__vs__grim_trigger__seed104,GPT-OSS-20B,Grim Trigger,104,47,0.0,0.0,0.0
gpt_oss_20b__vs__grim_trigger__seed104,GPT-OSS-20B,Grim Trigger,104,48,0.0,0.0,0.0
gpt_oss_20b__vs__grim_trigger__seed104,GPT-OSS-20B,Grim Trigger,104,49,0.0,0.0,0.0
gpt_oss_20b__vs__grim_trigger__seed104,GPT-OSS-20B,Grim Trigger,104,50,0.0,0.0,0.0
gpt_oss_20b__vs__grim_trigger__seed105,GPT-OSS-20B,Grim Trigger,105,1,0.0,0.0,0.0
gpt_oss_20b__vs__grim_trigger__seed105,GPT-OSS-20B,Grim Trigger,105,2,0.0,0.0,0.0
gpt_oss_20b__vs__grim_trigger__seed105,GPT-OSS-20B,Grim Trigger,105,3,0.0,0.0,0.0
gpt_oss_20b__vs__grim_trigger__seed105,GPT-OSS-20B,Grim Trigger,105,4,0.0,0.0,0.0
gpt_oss_20b__vs__grim_trigger__seed105,GPT-OSS-20B,Grim Trigger,105,5,0.0,0.0,0.0
gpt_oss_20b__vs__grim_trigger__seed105,GPT-OSS-20B,Grim Trigger,105,6,0.0,0.0,0.0
gpt_oss_20b__vs__grim_trigger__seed105,GPT-OSS-20B,Grim Trigger,105,7,0.0,0.0,0.0
gpt_oss_20b__vs__grim_trigger__seed105,GPT-OSS-20B,Grim Trigger,105,8,0.0,0.0,0.0
gpt_oss_20b__vs__grim_trigger__seed105,GPT-OSS-20B,Grim Trigger,105,9,0.0,0.0,0.0
gpt_oss_20b__vs__grim_trigger__seed105,GPT-OSS-20B,Grim Trigger,105,10,0.0,0.0,0.0
gpt_oss_20b__vs__grim_trigger__seed105,GPT-OSS-20B,Grim Trigger,105,11,0.0,0.0,0.0
gpt_oss_20b__vs__grim_trigger__seed105,GPT-OSS-20B,Grim Trigger,105,12,0.0,0.0,0.0
gpt_oss_20b__vs__grim_trigger__seed105,GPT-OSS-20B,Grim Trigger,105,13,0.0,0.0,0.0
gpt_oss_20b__vs__grim_trigger__seed105,GPT-OSS-20B,Grim Trigger,105,14,0.0,0.0,0.0
gpt_oss_20b__vs__grim_trigger__seed105,GPT-OSS-20B,Grim Trigger,105,15,0.0,0.0,0.0
gpt_oss_20b__vs__grim_trigger__seed105,GPT-OSS-20B,Grim Trigger,105,16,0.0,0.0,0.0
gpt_oss_20b__vs__grim_trigger__seed105,GPT-OSS-20B,Grim Trigger,105,17,0.0,0.0,0.0
gpt_oss_20b__vs__grim_trigger__seed105,GPT-OSS-20B,Grim Trigger,105,18,0.0,0.0,0.0
gpt_oss_20b__vs__grim_trigger__seed105,GPT-OSS-20B,Grim Trigger,105,19,0.0,0.0,0.0
gpt_oss_20b__vs__grim_trigger__seed105,GPT-OSS-20B,Grim Trigger,105,20,0.0,0.0,0.0
gpt_oss_20b__vs__grim_trigger__seed105,GPT-OSS-20B,Grim Trigger,105,21,0.0,0.0,0.0
gpt_oss_20b__vs__grim_trigger__seed105,GPT-OSS-20B,Grim Trigger,105,22,0.0,0.0,0.0
gpt_oss_20b__vs__grim_trigger__seed105,GPT-OSS-20B,Grim Trigger,105,23,0.0,0.0,0.0
gpt_oss_20b__vs__grim_trigger__seed105,GPT-OSS-20B,Grim Trigger,105,24,0.0,0.0,0.0
gpt_oss_20b__vs__grim_trigger__seed105,GPT-OSS-20B,Grim Trigger,105,25,0.0,0.0,0.0
gpt_oss_20b__vs__grim_trigger__seed105,GPT-OSS-20B,Grim Trigger,105,26,0.0,0.0,0.0
gpt_oss_20b__vs__grim_trigger__seed105,GPT-OSS-20B,Grim Trigger,105,27,0.0,0.0,0.0
gpt_oss_20b__vs__grim_trigger__seed105,GPT-OSS-20B,Grim Trigger,105,28,0.0,0.0,0.0
gpt_oss_20b__vs__grim_trigger__seed105,GPT-OSS-20B,Grim Trigger,105,29,0.0,0.0,0.0
gpt_oss_20b__vs__grim_trigger__seed105,GPT-OSS-20B,Grim Trigger,105,30,0.0,0.0,0.0
gpt_oss_20b__vs__grim_trigger__seed105,GPT-OSS-20B,Grim Trigger,105,31,0.0,0.0,0.0
gpt_oss_20b__vs__grim_trigger__seed105,GPT-OSS-20B,Grim Trigger,105,32,0.0,0.0,0.0
gpt_oss_20b__vs__grim_trigger__seed105,GPT-OSS-20B,Grim Trigger,105,33,0.0,0.0,0.0
gpt_oss_20b__vs__grim_trigger__seed105,GPT-OSS-20B,Grim Trigger,105,34,0.0,0.0,0.0
gpt_oss_20b__vs__grim_trigger__seed105,GPT-OSS-20B,Grim Trigger,105,35,0.0,0.0,0.0
gpt_oss_20b__vs__grim_trigger__seed105,GPT-OSS-20B,Grim Trigger,105,36,0.0,0.0,0.0
gpt_oss_20b__vs__grim_trigger__seed105,GPT-OSS-20B,Grim Trigger,105,37,0.0,0.0,0.0
gpt_oss_20b__vs__grim_trigger__seed105,GPT-OSS-20B,Grim Trigger,105,38,0.0,0.0,0.0
gpt_oss_20b__vs__grim_trigger__seed105,GPT-OSS-20B,Grim Trigger,105,39,0.0,0.0,0.0
gpt_oss_20b__vs__grim_trigger__seed105,GPT-OSS-20B,Grim Trigger,105,40,0.0,0.0,0.0
gpt_oss_20b__vs__grim_trigger__seed105,GPT-OSS-20B,Grim Trigger,105,41,0.0,0.0,0.0
gpt_oss_20b__vs__grim_trigger__seed105,GPT-OSS-20B,Grim Trigger,105,42,0.0,0.0,0.0
gpt_oss_20b__vs__grim_trigger__seed105,GPT-OSS-20B,Grim Trigger,105,43,0.0,0.0,0.0
gpt_oss_20b__vs__grim_trigger__seed105,GPT-OSS-20B,Grim Trigger,105,44,0.0,0.0,0.0
gpt_oss_20b__vs__grim_trigger__seed105,GPT-OSS-20B,Grim Trigger,105,45,0.0,0.0,0.0
gpt_oss_20b__vs__grim_trigger__seed105,GPT-OSS-20B,Grim Trigger,105,46,0.0,0.0,0.0
gpt_oss_20b__vs__grim_trigger__seed105,GPT-OSS-20B,Grim Trigger,105,47,0.0,0.0,0.0
gpt_oss_20b__vs__grim_trigger__seed105,GPT-OSS-20B,Grim Trigger,105,48,0.0,0.0,0.0
gpt_oss_20b__vs__grim_trigger__seed105,GPT-OSS-20B,Grim Trigger,105,49,0.0,0.0,0.0
gpt_oss_20b__vs__grim_trigger__seed105,GPT-OSS-20B,Grim Trigger,105,50,0.0,0.0,0.0
gpt_oss_20b__vs__random_uniform__seed101,GPT-OSS-20B,Random,101,1,1.0,-8.0,-8.0
gpt_oss_20b__vs__random_uniform__seed101,GPT-OSS-20B,Random,101,2,0.0,5.99125,-2.00875
gpt_oss_20b__vs__random_uniform__seed101,GPT-OSS-20B,Random,101,3,0.0,5.960625,3.9518750000000002
gpt_oss_20b__vs__random_uniform__seed101,GPT-OSS-20B,Random,101,4,0.0,11.845416666666667,15.797291666666666
gpt_oss_20b__vs__random_uniform__seed101,GPT-OSS-20B,Random,101,5,0.0,11.784166666666668,27.581458333333334
gpt_oss_20b__vs__random_uniform__seed101,GPT-OSS-20B,Random,101,6,0.0,8.79875,36.380208333333336
gpt_oss_20b__vs__random_uniform__seed101,GPT-OSS-20B,Random,101,7,0.5,4.75828125,41.13848958333334
gpt_oss_20b__vs__random_uniform__seed101,GPT-OSS-20B,Random,101,8,0.0,6.173814124390227,47.312303707723565
gpt_oss_20b__vs__random_uniform__seed101,GPT-OSS-20B,Random,101,9,0.0,0.0,47.312303707723565
gpt_oss_20b__vs__random_uniform__seed101,GPT-OSS-20B,Random,101,10,0.0,8.634531249999998,55.94683495772357
gpt_oss_20b__vs__random_uniform__seed101,GPT-OSS-20B,Random,101,11,0.0,5.722994791666666,61.66982974939023
gpt_oss_20b__vs__random_uniform__seed101,GPT-OSS-20B,Random,101,12,0.0,0.0,61.66982974939023
gpt_oss_20b__vs__random_uniform__seed101,GPT-OSS-20B,Random,101,13,0.0,11.290677083333334,72.96050683272357
gpt_oss_20b__vs__random_uniform__seed101,GPT-OSS-20B,Random,101,14,0.0,5.601041666666667,78.56154849939023
gpt_oss_20b__vs__random_uniform__seed101,GPT-OSS-20B,Random,101,15,0.0,8.331015625000001,86.89256412439023
gpt_oss_20b__vs__random_uniform__seed101,GPT-OSS-20B,Random,101,16,0.0,11.003020833333334,97.89558495772357
gpt_oss_20b__vs__random_uniform__seed101,GPT-OSS-20B,Random,101,17,0.0,2.7272395833333336,100.6228245410569
gpt_oss_20b__vs__random_uniform__seed101,GPT-OSS-20B,Random,101,18,0.0,8.111171875,108.7339964160569
gpt_oss_20b__vs__random_uniform__seed101,GPT-OSS-20B,Random,101,19,0.0,5.3604166666666675,114.09441308272356
gpt_oss_20b__vs__random_uniform__seed101,GPT-OSS-20B,Random,101,20,0.0,5.313385416666668,119.40779849939022
gpt_oss_20b__vs__random_uniform__seed101,GPT-OSS-20B,Random,101,21,0.0,10.543645833333334,129.95144433272355
gpt_oss_20b__vs__random_uniform__seed101,GPT-OSS-20B,Random,101,22,0.0,0.0,129.95144433272355
gpt_oss_20b__vs__random_uniform__seed101,GPT-OSS-20B,Random,101,23,0.0,10.366458333333334,140.31790266605688
gpt_oss_20b__vs__random_uniform__seed101,GPT-OSS-20B,Random,101,24,0.0,0.0,140.31790266605688
gpt_oss_20b__vs__random_uniform__seed101,GPT-OSS-20B,Random,101,25,0.0,2.5418489583333335,142.8597516243902
gpt_oss_20b__vs__random_uniform__seed101,GPT-OSS-20B,Random,101,26,0.0,7.546796875,150.40654849939023
gpt_oss_20b__vs__random_uniform__seed101,GPT-OSS-20B,Random,101,27,0.0,9.957395833333333,160.36394433272355
gpt_oss_20b__vs__random_uniform__seed101,GPT-OSS-20B,Random,101,28,0.0,9.863333333333333,170.2272776660569
gpt_oss_20b__vs__random_uniform__seed101,GPT-OSS-20B,Random,101,29,0.0,9.780208333333333,180.0074859993902
gpt_oss_20b__vs__random_uniform__seed101,GPT-OSS-20B,Random,101,30,0.0,2.424270833333333,182.43175683272355
gpt_oss_20b__vs__random_uniform__seed101,GPT-OSS-20B,Random,101,31,0.0,9.619427083333331,192.05118391605689
gpt_oss_20b__vs__random_uniform__seed101,GPT-OSS-20B,Random,101,32,0.0,7.156328124999998,199.20751204105687
gpt_oss_20b__vs__random_uniform__seed101,GPT-OSS-20B,Random,101,33,0.0,9.480520833333332,208.68803287439022
gpt_oss_20b__vs__random_uniform__seed101,GPT-OSS-20B,Random,101,34,0.0,2.358919270833333,211.04695214522354
gpt_oss_20b__vs__random_uniform__seed101,GPT-OSS-20B,Random,101,35,0.0,2.3449739583333327,213.39192610355687
gpt_oss_20b__vs__random_uniform__seed101,GPT-OSS-20B,Random,101,36,0.0,2.3269270833333326,215.71885318689021
gpt_oss_20b__vs__random_uniform__seed101,GPT-OSS-20B,Random,101,37,0.0,4.609557291666666,220.3284104785569
gpt_oss_20b__vs__random_uniform__seed101,GPT-OSS-20B,Random,101,38,0.0,9.119583333333331,229.44799381189023
gpt_oss_20b__vs__random_uniform__seed101,GPT-OSS-20B,Random,101,39,0.0,9.03645833333333,238.48445214522357
gpt_oss_20b__vs__random_uniform__seed101,GPT-OSS-20B,Random,101,40,0.0,2.25,240.73445214522357
gpt_oss_20b__vs__random_uniform__seed101,GPT-OSS-20B,Random,101,41,0.0,9.0,249.73445214522357
gpt_oss_20b__vs__random_uniform__seed101,GPT-OSS-20B,Random,101,42,0.0,4.5,254.23445214522357
gpt_oss_20b__vs__random_uniform__seed101,GPT-OSS-20B,Random,101,43,0.0,0.0,254.23445214522357
gpt_oss_20b__vs__random_uniform__seed101,GPT-OSS-20B,Random,101,44,0.0,4.5,258.7344521452236
gpt_oss_20b__vs__random_uniform__seed101,GPT-OSS-20B,Random,101,45,0.0,6.75,265.4844521452236
gpt_oss_20b__vs__random_uniform__seed101,GPT-OSS-20B,Random,101,46,0.0,4.5,269.9844521452236
gpt_oss_20b__vs__random_uniform__seed101,GPT-OSS-20B,Random,101,47,0.0,6.75,276.7344521452236
gpt_oss_20b__vs__random_uniform__seed101,GPT-OSS-20B,Random,101,48,0.0,6.75,283.4844521452236
gpt_oss_20b__vs__random_uniform__seed101,GPT-OSS-20B,Random,101,49,0.0,2.25,285.7344521452236
gpt_oss_20b__vs__random_uniform__seed101,GPT-OSS-20B,Random,101,50,0.0,2.25,287.9844521452236
gpt_oss_20b__vs__random_uniform__seed102,GPT-OSS-20B,Random,102,1,0.0,9.0,9.0
gpt_oss_20b__vs__random_uniform__seed102,GPT-OSS-20B,Random,102,2,0.25,6.954062500000001,15.954062500000001
gpt_oss_20b__vs__random_uniform__seed102,GPT-OSS-20B,Random,102,3,0.0,8.924531250000001,24.87859375
gpt_oss_20b__vs__random_uniform__seed102,GPT-OSS-20B,Random,102,4,0.25,3.926354166666667,28.804947916666666
gpt_oss_20b__vs__random_uniform__seed102,GPT-OSS-20B,Random,102,5,0.0,8.860000000000001,37.66494791666667
gpt_oss_20b__vs__random_uniform__seed102,GPT-OSS-20B,Random,102,6,0.0,8.8271875,46.49213541666667
gpt_oss_20b__vs__random_uniform__seed102,GPT-OSS-20B,Random,102,7,0.0,11.722916666666668,58.21505208333334
gpt_oss_20b__vs__random_uniform__seed102,GPT-OSS-20B,Random,102,8,0.0,11.680416666666668,69.89546875
gpt_oss_20b__vs__random_uniform__seed102,GPT-OSS-20B,Random,102,9,0.0,0.0,69.89546875
gpt_oss_20b__vs__random_uniform__seed102,GPT-OSS-20B,Random,102,10,0.0,0.0,69.89546875
gpt_oss_20b__vs__random_uniform__seed102,GPT-OSS-20B,Random,102,11,0.0,11.507604166666667,81.40307291666667
gpt_oss_20b__vs__random_uniform__seed102,GPT-OSS-20B,Random,102,12,0.0,8.5765625,89.97963541666667
gpt_oss_20b__vs__random_uniform__seed102,GPT-OSS-20B,Random,102,13,0.0,8.5183203125,98.49795572916666
gpt_oss_20b__vs__random_uniform__seed102,GPT-OSS-20B,Random,102,14,0.0,2.8200260416666665,101.31798177083333
gpt_oss_20b__vs__random_uniform__seed102,GPT-OSS-20B,Random,102,15,0.0,0.0,101.31798177083333
gpt_oss_20b__vs__random_uniform__seed102,GPT-OSS-20B,Random,102,16,0.0,8.31078125,109.62876302083333
gpt_oss_20b__vs__random_uniform__seed102,GPT-OSS-20B,Random,102,17,0.0,0.0,109.62876302083333
gpt_oss_20b__vs__random_uniform__seed102,GPT-OSS-20B,Random,102,18,0.0,2.7122916666666668,112.3410546875
gpt_oss_20b__vs__random_uniform__seed102,GPT-OSS-20B,Random,102,19,0.0,0.0,112.3410546875
gpt_oss_20b__vs__random_uniform__seed102,GPT-OSS-20B,Random,102,20,0.0,7.954765624999999,120.2958203125
gpt_oss_20b__vs__random_uniform__seed102,GPT-OSS-20B,Random,102,21,0.0,7.855507812499999,128.151328125
gpt_oss_20b__vs__random_uniform__seed102,GPT-OSS-20B,Random,102,22,0.0,5.1708333333333325,133.3221614583333
gpt_oss_20b__vs__random_uniform__seed102,GPT-OSS-20B,Random,102,23,0.0,0.0,133.3221614583333
gpt_oss_20b__vs__random_uniform__seed102,GPT-OSS-20B,Random,102,24,0.0,2.521979166666666,135.84414062499997
gpt_oss_20b__vs__random_uniform__seed102,GPT-OSS-20B,Random,102,25,0.0,9.950104166666664,145.79424479166664
gpt_oss_20b__vs__random_uniform__seed102,GPT-OSS-20B,Random,102,26,0.0,0.0,145.79424479166664
gpt_oss_20b__vs__random_uniform__seed102,GPT-OSS-20B,Random,102,27,0.0,7.284570312499999,153.07881510416664
gpt_oss_20b__vs__random_uniform__seed102,GPT-OSS-20B,Random,102,28,0.0,2.401940104166666,155.4807552083333
gpt_oss_20b__vs__random_uniform__seed102,GPT-OSS-20B,Random,102,29,0.0,2.3729557291666663,157.85371093749998
gpt_oss_20b__vs__random_uniform__seed102,GPT-OSS-20B,Random,102,30,0.0,2.3412369791666663,160.19494791666665
gpt_oss_20b__vs__random_uniform__seed102,GPT-OSS-20B,Random,102,31,0.0,6.9244531249999985,167.11940104166663
gpt_oss_20b__vs__random_uniform__seed102,GPT-OSS-20B,Random,102,32,0.0,2.2791666666666663,169.3985677083333
gpt_oss_20b__vs__random_uniform__seed102,GPT-OSS-20B,Random,102,33,0.0,0.0,169.3985677083333
gpt_oss_20b__vs__random_uniform__seed102,GPT-OSS-20B,Random,102,34,0.0,6.75,176.1485677083333
gpt_oss_20b__vs__random_uniform__seed102,GPT-OSS-20B,Random,102,35,0.0,9.0,185.1485677083333
gpt_oss_20b__vs__random_uniform__seed102,GPT-OSS-20B,Random,102,36,0.0,6.75,191.8985677083333
gpt_oss_20b__vs__random_uniform__seed102,GPT-OSS-20B,Random,102,37,0.0,0.0,191.8985677083333
gpt_oss_20b__vs__random_uniform__seed102,GPT-OSS-20B,Random,102,38,0.0,4.5,196.3985677083333
gpt_oss_20b__vs__random_uniform__seed102,GPT-OSS-20B,Random,102,39,0.0,9.0,205.3985677083333
gpt_oss_20b__vs__random_uniform__seed102,GPT-OSS-20B,Random,102,40,0.0,0.0,205.3985677083333
gpt_oss_20b__vs__random_uniform__seed102,GPT-OSS-20B,Random,102,41,0.0,0.0,205.3985677083333
gpt_oss_20b__vs__random_uniform__seed102,GPT-OSS-20B,Random,102,42,0.0,2.25,207.6485677083333
gpt_oss_20b__vs__random_uniform__seed102,GPT-OSS-20B,Random,102,43,0.0,0.0,207.6485677083333
gpt_oss_20b__vs__random_uniform__seed102,GPT-OSS-20B,Random,102,44,0.0,9.0,216.6485677083333
gpt_oss_20b__vs__random_uniform__seed102,GPT-OSS-20B,Random,102,45,0.0,9.0,225.6485677083333
gpt_oss_20b__vs__random_uniform__seed102,GPT-OSS-20B,Random,102,46,0.0,0.0,225.6485677083333
gpt_oss_20b__vs__random_uniform__seed102,GPT-OSS-20B,Random,102,47,0.0,2.25,227.8985677083333
gpt_oss_20b__vs__random_uniform__seed102,GPT-OSS-20B,Random,102,48,0.0,0.0,227.8985677083333
gpt_oss_20b__vs__random_uniform__seed102,GPT-OSS-20B,Random,102,49,0.0,4.5,232.3985677083333
gpt_oss_20b__vs__random_uniform__seed102,GPT-OSS-20B,Random,102,50,0.0,4.5,236.8985677083333
gpt_oss_20b__vs__random_uniform__seed103,GPT-OSS-20B,Random,103,1,1.0,4.0,4.0
gpt_oss_20b__vs__random_uniform__seed103,GPT-OSS-20B,Random,103,2,1.0,-8.0,-4.0
gpt_oss_20b__vs__random_uniform__seed103,GPT-OSS-20B,Random,103,3,0.0,0.0,-4.0
gpt_oss_20b__vs__random_uniform__seed103,GPT-OSS-20B,Random,103,4,0.0,6.105,2.1050000000000004
gpt_oss_20b__vs__random_uniform__seed103,GPT-OSS-20B,Random,103,5,0.0,12.170625000000001,14.275625000000002
gpt_oss_20b__vs__random_uniform__seed103,GPT-OSS-20B,Random,103,6,0.0,0.0,14.275625000000002
gpt_oss_20b__vs__random_uniform__seed103,GPT-OSS-20B,Random,103,7,0.0,9.05578125,23.33140625
gpt_oss_20b__vs__random_uniform__seed103,GPT-OSS-20B,Random,103,8,0.0,12.013125000000002,35.34453125
gpt_oss_20b__vs__random_uniform__seed103,GPT-OSS-20B,Random,103,9,0.0,6.35635115411143,41.70088240411143
gpt_oss_20b__vs__random_uniform__seed103,GPT-OSS-20B,Random,103,10,1.0,3.912500000000003,45.613382404111434
gpt_oss_20b__vs__random_uniform__seed103,GPT-OSS-20B,Random,103,11,0.0,9.445731655240694,55.059114059352126
gpt_oss_20b__vs__random_uniform__seed103,GPT-OSS-20B,Random,103,12,0.0,2.9598046875000006,58.01891874685213
gpt_oss_20b__vs__random_uniform__seed103,GPT-OSS-20B,Random,103,13,0.0,8.853984375000003,66.87290312185213
gpt_oss_20b__vs__random_uniform__seed103,GPT-OSS-20B,Random,103,14,0.0,8.824453125000002,75.69735624685214
gpt_oss_20b__vs__random_uniform__seed103,GPT-OSS-20B,Random,103,15,0.0,2.9357421875000007,78.63309843435214
gpt_oss_20b__vs__random_uniform__seed103,GPT-OSS-20B,Random,103,16,1.0,0.781796875000003,79.41489530935213
gpt_oss_20b__vs__random_uniform__seed103,GPT-OSS-20B,Random,103,17,0.0,12.384218563292325,91.79911387264445
gpt_oss_20b__vs__random_uniform__seed103,GPT-OSS-20B,Random,103,18,0.0,0.0,91.79911387264445
gpt_oss_20b__vs__random_uniform__seed103,GPT-OSS-20B,Random,103,19,0.0,5.7845312500000015,97.58364512264446
gpt_oss_20b__vs__random_uniform__seed103,GPT-OSS-20B,Random,103,20,0.0,2.8728515625000006,100.45649668514446
gpt_oss_20b__vs__random_uniform__seed103,GPT-OSS-20B,Random,103,21,0.0,5.706875000000001,106.16337168514445
gpt_oss_20b__vs__random_uniform__seed103,GPT-OSS-20B,Random,103,22,0.0,3.0104515447501936,109.17382322989465
gpt_oss_20b__vs__random_uniform__seed103,GPT-OSS-20B,Random,103,23,0.0,8.452031250000001,117.62585447989466
gpt_oss_20b__vs__random_uniform__seed103,GPT-OSS-20B,Random,103,24,0.0,5.601328125000001,123.22718260489465
gpt_oss_20b__vs__random_uniform__seed103,GPT-OSS-20B,Random,103,25,0.0,2.7771484375000006,126.00433104239465
gpt_oss_20b__vs__random_uniform__seed103,GPT-OSS-20B,Random,103,26,0.0,0.0,126.00433104239465
gpt_oss_20b__vs__random_uniform__seed103,GPT-OSS-20B,Random,103,27,0.0,10.887656250000001,136.89198729239465
gpt_oss_20b__vs__random_uniform__seed103,GPT-OSS-20B,Random,103,28,0.0,0.0,136.89198729239465
gpt_oss_20b__vs__random_uniform__seed103,GPT-OSS-20B,Random,103,29,0.0,0.0,136.89198729239465
gpt_oss_20b__vs__random_uniform__seed103,GPT-OSS-20B,Random,103,30,0.0,5.278125,142.17011229239463
gpt_oss_20b__vs__random_uniform__seed103,GPT-OSS-20B,Random,103,31,0.0,0.0,142.17011229239463
gpt_oss_20b__vs__random_uniform__seed103,GPT-OSS-20B,Random,103,32,0.0,5.148515625,147.31862791739462
gpt_oss_20b__vs__random_uniform__seed103,GPT-OSS-20B,Random,103,33,0.0,5.0796093749999995,152.3982372923946
gpt_oss_20b__vs__random_uniform__seed103,GPT-OSS-20B,Random,103,34,0.0,2.509453125,154.9076904173946
gpt_oss_20b__vs__random_uniform__seed103,GPT-OSS-20B,Random,103,35,0.0,4.9609375,159.8686279173946
gpt_oss_20b__vs__random_uniform__seed103,GPT-OSS-20B,Random,103,36,0.0,4.8975,164.7661279173946
gpt_oss_20b__vs__random_uniform__seed103,GPT-OSS-20B,Random,103,37,0.0,0.0,164.7661279173946
gpt_oss_20b__vs__random_uniform__seed103,GPT-OSS-20B,Random,103,38,0.0,2.3894140625,167.15554197989462
gpt_oss_20b__vs__random_uniform__seed103,GPT-OSS-20B,Random,103,39,0.0,0.0,167.15554197989462
gpt_oss_20b__vs__random_uniform__seed103,GPT-OSS-20B,Random,103,40,0.0,9.30390625,176.45944822989463
gpt_oss_20b__vs__random_uniform__seed103,GPT-OSS-20B,Random,103,41,0.0,0.0,176.45944822989463
gpt_oss_20b__vs__random_uniform__seed103,GPT-OSS-20B,Random,103,42,0.0,4.525078125,180.98452635489463
gpt_oss_20b__vs__random_uniform__seed103,GPT-OSS-20B,Random,103,43,0.0,6.75,187.73452635489463
gpt_oss_20b__vs__random_uniform__seed103,GPT-OSS-20B,Random,103,44,0.0,0.0,187.73452635489463
gpt_oss_20b__vs__random_uniform__seed103,GPT-OSS-20B,Random,103,45,0.0,9.0,196.73452635489463
gpt_oss_20b__vs__random_uniform__seed103,GPT-OSS-20B,Random,103,46,0.0,7.163300242806258,203.89782659770088
gpt_oss_20b__vs__random_uniform__seed103,GPT-OSS-20B,Random,103,47,0.0,4.5,208.39782659770088
gpt_oss_20b__vs__random_uniform__seed103,GPT-OSS-20B,Random,103,48,0.0,0.0,208.39782659770088
gpt_oss_20b__vs__random_uniform__seed103,GPT-OSS-20B,Random,103,49,0.0,2.25,210.64782659770088
gpt_oss_20b__vs__random_uniform__seed103,GPT-OSS-20B,Random,103,50,0.0,9.0,219.64782659770088
gpt_oss_20b__vs__random_uniform__seed104,GPT-OSS-20B,Random,104,1,0.0,9.0,9.0
gpt_oss_20b__vs__random_uniform__seed104,GPT-OSS-20B,Random,104,2,0.0,8.954062500000001,17.9540625
gpt_oss_20b__vs__random_uniform__seed104,GPT-OSS-20B,Random,104,3,0.0,11.855625,29.8096875
gpt_oss_20b__vs__random_uniform__seed104,GPT-OSS-20B,Random,104,4,0.0,2.9413020833333334,32.750989583333336
gpt_oss_20b__vs__random_uniform__seed104,GPT-OSS-20B,Random,104,5,0.0,11.660208333333333,44.411197916666666
gpt_oss_20b__vs__random_uniform__seed104,GPT-OSS-20B,Random,104,6,0.0,8.67953125,53.09072916666666
gpt_oss_20b__vs__random_uniform__seed104,GPT-OSS-20B,Random,104,7,0.0,8.6171875,61.70791666666666
gpt_oss_20b__vs__random_uniform__seed104,GPT-OSS-20B,Random,104,8,0.0,11.409583333333332,73.11749999999999
gpt_oss_20b__vs__random_uniform__seed104,GPT-OSS-20B,Random,104,9,0.0,2.834348958333333,75.95184895833333
gpt_oss_20b__vs__random_uniform__seed104,GPT-OSS-20B,Random,104,10,0.0,0.0,75.95184895833333
gpt_oss_20b__vs__random_uniform__seed104,GPT-OSS-20B,Random,104,11,0.0,0.0,75.95184895833333
gpt_oss_20b__vs__random_uniform__seed104,GPT-OSS-20B,Random,104,12,0.0,8.299609375,84.25145833333333
gpt_oss_20b__vs__random_uniform__seed104,GPT-OSS-20B,Random,104,13,0.0,0.0,84.25145833333333
gpt_oss_20b__vs__random_uniform__seed104,GPT-OSS-20B,Random,104,14,0.0,0.0,84.25145833333333
gpt_oss_20b__vs__random_uniform__seed104,GPT-OSS-20B,Random,104,15,0.0,0.0,84.25145833333333
gpt_oss_20b__vs__random_uniform__seed104,GPT-OSS-20B,Random,104,16,0.0,7.947695312499999,92.19915364583333
gpt_oss_20b__vs__random_uniform__seed104,GPT-OSS-20B,Random,104,17,0.0,5.224088541666666,97.4232421875
gpt_oss_20b__vs__random_uniform__seed104,GPT-OSS-20B,Random,104,18,0.0,7.728671875,105.1519140625
gpt_oss_20b__vs__random_uniform__seed104,GPT-OSS-20B,Random,104,19,0.0,7.633515624999999,112.7854296875
gpt_oss_20b__vs__random_uniform__seed104,GPT-OSS-20B,Random,104,20,0.0,10.067552083333332,122.85298177083334
gpt_oss_20b__vs__random_uniform__seed104,GPT-OSS-20B,Random,104,21,0.0,7.471914062499999,130.32489583333333
gpt_oss_20b__vs__random_uniform__seed104,GPT-OSS-20B,Random,104,22,0.0,0.0,130.32489583333333
gpt_oss_20b__vs__random_uniform__seed104,GPT-OSS-20B,Random,104,23,0.0,4.898151041666666,135.223046875
gpt_oss_20b__vs__random_uniform__seed104,GPT-OSS-20B,Random,104,24,0.0,2.432395833333333,137.65544270833334
gpt_oss_20b__vs__random_uniform__seed104,GPT-OSS-20B,Random,104,25,0.0,9.651927083333332,147.30736979166667
gpt_oss_20b__vs__random_uniform__seed104,GPT-OSS-20B,Random,104,26,0.0,0.0,147.30736979166667
gpt_oss_20b__vs__random_uniform__seed104,GPT-OSS-20B,Random,104,27,0.0,4.764713541666666,152.07208333333335
gpt_oss_20b__vs__random_uniform__seed104,GPT-OSS-20B,Random,104,28,0.0,2.3629427083333328,154.43502604166667
gpt_oss_20b__vs__random_uniform__seed104,GPT-OSS-20B,Random,104,29,0.0,9.357708333333331,163.792734375
gpt_oss_20b__vs__random_uniform__seed104,GPT-OSS-20B,Random,104,30,0.0,2.315911458333333,166.10864583333336
gpt_oss_20b__vs__random_uniform__seed104,GPT-OSS-20B,Random,104,31,0.0,6.873085937499999,172.98173177083336
gpt_oss_20b__vs__random_uniform__seed104,GPT-OSS-20B,Random,104,32,0.0,2.267513020833333,175.24924479166668
gpt_oss_20b__vs__random_uniform__seed104,GPT-OSS-20B,Random,104,33,0.0,6.75,181.99924479166668
gpt_oss_20b__vs__random_uniform__seed104,GPT-OSS-20B,Random,104,34,0.0,2.25,184.24924479166668
gpt_oss_20b__vs__random_uniform__seed104,GPT-OSS-20B,Random,104,35,0.0,6.75,190.99924479166668
gpt_oss_20b__vs__random_uniform__seed104,GPT-OSS-20B,Random,104,36,0.0,0.0,190.99924479166668
gpt_oss_20b__vs__random_uniform__seed104,GPT-OSS-20B,Random,104,37,0.0,4.5,195.49924479166668
gpt_oss_20b__vs__random_uniform__seed104,GPT-OSS-20B,Random,104,38,0.0,0.0,195.49924479166668
gpt_oss_20b__vs__random_uniform__seed104,GPT-OSS-20B,Random,104,39,0.0,2.25,197.74924479166668
gpt_oss_20b__vs__random_uniform__seed104,GPT-OSS-20B,Random,104,40,0.0,2.25,199.99924479166668
gpt_oss_20b__vs__random_uniform__seed104,GPT-OSS-20B,Random,104,41,0.0,2.25,202.24924479166668
gpt_oss_20b__vs__random_uniform__seed104,GPT-OSS-20B,Random,104,42,0.0,2.25,204.49924479166668
gpt_oss_20b__vs__random_uniform__seed104,GPT-OSS-20B,Random,104,43,0.0,0.0,204.49924479166668
gpt_oss_20b__vs__random_uniform__seed104,GPT-OSS-20B,Random,104,44,0.0,0.0,204.49924479166668
gpt_oss_20b__vs__random_uniform__seed104,GPT-OSS-20B,Random,104,45,0.0,0.0,204.49924479166668
gpt_oss_20b__vs__random_uniform__seed104,GPT-OSS-20B,Random,104,46,0.0,9.0,213.49924479166668
gpt_oss_20b__vs__random_uniform__seed104,GPT-OSS-20B,Random,104,47,0.0,2.25,215.74924479166668
gpt_oss_20b__vs__random_uniform__seed104,GPT-OSS-20B,Random,104,48,0.0,4.5,220.24924479166668
gpt_oss_20b__vs__random_uniform__seed104,GPT-OSS-20B,Random,104,49,0.0,0.0,220.24924479166668
gpt_oss_20b__vs__random_uniform__seed104,GPT-OSS-20B,Random,104,50,0.0,6.75,226.99924479166668
gpt_oss_20b__vs__random_uniform__seed105,GPT-OSS-20B,Random,105,1,0.0,3.0,3.0
gpt_oss_20b__vs__random_uniform__seed105,GPT-OSS-20B,Random,105,2,0.25,0.9628125000000001,3.9628125
gpt_oss_20b__vs__random_uniform__seed105,GPT-OSS-20B,Random,105,3,0.0,0.0,3.9628125
gpt_oss_20b__vs__random_uniform__seed105,GPT-OSS-20B,Random,105,4,0.0,11.575625,15.5384375
gpt_oss_20b__vs__random_uniform__seed105,GPT-OSS-20B,Random,105,5,0.0,0.0,15.5384375
gpt_oss_20b__vs__random_uniform__seed105,GPT-OSS-20B,Random,105,6,0.0,11.328437500000001,26.866875
gpt_oss_20b__vs__random_uniform__seed105,GPT-OSS-20B,Random,105,7,0.0,2.8040364583333335,29.670911458333332
gpt_oss_20b__vs__random_uniform__seed105,GPT-OSS-20B,Random,105,8,0.0,8.323984375,37.99489583333333
gpt_oss_20b__vs__random_uniform__seed105,GPT-OSS-20B,Random,105,9,0.0,5.494088541666667,43.488984375
gpt_oss_20b__vs__random_uniform__seed105,GPT-OSS-20B,Random,105,10,0.0,5.4415885416666665,48.93057291666667
gpt_oss_20b__vs__random_uniform__seed105,GPT-OSS-20B,Random,105,11,0.0,5.389088541666666,54.319661458333336
gpt_oss_20b__vs__random_uniform__seed105,GPT-OSS-20B,Random,105,12,0.0,10.684114583333333,65.00377604166667
gpt_oss_20b__vs__random_uniform__seed105,GPT-OSS-20B,Random,105,13,0.0,2.6475130208333333,67.6512890625
gpt_oss_20b__vs__random_uniform__seed105,GPT-OSS-20B,Random,105,14,0.0,5.250729166666667,72.90201822916667
gpt_oss_20b__vs__random_uniform__seed105,GPT-OSS-20B,Random,105,15,0.0,5.200963541666667,78.10298177083334
gpt_oss_20b__vs__random_uniform__seed105,GPT-OSS-20B,Random,105,16,0.0,5.153932291666667,83.2569140625
gpt_oss_20b__vs__random_uniform__seed105,GPT-OSS-20B,Random,105,17,0.0,5.104166666666667,88.36108072916667
gpt_oss_20b__vs__random_uniform__seed105,GPT-OSS-20B,Random,105,18,0.0,7.5816015625,95.94268229166667
gpt_oss_20b__vs__random_uniform__seed105,GPT-OSS-20B,Random,105,19,0.0,0.0,95.94268229166667
gpt_oss_20b__vs__random_uniform__seed105,GPT-OSS-20B,Random,105,20,0.0,4.954869791666667,100.89755208333334
gpt_oss_20b__vs__random_uniform__seed105,GPT-OSS-20B,Random,105,21,0.0,0.0,100.89755208333334
gpt_oss_20b__vs__random_uniform__seed105,GPT-OSS-20B,Random,105,22,0.0,4.836197916666667,105.73375
gpt_oss_20b__vs__random_uniform__seed105,GPT-OSS-20B,Random,105,23,0.0,9.550989583333335,115.28473958333333
gpt_oss_20b__vs__random_uniform__seed105,GPT-OSS-20B,Random,105,24,0.0,0.0,115.28473958333333
gpt_oss_20b__vs__random_uniform__seed105,GPT-OSS-20B,Random,105,25,0.0,0.0,115.28473958333333
gpt_oss_20b__vs__random_uniform__seed105,GPT-OSS-20B,Random,105,26,0.0,2.2966927083333335,117.58143229166667
gpt_oss_20b__vs__random_uniform__seed105,GPT-OSS-20B,Random,105,27,0.0,4.521744791666667,122.10317708333334
gpt_oss_20b__vs__random_uniform__seed105,GPT-OSS-20B,Random,105,28,0.0,4.5,126.60317708333334
gpt_oss_20b__vs__random_uniform__seed105,GPT-OSS-20B,Random,105,29,0.0,6.75,133.35317708333332
gpt_oss_20b__vs__random_uniform__seed105,GPT-OSS-20B,Random,105,30,0.0,2.25,135.60317708333332
gpt_oss_20b__vs__random_uniform__seed105,GPT-OSS-20B,Random,105,31,0.0,2.25,137.85317708333332
gpt_oss_20b__vs__random_uniform__seed105,GPT-OSS-20B,Random,105,32,0.0,4.5,142.35317708333332
gpt_oss_20b__vs__random_uniform__seed105,GPT-OSS-20B,Random,105,33,0.0,2.25,144.60317708333332
gpt_oss_20b__vs__random_uniform__seed105,GPT-OSS-20B,Random,105,34,0.0,6.75,151.35317708333332
gpt_oss_20b__vs__random_uniform__seed105,GPT-OSS-20B,Random,105,35,0.0,6.75,158.10317708333332
gpt_oss_20b__vs__random_uniform__seed105,GPT-OSS-20B,Random,105,36,0.0,6.75,164.85317708333332
gpt_oss_20b__vs__random_uniform__seed105,GPT-OSS-20B,Random,105,37,0.0,6.75,171.60317708333332
gpt_oss_20b__vs__random_uniform__seed105,GPT-OSS-20B,Random,105,38,0.0,9.0,180.60317708333332
gpt_oss_20b__vs__random_uniform__seed105,GPT-OSS-20B,Random,105,39,0.0,0.0,180.60317708333332
gpt_oss_20b__vs__random_uniform__seed105,GPT-OSS-20B,Random,105,40,0.0,4.5,185.10317708333332
gpt_oss_20b__vs__random_uniform__seed105,GPT-OSS-20B,Random,105,41,0.0,6.75,191.85317708333332
gpt_oss_20b__vs__random_uniform__seed105,GPT-OSS-20B,Random,105,42,0.0,2.25,194.10317708333332
gpt_oss_20b__vs__random_uniform__seed105,GPT-OSS-20B,Random,105,43,0.0,6.75,200.85317708333332
gpt_oss_20b__vs__random_uniform__seed105,GPT-OSS-20B,Random,105,44,0.0,4.5,205.35317708333332
gpt_oss_20b__vs__random_uniform__seed105,GPT-OSS-20B,Random,105,45,0.0,2.25,207.60317708333332
gpt_oss_20b__vs__random_uniform__seed105,GPT-OSS-20B,Random,105,46,0.0,4.5,212.10317708333332
gpt_oss_20b__vs__random_uniform__seed105,GPT-OSS-20B,Random,105,47,0.0,2.25,214.35317708333332
gpt_oss_20b__vs__random_uniform__seed105,GPT-OSS-20B,Random,105,48,0.0,0.0,214.35317708333332
gpt_oss_20b__vs__random_uniform__seed105,GPT-OSS-20B,Random,105,49,0.0,0.0,214.35317708333332
gpt_oss_20b__vs__random_uniform__seed105,GPT-OSS-20B,Random,105,50,0.0,6.75,221.10317708333332
gpt_oss_20b__vs__wsls__seed101,GPT-OSS-20B,WSLS,101,1,0.0,12.0,12.0
gpt_oss_20b__vs__wsls__seed101,GPT-OSS-20B,WSLS,101,2,0.0,8.986875,20.986874999999998
gpt_oss_20b__vs__wsls__seed101,GPT-OSS-20B,WSLS,101,3,0.0,5.9715625,26.9584375
gpt_oss_20b__vs__wsls__seed101,GPT-OSS-20B,WSLS,101,4,0.0,2.97046875,29.928906249999997
gpt_oss_20b__vs__wsls__seed101,GPT-OSS-20B,WSLS,101,5,0.0,0.0,29.928906249999997
gpt_oss_20b__vs__wsls__seed101,GPT-OSS-20B,WSLS,101,6,0.0,0.0,29.928906249999997
gpt_oss_20b__vs__wsls__seed101,GPT-OSS-20B,WSLS,101,7,0.0,0.0,29.928906249999997
gpt_oss_20b__vs__wsls__seed101,GPT-OSS-20B,WSLS,101,8,0.0,0.0,29.928906249999997
gpt_oss_20b__vs__wsls__seed101,GPT-OSS-20B,WSLS,101,9,0.0,0.0,29.928906249999997
gpt_oss_20b__vs__wsls__seed101,GPT-OSS-20B,WSLS,101,10,0.0,0.0,29.928906249999997
gpt_oss_20b__vs__wsls__seed101,GPT-OSS-20B,WSLS,101,11,0.0,0.0,29.928906249999997
gpt_oss_20b__vs__wsls__seed101,GPT-OSS-20B,WSLS,101,12,0.0,0.0,29.928906249999997
gpt_oss_20b__vs__wsls__seed101,GPT-OSS-20B,WSLS,101,13,0.0,0.0,29.928906249999997
gpt_oss_20b__vs__wsls__seed101,GPT-OSS-20B,WSLS,101,14,0.0,0.0,29.928906249999997
gpt_oss_20b__vs__wsls__seed101,GPT-OSS-20B,WSLS,101,15,0.0,0.0,29.928906249999997
gpt_oss_20b__vs__wsls__seed101,GPT-OSS-20B,WSLS,101,16,0.0,0.0,29.928906249999997
gpt_oss_20b__vs__wsls__seed101,GPT-OSS-20B,WSLS,101,17,0.0,0.0,29.928906249999997
gpt_oss_20b__vs__wsls__seed101,GPT-OSS-20B,WSLS,101,18,0.0,0.0,29.928906249999997
gpt_oss_20b__vs__wsls__seed101,GPT-OSS-20B,WSLS,101,19,0.0,0.0,29.928906249999997
gpt_oss_20b__vs__wsls__seed101,GPT-OSS-20B,WSLS,101,20,0.0,0.0,29.928906249999997
gpt_oss_20b__vs__wsls__seed101,GPT-OSS-20B,WSLS,101,21,0.0,0.0,29.928906249999997
gpt_oss_20b__vs__wsls__seed101,GPT-OSS-20B,WSLS,101,22,0.0,0.0,29.928906249999997
gpt_oss_20b__vs__wsls__seed101,GPT-OSS-20B,WSLS,101,23,0.0,0.0,29.928906249999997
gpt_oss_20b__vs__wsls__seed101,GPT-OSS-20B,WSLS,101,24,0.0,0.0,29.928906249999997
gpt_oss_20b__vs__wsls__seed101,GPT-OSS-20B,WSLS,101,25,0.0,0.0,29.928906249999997
gpt_oss_20b__vs__wsls__seed101,GPT-OSS-20B,WSLS,101,26,0.0,0.0,29.928906249999997
gpt_oss_20b__vs__wsls__seed101,GPT-OSS-20B,WSLS,101,27,0.0,0.0,29.928906249999997
gpt_oss_20b__vs__wsls__seed101,GPT-OSS-20B,WSLS,101,28,0.0,0.0,29.928906249999997
gpt_oss_20b__vs__wsls__seed101,GPT-OSS-20B,WSLS,101,29,0.0,0.0,29.928906249999997
gpt_oss_20b__vs__wsls__seed101,GPT-OSS-20B,WSLS,101,30,0.0,0.0,29.928906249999997
gpt_oss_20b__vs__wsls__seed101,GPT-OSS-20B,WSLS,101,31,0.0,0.0,29.928906249999997
gpt_oss_20b__vs__wsls__seed101,GPT-OSS-20B,WSLS,101,32,0.0,0.0,29.928906249999997
gpt_oss_20b__vs__wsls__seed101,GPT-OSS-20B,WSLS,101,33,0.0,0.0,29.928906249999997
gpt_oss_20b__vs__wsls__seed101,GPT-OSS-20B,WSLS,101,34,0.0,0.0,29.928906249999997
gpt_oss_20b__vs__wsls__seed101,GPT-OSS-20B,WSLS,101,35,0.0,0.0,29.928906249999997
gpt_oss_20b__vs__wsls__seed101,GPT-OSS-20B,WSLS,101,36,0.0,0.0,29.928906249999997
gpt_oss_20b__vs__wsls__seed101,GPT-OSS-20B,WSLS,101,37,0.0,0.0,29.928906249999997
gpt_oss_20b__vs__wsls__seed101,GPT-OSS-20B,WSLS,101,38,0.0,0.0,29.928906249999997
gpt_oss_20b__vs__wsls__seed101,GPT-OSS-20B,WSLS,101,39,0.0,0.0,29.928906249999997
gpt_oss_20b__vs__wsls__seed101,GPT-OSS-20B,WSLS,101,40,0.0,0.0,29.928906249999997
gpt_oss_20b__vs__wsls__seed101,GPT-OSS-20B,WSLS,101,41,0.0,0.0,29.928906249999997
gpt_oss_20b__vs__wsls__seed101,GPT-OSS-20B,WSLS,101,42,0.0,0.0,29.928906249999997
gpt_oss_20b__vs__wsls__seed101,GPT-OSS-20B,WSLS,101,43,0.0,0.0,29.928906249999997
gpt_oss_20b__vs__wsls__seed101,GPT-OSS-20B,WSLS,101,44,0.0,0.0,29.928906249999997
gpt_oss_20b__vs__wsls__seed101,GPT-OSS-20B,WSLS,101,45,0.0,0.0,29.928906249999997
gpt_oss_20b__vs__wsls__seed101,GPT-OSS-20B,WSLS,101,46,0.0,0.0,29.928906249999997
gpt_oss_20b__vs__wsls__seed101,GPT-OSS-20B,WSLS,101,47,0.0,0.0,29.928906249999997
gpt_oss_20b__vs__wsls__seed101,GPT-OSS-20B,WSLS,101,48,0.0,0.0,29.928906249999997
gpt_oss_20b__vs__wsls__seed101,GPT-OSS-20B,WSLS,101,49,0.0,0.0,29.928906249999997
gpt_oss_20b__vs__wsls__seed101,GPT-OSS-20B,WSLS,101,50,0.0,0.0,29.928906249999997
gpt_oss_20b__vs__wsls__seed102,GPT-OSS-20B,WSLS,102,1,0.0,12.0,12.0
gpt_oss_20b__vs__wsls__seed102,GPT-OSS-20B,WSLS,102,2,0.0,8.986875,20.986874999999998
gpt_oss_20b__vs__wsls__seed102,GPT-OSS-20B,WSLS,102,3,0.0,5.9715625,26.9584375
gpt_oss_20b__vs__wsls__seed102,GPT-OSS-20B,WSLS,102,4,0.0,2.97046875,29.928906249999997
gpt_oss_20b__vs__wsls__seed102,GPT-OSS-20B,WSLS,102,5,0.0,5.910312500000001,35.83921875
gpt_oss_20b__vs__wsls__seed102,GPT-OSS-20B,WSLS,102,6,0.0,2.9376562500000003,38.776875000000004
gpt_oss_20b__vs__wsls__seed102,GPT-OSS-20B,WSLS,102,7,0.0,0.0,38.776875000000004
gpt_oss_20b__vs__wsls__seed102,GPT-OSS-20B,WSLS,102,8,0.0,0.0,38.776875000000004
gpt_oss_20b__vs__wsls__seed102,GPT-OSS-20B,WSLS,102,9,0.0,0.0,38.776875000000004
gpt_oss_20b__vs__wsls__seed102,GPT-OSS-20B,WSLS,102,10,0.0,0.0,38.776875000000004
gpt_oss_20b__vs__wsls__seed102,GPT-OSS-20B,WSLS,102,11,0.0,0.0,38.776875000000004
gpt_oss_20b__vs__wsls__seed102,GPT-OSS-20B,WSLS,102,12,0.0,0.0,38.776875000000004
gpt_oss_20b__vs__wsls__seed102,GPT-OSS-20B,WSLS,102,13,0.0,0.0,38.776875000000004
gpt_oss_20b__vs__wsls__seed102,GPT-OSS-20B,WSLS,102,14,0.0,0.0,38.776875000000004
gpt_oss_20b__vs__wsls__seed102,GPT-OSS-20B,WSLS,102,15,0.0,0.0,38.776875000000004
gpt_oss_20b__vs__wsls__seed102,GPT-OSS-20B,WSLS,102,16,0.0,0.0,38.776875000000004
gpt_oss_20b__vs__wsls__seed102,GPT-OSS-20B,WSLS,102,17,0.0,0.0,38.776875000000004
gpt_oss_20b__vs__wsls__seed102,GPT-OSS-20B,WSLS,102,18,0.0,0.0,38.776875000000004
gpt_oss_20b__vs__wsls__seed102,GPT-OSS-20B,WSLS,102,19,0.0,0.0,38.776875000000004
gpt_oss_20b__vs__wsls__seed102,GPT-OSS-20B,WSLS,102,20,0.0,0.0,38.776875000000004
gpt_oss_20b__vs__wsls__seed102,GPT-OSS-20B,WSLS,102,21,0.0,0.0,38.776875000000004
gpt_oss_20b__vs__wsls__seed102,GPT-OSS-20B,WSLS,102,22,0.0,0.0,38.776875000000004
gpt_oss_20b__vs__wsls__seed102,GPT-OSS-20B,WSLS,102,23,0.0,0.0,38.776875000000004
gpt_oss_20b__vs__wsls__seed102,GPT-OSS-20B,WSLS,102,24,0.0,0.0,38.776875000000004
gpt_oss_20b__vs__wsls__seed102,GPT-OSS-20B,WSLS,102,25,0.0,0.0,38.776875000000004
gpt_oss_20b__vs__wsls__seed102,GPT-OSS-20B,WSLS,102,26,0.0,0.0,38.776875000000004
gpt_oss_20b__vs__wsls__seed102,GPT-OSS-20B,WSLS,102,27,0.0,0.0,38.776875000000004
gpt_oss_20b__vs__wsls__seed102,GPT-OSS-20B,WSLS,102,28,0.0,0.0,38.776875000000004
gpt_oss_20b__vs__wsls__seed102,GPT-OSS-20B,WSLS,102,29,0.0,0.0,38.776875000000004
gpt_oss_20b__vs__wsls__seed102,GPT-OSS-20B,WSLS,102,30,0.0,0.0,38.776875000000004
gpt_oss_20b__vs__wsls__seed102,GPT-OSS-20B,WSLS,102,31,0.0,0.0,38.776875000000004
gpt_oss_20b__vs__wsls__seed102,GPT-OSS-20B,WSLS,102,32,0.0,0.0,38.776875000000004
gpt_oss_20b__vs__wsls__seed102,GPT-OSS-20B,WSLS,102,33,0.0,0.0,38.776875000000004
gpt_oss_20b__vs__wsls__seed102,GPT-OSS-20B,WSLS,102,34,0.0,0.0,38.776875000000004
gpt_oss_20b__vs__wsls__seed102,GPT-OSS-20B,WSLS,102,35,0.0,0.0,38.776875000000004
gpt_oss_20b__vs__wsls__seed102,GPT-OSS-20B,WSLS,102,36,0.0,0.0,38.776875000000004
gpt_oss_20b__vs__wsls__seed102,GPT-OSS-20B,WSLS,102,37,0.0,0.0,38.776875000000004
gpt_oss_20b__vs__wsls__seed102,GPT-OSS-20B,WSLS,102,38,0.0,0.0,38.776875000000004
gpt_oss_20b__vs__wsls__seed102,GPT-OSS-20B,WSLS,102,39,0.0,0.0,38.776875000000004
gpt_oss_20b__vs__wsls__seed102,GPT-OSS-20B,WSLS,102,40,0.0,0.0,38.776875000000004
gpt_oss_20b__vs__wsls__seed102,GPT-OSS-20B,WSLS,102,41,0.0,0.0,38.776875000000004
gpt_oss_20b__vs__wsls__seed102,GPT-OSS-20B,WSLS,102,42,0.0,0.0,38.776875000000004
gpt_oss_20b__vs__wsls__seed102,GPT-OSS-20B,WSLS,102,43,0.0,0.0,38.776875000000004
gpt_oss_20b__vs__wsls__seed102,GPT-OSS-20B,WSLS,102,44,0.0,0.0,38.776875000000004
gpt_oss_20b__vs__wsls__seed102,GPT-OSS-20B,WSLS,102,45,0.0,0.0,38.776875000000004
gpt_oss_20b__vs__wsls__seed102,GPT-OSS-20B,WSLS,102,46,0.0,0.0,38.776875000000004
gpt_oss_20b__vs__wsls__seed102,GPT-OSS-20B,WSLS,102,47,0.0,0.0,38.776875000000004
gpt_oss_20b__vs__wsls__seed102,GPT-OSS-20B,WSLS,102,48,0.0,0.0,38.776875000000004
gpt_oss_20b__vs__wsls__seed102,GPT-OSS-20B,WSLS,102,49,0.0,0.0,38.776875000000004
gpt_oss_20b__vs__wsls__seed102,GPT-OSS-20B,WSLS,102,50,0.0,0.0,38.776875000000004
gpt_oss_20b__vs__wsls__seed103,GPT-OSS-20B,WSLS,103,1,0.0,12.0,12.0
gpt_oss_20b__vs__wsls__seed103,GPT-OSS-20B,WSLS,103,2,0.0,8.986875,20.986874999999998
gpt_oss_20b__vs__wsls__seed103,GPT-OSS-20B,WSLS,103,3,0.0,5.9715625,26.9584375
gpt_oss_20b__vs__wsls__seed103,GPT-OSS-20B,WSLS,103,4,0.0,2.97046875,29.928906249999997
gpt_oss_20b__vs__wsls__seed103,GPT-OSS-20B,WSLS,103,5,0.0,0.0,29.928906249999997
gpt_oss_20b__vs__wsls__seed103,GPT-OSS-20B,WSLS,103,6,0.0,0.0,29.928906249999997
gpt_oss_20b__vs__wsls__seed103,GPT-OSS-20B,WSLS,103,7,0.0,0.0,29.928906249999997
gpt_oss_20b__vs__wsls__seed103,GPT-OSS-20B,WSLS,103,8,0.0,0.0,29.928906249999997
gpt_oss_20b__vs__wsls__seed103,GPT-OSS-20B,WSLS,103,9,0.0,0.0,29.928906249999997
gpt_oss_20b__vs__wsls__seed103,GPT-OSS-20B,WSLS,103,10,0.0,0.0,29.928906249999997
gpt_oss_20b__vs__wsls__seed103,GPT-OSS-20B,WSLS,103,11,0.0,0.0,29.928906249999997
gpt_oss_20b__vs__wsls__seed103,GPT-OSS-20B,WSLS,103,12,0.0,0.0,29.928906249999997
gpt_oss_20b__vs__wsls__seed103,GPT-OSS-20B,WSLS,103,13,0.0,0.0,29.928906249999997
gpt_oss_20b__vs__wsls__seed103,GPT-OSS-20B,WSLS,103,14,0.0,0.0,29.928906249999997
gpt_oss_20b__vs__wsls__seed103,GPT-OSS-20B,WSLS,103,15,0.0,0.0,29.928906249999997
gpt_oss_20b__vs__wsls__seed103,GPT-OSS-20B,WSLS,103,16,0.0,0.0,29.928906249999997
gpt_oss_20b__vs__wsls__seed103,GPT-OSS-20B,WSLS,103,17,0.0,0.0,29.928906249999997
gpt_oss_20b__vs__wsls__seed103,GPT-OSS-20B,WSLS,103,18,0.0,0.0,29.928906249999997
gpt_oss_20b__vs__wsls__seed103,GPT-OSS-20B,WSLS,103,19,0.0,0.0,29.928906249999997
gpt_oss_20b__vs__wsls__seed103,GPT-OSS-20B,WSLS,103,20,0.0,0.0,29.928906249999997
gpt_oss_20b__vs__wsls__seed103,GPT-OSS-20B,WSLS,103,21,0.0,0.0,29.928906249999997
gpt_oss_20b__vs__wsls__seed103,GPT-OSS-20B,WSLS,103,22,0.0,0.0,29.928906249999997
gpt_oss_20b__vs__wsls__seed103,GPT-OSS-20B,WSLS,103,23,0.0,0.0,29.928906249999997
gpt_oss_20b__vs__wsls__seed103,GPT-OSS-20B,WSLS,103,24,0.0,0.0,29.928906249999997
gpt_oss_20b__vs__wsls__seed103,GPT-OSS-20B,WSLS,103,25,0.0,0.0,29.928906249999997
gpt_oss_20b__vs__wsls__seed103,GPT-OSS-20B,WSLS,103,26,0.0,0.0,29.928906249999997
gpt_oss_20b__vs__wsls__seed103,GPT-OSS-20B,WSLS,103,27,0.0,0.0,29.928906249999997
gpt_oss_20b__vs__wsls__seed103,GPT-OSS-20B,WSLS,103,28,0.0,0.0,29.928906249999997
gpt_oss_20b__vs__wsls__seed103,GPT-OSS-20B,WSLS,103,29,0.0,0.0,29.928906249999997
gpt_oss_20b__vs__wsls__seed103,GPT-OSS-20B,WSLS,103,30,0.0,0.0,29.928906249999997
gpt_oss_20b__vs__wsls__seed103,GPT-OSS-20B,WSLS,103,31,0.0,0.0,29.928906249999997
gpt_oss_20b__vs__wsls__seed103,GPT-OSS-20B,WSLS,103,32,0.0,0.0,29.928906249999997
gpt_oss_20b__vs__wsls__seed103,GPT-OSS-20B,WSLS,103,33,0.0,0.0,29.928906249999997
gpt_oss_20b__vs__wsls__seed103,GPT-OSS-20B,WSLS,103,34,0.0,0.0,29.928906249999997
gpt_oss_20b__vs__wsls__seed103,GPT-OSS-20B,WSLS,103,35,0.0,0.0,29.928906249999997
gpt_oss_20b__vs__wsls__seed103,GPT-OSS-20B,WSLS,103,36,0.0,0.0,29.928906249999997
gpt_oss_20b__vs__wsls__seed103,GPT-OSS-20B,WSLS,103,37,0.0,0.0,29.928906249999997
gpt_oss_20b__vs__wsls__seed103,GPT-OSS-20B,WSLS,103,38,0.0,0.0,29.928906249999997
gpt_oss_20b__vs__wsls__seed103,GPT-OSS-20B,WSLS,103,39,0.0,0.0,29.928906249999997
gpt_oss_20b__vs__wsls__seed103,GPT-OSS-20B,WSLS,103,40,0.0,0.0,29.928906249999997
gpt_oss_20b__vs__wsls__seed103,GPT-OSS-20B,WSLS,103,41,0.0,0.0,29.928906249999997
gpt_oss_20b__vs__wsls__seed103,GPT-OSS-20B,WSLS,103,42,0.0,0.0,29.928906249999997
gpt_oss_20b__vs__wsls__seed103,GPT-OSS-20B,WSLS,103,43,0.0,0.0,29.928906249999997
gpt_oss_20b__vs__wsls__seed103,GPT-OSS-20B,WSLS,103,44,0.0,0.0,29.928906249999997
gpt_oss_20b__vs__wsls__seed103,GPT-OSS-20B,WSLS,103,45,0.0,0.0,29.928906249999997
gpt_oss_20b__vs__wsls__seed103,GPT-OSS-20B,WSLS,103,46,0.0,0.0,29.928906249999997
gpt_oss_20b__vs__wsls__seed103,GPT-OSS-20B,WSLS,103,47,0.0,0.0,29.928906249999997
gpt_oss_20b__vs__wsls__seed103,GPT-OSS-20B,WSLS,103,48,0.0,0.0,29.928906249999997
gpt_oss_20b__vs__wsls__seed103,GPT-OSS-20B,WSLS,103,49,0.0,0.0,29.928906249999997
gpt_oss_20b__vs__wsls__seed103,GPT-OSS-20B,WSLS,103,50,0.0,0.0,29.928906249999997
gpt_oss_20b__vs__wsls__seed104,GPT-OSS-20B,WSLS,104,1,0.0,12.0,12.0
gpt_oss_20b__vs__wsls__seed104,GPT-OSS-20B,WSLS,104,2,0.0,8.986875,20.986874999999998
gpt_oss_20b__vs__wsls__seed104,GPT-OSS-20B,WSLS,104,3,0.0,2.9803125,23.967187499999998
gpt_oss_20b__vs__wsls__seed104,GPT-OSS-20B,WSLS,104,4,0.0,5.930000000000001,29.897187499999998
gpt_oss_20b__vs__wsls__seed104,GPT-OSS-20B,WSLS,104,5,0.0,2.9469531250000003,32.844140624999994
gpt_oss_20b__vs__wsls__seed104,GPT-OSS-20B,WSLS,104,6,0.0,0.0,32.844140624999994
gpt_oss_20b__vs__wsls__seed104,GPT-OSS-20B,WSLS,104,7,0.0,0.0,32.844140624999994
gpt_oss_20b__vs__wsls__seed104,GPT-OSS-20B,WSLS,104,8,0.0,0.0,32.844140624999994
gpt_oss_20b__vs__wsls__seed104,GPT-OSS-20B,WSLS,104,9,0.0,0.0,32.844140624999994
gpt_oss_20b__vs__wsls__seed104,GPT-OSS-20B,WSLS,104,10,0.0,0.0,32.844140624999994
gpt_oss_20b__vs__wsls__seed104,GPT-OSS-20B,WSLS,104,11,0.0,0.0,32.844140624999994
gpt_oss_20b__vs__wsls__seed104,GPT-OSS-20B,WSLS,104,12,0.0,0.0,32.844140624999994
gpt_oss_20b__vs__wsls__seed104,GPT-OSS-20B,WSLS,104,13,0.0,0.0,32.844140624999994
gpt_oss_20b__vs__wsls__seed104,GPT-OSS-20B,WSLS,104,14,0.0,0.0,32.844140624999994
gpt_oss_20b__vs__wsls__seed104,GPT-OSS-20B,WSLS,104,15,0.0,0.0,32.844140624999994
gpt_oss_20b__vs__wsls__seed104,GPT-OSS-20B,WSLS,104,16,0.0,0.0,32.844140624999994
gpt_oss_20b__vs__wsls__seed104,GPT-OSS-20B,WSLS,104,17,0.0,0.0,32.844140624999994
gpt_oss_20b__vs__wsls__seed104,GPT-OSS-20B,WSLS,104,18,0.0,0.0,32.844140624999994
gpt_oss_20b__vs__wsls__seed104,GPT-OSS-20B,WSLS,104,19,0.0,0.0,32.844140624999994
gpt_oss_20b__vs__wsls__seed104,GPT-OSS-20B,WSLS,104,20,0.0,0.0,32.844140624999994
gpt_oss_20b__vs__wsls__seed104,GPT-OSS-20B,WSLS,104,21,0.0,0.0,32.844140624999994
gpt_oss_20b__vs__wsls__seed104,GPT-OSS-20B,WSLS,104,22,0.0,0.0,32.844140624999994
gpt_oss_20b__vs__wsls__seed104,GPT-OSS-20B,WSLS,104,23,0.0,0.0,32.844140624999994
gpt_oss_20b__vs__wsls__seed104,GPT-OSS-20B,WSLS,104,24,0.0,0.0,32.844140624999994
gpt_oss_20b__vs__wsls__seed104,GPT-OSS-20B,WSLS,104,25,0.0,0.0,32.844140624999994
gpt_oss_20b__vs__wsls__seed104,GPT-OSS-20B,WSLS,104,26,0.0,0.0,32.844140624999994
gpt_oss_20b__vs__wsls__seed104,GPT-OSS-20B,WSLS,104,27,0.0,0.0,32.844140624999994
gpt_oss_20b__vs__wsls__seed104,GPT-OSS-20B,WSLS,104,28,0.0,0.0,32.844140624999994
gpt_oss_20b__vs__wsls__seed104,GPT-OSS-20B,WSLS,104,29,0.0,0.0,32.844140624999994
gpt_oss_20b__vs__wsls__seed104,GPT-OSS-20B,WSLS,104,30,0.0,6.75,39.594140624999994
gpt_oss_20b__vs__wsls__seed104,GPT-OSS-20B,WSLS,104,31,0.0,4.5,44.094140624999994
gpt_oss_20b__vs__wsls__seed104,GPT-OSS-20B,WSLS,104,32,0.0,2.25,46.344140624999994
gpt_oss_20b__vs__wsls__seed104,GPT-OSS-20B,WSLS,104,33,0.0,0.0,46.344140624999994
gpt_oss_20b__vs__wsls__seed104,GPT-OSS-20B,WSLS,104,34,0.0,6.75,53.094140624999994
gpt_oss_20b__vs__wsls__seed104,GPT-OSS-20B,WSLS,104,35,0.0,4.5,57.594140624999994
gpt_oss_20b__vs__wsls__seed104,GPT-OSS-20B,WSLS,104,36,0.0,2.25,59.844140624999994
gpt_oss_20b__vs__wsls__seed104,GPT-OSS-20B,WSLS,104,37,0.0,0.0,59.844140624999994
gpt_oss_20b__vs__wsls__seed104,GPT-OSS-20B,WSLS,104,38,0.0,0.0,59.844140624999994
gpt_oss_20b__vs__wsls__seed104,GPT-OSS-20B,WSLS,104,39,0.0,0.0,59.844140624999994
gpt_oss_20b__vs__wsls__seed104,GPT-OSS-20B,WSLS,104,40,0.0,0.0,59.844140624999994
gpt_oss_20b__vs__wsls__seed104,GPT-OSS-20B,WSLS,104,41,0.0,4.5,64.344140625
gpt_oss_20b__vs__wsls__seed104,GPT-OSS-20B,WSLS,104,42,0.0,2.25,66.594140625
gpt_oss_20b__vs__wsls__seed104,GPT-OSS-20B,WSLS,104,43,0.0,0.0,66.594140625
gpt_oss_20b__vs__wsls__seed104,GPT-OSS-20B,WSLS,104,44,0.0,0.0,66.594140625
gpt_oss_20b__vs__wsls__seed104,GPT-OSS-20B,WSLS,104,45,0.0,0.0,66.594140625
gpt_oss_20b__vs__wsls__seed104,GPT-OSS-20B,WSLS,104,46,0.0,0.0,66.594140625
gpt_oss_20b__vs__wsls__seed104,GPT-OSS-20B,WSLS,104,47,0.0,0.0,66.594140625
gpt_oss_20b__vs__wsls__seed104,GPT-OSS-20B,WSLS,104,48,0.0,0.0,66.594140625
gpt_oss_20b__vs__wsls__seed104,GPT-OSS-20B,WSLS,104,49,0.0,0.0,66.594140625
gpt_oss_20b__vs__wsls__seed104,GPT-OSS-20B,WSLS,104,50,0.0,2.25,68.844140625
gpt_oss_20b__vs__wsls__seed105,GPT-OSS-20B,WSLS,105,1,0.0,12.0,12.0
gpt_oss_20b__vs__wsls__seed105,GPT-OSS-20B,WSLS,105,2,0.0,8.986875,20.986874999999998
gpt_oss_20b__vs__wsls__seed105,GPT-OSS-20B,WSLS,105,3,0.0,5.9715625,26.9584375
gpt_oss_20b__vs__wsls__seed105,GPT-OSS-20B,WSLS,105,4,0.0,2.97046875,29.928906249999997
gpt_oss_20b__vs__wsls__seed105,GPT-OSS-20B,WSLS,105,5,0.0,0.0,29.928906249999997
gpt_oss_20b__vs__wsls__seed105,GPT-OSS-20B,WSLS,105,6,0.0,0.0,29.928906249999997
gpt_oss_20b__vs__wsls__seed105,GPT-OSS-20B,WSLS,105,7,0.0,0.0,29.928906249999997
gpt_oss_20b__vs__wsls__seed105,GPT-OSS-20B,WSLS,105,8,0.0,0.0,29.928906249999997
gpt_oss_20b__vs__wsls__seed105,GPT-OSS-20B,WSLS,105,9,0.0,0.0,29.928906249999997
gpt_oss_20b__vs__wsls__seed105,GPT-OSS-20B,WSLS,105,10,0.0,0.0,29.928906249999997
gpt_oss_20b__vs__wsls__seed105,GPT-OSS-20B,WSLS,105,11,0.0,0.0,29.928906249999997
gpt_oss_20b__vs__wsls__seed105,GPT-OSS-20B,WSLS,105,12,0.0,0.0,29.928906249999997
gpt_oss_20b__vs__wsls__seed105,GPT-OSS-20B,WSLS,105,13,0.0,0.0,29.928906249999997
gpt_oss_20b__vs__wsls__seed105,GPT-OSS-20B,WSLS,105,14,0.0,0.0,29.928906249999997
gpt_oss_20b__vs__wsls__seed105,GPT-OSS-20B,WSLS,105,15,0.0,0.0,29.928906249999997
gpt_oss_20b__vs__wsls__seed105,GPT-OSS-20B,WSLS,105,16,0.0,0.0,29.928906249999997
gpt_oss_20b__vs__wsls__seed105,GPT-OSS-20B,WSLS,105,17,0.0,0.0,29.928906249999997
gpt_oss_20b__vs__wsls__seed105,GPT-OSS-20B,WSLS,105,18,0.0,0.0,29.928906249999997
gpt_oss_20b__vs__wsls__seed105,GPT-OSS-20B,WSLS,105,19,0.0,0.0,29.928906249999997
gpt_oss_20b__vs__wsls__seed105,GPT-OSS-20B,WSLS,105,20,0.0,0.0,29.928906249999997
gpt_oss_20b__vs__wsls__seed105,GPT-OSS-20B,WSLS,105,21,0.0,0.0,29.928906249999997
gpt_oss_20b__vs__wsls__seed105,GPT-OSS-20B,WSLS,105,22,0.0,0.0,29.928906249999997
gpt_oss_20b__vs__wsls__seed105,GPT-OSS-20B,WSLS,105,23,0.0,0.0,29.928906249999997
gpt_oss_20b__vs__wsls__seed105,GPT-OSS-20B,WSLS,105,24,0.0,0.0,29.928906249999997
gpt_oss_20b__vs__wsls__seed105,GPT-OSS-20B,WSLS,105,25,0.0,0.0,29.928906249999997
gpt_oss_20b__vs__wsls__seed105,GPT-OSS-20B,WSLS,105,26,0.0,0.0,29.928906249999997
gpt_oss_20b__vs__wsls__seed105,GPT-OSS-20B,WSLS,105,27,0.0,0.0,29.928906249999997
gpt_oss_20b__vs__wsls__seed105,GPT-OSS-20B,WSLS,105,28,0.0,0.0,29.928906249999997
gpt_oss_20b__vs__wsls__seed105,GPT-OSS-20B,WSLS,105,29,0.0,0.0,29.928906249999997
gpt_oss_20b__vs__wsls__seed105,GPT-OSS-20B,WSLS,105,30,0.0,0.0,29.928906249999997
gpt_oss_20b__vs__wsls__seed105,GPT-OSS-20B,WSLS,105,31,0.0,0.0,29.928906249999997
gpt_oss_20b__vs__wsls__seed105,GPT-OSS-20B,WSLS,105,32,0.0,0.0,29.928906249999997
gpt_oss_20b__vs__wsls__seed105,GPT-OSS-20B,WSLS,105,33,0.0,0.0,29.928906249999997
gpt_oss_20b__vs__wsls__seed105,GPT-OSS-20B,WSLS,105,34,0.0,0.0,29.928906249999997
gpt_oss_20b__vs__wsls__seed105,GPT-OSS-20B,WSLS,105,35,0.0,6.75,36.67890625
gpt_oss_20b__vs__wsls__seed105,GPT-OSS-20B,WSLS,105,36,0.0,4.5,41.17890625
gpt_oss_20b__vs__wsls__seed105,GPT-OSS-20B,WSLS,105,37,0.0,2.25,43.42890625
gpt_oss_20b__vs__wsls__seed105,GPT-OSS-20B,WSLS,105,38,0.0,0.0,43.42890625
gpt_oss_20b__vs__wsls__seed105,GPT-OSS-20B,WSLS,105,39,0.0,0.0,43.42890625
gpt_oss_20b__vs__wsls__seed105,GPT-OSS-20B,WSLS,105,40,0.0,0.0,43.42890625
gpt_oss_20b__vs__wsls__seed105,GPT-OSS-20B,WSLS,105,41,0.0,0.0,43.42890625
gpt_oss_20b__vs__wsls__seed105,GPT-OSS-20B,WSLS,105,42,0.0,0.0,43.42890625
gpt_oss_20b__vs__wsls__seed105,GPT-OSS-20B,WSLS,105,43,0.0,0.0,43.42890625
gpt_oss_20b__vs__wsls__seed105,GPT-OSS-20B,WSLS,105,44,0.0,0.0,43.42890625
gpt_oss_20b__vs__wsls__seed105,GPT-OSS-20B,WSLS,105,45,0.0,0.0,43.42890625
gpt_oss_20b__vs__wsls__seed105,GPT-OSS-20B,WSLS,105,46,0.0,0.0,43.42890625
gpt_oss_20b__vs__wsls__seed105,GPT-OSS-20B,WSLS,105,47,0.0,0.0,43.42890625
gpt_oss_20b__vs__wsls__seed105,GPT-OSS-20B,WSLS,105,48,0.0,0.0,43.42890625
gpt_oss_20b__vs__wsls__seed105,GPT-OSS-20B,WSLS,105,49,0.0,0.0,43.42890625
gpt_oss_20b__vs__wsls__seed105,GPT-OSS-20B,WSLS,105,50,0.0,4.5,47.92890625
llama31_8b__vs__always_cooperate__seed101,Llama-3.1-8B,Always Cooperate,101,1,0.0,12.0,12.0
llama31_8b__vs__always_cooperate__seed101,Llama-3.1-8B,Always Cooperate,101,2,0.0,11.9825,23.9825
llama31_8b__vs__always_cooperate__seed101,Llama-3.1-8B,Always Cooperate,101,3,0.0,11.965,35.947500000000005
llama31_8b__vs__always_cooperate__seed101,Llama-3.1-8B,Always Cooperate,101,4,0.0,11.9475,47.895
llama31_8b__vs__always_cooperate__seed101,Llama-3.1-8B,Always Cooperate,101,5,0.0,11.93,59.825
llama31_8b__vs__always_cooperate__seed101,Llama-3.1-8B,Always Cooperate,101,6,0.0,11.9125,71.7375
llama31_8b__vs__always_cooperate__seed101,Llama-3.1-8B,Always Cooperate,101,7,0.0,11.895,83.6325
llama31_8b__vs__always_cooperate__seed101,Llama-3.1-8B,Always Cooperate,101,8,0.0,11.8775,95.50999999999999
llama31_8b__vs__always_cooperate__seed101,Llama-3.1-8B,Always Cooperate,101,9,0.0,11.86,107.36999999999999
llama31_8b__vs__always_cooperate__seed101,Llama-3.1-8B,Always Cooperate,101,10,0.0,11.8425,119.21249999999999
llama31_8b__vs__always_cooperate__seed101,Llama-3.1-8B,Always Cooperate,101,11,0.0,11.825,131.0375
llama31_8b__vs__always_cooperate__seed101,Llama-3.1-8B,Always Cooperate,101,12,0.0,11.8075,142.845
llama31_8b__vs__always_cooperate__seed101,Llama-3.1-8B,Always Cooperate,101,13,0.0,11.79,154.635
llama31_8b__vs__always_cooperate__seed101,Llama-3.1-8B,Always Cooperate,101,14,0.0,11.772499999999999,166.4075
llama31_8b__vs__always_cooperate__seed101,Llama-3.1-8B,Always Cooperate,101,15,0.0,11.754999999999999,178.1625
llama31_8b__vs__always_cooperate__seed101,Llama-3.1-8B,Always Cooperate,101,16,0.0,11.737499999999999,189.9
llama31_8b__vs__always_cooperate__seed101,Llama-3.1-8B,Always Cooperate,101,17,0.0,11.719999999999999,201.62
llama31_8b__vs__always_cooperate__seed101,Llama-3.1-8B,Always Cooperate,101,18,0.0,11.680625,213.300625
llama31_8b__vs__always_cooperate__seed101,Llama-3.1-8B,Always Cooperate,101,19,0.0,11.64125,224.94187499999998
llama31_8b__vs__always_cooperate__seed101,Llama-3.1-8B,Always Cooperate,101,20,0.0,11.601875,236.54375
llama31_8b__vs__always_cooperate__seed101,Llama-3.1-8B,Always Cooperate,101,21,0.0,11.5625,248.10625
llama31_8b__vs__always_cooperate__seed101,Llama-3.1-8B,Always Cooperate,101,22,0.0,11.523125,259.629375
llama31_8b__vs__always_cooperate__seed101,Llama-3.1-8B,Always Cooperate,101,23,0.0,11.48375,271.11312499999997
llama31_8b__vs__always_cooperate__seed101,Llama-3.1-8B,Always Cooperate,101,24,0.0,11.444375,282.55749999999995
llama31_8b__vs__always_cooperate__seed101,Llama-3.1-8B,Always Cooperate,101,25,0.0,11.405000000000001,293.9625
llama31_8b__vs__always_cooperate__seed101,Llama-3.1-8B,Always Cooperate,101,26,0.0,11.387500000000001,305.34999999999997
llama31_8b__vs__always_cooperate__seed101,Llama-3.1-8B,Always Cooperate,101,27,0.0,11.370000000000001,316.71999999999997
llama31_8b__vs__always_cooperate__seed101,Llama-3.1-8B,Always Cooperate,101,28,0.0,11.352500000000001,328.0725
llama31_8b__vs__always_cooperate__seed101,Llama-3.1-8B,Always Cooperate,101,29,0.0,11.335,339.40749999999997
llama31_8b__vs__always_cooperate__seed101,Llama-3.1-8B,Always Cooperate,101,30,0.0,11.3175,350.72499999999997
llama31_8b__vs__always_cooperate__seed101,Llama-3.1-8B,Always Cooperate,101,31,0.0,11.3,362.025
llama31_8b__vs__always_cooperate__seed101,Llama-3.1-8B,Always Cooperate,101,32,0.0,11.2825,373.3075
llama31_8b__vs__always_cooperate__seed101,Llama-3.1-8B,Always Cooperate,101,33,0.0,11.265,384.5725
llama31_8b__vs__always_cooperate__seed101,Llama-3.1-8B,Always Cooperate,101,34,0.0,11.2475,395.82
llama31_8b__vs__always_cooperate__seed101,Llama-3.1-8B,Always Cooperate,101,35,0.0,11.23,407.05
llama31_8b__vs__always_cooperate__seed101,Llama-3.1-8B,Always Cooperate,101,36,0.0,11.2125,418.2625
llama31_8b__vs__always_cooperate__seed101,Llama-3.1-8B,Always Cooperate,101,37,0.0,11.195,429.4575
llama31_8b__vs__always_cooperate__seed101,Llama-3.1-8B,Always Cooperate,101,38,0.0,11.1775,440.635
llama31_8b__vs__always_cooperate__seed101,Llama-3.1-8B,Always Cooperate,101,39,0.0,11.16,451.795
llama31_8b__vs__always_cooperate__seed101,Llama-3.1-8B,Always Cooperate,101,40,0.0,11.1425,462.9375
llama31_8b__vs__always_cooperate__seed101,Llama-3.1-8B,Always Cooperate,101,41,0.0,11.125,474.0625
llama31_8b__vs__always_cooperate__seed101,Llama-3.1-8B,Always Cooperate,101,42,0.0,11.1075,485.17
llama31_8b__vs__always_cooperate__seed101,Llama-3.1-8B,Always Cooperate,101,43,0.0,11.09,496.26
llama31_8b__vs__always_cooperate__seed101,Llama-3.1-8B,Always Cooperate,101,44,0.0,11.0725,507.3325
llama31_8b__vs__always_cooperate__seed101,Llama-3.1-8B,Always Cooperate,101,45,0.0,11.055,518.3874999999999
llama31_8b__vs__always_cooperate__seed101,Llama-3.1-8B,Always Cooperate,101,46,0.0,11.0375,529.425
llama31_8b__vs__always_cooperate__seed101,Llama-3.1-8B,Always Cooperate,101,47,0.0,11.02,540.4449999999999
llama31_8b__vs__always_cooperate__seed101,Llama-3.1-8B,Always Cooperate,101,48,0.0,11.0025,551.4475
llama31_8b__vs__always_cooperate__seed101,Llama-3.1-8B,Always Cooperate,101,49,0.0,10.985,562.4325
llama31_8b__vs__always_cooperate__seed101,Llama-3.1-8B,Always Cooperate,101,50,0.0,10.9675,573.4
llama31_8b__vs__always_cooperate__seed102,Llama-3.1-8B,Always Cooperate,102,1,0.0,12.0,12.0
llama31_8b__vs__always_cooperate__seed102,Llama-3.1-8B,Always Cooperate,102,2,0.0,11.9825,23.9825
llama31_8b__vs__always_cooperate__seed102,Llama-3.1-8B,Always Cooperate,102,3,0.0,11.965,35.947500000000005
llama31_8b__vs__always_cooperate__seed102,Llama-3.1-8B,Always Cooperate,102,4,0.0,11.9475,47.895
llama31_8b__vs__always_cooperate__seed102,Llama-3.1-8B,Always Cooperate,102,5,0.0,11.908125,59.803125
llama31_8b__vs__always_cooperate__seed102,Llama-3.1-8B,Always Cooperate,102,6,0.0,11.873125,71.67625
llama31_8b__vs__always_cooperate__seed102,Llama-3.1-8B,Always Cooperate,102,7,0.0,11.841041666666667,83.51729166666667
llama31_8b__vs__always_cooperate__seed102,Llama-3.1-8B,Always Cooperate,102,8,0.0,11.811041666666668,95.32833333333333
llama31_8b__vs__always_cooperate__seed102,Llama-3.1-8B,Always Cooperate,102,9,0.0,11.782604166666667,107.1109375
llama31_8b__vs__always_cooperate__seed102,Llama-3.1-8B,Always Cooperate,102,10,0.0,11.754166666666666,118.86510416666667
llama31_8b__vs__always_cooperate__seed102,Llama-3.1-8B,Always Cooperate,102,11,0.0,11.725729166666666,130.59083333333334
llama31_8b__vs__always_cooperate__seed102,Llama-3.1-8B,Always Cooperate,102,12,0.0,11.697291666666665,142.288125
llama31_8b__vs__always_cooperate__seed102,Llama-3.1-8B,Always Cooperate,102,13,0.0,11.679791666666665,153.96791666666667
llama31_8b__vs__always_cooperate__seed102,Llama-3.1-8B,Always Cooperate,102,14,0.0,11.662291666666665,165.63020833333334
llama31_8b__vs__always_cooperate__seed102,Llama-3.1-8B,Always Cooperate,102,15,0.0,11.644791666666665,177.275
llama31_8b__vs__always_cooperate__seed102,Llama-3.1-8B,Always Cooperate,102,16,0.0,11.627291666666665,188.90229166666666
llama31_8b__vs__always_cooperate__seed102,Llama-3.1-8B,Always Cooperate,102,17,0.0,11.609791666666665,200.51208333333332
llama31_8b__vs__always_cooperate__seed102,Llama-3.1-8B,Always Cooperate,102,18,0.0,11.592291666666664,212.10437499999998
llama31_8b__vs__always_cooperate__seed102,Llama-3.1-8B,Always Cooperate,102,19,0.0,11.574791666666664,223.67916666666665
llama31_8b__vs__always_cooperate__seed102,Llama-3.1-8B,Always Cooperate,102,20,0.0,11.557291666666664,235.2364583333333
llama31_8b__vs__always_cooperate__seed102,Llama-3.1-8B,Always Cooperate,102,21,0.0,11.539791666666664,246.77624999999998
llama31_8b__vs__always_cooperate__seed102,Llama-3.1-8B,Always Cooperate,102,22,0.0,11.522291666666664,258.29854166666667
llama31_8b__vs__always_cooperate__seed102,Llama-3.1-8B,Always Cooperate,102,23,0.0,11.504791666666664,269.80333333333334
llama31_8b__vs__always_cooperate__seed102,Llama-3.1-8B,Always Cooperate,102,24,0.0,11.487291666666664,281.290625
llama31_8b__vs__always_cooperate__seed102,Llama-3.1-8B,Always Cooperate,102,25,0.0,11.469791666666664,292.76041666666663
llama31_8b__vs__always_cooperate__seed102,Llama-3.1-8B,Always Cooperate,102,26,0.0,11.452291666666664,304.2127083333333
llama31_8b__vs__always_cooperate__seed102,Llama-3.1-8B,Always Cooperate,102,27,0.0,11.434791666666664,315.6475
llama31_8b__vs__always_cooperate__seed102,Llama-3.1-8B,Always Cooperate,102,28,0.0,11.417291666666664,327.0647916666666
llama31_8b__vs__always_cooperate__seed102,Llama-3.1-8B,Always Cooperate,102,29,0.0,11.399791666666664,338.4645833333333
llama31_8b__vs__always_cooperate__seed102,Llama-3.1-8B,Always Cooperate,102,30,0.0,11.382291666666664,349.84687499999995
llama31_8b__vs__always_cooperate__seed102,Llama-3.1-8B,Always Cooperate,102,31,0.0,11.364791666666664,361.21166666666664
llama31_8b__vs__always_cooperate__seed102,Llama-3.1-8B,Always Cooperate,102,32,0.0,11.347291666666663,372.5589583333333
llama31_8b__vs__always_cooperate__seed102,Llama-3.1-8B,Always Cooperate,102,33,0.0,11.329791666666663,383.88874999999996
llama31_8b__vs__always_cooperate__seed102,Llama-3.1-8B,Always Cooperate,102,34,0.0,11.312291666666663,395.20104166666664
llama31_8b__vs__always_cooperate__seed102,Llama-3.1-8B,Always Cooperate,102,35,0.0,11.294791666666663,406.4958333333333
llama31_8b__vs__always_cooperate__seed102,Llama-3.1-8B,Always Cooperate,102,36,0.0,11.277291666666663,417.77312499999994
llama31_8b__vs__always_cooperate__seed102,Llama-3.1-8B,Always Cooperate,102,37,0.0,11.259791666666663,429.0329166666666
llama31_8b__vs__always_cooperate__seed102,Llama-3.1-8B,Always Cooperate,102,38,0.0,11.242291666666663,440.2752083333333
llama31_8b__vs__always_cooperate__seed102,Llama-3.1-8B,Always Cooperate,102,39,0.0,11.224791666666663,451.49999999999994
llama31_8b__vs__always_cooperate__seed102,Llama-3.1-8B,Always Cooperate,102,40,0.0,11.207291666666663,462.7072916666666
llama31_8b__vs__always_cooperate__seed102,Llama-3.1-8B,Always Cooperate,102,41,0.0,11.189791666666663,473.8970833333333
llama31_8b__vs__always_cooperate__seed102,Llama-3.1-8B,Always Cooperate,102,42,0.0,11.172291666666663,485.0693749999999
llama31_8b__vs__always_cooperate__seed102,Llama-3.1-8B,Always Cooperate,102,43,0.0,11.154791666666663,496.2241666666666
llama31_8b__vs__always_cooperate__seed102,Llama-3.1-8B,Always Cooperate,102,44,0.0,11.137291666666663,507.36145833333325
llama31_8b__vs__always_cooperate__seed102,Llama-3.1-8B,Always Cooperate,102,45,0.0,11.119791666666663,518.4812499999999
llama31_8b__vs__always_cooperate__seed102,Llama-3.1-8B,Always Cooperate,102,46,0.0,11.102291666666662,529.5835416666666
llama31_8b__vs__always_cooperate__seed102,Llama-3.1-8B,Always Cooperate,102,47,0.0,11.084791666666662,540.6683333333333
llama31_8b__vs__always_cooperate__seed102,Llama-3.1-8B,Always Cooperate,102,48,0.0,11.067291666666662,551.7356249999999
llama31_8b__vs__always_cooperate__seed102,Llama-3.1-8B,Always Cooperate,102,49,0.0,11.049791666666662,562.7854166666666
llama31_8b__vs__always_cooperate__seed102,Llama-3.1-8B,Always Cooperate,102,50,0.0,11.032291666666662,573.8177083333333
llama31_8b__vs__always_cooperate__seed103,Llama-3.1-8B,Always Cooperate,103,1,0.0,12.0,12.0
llama31_8b__vs__always_cooperate__seed103,Llama-3.1-8B,Always Cooperate,103,2,0.0,11.9825,23.9825
llama31_8b__vs__always_cooperate__seed103,Llama-3.1-8B,Always Cooperate,103,3,0.0,11.965,35.947500000000005
llama31_8b__vs__always_cooperate__seed103,Llama-3.1-8B,Always Cooperate,103,4,0.0,11.9475,47.895
llama31_8b__vs__always_cooperate__seed103,Llama-3.1-8B,Always Cooperate,103,5,0.0,11.93,59.825
llama31_8b__vs__always_cooperate__seed103,Llama-3.1-8B,Always Cooperate,103,6,0.0,11.9125,71.7375
llama31_8b__vs__always_cooperate__seed103,Llama-3.1-8B,Always Cooperate,103,7,0.0,11.895,83.6325
llama31_8b__vs__always_cooperate__seed103,Llama-3.1-8B,Always Cooperate,103,8,0.0,11.8775,95.50999999999999
llama31_8b__vs__always_cooperate__seed103,Llama-3.1-8B,Always Cooperate,103,9,0.0,12.609398232962016,108.11939823296201
llama31_8b__vs__always_cooperate__seed103,Llama-3.1-8B,Always Cooperate,103,10,0.0,11.886249999999999,120.00564823296202
llama31_8b__vs__always_cooperate__seed103,Llama-3.1-8B,Always Cooperate,103,11,0.0,11.890624999999998,131.89627323296202
llama31_8b__vs__always_cooperate__seed103,Llama-3.1-8B,Always Cooperate,103,12,0.0,11.894999999999998,143.79127323296203
llama31_8b__vs__always_cooperate__seed103,Llama-3.1-8B,Always Cooperate,103,13,0.0,11.899374999999997,155.69064823296202
llama31_8b__vs__always_cooperate__seed103,Llama-3.1-8B,Always Cooperate,103,14,0.0,11.903749999999997,167.59439823296202
llama31_8b__vs__always_cooperate__seed103,Llama-3.1-8B,Always Cooperate,103,15,0.0,11.908124999999997,179.502523232962
llama31_8b__vs__always_cooperate__seed103,Llama-3.1-8B,Always Cooperate,103,16,0.0,11.912499999999996,191.415023232962
llama31_8b__vs__always_cooperate__seed103,Llama-3.1-8B,Always Cooperate,103,17,0.0,11.894999999999996,203.310023232962
llama31_8b__vs__always_cooperate__seed103,Llama-3.1-8B,Always Cooperate,103,18,0.0,11.877499999999996,215.187523232962
llama31_8b__vs__always_cooperate__seed103,Llama-3.1-8B,Always Cooperate,103,19,0.0,11.859999999999996,227.047523232962
llama31_8b__vs__always_cooperate__seed103,Llama-3.1-8B,Always Cooperate,103,20,0.0,11.842499999999996,238.890023232962
llama31_8b__vs__always_cooperate__seed103,Llama-3.1-8B,Always Cooperate,103,21,0.0,11.824999999999996,250.71502323296198
llama31_8b__vs__always_cooperate__seed103,Llama-3.1-8B,Always Cooperate,103,22,0.0,12.547880075784208,263.2629033087462
llama31_8b__vs__always_cooperate__seed103,Llama-3.1-8B,Always Cooperate,103,23,0.0,11.822812499999994,275.0857158087462
llama31_8b__vs__always_cooperate__seed103,Llama-3.1-8B,Always Cooperate,103,24,0.0,11.821718749999993,286.9074345587462
llama31_8b__vs__always_cooperate__seed103,Llama-3.1-8B,Always Cooperate,103,25,0.0,11.820624999999993,298.7280595587462
llama31_8b__vs__always_cooperate__seed103,Llama-3.1-8B,Always Cooperate,103,26,0.0,11.819531249999992,310.54759080874624
llama31_8b__vs__always_cooperate__seed103,Llama-3.1-8B,Always Cooperate,103,27,0.0,11.818437499999991,322.36602830874625
llama31_8b__vs__always_cooperate__seed103,Llama-3.1-8B,Always Cooperate,103,28,0.0,11.81734374999999,334.1833720587462
llama31_8b__vs__always_cooperate__seed103,Llama-3.1-8B,Always Cooperate,103,29,0.0,11.81624999999999,345.9996220587462
llama31_8b__vs__always_cooperate__seed103,Llama-3.1-8B,Always Cooperate,103,30,0.0,12.526987116742685,358.5266091754889
llama31_8b__vs__always_cooperate__seed103,Llama-3.1-8B,Always Cooperate,103,31,0.0,11.79218749999999,370.3187966754889
llama31_8b__vs__always_cooperate__seed103,Llama-3.1-8B,Always Cooperate,103,32,0.0,11.78015624999999,382.0989529254889
llama31_8b__vs__always_cooperate__seed103,Llama-3.1-8B,Always Cooperate,103,33,0.0,11.76812499999999,393.8670779254889
llama31_8b__vs__always_cooperate__seed103,Llama-3.1-8B,Always Cooperate,103,34,0.0,12.48752263855315,406.3546005640421
llama31_8b__vs__always_cooperate__seed103,Llama-3.1-8B,Always Cooperate,103,35,0.0,11.765937499999989,418.1205380640421
llama31_8b__vs__always_cooperate__seed103,Llama-3.1-8B,Always Cooperate,103,36,0.0,11.764843749999988,429.8853818140421
llama31_8b__vs__always_cooperate__seed103,Llama-3.1-8B,Always Cooperate,103,37,0.0,11.763749999999987,441.6491318140421
llama31_8b__vs__always_cooperate__seed103,Llama-3.1-8B,Always Cooperate,103,38,0.0,11.757187499999988,453.4063193140421
llama31_8b__vs__always_cooperate__seed103,Llama-3.1-8B,Always Cooperate,103,39,0.0,11.750624999999989,465.1569443140421
llama31_8b__vs__always_cooperate__seed103,Llama-3.1-8B,Always Cooperate,103,40,0.0,11.74406249999999,476.9010068140421
llama31_8b__vs__always_cooperate__seed103,Llama-3.1-8B,Always Cooperate,103,41,0.0,11.73749999999999,488.6385068140421
llama31_8b__vs__always_cooperate__seed103,Llama-3.1-8B,Always Cooperate,103,42,0.0,11.71999999999999,500.3585068140421
llama31_8b__vs__always_cooperate__seed103,Llama-3.1-8B,Always Cooperate,103,43,0.0,11.70249999999999,512.0610068140421
llama31_8b__vs__always_cooperate__seed103,Llama-3.1-8B,Always Cooperate,103,44,0.0,11.68499999999999,523.7460068140421
llama31_8b__vs__always_cooperate__seed103,Llama-3.1-8B,Always Cooperate,103,45,0.0,11.66749999999999,535.4135068140421
llama31_8b__vs__always_cooperate__seed103,Llama-3.1-8B,Always Cooperate,103,46,0.0,12.369129203984548,547.7826360180267
llama31_8b__vs__always_cooperate__seed103,Llama-3.1-8B,Always Cooperate,103,47,0.0,11.64343749999999,559.4260735180267
llama31_8b__vs__always_cooperate__seed103,Llama-3.1-8B,Always Cooperate,103,48,0.0,11.609531249999991,571.0356047680267
llama31_8b__vs__always_cooperate__seed103,Llama-3.1-8B,Always Cooperate,103,49,0.0,11.575624999999992,582.6112297680266
llama31_8b__vs__always_cooperate__seed103,Llama-3.1-8B,Always Cooperate,103,50,0.0,11.541718749999992,594.1529485180266
llama31_8b__vs__always_cooperate__seed104,Llama-3.1-8B,Always Cooperate,104,1,0.0,12.0,12.0
llama31_8b__vs__always_cooperate__seed104,Llama-3.1-8B,Always Cooperate,104,2,0.0,11.9825,23.9825
llama31_8b__vs__always_cooperate__seed104,Llama-3.1-8B,Always Cooperate,104,3,0.0,11.92125,35.90375
llama31_8b__vs__always_cooperate__seed104,Llama-3.1-8B,Always Cooperate,104,4,0.0,11.845416666666667,47.74916666666667
llama31_8b__vs__always_cooperate__seed104,Llama-3.1-8B,Always Cooperate,104,5,0.0,11.784166666666668,59.53333333333333
llama31_8b__vs__always_cooperate__seed104,Llama-3.1-8B,Always Cooperate,104,6,0.0,11.731666666666667,71.265
llama31_8b__vs__always_cooperate__seed104,Llama-3.1-8B,Always Cooperate,104,7,0.0,11.685,82.95
llama31_8b__vs__always_cooperate__seed104,Llama-3.1-8B,Always Cooperate,104,8,0.0,11.6425,94.5925
llama31_8b__vs__always_cooperate__seed104,Llama-3.1-8B,Always Cooperate,104,9,0.0,11.603125,106.195625
llama31_8b__vs__always_cooperate__seed104,Llama-3.1-8B,Always Cooperate,104,10,0.0,11.56375,117.759375
llama31_8b__vs__always_cooperate__seed104,Llama-3.1-8B,Always Cooperate,104,11,0.0,12.247419426710952,130.00679442671097
llama31_8b__vs__always_cooperate__seed104,Llama-3.1-8B,Always Cooperate,104,12,0.0,11.52875,141.53554442671097
llama31_8b__vs__always_cooperate__seed104,Llama-3.1-8B,Always Cooperate,104,13,0.0,11.51671875,153.05226317671097
llama31_8b__vs__always_cooperate__seed104,Llama-3.1-8B,Always Cooperate,104,14,0.0,11.504687500000001,164.55695067671095
llama31_8b__vs__always_cooperate__seed104,Llama-3.1-8B,Always Cooperate,104,15,0.0,11.492656250000001,176.04960692671096
llama31_8b__vs__always_cooperate__seed104,Llama-3.1-8B,Always Cooperate,104,16,0.0,11.480625000000002,187.53023192671097
llama31_8b__vs__always_cooperate__seed104,Llama-3.1-8B,Always Cooperate,104,17,0.0,11.468593750000002,198.99882567671096
llama31_8b__vs__always_cooperate__seed104,Llama-3.1-8B,Always Cooperate,104,18,0.0,11.456562500000002,210.45538817671095
llama31_8b__vs__always_cooperate__seed104,Llama-3.1-8B,Always Cooperate,104,19,0.0,12.145276071396864,222.60066424810782
llama31_8b__vs__always_cooperate__seed104,Llama-3.1-8B,Always Cooperate,104,20,0.0,11.432500000000003,234.03316424810782
llama31_8b__vs__always_cooperate__seed104,Llama-3.1-8B,Always Cooperate,104,21,0.0,11.420468750000003,245.45363299810782
llama31_8b__vs__always_cooperate__seed104,Llama-3.1-8B,Always Cooperate,104,22,0.0,11.408437500000003,256.8620704981078
llama31_8b__vs__always_cooperate__seed104,Llama-3.1-8B,Always Cooperate,104,23,0.0,11.380000000000003,268.2420704981078
llama31_8b__vs__always_cooperate__seed104,Llama-3.1-8B,Always Cooperate,104,24,0.0,11.351562500000002,279.5936329981078
llama31_8b__vs__always_cooperate__seed104,Llama-3.1-8B,Always Cooperate,104,25,0.0,11.323125000000001,290.9167579981078
llama31_8b__vs__always_cooperate__seed104,Llama-3.1-8B,Always Cooperate,104,26,0.0,12.003668237893239,302.92042623600105
llama31_8b__vs__always_cooperate__seed104,Llama-3.1-8B,Always Cooperate,104,27,0.0,11.293593750000001,314.21401998600106
llama31_8b__vs__always_cooperate__seed104,Llama-3.1-8B,Always Cooperate,104,28,0.0,11.276093750000001,325.49011373600104
llama31_8b__vs__always_cooperate__seed104,Llama-3.1-8B,Always Cooperate,104,29,0.0,11.258593750000001,336.748707486001
llama31_8b__vs__always_cooperate__seed104,Llama-3.1-8B,Always Cooperate,104,30,0.0,11.235625,347.98433248600105
llama31_8b__vs__always_cooperate__seed104,Llama-3.1-8B,Always Cooperate,104,31,0.0,11.229062500000001,359.21339498600105
llama31_8b__vs__always_cooperate__seed104,Llama-3.1-8B,Always Cooperate,104,32,0.0,11.222500000000002,370.4358949860011
llama31_8b__vs__always_cooperate__seed104,Llama-3.1-8B,Always Cooperate,104,33,0.0,11.215937500000003,381.65183248600107
llama31_8b__vs__always_cooperate__seed104,Llama-3.1-8B,Always Cooperate,104,34,0.0,11.187500000000002,392.83933248600107
llama31_8b__vs__always_cooperate__seed104,Llama-3.1-8B,Always Cooperate,104,35,0.0,11.159062500000001,403.9983949860011
llama31_8b__vs__always_cooperate__seed104,Llama-3.1-8B,Always Cooperate,104,36,0.0,11.130625,415.1290199860011
llama31_8b__vs__always_cooperate__seed104,Llama-3.1-8B,Always Cooperate,104,37,0.0,11.1021875,426.2312074860011
llama31_8b__vs__always_cooperate__seed104,Llama-3.1-8B,Always Cooperate,104,38,0.0,11.079218749999999,437.3104262360011
llama31_8b__vs__always_cooperate__seed104,Llama-3.1-8B,Always Cooperate,104,39,0.0,11.056249999999999,448.36667623600107
llama31_8b__vs__always_cooperate__seed104,Llama-3.1-8B,Always Cooperate,104,40,0.0,11.033281249999998,459.3999574860011
llama31_8b__vs__always_cooperate__seed104,Llama-3.1-8B,Always Cooperate,104,41,0.0,10.999374999999999,470.3993324860011
llama31_8b__vs__always_cooperate__seed104,Llama-3.1-8B,Always Cooperate,104,42,0.0,10.970937499999998,481.37026998600106
llama31_8b__vs__always_cooperate__seed104,Llama-3.1-8B,Always Cooperate,104,43,0.0,10.942499999999997,492.31276998600106
llama31_8b__vs__always_cooperate__seed104,Llama-3.1-8B,Always Cooperate,104,44,0.0,10.914062499999996,503.22683248600106
llama31_8b__vs__always_cooperate__seed104,Llama-3.1-8B,Always Cooperate,104,45,0.0,10.885624999999996,514.1124574860011
llama31_8b__vs__always_cooperate__seed104,Llama-3.1-8B,Always Cooperate,104,46,0.0,10.857187499999995,524.9696449860011
llama31_8b__vs__always_cooperate__seed104,Llama-3.1-8B,Always Cooperate,104,47,0.0,10.828749999999994,535.7983949860011
llama31_8b__vs__always_cooperate__seed104,Llama-3.1-8B,Always Cooperate,104,48,0.0,10.800312499999993,546.5987074860011
llama31_8b__vs__always_cooperate__seed104,Llama-3.1-8B,Always Cooperate,104,49,0.0,10.782812499999993,557.3815199860011
llama31_8b__vs__always_cooperate__seed104,Llama-3.1-8B,Always Cooperate,104,50,0.0,10.748906249999994,568.1304262360011
llama31_8b__vs__always_cooperate__seed105,Llama-3.1-8B,Always Cooperate,105,1,0.0,12.0,12.0
llama31_8b__vs__always_cooperate__seed105,Llama-3.1-8B,Always Cooperate,105,2,0.0,11.9825,23.9825
llama31_8b__vs__always_cooperate__seed105,Llama-3.1-8B,Always Cooperate,105,3,0.0,11.965,35.947500000000005
llama31_8b__vs__always_cooperate__seed105,Llama-3.1-8B,Always Cooperate,105,4,0.0,11.9475,47.895
llama31_8b__vs__always_cooperate__seed105,Llama-3.1-8B,Always Cooperate,105,5,0.0,11.93,59.825
llama31_8b__vs__always_cooperate__seed105,Llama-3.1-8B,Always Cooperate,105,6,0.0,11.9125,71.7375
llama31_8b__vs__always_cooperate__seed105,Llama-3.1-8B,Always Cooperate,105,7,0.0,11.895,83.6325
llama31_8b__vs__always_cooperate__seed105,Llama-3.1-8B,Always Cooperate,105,8,0.0,11.8775,95.50999999999999
llama31_8b__vs__always_cooperate__seed105,Llama-3.1-8B,Always Cooperate,105,9,0.0,11.86,107.36999999999999
llama31_8b__vs__always_cooperate__seed105,Llama-3.1-8B,Always Cooperate,105,10,0.0,11.8425,119.21249999999999
llama31_8b__vs__always_cooperate__seed105,Llama-3.1-8B,Always Cooperate,105,11,0.0,11.825,131.0375
llama31_8b__vs__always_cooperate__seed105,Llama-3.1-8B,Always Cooperate,105,12,0.0,11.8075,142.845
llama31_8b__vs__always_cooperate__seed105,Llama-3.1-8B,Always Cooperate,105,13,0.0,11.79,154.635
llama31_8b__vs__always_cooperate__seed105,Llama-3.1-8B,Always Cooperate,105,14,0.0,11.772499999999999,166.4075
llama31_8b__vs__always_cooperate__seed105,Llama-3.1-8B,Always Cooperate,105,15,0.0,11.754999999999999,178.1625
llama31_8b__vs__always_cooperate__seed105,Llama-3.1-8B,Always Cooperate,105,16,0.0,11.737499999999999,189.9
llama31_8b__vs__always_cooperate__seed105,Llama-3.1-8B,Always Cooperate,105,17,0.0,11.719999999999999,201.62
llama31_8b__vs__always_cooperate__seed105,Llama-3.1-8B,Always Cooperate,105,18,0.0,11.702499999999999,213.3225
llama31_8b__vs__always_cooperate__seed105,Llama-3.1-8B,Always Cooperate,105,19,0.0,11.684999999999999,225.0075
llama31_8b__vs__always_cooperate__seed105,Llama-3.1-8B,Always Cooperate,105,20,0.0,11.667499999999999,236.67499999999998
llama31_8b__vs__always_cooperate__seed105,Llama-3.1-8B,Always Cooperate,105,21,0.0,11.649999999999999,248.325
llama31_8b__vs__always_cooperate__seed105,Llama-3.1-8B,Always Cooperate,105,22,0.0,11.632499999999999,259.9575
llama31_8b__vs__always_cooperate__seed105,Llama-3.1-8B,Always Cooperate,105,23,0.0,11.614999999999998,271.5725
llama31_8b__vs__always_cooperate__seed105,Llama-3.1-8B,Always Cooperate,105,24,0.0,11.597499999999998,283.17
llama31_8b__vs__always_cooperate__seed105,Llama-3.1-8B,Always Cooperate,105,25,0.0,11.579999999999998,294.75
llama31_8b__vs__always_cooperate__seed105,Llama-3.1-8B,Always Cooperate,105,26,0.0,11.562499999999998,306.3125
llama31_8b__vs__always_cooperate__seed105,Llama-3.1-8B,Always Cooperate,105,27,0.0,11.544999999999998,317.8575
llama31_8b__vs__always_cooperate__seed105,Llama-3.1-8B,Always Cooperate,105,28,0.0,11.527499999999998,329.385
llama31_8b__vs__always_cooperate__seed105,Llama-3.1-8B,Always Cooperate,105,29,0.0,11.509999999999998,340.895
llama31_8b__vs__always_cooperate__seed105,Llama-3.1-8B,Always Cooperate,105,30,0.0,11.492499999999998,352.3875
llama31_8b__vs__always_cooperate__seed105,Llama-3.1-8B,Always Cooperate,105,31,0.0,12.195021211971902,364.5825212119719
llama31_8b__vs__always_cooperate__seed105,Llama-3.1-8B,Always Cooperate,105,32,0.0,11.490312499999996,376.0728337119719
llama31_8b__vs__always_cooperate__seed105,Llama-3.1-8B,Always Cooperate,105,33,0.0,11.489218749999996,387.5620524619719
llama31_8b__vs__always_cooperate__seed105,Llama-3.1-8B,Always Cooperate,105,34,0.0,11.488124999999995,399.0501774619719
llama31_8b__vs__always_cooperate__seed105,Llama-3.1-8B,Always Cooperate,105,35,0.0,11.481562499999995,410.5317399619719
llama31_8b__vs__always_cooperate__seed105,Llama-3.1-8B,Always Cooperate,105,36,0.0,11.474999999999996,422.0067399619719
llama31_8b__vs__always_cooperate__seed105,Llama-3.1-8B,Always Cooperate,105,37,0.0,11.468437499999997,433.4751774619719
llama31_8b__vs__always_cooperate__seed105,Llama-3.1-8B,Always Cooperate,105,38,0.0,11.461874999999997,444.9370524619719
llama31_8b__vs__always_cooperate__seed105,Llama-3.1-8B,Always Cooperate,105,39,0.0,11.438906249999997,456.3759587119719
llama31_8b__vs__always_cooperate__seed105,Llama-3.1-8B,Always Cooperate,105,40,0.0,11.415937499999997,467.7918962119719
llama31_8b__vs__always_cooperate__seed105,Llama-3.1-8B,Always Cooperate,105,41,0.0,11.392968749999996,479.1848649619719
llama31_8b__vs__always_cooperate__seed105,Llama-3.1-8B,Always Cooperate,105,42,0.0,11.369999999999996,490.55486496197193
llama31_8b__vs__always_cooperate__seed105,Llama-3.1-8B,Always Cooperate,105,43,0.0,12.065020577935787,502.6198855399077
llama31_8b__vs__always_cooperate__seed105,Llama-3.1-8B,Always Cooperate,105,44,0.0,11.367812499999994,513.9876980399077
llama31_8b__vs__always_cooperate__seed105,Llama-3.1-8B,Always Cooperate,105,45,0.0,11.366718749999993,525.3544167899078
llama31_8b__vs__always_cooperate__seed105,Llama-3.1-8B,Always Cooperate,105,46,0.0,11.365624999999993,536.7200417899078
llama31_8b__vs__always_cooperate__seed105,Llama-3.1-8B,Always Cooperate,105,47,0.0,11.364531249999992,548.0845730399078
llama31_8b__vs__always_cooperate__seed105,Llama-3.1-8B,Always Cooperate,105,48,0.0,11.363437499999991,559.4480105399078
llama31_8b__vs__always_cooperate__seed105,Llama-3.1-8B,Always Cooperate,105,49,0.0,11.36234374999999,570.8103542899079
llama31_8b__vs__always_cooperate__seed105,Llama-3.1-8B,Always Cooperate,105,50,0.0,11.35031249999999,582.1606667899079
llama31_8b__vs__always_defect__seed101,Llama-3.1-8B,Always Defect,101,1,0.0,0.0,0.0
llama31_8b__vs__always_defect__seed101,Llama-3.1-8B,Always Defect,101,2,0.0,0.0,0.0
llama31_8b__vs__always_defect__seed101,Llama-3.1-8B,Always Defect,101,3,0.0,0.0,0.0
llama31_8b__vs__always_defect__seed101,Llama-3.1-8B,Always Defect,101,4,0.0,0.0,0.0
llama31_8b__vs__always_defect__seed101,Llama-3.1-8B,Always Defect,101,5,0.0,0.0,0.0
llama31_8b__vs__always_defect__seed101,Llama-3.1-8B,Always Defect,101,6,0.0,0.0,0.0
llama31_8b__vs__always_defect__seed101,Llama-3.1-8B,Always Defect,101,7,0.0,0.0,0.0
llama31_8b__vs__always_defect__seed101,Llama-3.1-8B,Always Defect,101,8,0.0,0.0,0.0
llama31_8b__vs__always_defect__seed101,Llama-3.1-8B,Always Defect,101,9,0.0,0.0,0.0
llama31_8b__vs__always_defect__seed101,Llama-3.1-8B,Always Defect,101,10,0.0,0.0,0.0
llama31_8b__vs__always_defect__seed101,Llama-3.1-8B,Always Defect,101,11,0.0,0.0,0.0
llama31_8b__vs__always_defect__seed101,Llama-3.1-8B,Always Defect,101,12,0.0,0.0,0.0
llama31_8b__vs__always_defect__seed101,Llama-3.1-8B,Always Defect,101,13,0.0,0.0,0.0
llama31_8b__vs__always_defect__seed101,Llama-3.1-8B,Always Defect,101,14,0.0,0.0,0.0
llama31_8b__vs__always_defect__seed101,Llama-3.1-8B,Always Defect,101,15,0.0,0.0,0.0
llama31_8b__vs__always_defect__seed101,Llama-3.1-8B,Always Defect,101,16,0.0,0.0,0.0
llama31_8b__vs__always_defect__seed101,Llama-3.1-8B,Always Defect,101,17,0.0,0.0,0.0
llama31_8b__vs__always_defect__seed101,Llama-3.1-8B,Always Defect,101,18,0.0,0.0,0.0
llama31_8b__vs__always_defect__seed101,Llama-3.1-8B,Always Defect,101,19,0.0,0.0,0.0
llama31_8b__vs__always_defect__seed101,Llama-3.1-8B,Always Defect,101,20,0.0,0.0,0.0
llama31_8b__vs__always_defect__seed101,Llama-3.1-8B,Always Defect,101,21,0.0,0.0,0.0
llama31_8b__vs__always_defect__seed101,Llama-3.1-8B,Always Defect,101,22,0.0,0.0,0.0
llama31_8b__vs__always_defect__seed101,Llama-3.1-8B,Always Defect,101,23,0.0,0.0,0.0
llama31_8b__vs__always_defect__seed101,Llama-3.1-8B,Always Defect,101,24,0.0,0.0,0.0
llama31_8b__vs__always_defect__seed101,Llama-3.1-8B,Always Defect,101,25,0.0,0.0,0.0
llama31_8b__vs__always_defect__seed101,Llama-3.1-8B,Always Defect,101,26,0.0,0.0,0.0
llama31_8b__vs__always_defect__seed101,Llama-3.1-8B,Always Defect,101,27,0.0,0.0,0.0
llama31_8b__vs__always_defect__seed101,Llama-3.1-8B,Always Defect,101,28,0.0,0.0,0.0
llama31_8b__vs__always_defect__seed101,Llama-3.1-8B,Always Defect,101,29,0.0,0.0,0.0
llama31_8b__vs__always_defect__seed101,Llama-3.1-8B,Always Defect,101,30,0.0,0.0,0.0
llama31_8b__vs__always_defect__seed101,Llama-3.1-8B,Always Defect,101,31,0.0,0.0,0.0
llama31_8b__vs__always_defect__seed101,Llama-3.1-8B,Always Defect,101,32,0.0,0.0,0.0
llama31_8b__vs__always_defect__seed101,Llama-3.1-8B,Always Defect,101,33,0.0,0.0,0.0
llama31_8b__vs__always_defect__seed101,Llama-3.1-8B,Always Defect,101,34,0.0,0.0,0.0
llama31_8b__vs__always_defect__seed101,Llama-3.1-8B,Always Defect,101,35,0.0,0.0,0.0
llama31_8b__vs__always_defect__seed101,Llama-3.1-8B,Always Defect,101,36,0.0,0.0,0.0
llama31_8b__vs__always_defect__seed101,Llama-3.1-8B,Always Defect,101,37,0.0,0.0,0.0
llama31_8b__vs__always_defect__seed101,Llama-3.1-8B,Always Defect,101,38,0.0,0.0,0.0
llama31_8b__vs__always_defect__seed101,Llama-3.1-8B,Always Defect,101,39,0.0,0.0,0.0
llama31_8b__vs__always_defect__seed101,Llama-3.1-8B,Always Defect,101,40,0.0,0.0,0.0
llama31_8b__vs__always_defect__seed101,Llama-3.1-8B,Always Defect,101,41,0.0,0.0,0.0
llama31_8b__vs__always_defect__seed101,Llama-3.1-8B,Always Defect,101,42,0.0,0.0,0.0
llama31_8b__vs__always_defect__seed101,Llama-3.1-8B,Always Defect,101,43,0.0,0.0,0.0
llama31_8b__vs__always_defect__seed101,Llama-3.1-8B,Always Defect,101,44,0.0,0.0,0.0
llama31_8b__vs__always_defect__seed101,Llama-3.1-8B,Always Defect,101,45,0.0,0.0,0.0
llama31_8b__vs__always_defect__seed101,Llama-3.1-8B,Always Defect,101,46,0.0,0.0,0.0
llama31_8b__vs__always_defect__seed101,Llama-3.1-8B,Always Defect,101,47,0.0,0.0,0.0
llama31_8b__vs__always_defect__seed101,Llama-3.1-8B,Always Defect,101,48,0.0,0.0,0.0
llama31_8b__vs__always_defect__seed101,Llama-3.1-8B,Always Defect,101,49,0.0,0.0,0.0
llama31_8b__vs__always_defect__seed101,Llama-3.1-8B,Always Defect,101,50,0.0,0.0,0.0
llama31_8b__vs__always_defect__seed102,Llama-3.1-8B,Always Defect,102,1,0.0,0.0,0.0
llama31_8b__vs__always_defect__seed102,Llama-3.1-8B,Always Defect,102,2,0.0,0.0,0.0
llama31_8b__vs__always_defect__seed102,Llama-3.1-8B,Always Defect,102,3,0.0,0.0,0.0
llama31_8b__vs__always_defect__seed102,Llama-3.1-8B,Always Defect,102,4,0.0,0.0,0.0
llama31_8b__vs__always_defect__seed102,Llama-3.1-8B,Always Defect,102,5,0.0,0.0,0.0
llama31_8b__vs__always_defect__seed102,Llama-3.1-8B,Always Defect,102,6,0.0,0.0,0.0
llama31_8b__vs__always_defect__seed102,Llama-3.1-8B,Always Defect,102,7,0.0,0.0,0.0
llama31_8b__vs__always_defect__seed102,Llama-3.1-8B,Always Defect,102,8,0.0,0.0,0.0
llama31_8b__vs__always_defect__seed102,Llama-3.1-8B,Always Defect,102,9,0.0,0.0,0.0
llama31_8b__vs__always_defect__seed102,Llama-3.1-8B,Always Defect,102,10,0.0,0.0,0.0
llama31_8b__vs__always_defect__seed102,Llama-3.1-8B,Always Defect,102,11,0.0,0.0,0.0
llama31_8b__vs__always_defect__seed102,Llama-3.1-8B,Always Defect,102,12,0.0,0.0,0.0
llama31_8b__vs__always_defect__seed102,Llama-3.1-8B,Always Defect,102,13,0.0,0.0,0.0
llama31_8b__vs__always_defect__seed102,Llama-3.1-8B,Always Defect,102,14,0.0,0.0,0.0
llama31_8b__vs__always_defect__seed102,Llama-3.1-8B,Always Defect,102,15,0.0,0.0,0.0
llama31_8b__vs__always_defect__seed102,Llama-3.1-8B,Always Defect,102,16,0.0,0.0,0.0
llama31_8b__vs__always_defect__seed102,Llama-3.1-8B,Always Defect,102,17,0.0,0.0,0.0
llama31_8b__vs__always_defect__seed102,Llama-3.1-8B,Always Defect,102,18,0.0,0.0,0.0
llama31_8b__vs__always_defect__seed102,Llama-3.1-8B,Always Defect,102,19,0.0,0.0,0.0
llama31_8b__vs__always_defect__seed102,Llama-3.1-8B,Always Defect,102,20,0.0,0.0,0.0
llama31_8b__vs__always_defect__seed102,Llama-3.1-8B,Always Defect,102,21,0.0,0.0,0.0
llama31_8b__vs__always_defect__seed102,Llama-3.1-8B,Always Defect,102,22,0.0,0.0,0.0
llama31_8b__vs__always_defect__seed102,Llama-3.1-8B,Always Defect,102,23,0.0,0.0,0.0
llama31_8b__vs__always_defect__seed102,Llama-3.1-8B,Always Defect,102,24,0.0,0.0,0.0
llama31_8b__vs__always_defect__seed102,Llama-3.1-8B,Always Defect,102,25,0.0,0.0,0.0
llama31_8b__vs__always_defect__seed102,Llama-3.1-8B,Always Defect,102,26,0.0,0.0,0.0
llama31_8b__vs__always_defect__seed102,Llama-3.1-8B,Always Defect,102,27,0.0,0.0,0.0
llama31_8b__vs__always_defect__seed102,Llama-3.1-8B,Always Defect,102,28,0.0,0.0,0.0
llama31_8b__vs__always_defect__seed102,Llama-3.1-8B,Always Defect,102,29,0.0,0.0,0.0
llama31_8b__vs__always_defect__seed102,Llama-3.1-8B,Always Defect,102,30,0.0,0.0,0.0
llama31_8b__vs__always_defect__seed102,Llama-3.1-8B,Always Defect,102,31,0.0,0.0,0.0
llama31_8b__vs__always_defect__seed102,Llama-3.1-8B,Always Defect,102,32,0.0,0.0,0.0
llama31_8b__vs__always_defect__seed102,Llama-3.1-8B,Always Defect,102,33,0.0,0.0,0.0
llama31_8b__vs__always_defect__seed102,Llama-3.1-8B,Always Defect,102,34,0.0,0.0,0.0
llama31_8b__vs__always_defect__seed102,Llama-3.1-8B,Always Defect,102,35,0.0,0.0,0.0
llama31_8b__vs__always_defect__seed102,Llama-3.1-8B,Always Defect,102,36,0.0,0.0,0.0
llama31_8b__vs__always_defect__seed102,Llama-3.1-8B,Always Defect,102,37,0.0,0.0,0.0
llama31_8b__vs__always_defect__seed102,Llama-3.1-8B,Always Defect,102,38,0.0,0.0,0.0
llama31_8b__vs__always_defect__seed102,Llama-3.1-8B,Always Defect,102,39,0.0,0.0,0.0
llama31_8b__vs__always_defect__seed102,Llama-3.1-8B,Always Defect,102,40,0.0,0.0,0.0
llama31_8b__vs__always_defect__seed102,Llama-3.1-8B,Always Defect,102,41,0.0,0.0,0.0
llama31_8b__vs__always_defect__seed102,Llama-3.1-8B,Always Defect,102,42,0.0,0.0,0.0
llama31_8b__vs__always_defect__seed102,Llama-3.1-8B,Always Defect,102,43,0.0,0.0,0.0
llama31_8b__vs__always_defect__seed102,Llama-3.1-8B,Always Defect,102,44,0.0,0.0,0.0
llama31_8b__vs__always_defect__seed102,Llama-3.1-8B,Always Defect,102,45,0.0,0.0,0.0
llama31_8b__vs__always_defect__seed102,Llama-3.1-8B,Always Defect,102,46,0.0,0.0,0.0
llama31_8b__vs__always_defect__seed102,Llama-3.1-8B,Always Defect,102,47,0.0,0.0,0.0
llama31_8b__vs__always_defect__seed102,Llama-3.1-8B,Always Defect,102,48,0.0,0.0,0.0
llama31_8b__vs__always_defect__seed102,Llama-3.1-8B,Always Defect,102,49,0.0,0.0,0.0
llama31_8b__vs__always_defect__seed102,Llama-3.1-8B,Always Defect,102,50,0.0,0.0,0.0
llama31_8b__vs__always_defect__seed103,Llama-3.1-8B,Always Defect,103,1,0.0,0.0,0.0
llama31_8b__vs__always_defect__seed103,Llama-3.1-8B,Always Defect,103,2,0.0,0.0,0.0
llama31_8b__vs__always_defect__seed103,Llama-3.1-8B,Always Defect,103,3,0.0,0.0,0.0
llama31_8b__vs__always_defect__seed103,Llama-3.1-8B,Always Defect,103,4,0.0,0.0,0.0
llama31_8b__vs__always_defect__seed103,Llama-3.1-8B,Always Defect,103,5,0.0,0.0,0.0
llama31_8b__vs__always_defect__seed103,Llama-3.1-8B,Always Defect,103,6,0.0,0.0,0.0
llama31_8b__vs__always_defect__seed103,Llama-3.1-8B,Always Defect,103,7,0.0,0.0,0.0
llama31_8b__vs__always_defect__seed103,Llama-3.1-8B,Always Defect,103,8,0.0,0.0,0.0
llama31_8b__vs__always_defect__seed103,Llama-3.1-8B,Always Defect,103,9,0.0,0.0,0.0
llama31_8b__vs__always_defect__seed103,Llama-3.1-8B,Always Defect,103,10,0.0,0.0,0.0
llama31_8b__vs__always_defect__seed103,Llama-3.1-8B,Always Defect,103,11,0.0,0.0,0.0
llama31_8b__vs__always_defect__seed103,Llama-3.1-8B,Always Defect,103,12,0.0,0.0,0.0
llama31_8b__vs__always_defect__seed103,Llama-3.1-8B,Always Defect,103,13,0.0,0.0,0.0
llama31_8b__vs__always_defect__seed103,Llama-3.1-8B,Always Defect,103,14,0.0,0.0,0.0
llama31_8b__vs__always_defect__seed103,Llama-3.1-8B,Always Defect,103,15,0.0,0.0,0.0
llama31_8b__vs__always_defect__seed103,Llama-3.1-8B,Always Defect,103,16,0.0,0.0,0.0
llama31_8b__vs__always_defect__seed103,Llama-3.1-8B,Always Defect,103,17,0.0,0.0,0.0
llama31_8b__vs__always_defect__seed103,Llama-3.1-8B,Always Defect,103,18,0.0,0.0,0.0
llama31_8b__vs__always_defect__seed103,Llama-3.1-8B,Always Defect,103,19,0.0,0.0,0.0
llama31_8b__vs__always_defect__seed103,Llama-3.1-8B,Always Defect,103,20,0.0,0.0,0.0
llama31_8b__vs__always_defect__seed103,Llama-3.1-8B,Always Defect,103,21,0.0,0.0,0.0
llama31_8b__vs__always_defect__seed103,Llama-3.1-8B,Always Defect,103,22,0.0,0.0,0.0
llama31_8b__vs__always_defect__seed103,Llama-3.1-8B,Always Defect,103,23,0.0,0.0,0.0
llama31_8b__vs__always_defect__seed103,Llama-3.1-8B,Always Defect,103,24,0.0,0.0,0.0
llama31_8b__vs__always_defect__seed103,Llama-3.1-8B,Always Defect,103,25,0.0,0.0,0.0
llama31_8b__vs__always_defect__seed103,Llama-3.1-8B,Always Defect,103,26,0.0,0.0,0.0
llama31_8b__vs__always_defect__seed103,Llama-3.1-8B,Always Defect,103,27,0.0,0.0,0.0
llama31_8b__vs__always_defect__seed103,Llama-3.1-8B,Always Defect,103,28,0.0,0.0,0.0
llama31_8b__vs__always_defect__seed103,Llama-3.1-8B,Always Defect,103,29,0.0,0.0,0.0
llama31_8b__vs__always_defect__seed103,Llama-3.1-8B,Always Defect,103,30,0.0,0.0,0.0
llama31_8b__vs__always_defect__seed103,Llama-3.1-8B,Always Defect,103,31,0.0,0.0,0.0
llama31_8b__vs__always_defect__seed103,Llama-3.1-8B,Always Defect,103,32,0.0,0.0,0.0
llama31_8b__vs__always_defect__seed103,Llama-3.1-8B,Always Defect,103,33,0.0,0.0,0.0
llama31_8b__vs__always_defect__seed103,Llama-3.1-8B,Always Defect,103,34,0.0,0.0,0.0
llama31_8b__vs__always_defect__seed103,Llama-3.1-8B,Always Defect,103,35,0.0,0.0,0.0
llama31_8b__vs__always_defect__seed103,Llama-3.1-8B,Always Defect,103,36,0.0,0.0,0.0
llama31_8b__vs__always_defect__seed103,Llama-3.1-8B,Always Defect,103,37,0.0,0.0,0.0
llama31_8b__vs__always_defect__seed103,Llama-3.1-8B,Always Defect,103,38,0.0,0.0,0.0
llama31_8b__vs__always_defect__seed103,Llama-3.1-8B,Always Defect,103,39,0.0,0.0,0.0
llama31_8b__vs__always_defect__seed103,Llama-3.1-8B,Always Defect,103,40,0.0,0.0,0.0
llama31_8b__vs__always_defect__seed103,Llama-3.1-8B,Always Defect,103,41,0.0,0.0,0.0
llama31_8b__vs__always_defect__seed103,Llama-3.1-8B,Always Defect,103,42,0.0,0.0,0.0
llama31_8b__vs__always_defect__seed103,Llama-3.1-8B,Always Defect,103,43,0.0,0.0,0.0
llama31_8b__vs__always_defect__seed103,Llama-3.1-8B,Always Defect,103,44,0.0,0.0,0.0
llama31_8b__vs__always_defect__seed103,Llama-3.1-8B,Always Defect,103,45,0.0,0.0,0.0
llama31_8b__vs__always_defect__seed103,Llama-3.1-8B,Always Defect,103,46,0.0,0.0,0.0
llama31_8b__vs__always_defect__seed103,Llama-3.1-8B,Always Defect,103,47,0.0,0.0,0.0
llama31_8b__vs__always_defect__seed103,Llama-3.1-8B,Always Defect,103,48,0.0,0.0,0.0
llama31_8b__vs__always_defect__seed103,Llama-3.1-8B,Always Defect,103,49,0.0,0.0,0.0
llama31_8b__vs__always_defect__seed103,Llama-3.1-8B,Always Defect,103,50,0.0,0.0,0.0
llama31_8b__vs__always_defect__seed104,Llama-3.1-8B,Always Defect,104,1,0.0,0.0,0.0
llama31_8b__vs__always_defect__seed104,Llama-3.1-8B,Always Defect,104,2,0.0,0.0,0.0
llama31_8b__vs__always_defect__seed104,Llama-3.1-8B,Always Defect,104,3,0.0,0.0,0.0
llama31_8b__vs__always_defect__seed104,Llama-3.1-8B,Always Defect,104,4,0.0,0.0,0.0
llama31_8b__vs__always_defect__seed104,Llama-3.1-8B,Always Defect,104,5,0.0,0.0,0.0
llama31_8b__vs__always_defect__seed104,Llama-3.1-8B,Always Defect,104,6,0.0,0.0,0.0
llama31_8b__vs__always_defect__seed104,Llama-3.1-8B,Always Defect,104,7,0.0,0.0,0.0
llama31_8b__vs__always_defect__seed104,Llama-3.1-8B,Always Defect,104,8,0.0,0.0,0.0
llama31_8b__vs__always_defect__seed104,Llama-3.1-8B,Always Defect,104,9,0.0,0.0,0.0
llama31_8b__vs__always_defect__seed104,Llama-3.1-8B,Always Defect,104,10,0.0,0.0,0.0
llama31_8b__vs__always_defect__seed104,Llama-3.1-8B,Always Defect,104,11,0.0,0.0,0.0
llama31_8b__vs__always_defect__seed104,Llama-3.1-8B,Always Defect,104,12,0.0,0.0,0.0
llama31_8b__vs__always_defect__seed104,Llama-3.1-8B,Always Defect,104,13,0.0,0.0,0.0
llama31_8b__vs__always_defect__seed104,Llama-3.1-8B,Always Defect,104,14,0.0,0.0,0.0
llama31_8b__vs__always_defect__seed104,Llama-3.1-8B,Always Defect,104,15,0.0,0.0,0.0
llama31_8b__vs__always_defect__seed104,Llama-3.1-8B,Always Defect,104,16,0.0,0.0,0.0
llama31_8b__vs__always_defect__seed104,Llama-3.1-8B,Always Defect,104,17,0.0,0.0,0.0
llama31_8b__vs__always_defect__seed104,Llama-3.1-8B,Always Defect,104,18,0.0,0.0,0.0
llama31_8b__vs__always_defect__seed104,Llama-3.1-8B,Always Defect,104,19,0.0,0.0,0.0
llama31_8b__vs__always_defect__seed104,Llama-3.1-8B,Always Defect,104,20,0.0,0.0,0.0
llama31_8b__vs__always_defect__seed104,Llama-3.1-8B,Always Defect,104,21,0.0,0.0,0.0
llama31_8b__vs__always_defect__seed104,Llama-3.1-8B,Always Defect,104,22,0.0,0.0,0.0
llama31_8b__vs__always_defect__seed104,Llama-3.1-8B,Always Defect,104,23,0.0,0.0,0.0
llama31_8b__vs__always_defect__seed104,Llama-3.1-8B,Always Defect,104,24,0.0,0.0,0.0
llama31_8b__vs__always_defect__seed104,Llama-3.1-8B,Always Defect,104,25,0.0,0.0,0.0
llama31_8b__vs__always_defect__seed104,Llama-3.1-8B,Always Defect,104,26,0.0,0.0,0.0
llama31_8b__vs__always_defect__seed104,Llama-3.1-8B,Always Defect,104,27,0.0,0.0,0.0
llama31_8b__vs__always_defect__seed104,Llama-3.1-8B,Always Defect,104,28,0.0,0.0,0.0
llama31_8b__vs__always_defect__seed104,Llama-3.1-8B,Always Defect,104,29,0.0,0.0,0.0
llama31_8b__vs__always_defect__seed104,Llama-3.1-8B,Always Defect,104,30,0.0,0.0,0.0
llama31_8b__vs__always_defect__seed104,Llama-3.1-8B,Always Defect,104,31,0.0,0.0,0.0
llama31_8b__vs__always_defect__seed104,Llama-3.1-8B,Always Defect,104,32,0.0,0.0,0.0
llama31_8b__vs__always_defect__seed104,Llama-3.1-8B,Always Defect,104,33,0.0,0.0,0.0
llama31_8b__vs__always_defect__seed104,Llama-3.1-8B,Always Defect,104,34,0.0,0.0,0.0
llama31_8b__vs__always_defect__seed104,Llama-3.1-8B,Always Defect,104,35,0.0,0.0,0.0
llama31_8b__vs__always_defect__seed104,Llama-3.1-8B,Always Defect,104,36,0.0,0.0,0.0
llama31_8b__vs__always_defect__seed104,Llama-3.1-8B,Always Defect,104,37,0.0,0.0,0.0
llama31_8b__vs__always_defect__seed104,Llama-3.1-8B,Always Defect,104,38,0.0,0.0,0.0
llama31_8b__vs__always_defect__seed104,Llama-3.1-8B,Always Defect,104,39,0.0,0.0,0.0
llama31_8b__vs__always_defect__seed104,Llama-3.1-8B,Always Defect,104,40,0.0,0.0,0.0
llama31_8b__vs__always_defect__seed104,Llama-3.1-8B,Always Defect,104,41,0.0,0.0,0.0
llama31_8b__vs__always_defect__seed104,Llama-3.1-8B,Always Defect,104,42,0.0,0.0,0.0
llama31_8b__vs__always_defect__seed104,Llama-3.1-8B,Always Defect,104,43,0.0,0.0,0.0
llama31_8b__vs__always_defect__seed104,Llama-3.1-8B,Always Defect,104,44,0.0,0.0,0.0
llama31_8b__vs__always_defect__seed104,Llama-3.1-8B,Always Defect,104,45,0.0,0.0,0.0
llama31_8b__vs__always_defect__seed104,Llama-3.1-8B,Always Defect,104,46,0.0,0.0,0.0
llama31_8b__vs__always_defect__seed104,Llama-3.1-8B,Always Defect,104,47,0.0,0.0,0.0
llama31_8b__vs__always_defect__seed104,Llama-3.1-8B,Always Defect,104,48,0.0,0.0,0.0
llama31_8b__vs__always_defect__seed104,Llama-3.1-8B,Always Defect,104,49,0.0,0.0,0.0
llama31_8b__vs__always_defect__seed104,Llama-3.1-8B,Always Defect,104,50,0.0,0.0,0.0
llama31_8b__vs__always_defect__seed105,Llama-3.1-8B,Always Defect,105,1,0.0,0.0,0.0
llama31_8b__vs__always_defect__seed105,Llama-3.1-8B,Always Defect,105,2,0.0,0.0,0.0
llama31_8b__vs__always_defect__seed105,Llama-3.1-8B,Always Defect,105,3,0.0,0.0,0.0
llama31_8b__vs__always_defect__seed105,Llama-3.1-8B,Always Defect,105,4,0.0,0.0,0.0
llama31_8b__vs__always_defect__seed105,Llama-3.1-8B,Always Defect,105,5,0.0,0.0,0.0
llama31_8b__vs__always_defect__seed105,Llama-3.1-8B,Always Defect,105,6,0.0,0.0,0.0
llama31_8b__vs__always_defect__seed105,Llama-3.1-8B,Always Defect,105,7,0.0,0.0,0.0
llama31_8b__vs__always_defect__seed105,Llama-3.1-8B,Always Defect,105,8,0.0,0.0,0.0
llama31_8b__vs__always_defect__seed105,Llama-3.1-8B,Always Defect,105,9,0.0,0.0,0.0
llama31_8b__vs__always_defect__seed105,Llama-3.1-8B,Always Defect,105,10,0.0,0.0,0.0
llama31_8b__vs__always_defect__seed105,Llama-3.1-8B,Always Defect,105,11,0.0,0.0,0.0
llama31_8b__vs__always_defect__seed105,Llama-3.1-8B,Always Defect,105,12,0.0,0.0,0.0
llama31_8b__vs__always_defect__seed105,Llama-3.1-8B,Always Defect,105,13,0.0,0.0,0.0
llama31_8b__vs__always_defect__seed105,Llama-3.1-8B,Always Defect,105,14,0.0,0.0,0.0
llama31_8b__vs__always_defect__seed105,Llama-3.1-8B,Always Defect,105,15,0.0,0.0,0.0
llama31_8b__vs__always_defect__seed105,Llama-3.1-8B,Always Defect,105,16,0.0,0.0,0.0
llama31_8b__vs__always_defect__seed105,Llama-3.1-8B,Always Defect,105,17,0.0,0.0,0.0
llama31_8b__vs__always_defect__seed105,Llama-3.1-8B,Always Defect,105,18,0.0,0.0,0.0
llama31_8b__vs__always_defect__seed105,Llama-3.1-8B,Always Defect,105,19,0.0,0.0,0.0
llama31_8b__vs__always_defect__seed105,Llama-3.1-8B,Always Defect,105,20,0.0,0.0,0.0
llama31_8b__vs__always_defect__seed105,Llama-3.1-8B,Always Defect,105,21,0.0,0.0,0.0
llama31_8b__vs__always_defect__seed105,Llama-3.1-8B,Always Defect,105,22,0.0,0.0,0.0
llama31_8b__vs__always_defect__seed105,Llama-3.1-8B,Always Defect,105,23,0.0,0.0,0.0
llama31_8b__vs__always_defect__seed105,Llama-3.1-8B,Always Defect,105,24,0.0,0.0,0.0
llama31_8b__vs__always_defect__seed105,Llama-3.1-8B,Always Defect,105,25,0.0,0.0,0.0
llama31_8b__vs__always_defect__seed105,Llama-3.1-8B,Always Defect,105,26,0.0,0.0,0.0
llama31_8b__vs__always_defect__seed105,Llama-3.1-8B,Always Defect,105,27,0.0,0.0,0.0
llama31_8b__vs__always_defect__seed105,Llama-3.1-8B,Always Defect,105,28,0.0,0.0,0.0
llama31_8b__vs__always_defect__seed105,Llama-3.1-8B,Always Defect,105,29,0.0,0.0,0.0
llama31_8b__vs__always_defect__seed105,Llama-3.1-8B,Always Defect,105,30,0.0,0.0,0.0
llama31_8b__vs__always_defect__seed105,Llama-3.1-8B,Always Defect,105,31,0.0,0.0,0.0
llama31_8b__vs__always_defect__seed105,Llama-3.1-8B,Always Defect,105,32,0.0,0.0,0.0
llama31_8b__vs__always_defect__seed105,Llama-3.1-8B,Always Defect,105,33,0.0,0.0,0.0
llama31_8b__vs__always_defect__seed105,Llama-3.1-8B,Always Defect,105,34,0.0,0.0,0.0
llama31_8b__vs__always_defect__seed105,Llama-3.1-8B,Always Defect,105,35,0.0,0.0,0.0
llama31_8b__vs__always_defect__seed105,Llama-3.1-8B,Always Defect,105,36,0.0,0.0,0.0
llama31_8b__vs__always_defect__seed105,Llama-3.1-8B,Always Defect,105,37,0.0,0.0,0.0
llama31_8b__vs__always_defect__seed105,Llama-3.1-8B,Always Defect,105,38,0.0,0.0,0.0
llama31_8b__vs__always_defect__seed105,Llama-3.1-8B,Always Defect,105,39,0.0,0.0,0.0
llama31_8b__vs__always_defect__seed105,Llama-3.1-8B,Always Defect,105,40,0.0,0.0,0.0
llama31_8b__vs__always_defect__seed105,Llama-3.1-8B,Always Defect,105,41,0.0,0.0,0.0
llama31_8b__vs__always_defect__seed105,Llama-3.1-8B,Always Defect,105,42,0.0,0.0,0.0
llama31_8b__vs__always_defect__seed105,Llama-3.1-8B,Always Defect,105,43,0.0,0.0,0.0
llama31_8b__vs__always_defect__seed105,Llama-3.1-8B,Always Defect,105,44,0.0,0.0,0.0
llama31_8b__vs__always_defect__seed105,Llama-3.1-8B,Always Defect,105,45,0.0,0.0,0.0
llama31_8b__vs__always_defect__seed105,Llama-3.1-8B,Always Defect,105,46,0.0,0.0,0.0
llama31_8b__vs__always_defect__seed105,Llama-3.1-8B,Always Defect,105,47,0.0,0.0,0.0
llama31_8b__vs__always_defect__seed105,Llama-3.1-8B,Always Defect,105,48,0.0,0.0,0.0
llama31_8b__vs__always_defect__seed105,Llama-3.1-8B,Always Defect,105,49,0.0,0.0,0.0
llama31_8b__vs__always_defect__seed105,Llama-3.1-8B,Always Defect,105,50,0.0,0.0,0.0
llama31_8b__vs__graded_tft__seed101,Llama-3.1-8B,Graded TFT,101,1,0.0,12.0,12.0
llama31_8b__vs__graded_tft__seed101,Llama-3.1-8B,Graded TFT,101,2,0.0,5.99125,17.99125
llama31_8b__vs__graded_tft__seed101,Llama-3.1-8B,Graded TFT,101,3,0.0,2.9803125,20.9715625
llama31_8b__vs__graded_tft__seed101,Llama-3.1-8B,Graded TFT,101,4,0.0,0.0,20.9715625
llama31_8b__vs__graded_tft__seed101,Llama-3.1-8B,Graded TFT,101,5,0.0,0.0,20.9715625
llama31_8b__vs__graded_tft__seed101,Llama-3.1-8B,Graded TFT,101,6,0.0,0.0,20.9715625
llama31_8b__vs__graded_tft__seed101,Llama-3.1-8B,Graded TFT,101,7,0.0,0.0,20.9715625
llama31_8b__vs__graded_tft__seed101,Llama-3.1-8B,Graded TFT,101,8,0.0,0.0,20.9715625
llama31_8b__vs__graded_tft__seed101,Llama-3.1-8B,Graded TFT,101,9,0.0,0.0,20.9715625
llama31_8b__vs__graded_tft__seed101,Llama-3.1-8B,Graded TFT,101,10,0.0,0.0,20.9715625
llama31_8b__vs__graded_tft__seed101,Llama-3.1-8B,Graded TFT,101,11,0.0,0.0,20.9715625
llama31_8b__vs__graded_tft__seed101,Llama-3.1-8B,Graded TFT,101,12,0.0,0.0,20.9715625
llama31_8b__vs__graded_tft__seed101,Llama-3.1-8B,Graded TFT,101,13,0.0,0.0,20.9715625
llama31_8b__vs__graded_tft__seed101,Llama-3.1-8B,Graded TFT,101,14,0.0,0.0,20.9715625
llama31_8b__vs__graded_tft__seed101,Llama-3.1-8B,Graded TFT,101,15,0.0,0.0,20.9715625
llama31_8b__vs__graded_tft__seed101,Llama-3.1-8B,Graded TFT,101,16,0.0,0.0,20.9715625
llama31_8b__vs__graded_tft__seed101,Llama-3.1-8B,Graded TFT,101,17,0.0,0.0,20.9715625
llama31_8b__vs__graded_tft__seed101,Llama-3.1-8B,Graded TFT,101,18,0.0,0.0,20.9715625
llama31_8b__vs__graded_tft__seed101,Llama-3.1-8B,Graded TFT,101,19,0.0,0.0,20.9715625
llama31_8b__vs__graded_tft__seed101,Llama-3.1-8B,Graded TFT,101,20,0.0,0.0,20.9715625
llama31_8b__vs__graded_tft__seed101,Llama-3.1-8B,Graded TFT,101,21,0.0,0.0,20.9715625
llama31_8b__vs__graded_tft__seed101,Llama-3.1-8B,Graded TFT,101,22,0.0,0.0,20.9715625
llama31_8b__vs__graded_tft__seed101,Llama-3.1-8B,Graded TFT,101,23,0.0,0.0,20.9715625
llama31_8b__vs__graded_tft__seed101,Llama-3.1-8B,Graded TFT,101,24,0.0,0.0,20.9715625
llama31_8b__vs__graded_tft__seed101,Llama-3.1-8B,Graded TFT,101,25,0.0,0.0,20.9715625
llama31_8b__vs__graded_tft__seed101,Llama-3.1-8B,Graded TFT,101,26,0.0,0.0,20.9715625
llama31_8b__vs__graded_tft__seed101,Llama-3.1-8B,Graded TFT,101,27,0.0,0.0,20.9715625
llama31_8b__vs__graded_tft__seed101,Llama-3.1-8B,Graded TFT,101,28,0.0,0.0,20.9715625
llama31_8b__vs__graded_tft__seed101,Llama-3.1-8B,Graded TFT,101,29,0.0,0.0,20.9715625
llama31_8b__vs__graded_tft__seed101,Llama-3.1-8B,Graded TFT,101,30,0.0,0.0,20.9715625
llama31_8b__vs__graded_tft__seed101,Llama-3.1-8B,Graded TFT,101,31,0.0,0.0,20.9715625
llama31_8b__vs__graded_tft__seed101,Llama-3.1-8B,Graded TFT,101,32,0.0,0.0,20.9715625
llama31_8b__vs__graded_tft__seed101,Llama-3.1-8B,Graded TFT,101,33,0.0,0.0,20.9715625
llama31_8b__vs__graded_tft__seed101,Llama-3.1-8B,Graded TFT,101,34,0.0,0.0,20.9715625
llama31_8b__vs__graded_tft__seed101,Llama-3.1-8B,Graded TFT,101,35,0.0,0.0,20.9715625
llama31_8b__vs__graded_tft__seed101,Llama-3.1-8B,Graded TFT,101,36,0.0,0.0,20.9715625
llama31_8b__vs__graded_tft__seed101,Llama-3.1-8B,Graded TFT,101,37,0.0,0.0,20.9715625
llama31_8b__vs__graded_tft__seed101,Llama-3.1-8B,Graded TFT,101,38,0.0,0.0,20.9715625
llama31_8b__vs__graded_tft__seed101,Llama-3.1-8B,Graded TFT,101,39,0.0,0.0,20.9715625
llama31_8b__vs__graded_tft__seed101,Llama-3.1-8B,Graded TFT,101,40,0.0,0.0,20.9715625
llama31_8b__vs__graded_tft__seed101,Llama-3.1-8B,Graded TFT,101,41,0.0,0.0,20.9715625
llama31_8b__vs__graded_tft__seed101,Llama-3.1-8B,Graded TFT,101,42,0.0,0.0,20.9715625
llama31_8b__vs__graded_tft__seed101,Llama-3.1-8B,Graded TFT,101,43,0.0,0.0,20.9715625
llama31_8b__vs__graded_tft__seed101,Llama-3.1-8B,Graded TFT,101,44,0.0,0.0,20.9715625
llama31_8b__vs__graded_tft__seed101,Llama-3.1-8B,Graded TFT,101,45,0.0,0.0,20.9715625
llama31_8b__vs__graded_tft__seed101,Llama-3.1-8B,Graded TFT,101,46,0.0,0.0,20.9715625
llama31_8b__vs__graded_tft__seed101,Llama-3.1-8B,Graded TFT,101,47,0.0,0.0,20.9715625
llama31_8b__vs__graded_tft__seed101,Llama-3.1-8B,Graded TFT,101,48,0.0,0.0,20.9715625
llama31_8b__vs__graded_tft__seed101,Llama-3.1-8B,Graded TFT,101,49,0.0,0.0,20.9715625
llama31_8b__vs__graded_tft__seed101,Llama-3.1-8B,Graded TFT,101,50,0.0,0.0,20.9715625
llama31_8b__vs__graded_tft__seed102,Llama-3.1-8B,Graded TFT,102,1,0.0,12.0,12.0
llama31_8b__vs__graded_tft__seed102,Llama-3.1-8B,Graded TFT,102,2,0.0,5.99125,17.99125
llama31_8b__vs__graded_tft__seed102,Llama-3.1-8B,Graded TFT,102,3,0.0,2.9803125,20.9715625
llama31_8b__vs__graded_tft__seed102,Llama-3.1-8B,Graded TFT,102,4,0.0,0.0,20.9715625
llama31_8b__vs__graded_tft__seed102,Llama-3.1-8B,Graded TFT,102,5,0.0,5.873854166666667,26.84541666666667
llama31_8b__vs__graded_tft__seed102,Llama-3.1-8B,Graded TFT,102,6,0.0,2.9150520833333333,29.76046875
llama31_8b__vs__graded_tft__seed102,Llama-3.1-8B,Graded TFT,102,7,0.0,0.0,29.76046875
llama31_8b__vs__graded_tft__seed102,Llama-3.1-8B,Graded TFT,102,8,0.0,0.0,29.76046875
llama31_8b__vs__graded_tft__seed102,Llama-3.1-8B,Graded TFT,102,9,0.0,0.0,29.76046875
llama31_8b__vs__graded_tft__seed102,Llama-3.1-8B,Graded TFT,102,10,0.0,0.0,29.76046875
llama31_8b__vs__graded_tft__seed102,Llama-3.1-8B,Graded TFT,102,11,0.0,0.0,29.76046875
llama31_8b__vs__graded_tft__seed102,Llama-3.1-8B,Graded TFT,102,12,0.0,0.0,29.76046875
llama31_8b__vs__graded_tft__seed102,Llama-3.1-8B,Graded TFT,102,13,0.0,0.0,29.76046875
llama31_8b__vs__graded_tft__seed102,Llama-3.1-8B,Graded TFT,102,14,0.0,0.0,29.76046875
llama31_8b__vs__graded_tft__seed102,Llama-3.1-8B,Graded TFT,102,15,0.0,0.0,29.76046875
llama31_8b__vs__graded_tft__seed102,Llama-3.1-8B,Graded TFT,102,16,0.0,0.0,29.76046875
llama31_8b__vs__graded_tft__seed102,Llama-3.1-8B,Graded TFT,102,17,0.0,0.0,29.76046875
llama31_8b__vs__graded_tft__seed102,Llama-3.1-8B,Graded TFT,102,18,0.0,0.0,29.76046875
llama31_8b__vs__graded_tft__seed102,Llama-3.1-8B,Graded TFT,102,19,0.0,0.0,29.76046875
llama31_8b__vs__graded_tft__seed102,Llama-3.1-8B,Graded TFT,102,20,0.0,0.0,29.76046875
llama31_8b__vs__graded_tft__seed102,Llama-3.1-8B,Graded TFT,102,21,0.0,0.0,29.76046875
llama31_8b__vs__graded_tft__seed102,Llama-3.1-8B,Graded TFT,102,22,0.0,0.0,29.76046875
llama31_8b__vs__graded_tft__seed102,Llama-3.1-8B,Graded TFT,102,23,0.0,0.0,29.76046875
llama31_8b__vs__graded_tft__seed102,Llama-3.1-8B,Graded TFT,102,24,0.0,0.0,29.76046875
llama31_8b__vs__graded_tft__seed102,Llama-3.1-8B,Graded TFT,102,25,0.0,0.0,29.76046875
llama31_8b__vs__graded_tft__seed102,Llama-3.1-8B,Graded TFT,102,26,0.0,0.0,29.76046875
llama31_8b__vs__graded_tft__seed102,Llama-3.1-8B,Graded TFT,102,27,0.0,0.0,29.76046875
llama31_8b__vs__graded_tft__seed102,Llama-3.1-8B,Graded TFT,102,28,0.0,0.0,29.76046875
llama31_8b__vs__graded_tft__seed102,Llama-3.1-8B,Graded TFT,102,29,0.0,0.0,29.76046875
llama31_8b__vs__graded_tft__seed102,Llama-3.1-8B,Graded TFT,102,30,0.0,0.0,29.76046875
llama31_8b__vs__graded_tft__seed102,Llama-3.1-8B,Graded TFT,102,31,0.0,0.0,29.76046875
llama31_8b__vs__graded_tft__seed102,Llama-3.1-8B,Graded TFT,102,32,0.0,0.0,29.76046875
llama31_8b__vs__graded_tft__seed102,Llama-3.1-8B,Graded TFT,102,33,0.0,0.0,29.76046875
llama31_8b__vs__graded_tft__seed102,Llama-3.1-8B,Graded TFT,102,34,0.0,0.0,29.76046875
llama31_8b__vs__graded_tft__seed102,Llama-3.1-8B,Graded TFT,102,35,0.0,0.0,29.76046875
llama31_8b__vs__graded_tft__seed102,Llama-3.1-8B,Graded TFT,102,36,0.0,0.0,29.76046875
llama31_8b__vs__graded_tft__seed102,Llama-3.1-8B,Graded TFT,102,37,0.0,0.0,29.76046875
llama31_8b__vs__graded_tft__seed102,Llama-3.1-8B,Graded TFT,102,38,0.0,0.0,29.76046875
llama31_8b__vs__graded_tft__seed102,Llama-3.1-8B,Graded TFT,102,39,0.0,0.0,29.76046875
llama31_8b__vs__graded_tft__seed102,Llama-3.1-8B,Graded TFT,102,40,0.0,0.0,29.76046875
llama31_8b__vs__graded_tft__seed102,Llama-3.1-8B,Graded TFT,102,41,0.0,0.0,29.76046875
llama31_8b__vs__graded_tft__seed102,Llama-3.1-8B,Graded TFT,102,42,0.0,0.0,29.76046875
llama31_8b__vs__graded_tft__seed102,Llama-3.1-8B,Graded TFT,102,43,0.0,0.0,29.76046875
llama31_8b__vs__graded_tft__seed102,Llama-3.1-8B,Graded TFT,102,44,0.0,0.0,29.76046875
llama31_8b__vs__graded_tft__seed102,Llama-3.1-8B,Graded TFT,102,45,0.0,0.0,29.76046875
llama31_8b__vs__graded_tft__seed102,Llama-3.1-8B,Graded TFT,102,46,0.0,0.0,29.76046875
llama31_8b__vs__graded_tft__seed102,Llama-3.1-8B,Graded TFT,102,47,0.0,0.0,29.76046875
llama31_8b__vs__graded_tft__seed102,Llama-3.1-8B,Graded TFT,102,48,0.0,0.0,29.76046875
llama31_8b__vs__graded_tft__seed102,Llama-3.1-8B,Graded TFT,102,49,0.0,0.0,29.76046875
llama31_8b__vs__graded_tft__seed102,Llama-3.1-8B,Graded TFT,102,50,0.0,0.0,29.76046875
llama31_8b__vs__graded_tft__seed103,Llama-3.1-8B,Graded TFT,103,1,0.0,12.0,12.0
llama31_8b__vs__graded_tft__seed103,Llama-3.1-8B,Graded TFT,103,2,0.0,5.99125,17.99125
llama31_8b__vs__graded_tft__seed103,Llama-3.1-8B,Graded TFT,103,3,0.0,2.9803125,20.9715625
llama31_8b__vs__graded_tft__seed103,Llama-3.1-8B,Graded TFT,103,4,0.0,0.0,20.9715625
llama31_8b__vs__graded_tft__seed103,Llama-3.1-8B,Graded TFT,103,5,0.0,0.0,20.9715625
llama31_8b__vs__graded_tft__seed103,Llama-3.1-8B,Graded TFT,103,6,0.0,0.0,20.9715625
llama31_8b__vs__graded_tft__seed103,Llama-3.1-8B,Graded TFT,103,7,0.0,0.0,20.9715625
llama31_8b__vs__graded_tft__seed103,Llama-3.1-8B,Graded TFT,103,8,0.0,0.0,20.9715625
llama31_8b__vs__graded_tft__seed103,Llama-3.1-8B,Graded TFT,103,9,0.0,5.580546875000001,26.552109375
llama31_8b__vs__graded_tft__seed103,Llama-3.1-8B,Graded TFT,103,10,0.0,2.754453125000001,29.306562500000002
llama31_8b__vs__graded_tft__seed103,Llama-3.1-8B,Graded TFT,103,11,0.0,0.0,29.306562500000002
llama31_8b__vs__graded_tft__seed103,Llama-3.1-8B,Graded TFT,103,12,0.0,0.0,29.306562500000002
llama31_8b__vs__graded_tft__seed103,Llama-3.1-8B,Graded TFT,103,13,0.0,0.0,29.306562500000002
llama31_8b__vs__graded_tft__seed103,Llama-3.1-8B,Graded TFT,103,14,0.0,0.0,29.306562500000002
llama31_8b__vs__graded_tft__seed103,Llama-3.1-8B,Graded TFT,103,15,0.0,0.0,29.306562500000002
llama31_8b__vs__graded_tft__seed103,Llama-3.1-8B,Graded TFT,103,16,0.0,0.0,29.306562500000002
llama31_8b__vs__graded_tft__seed103,Llama-3.1-8B,Graded TFT,103,17,0.0,0.0,29.306562500000002
llama31_8b__vs__graded_tft__seed103,Llama-3.1-8B,Graded TFT,103,18,0.0,0.0,29.306562500000002
llama31_8b__vs__graded_tft__seed103,Llama-3.1-8B,Graded TFT,103,19,0.0,0.0,29.306562500000002
llama31_8b__vs__graded_tft__seed103,Llama-3.1-8B,Graded TFT,103,20,0.0,0.0,29.306562500000002
llama31_8b__vs__graded_tft__seed103,Llama-3.1-8B,Graded TFT,103,21,0.0,0.0,29.306562500000002
llama31_8b__vs__graded_tft__seed103,Llama-3.1-8B,Graded TFT,103,22,0.0,4.5,33.8065625
llama31_8b__vs__graded_tft__seed103,Llama-3.1-8B,Graded TFT,103,23,0.0,2.25,36.0565625
llama31_8b__vs__graded_tft__seed103,Llama-3.1-8B,Graded TFT,103,24,0.0,0.0,36.0565625
llama31_8b__vs__graded_tft__seed103,Llama-3.1-8B,Graded TFT,103,25,0.0,0.0,36.0565625
llama31_8b__vs__graded_tft__seed103,Llama-3.1-8B,Graded TFT,103,26,0.0,0.0,36.0565625
llama31_8b__vs__graded_tft__seed103,Llama-3.1-8B,Graded TFT,103,27,0.0,0.0,36.0565625
llama31_8b__vs__graded_tft__seed103,Llama-3.1-8B,Graded TFT,103,28,0.0,0.0,36.0565625
llama31_8b__vs__graded_tft__seed103,Llama-3.1-8B,Graded TFT,103,29,0.0,0.0,36.0565625
llama31_8b__vs__graded_tft__seed103,Llama-3.1-8B,Graded TFT,103,30,0.0,0.0,36.0565625
llama31_8b__vs__graded_tft__seed103,Llama-3.1-8B,Graded TFT,103,31,0.0,0.0,36.0565625
llama31_8b__vs__graded_tft__seed103,Llama-3.1-8B,Graded TFT,103,32,0.0,0.0,36.0565625
llama31_8b__vs__graded_tft__seed103,Llama-3.1-8B,Graded TFT,103,33,0.0,0.0,36.0565625
llama31_8b__vs__graded_tft__seed103,Llama-3.1-8B,Graded TFT,103,34,0.0,2.25,38.3065625
llama31_8b__vs__graded_tft__seed103,Llama-3.1-8B,Graded TFT,103,35,0.0,0.0,38.3065625
llama31_8b__vs__graded_tft__seed103,Llama-3.1-8B,Graded TFT,103,36,0.0,0.0,38.3065625
llama31_8b__vs__graded_tft__seed103,Llama-3.1-8B,Graded TFT,103,37,0.0,0.0,38.3065625
llama31_8b__vs__graded_tft__seed103,Llama-3.1-8B,Graded TFT,103,38,0.0,0.0,38.3065625
llama31_8b__vs__graded_tft__seed103,Llama-3.1-8B,Graded TFT,103,39,0.0,0.0,38.3065625
llama31_8b__vs__graded_tft__seed103,Llama-3.1-8B,Graded TFT,103,40,0.0,0.0,38.3065625
llama31_8b__vs__graded_tft__seed103,Llama-3.1-8B,Graded TFT,103,41,0.0,0.0,38.3065625
llama31_8b__vs__graded_tft__seed103,Llama-3.1-8B,Graded TFT,103,42,0.0,0.0,38.3065625
llama31_8b__vs__graded_tft__seed103,Llama-3.1-8B,Graded TFT,103,43,0.0,0.0,38.3065625
llama31_8b__vs__graded_tft__seed103,Llama-3.1-8B,Graded TFT,103,44,0.0,0.0,38.3065625
llama31_8b__vs__graded_tft__seed103,Llama-3.1-8B,Graded TFT,103,45,0.0,0.0,38.3065625
llama31_8b__vs__graded_tft__seed103,Llama-3.1-8B,Graded TFT,103,46,0.0,0.0,38.3065625
llama31_8b__vs__graded_tft__seed103,Llama-3.1-8B,Graded TFT,103,47,0.0,0.0,38.3065625
llama31_8b__vs__graded_tft__seed103,Llama-3.1-8B,Graded TFT,103,48,0.0,0.0,38.3065625
llama31_8b__vs__graded_tft__seed103,Llama-3.1-8B,Graded TFT,103,49,0.0,0.0,38.3065625
llama31_8b__vs__graded_tft__seed103,Llama-3.1-8B,Graded TFT,103,50,0.0,0.0,38.3065625
llama31_8b__vs__graded_tft__seed104,Llama-3.1-8B,Graded TFT,104,1,0.0,12.0,12.0
llama31_8b__vs__graded_tft__seed104,Llama-3.1-8B,Graded TFT,104,2,0.0,5.99125,17.99125
llama31_8b__vs__graded_tft__seed104,Llama-3.1-8B,Graded TFT,104,3,0.0,5.9715625,23.962812500000002
llama31_8b__vs__graded_tft__seed104,Llama-3.1-8B,Graded TFT,104,4,0.0,5.948229166666667,29.91104166666667
llama31_8b__vs__graded_tft__seed104,Llama-3.1-8B,Graded TFT,104,5,0.0,2.9588020833333335,32.86984375
llama31_8b__vs__graded_tft__seed104,Llama-3.1-8B,Graded TFT,104,6,0.0,0.0,32.86984375
llama31_8b__vs__graded_tft__seed104,Llama-3.1-8B,Graded TFT,104,7,0.0,0.0,32.86984375
llama31_8b__vs__graded_tft__seed104,Llama-3.1-8B,Graded TFT,104,8,0.0,0.0,32.86984375
llama31_8b__vs__graded_tft__seed104,Llama-3.1-8B,Graded TFT,104,9,0.0,0.0,32.86984375
llama31_8b__vs__graded_tft__seed104,Llama-3.1-8B,Graded TFT,104,10,0.0,0.0,32.86984375
llama31_8b__vs__graded_tft__seed104,Llama-3.1-8B,Graded TFT,104,11,0.0,0.0,32.86984375
llama31_8b__vs__graded_tft__seed104,Llama-3.1-8B,Graded TFT,104,12,0.0,0.0,32.86984375
llama31_8b__vs__graded_tft__seed104,Llama-3.1-8B,Graded TFT,104,13,0.0,0.0,32.86984375
llama31_8b__vs__graded_tft__seed104,Llama-3.1-8B,Graded TFT,104,14,0.0,0.0,32.86984375
llama31_8b__vs__graded_tft__seed104,Llama-3.1-8B,Graded TFT,104,15,0.0,0.0,32.86984375
llama31_8b__vs__graded_tft__seed104,Llama-3.1-8B,Graded TFT,104,16,0.0,0.0,32.86984375
llama31_8b__vs__graded_tft__seed104,Llama-3.1-8B,Graded TFT,104,17,0.0,0.0,32.86984375
llama31_8b__vs__graded_tft__seed104,Llama-3.1-8B,Graded TFT,104,18,0.0,0.0,32.86984375
llama31_8b__vs__graded_tft__seed104,Llama-3.1-8B,Graded TFT,104,19,0.0,0.0,32.86984375
llama31_8b__vs__graded_tft__seed104,Llama-3.1-8B,Graded TFT,104,20,0.0,0.0,32.86984375
llama31_8b__vs__graded_tft__seed104,Llama-3.1-8B,Graded TFT,104,21,0.0,0.0,32.86984375
llama31_8b__vs__graded_tft__seed104,Llama-3.1-8B,Graded TFT,104,22,0.0,0.0,32.86984375
llama31_8b__vs__graded_tft__seed104,Llama-3.1-8B,Graded TFT,104,23,0.0,2.25,35.11984375
llama31_8b__vs__graded_tft__seed104,Llama-3.1-8B,Graded TFT,104,24,0.0,0.0,35.11984375
llama31_8b__vs__graded_tft__seed104,Llama-3.1-8B,Graded TFT,104,25,0.0,0.0,35.11984375
llama31_8b__vs__graded_tft__seed104,Llama-3.1-8B,Graded TFT,104,26,0.0,4.5,39.61984375
llama31_8b__vs__graded_tft__seed104,Llama-3.1-8B,Graded TFT,104,27,0.0,2.25,41.86984375
llama31_8b__vs__graded_tft__seed104,Llama-3.1-8B,Graded TFT,104,28,0.0,0.0,41.86984375
llama31_8b__vs__graded_tft__seed104,Llama-3.1-8B,Graded TFT,104,29,0.0,0.0,41.86984375
llama31_8b__vs__graded_tft__seed104,Llama-3.1-8B,Graded TFT,104,30,0.0,4.5,46.36984375
llama31_8b__vs__graded_tft__seed104,Llama-3.1-8B,Graded TFT,104,31,0.0,2.25,48.61984375
llama31_8b__vs__graded_tft__seed104,Llama-3.1-8B,Graded TFT,104,32,0.0,0.0,48.61984375
llama31_8b__vs__graded_tft__seed104,Llama-3.1-8B,Graded TFT,104,33,0.0,0.0,48.61984375
llama31_8b__vs__graded_tft__seed104,Llama-3.1-8B,Graded TFT,104,34,0.0,4.5,53.11984375
llama31_8b__vs__graded_tft__seed104,Llama-3.1-8B,Graded TFT,104,35,0.0,2.25,55.36984375
llama31_8b__vs__graded_tft__seed104,Llama-3.1-8B,Graded TFT,104,36,0.0,0.0,55.36984375
llama31_8b__vs__graded_tft__seed104,Llama-3.1-8B,Graded TFT,104,37,0.0,0.0,55.36984375
llama31_8b__vs__graded_tft__seed104,Llama-3.1-8B,Graded TFT,104,38,0.0,0.0,55.36984375
llama31_8b__vs__graded_tft__seed104,Llama-3.1-8B,Graded TFT,104,39,0.0,0.0,55.36984375
llama31_8b__vs__graded_tft__seed104,Llama-3.1-8B,Graded TFT,104,40,0.0,0.0,55.36984375
llama31_8b__vs__graded_tft__seed104,Llama-3.1-8B,Graded TFT,104,41,0.0,4.5,59.86984375
llama31_8b__vs__graded_tft__seed104,Llama-3.1-8B,Graded TFT,104,42,0.0,2.25,62.11984375
llama31_8b__vs__graded_tft__seed104,Llama-3.1-8B,Graded TFT,104,43,0.0,0.0,62.11984375
llama31_8b__vs__graded_tft__seed104,Llama-3.1-8B,Graded TFT,104,44,0.0,0.0,62.11984375
llama31_8b__vs__graded_tft__seed104,Llama-3.1-8B,Graded TFT,104,45,0.0,0.0,62.11984375
llama31_8b__vs__graded_tft__seed104,Llama-3.1-8B,Graded TFT,104,46,0.0,0.0,62.11984375
llama31_8b__vs__graded_tft__seed104,Llama-3.1-8B,Graded TFT,104,47,0.0,0.0,62.11984375
llama31_8b__vs__graded_tft__seed104,Llama-3.1-8B,Graded TFT,104,48,0.0,0.0,62.11984375
llama31_8b__vs__graded_tft__seed104,Llama-3.1-8B,Graded TFT,104,49,0.0,0.0,62.11984375
llama31_8b__vs__graded_tft__seed104,Llama-3.1-8B,Graded TFT,104,50,0.0,2.25,64.36984375
llama31_8b__vs__graded_tft__seed105,Llama-3.1-8B,Graded TFT,105,1,0.0,12.0,12.0
llama31_8b__vs__graded_tft__seed105,Llama-3.1-8B,Graded TFT,105,2,0.0,5.99125,17.99125
llama31_8b__vs__graded_tft__seed105,Llama-3.1-8B,Graded TFT,105,3,0.0,2.9803125,20.9715625
llama31_8b__vs__graded_tft__seed105,Llama-3.1-8B,Graded TFT,105,4,0.0,0.0,20.9715625
llama31_8b__vs__graded_tft__seed105,Llama-3.1-8B,Graded TFT,105,5,0.0,0.0,20.9715625
llama31_8b__vs__graded_tft__seed105,Llama-3.1-8B,Graded TFT,105,6,0.0,0.0,20.9715625
llama31_8b__vs__graded_tft__seed105,Llama-3.1-8B,Graded TFT,105,7,0.0,0.0,20.9715625
llama31_8b__vs__graded_tft__seed105,Llama-3.1-8B,Graded TFT,105,8,0.0,0.0,20.9715625
llama31_8b__vs__graded_tft__seed105,Llama-3.1-8B,Graded TFT,105,9,0.0,0.0,20.9715625
llama31_8b__vs__graded_tft__seed105,Llama-3.1-8B,Graded TFT,105,10,0.0,0.0,20.9715625
llama31_8b__vs__graded_tft__seed105,Llama-3.1-8B,Graded TFT,105,11,0.0,0.0,20.9715625
llama31_8b__vs__graded_tft__seed105,Llama-3.1-8B,Graded TFT,105,12,0.0,0.0,20.9715625
llama31_8b__vs__graded_tft__seed105,Llama-3.1-8B,Graded TFT,105,13,0.0,0.0,20.9715625
llama31_8b__vs__graded_tft__seed105,Llama-3.1-8B,Graded TFT,105,14,0.0,0.0,20.9715625
llama31_8b__vs__graded_tft__seed105,Llama-3.1-8B,Graded TFT,105,15,0.0,0.0,20.9715625
llama31_8b__vs__graded_tft__seed105,Llama-3.1-8B,Graded TFT,105,16,0.0,0.0,20.9715625
llama31_8b__vs__graded_tft__seed105,Llama-3.1-8B,Graded TFT,105,17,0.0,0.0,20.9715625
llama31_8b__vs__graded_tft__seed105,Llama-3.1-8B,Graded TFT,105,18,0.0,0.0,20.9715625
llama31_8b__vs__graded_tft__seed105,Llama-3.1-8B,Graded TFT,105,19,0.0,0.0,20.9715625
llama31_8b__vs__graded_tft__seed105,Llama-3.1-8B,Graded TFT,105,20,0.0,0.0,20.9715625
llama31_8b__vs__graded_tft__seed105,Llama-3.1-8B,Graded TFT,105,21,0.0,0.0,20.9715625
llama31_8b__vs__graded_tft__seed105,Llama-3.1-8B,Graded TFT,105,22,0.0,0.0,20.9715625
llama31_8b__vs__graded_tft__seed105,Llama-3.1-8B,Graded TFT,105,23,0.0,0.0,20.9715625
llama31_8b__vs__graded_tft__seed105,Llama-3.1-8B,Graded TFT,105,24,0.0,0.0,20.9715625
llama31_8b__vs__graded_tft__seed105,Llama-3.1-8B,Graded TFT,105,25,0.0,0.0,20.9715625
llama31_8b__vs__graded_tft__seed105,Llama-3.1-8B,Graded TFT,105,26,0.0,0.0,20.9715625
llama31_8b__vs__graded_tft__seed105,Llama-3.1-8B,Graded TFT,105,27,0.0,0.0,20.9715625
llama31_8b__vs__graded_tft__seed105,Llama-3.1-8B,Graded TFT,105,28,0.0,0.0,20.9715625
llama31_8b__vs__graded_tft__seed105,Llama-3.1-8B,Graded TFT,105,29,0.0,0.0,20.9715625
llama31_8b__vs__graded_tft__seed105,Llama-3.1-8B,Graded TFT,105,30,0.0,0.0,20.9715625
llama31_8b__vs__graded_tft__seed105,Llama-3.1-8B,Graded TFT,105,31,0.0,4.5,25.4715625
llama31_8b__vs__graded_tft__seed105,Llama-3.1-8B,Graded TFT,105,32,0.0,2.25,27.7215625
llama31_8b__vs__graded_tft__seed105,Llama-3.1-8B,Graded TFT,105,33,0.0,0.0,27.7215625
llama31_8b__vs__graded_tft__seed105,Llama-3.1-8B,Graded TFT,105,34,0.0,0.0,27.7215625
llama31_8b__vs__graded_tft__seed105,Llama-3.1-8B,Graded TFT,105,35,0.0,4.5,32.221562500000005
llama31_8b__vs__graded_tft__seed105,Llama-3.1-8B,Graded TFT,105,36,0.0,2.25,34.471562500000005
llama31_8b__vs__graded_tft__seed105,Llama-3.1-8B,Graded TFT,105,37,0.0,0.0,34.471562500000005
llama31_8b__vs__graded_tft__seed105,Llama-3.1-8B,Graded TFT,105,38,0.0,0.0,34.471562500000005
llama31_8b__vs__graded_tft__seed105,Llama-3.1-8B,Graded TFT,105,39,0.0,0.0,34.471562500000005
llama31_8b__vs__graded_tft__seed105,Llama-3.1-8B,Graded TFT,105,40,0.0,0.0,34.471562500000005
llama31_8b__vs__graded_tft__seed105,Llama-3.1-8B,Graded TFT,105,41,0.0,0.0,34.471562500000005
llama31_8b__vs__graded_tft__seed105,Llama-3.1-8B,Graded TFT,105,42,0.0,0.0,34.471562500000005
llama31_8b__vs__graded_tft__seed105,Llama-3.1-8B,Graded TFT,105,43,0.0,4.5,38.971562500000005
llama31_8b__vs__graded_tft__seed105,Llama-3.1-8B,Graded TFT,105,44,0.0,2.25,41.221562500000005
llama31_8b__vs__graded_tft__seed105,Llama-3.1-8B,Graded TFT,105,45,0.0,0.0,41.221562500000005
llama31_8b__vs__graded_tft__seed105,Llama-3.1-8B,Graded TFT,105,46,0.0,0.0,41.221562500000005
llama31_8b__vs__graded_tft__seed105,Llama-3.1-8B,Graded TFT,105,47,0.0,0.0,41.221562500000005
llama31_8b__vs__graded_tft__seed105,Llama-3.1-8B,Graded TFT,105,48,0.0,0.0,41.221562500000005
llama31_8b__vs__graded_tft__seed105,Llama-3.1-8B,Graded TFT,105,49,0.0,0.0,41.221562500000005
llama31_8b__vs__graded_tft__seed105,Llama-3.1-8B,Graded TFT,105,50,0.0,4.5,45.721562500000005
llama31_8b__vs__grim_trigger__seed101,Llama-3.1-8B,Grim Trigger,101,1,0.0,0.0,0.0
llama31_8b__vs__grim_trigger__seed101,Llama-3.1-8B,Grim Trigger,101,2,0.0,0.0,0.0
llama31_8b__vs__grim_trigger__seed101,Llama-3.1-8B,Grim Trigger,101,3,0.0,0.0,0.0
llama31_8b__vs__grim_trigger__seed101,Llama-3.1-8B,Grim Trigger,101,4,0.0,0.0,0.0
llama31_8b__vs__grim_trigger__seed101,Llama-3.1-8B,Grim Trigger,101,5,0.0,0.0,0.0
llama31_8b__vs__grim_trigger__seed101,Llama-3.1-8B,Grim Trigger,101,6,0.0,0.0,0.0
llama31_8b__vs__grim_trigger__seed101,Llama-3.1-8B,Grim Trigger,101,7,0.0,0.0,0.0
llama31_8b__vs__grim_trigger__seed101,Llama-3.1-8B,Grim Trigger,101,8,0.0,0.0,0.0
llama31_8b__vs__grim_trigger__seed101,Llama-3.1-8B,Grim Trigger,101,9,0.0,0.0,0.0
llama31_8b__vs__grim_trigger__seed101,Llama-3.1-8B,Grim Trigger,101,10,0.0,0.0,0.0
llama31_8b__vs__grim_trigger__seed101,Llama-3.1-8B,Grim Trigger,101,11,0.0,0.0,0.0
llama31_8b__vs__grim_trigger__seed101,Llama-3.1-8B,Grim Trigger,101,12,0.0,0.0,0.0
llama31_8b__vs__grim_trigger__seed101,Llama-3.1-8B,Grim Trigger,101,13,0.0,0.0,0.0
llama31_8b__vs__grim_trigger__seed101,Llama-3.1-8B,Grim Trigger,101,14,0.0,0.0,0.0
llama31_8b__vs__grim_trigger__seed101,Llama-3.1-8B,Grim Trigger,101,15,0.0,0.0,0.0
llama31_8b__vs__grim_trigger__seed101,Llama-3.1-8B,Grim Trigger,101,16,0.0,0.0,0.0
llama31_8b__vs__grim_trigger__seed101,Llama-3.1-8B,Grim Trigger,101,17,0.0,0.0,0.0
llama31_8b__vs__grim_trigger__seed101,Llama-3.1-8B,Grim Trigger,101,18,0.0,0.0,0.0
llama31_8b__vs__grim_trigger__seed101,Llama-3.1-8B,Grim Trigger,101,19,0.0,0.0,0.0
llama31_8b__vs__grim_trigger__seed101,Llama-3.1-8B,Grim Trigger,101,20,0.0,0.0,0.0
llama31_8b__vs__grim_trigger__seed101,Llama-3.1-8B,Grim Trigger,101,21,0.0,0.0,0.0
llama31_8b__vs__grim_trigger__seed101,Llama-3.1-8B,Grim Trigger,101,22,0.0,0.0,0.0
llama31_8b__vs__grim_trigger__seed101,Llama-3.1-8B,Grim Trigger,101,23,0.0,0.0,0.0
llama31_8b__vs__grim_trigger__seed101,Llama-3.1-8B,Grim Trigger,101,24,0.0,0.0,0.0
llama31_8b__vs__grim_trigger__seed101,Llama-3.1-8B,Grim Trigger,101,25,0.0,0.0,0.0
llama31_8b__vs__grim_trigger__seed101,Llama-3.1-8B,Grim Trigger,101,26,0.0,0.0,0.0
llama31_8b__vs__grim_trigger__seed101,Llama-3.1-8B,Grim Trigger,101,27,0.0,0.0,0.0
llama31_8b__vs__grim_trigger__seed101,Llama-3.1-8B,Grim Trigger,101,28,0.0,0.0,0.0
llama31_8b__vs__grim_trigger__seed101,Llama-3.1-8B,Grim Trigger,101,29,0.0,0.0,0.0
llama31_8b__vs__grim_trigger__seed101,Llama-3.1-8B,Grim Trigger,101,30,0.0,0.0,0.0
llama31_8b__vs__grim_trigger__seed101,Llama-3.1-8B,Grim Trigger,101,31,0.0,0.0,0.0
llama31_8b__vs__grim_trigger__seed101,Llama-3.1-8B,Grim Trigger,101,32,0.0,0.0,0.0
llama31_8b__vs__grim_trigger__seed101,Llama-3.1-8B,Grim Trigger,101,33,0.0,0.0,0.0
llama31_8b__vs__grim_trigger__seed101,Llama-3.1-8B,Grim Trigger,101,34,0.0,0.0,0.0
llama31_8b__vs__grim_trigger__seed101,Llama-3.1-8B,Grim Trigger,101,35,0.0,0.0,0.0
llama31_8b__vs__grim_trigger__seed101,Llama-3.1-8B,Grim Trigger,101,36,0.0,0.0,0.0
llama31_8b__vs__grim_trigger__seed101,Llama-3.1-8B,Grim Trigger,101,37,0.0,0.0,0.0
llama31_8b__vs__grim_trigger__seed101,Llama-3.1-8B,Grim Trigger,101,38,0.0,0.0,0.0
llama31_8b__vs__grim_trigger__seed101,Llama-3.1-8B,Grim Trigger,101,39,0.0,0.0,0.0
llama31_8b__vs__grim_trigger__seed101,Llama-3.1-8B,Grim Trigger,101,40,0.0,0.0,0.0
llama31_8b__vs__grim_trigger__seed101,Llama-3.1-8B,Grim Trigger,101,41,0.0,0.0,0.0
llama31_8b__vs__grim_trigger__seed101,Llama-3.1-8B,Grim Trigger,101,42,0.0,0.0,0.0
llama31_8b__vs__grim_trigger__seed101,Llama-3.1-8B,Grim Trigger,101,43,0.0,0.0,0.0
llama31_8b__vs__grim_trigger__seed101,Llama-3.1-8B,Grim Trigger,101,44,0.0,0.0,0.0
llama31_8b__vs__grim_trigger__seed101,Llama-3.1-8B,Grim Trigger,101,45,0.0,0.0,0.0
llama31_8b__vs__grim_trigger__seed101,Llama-3.1-8B,Grim Trigger,101,46,0.0,0.0,0.0
llama31_8b__vs__grim_trigger__seed101,Llama-3.1-8B,Grim Trigger,101,47,0.0,0.0,0.0
llama31_8b__vs__grim_trigger__seed101,Llama-3.1-8B,Grim Trigger,101,48,0.0,0.0,0.0
llama31_8b__vs__grim_trigger__seed101,Llama-3.1-8B,Grim Trigger,101,49,0.0,0.0,0.0
llama31_8b__vs__grim_trigger__seed101,Llama-3.1-8B,Grim Trigger,101,50,0.0,0.0,0.0
llama31_8b__vs__grim_trigger__seed102,Llama-3.1-8B,Grim Trigger,102,1,0.0,0.0,0.0
llama31_8b__vs__grim_trigger__seed102,Llama-3.1-8B,Grim Trigger,102,2,0.0,0.0,0.0
llama31_8b__vs__grim_trigger__seed102,Llama-3.1-8B,Grim Trigger,102,3,0.0,0.0,0.0
llama31_8b__vs__grim_trigger__seed102,Llama-3.1-8B,Grim Trigger,102,4,0.0,0.0,0.0
llama31_8b__vs__grim_trigger__seed102,Llama-3.1-8B,Grim Trigger,102,5,0.0,0.0,0.0
llama31_8b__vs__grim_trigger__seed102,Llama-3.1-8B,Grim Trigger,102,6,0.0,0.0,0.0
llama31_8b__vs__grim_trigger__seed102,Llama-3.1-8B,Grim Trigger,102,7,0.0,0.0,0.0
llama31_8b__vs__grim_trigger__seed102,Llama-3.1-8B,Grim Trigger,102,8,0.0,0.0,0.0
llama31_8b__vs__grim_trigger__seed102,Llama-3.1-8B,Grim Trigger,102,9,0.0,0.0,0.0
llama31_8b__vs__grim_trigger__seed102,Llama-3.1-8B,Grim Trigger,102,10,0.0,0.0,0.0
llama31_8b__vs__grim_trigger__seed102,Llama-3.1-8B,Grim Trigger,102,11,0.0,0.0,0.0
llama31_8b__vs__grim_trigger__seed102,Llama-3.1-8B,Grim Trigger,102,12,0.0,0.0,0.0
llama31_8b__vs__grim_trigger__seed102,Llama-3.1-8B,Grim Trigger,102,13,0.0,0.0,0.0
llama31_8b__vs__grim_trigger__seed102,Llama-3.1-8B,Grim Trigger,102,14,0.0,0.0,0.0
llama31_8b__vs__grim_trigger__seed102,Llama-3.1-8B,Grim Trigger,102,15,0.0,0.0,0.0
llama31_8b__vs__grim_trigger__seed102,Llama-3.1-8B,Grim Trigger,102,16,0.0,0.0,0.0
llama31_8b__vs__grim_trigger__seed102,Llama-3.1-8B,Grim Trigger,102,17,0.0,0.0,0.0
llama31_8b__vs__grim_trigger__seed102,Llama-3.1-8B,Grim Trigger,102,18,0.0,0.0,0.0
llama31_8b__vs__grim_trigger__seed102,Llama-3.1-8B,Grim Trigger,102,19,0.0,0.0,0.0
llama31_8b__vs__grim_trigger__seed102,Llama-3.1-8B,Grim Trigger,102,20,0.0,0.0,0.0
llama31_8b__vs__grim_trigger__seed102,Llama-3.1-8B,Grim Trigger,102,21,0.0,0.0,0.0
llama31_8b__vs__grim_trigger__seed102,Llama-3.1-8B,Grim Trigger,102,22,0.0,0.0,0.0
llama31_8b__vs__grim_trigger__seed102,Llama-3.1-8B,Grim Trigger,102,23,0.0,0.0,0.0
llama31_8b__vs__grim_trigger__seed102,Llama-3.1-8B,Grim Trigger,102,24,0.0,0.0,0.0
llama31_8b__vs__grim_trigger__seed102,Llama-3.1-8B,Grim Trigger,102,25,0.0,0.0,0.0
llama31_8b__vs__grim_trigger__seed102,Llama-3.1-8B,Grim Trigger,102,26,0.0,0.0,0.0
llama31_8b__vs__grim_trigger__seed102,Llama-3.1-8B,Grim Trigger,102,27,0.0,0.0,0.0
llama31_8b__vs__grim_trigger__seed102,Llama-3.1-8B,Grim Trigger,102,28,0.0,0.0,0.0
llama31_8b__vs__grim_trigger__seed102,Llama-3.1-8B,Grim Trigger,102,29,0.0,0.0,0.0
llama31_8b__vs__grim_trigger__seed102,Llama-3.1-8B,Grim Trigger,102,30,0.0,0.0,0.0
llama31_8b__vs__grim_trigger__seed102,Llama-3.1-8B,Grim Trigger,102,31,0.0,0.0,0.0
llama31_8b__vs__grim_trigger__seed102,Llama-3.1-8B,Grim Trigger,102,32,0.0,0.0,0.0
llama31_8b__vs__grim_trigger__seed102,Llama-3.1-8B,Grim Trigger,102,33,0.0,0.0,0.0
llama31_8b__vs__grim_trigger__seed102,Llama-3.1-8B,Grim Trigger,102,34,0.0,0.0,0.0
llama31_8b__vs__grim_trigger__seed102,Llama-3.1-8B,Grim Trigger,102,35,0.0,0.0,0.0
llama31_8b__vs__grim_trigger__seed102,Llama-3.1-8B,Grim Trigger,102,36,0.0,0.0,0.0
llama31_8b__vs__grim_trigger__seed102,Llama-3.1-8B,Grim Trigger,102,37,0.0,0.0,0.0
llama31_8b__vs__grim_trigger__seed102,Llama-3.1-8B,Grim Trigger,102,38,0.0,0.0,0.0
llama31_8b__vs__grim_trigger__seed102,Llama-3.1-8B,Grim Trigger,102,39,0.0,0.0,0.0
llama31_8b__vs__grim_trigger__seed102,Llama-3.1-8B,Grim Trigger,102,40,0.0,0.0,0.0
llama31_8b__vs__grim_trigger__seed102,Llama-3.1-8B,Grim Trigger,102,41,0.0,0.0,0.0
llama31_8b__vs__grim_trigger__seed102,Llama-3.1-8B,Grim Trigger,102,42,0.0,0.0,0.0
llama31_8b__vs__grim_trigger__seed102,Llama-3.1-8B,Grim Trigger,102,43,0.0,0.0,0.0
llama31_8b__vs__grim_trigger__seed102,Llama-3.1-8B,Grim Trigger,102,44,0.0,0.0,0.0
llama31_8b__vs__grim_trigger__seed102,Llama-3.1-8B,Grim Trigger,102,45,0.0,0.0,0.0
llama31_8b__vs__grim_trigger__seed102,Llama-3.1-8B,Grim Trigger,102,46,0.0,0.0,0.0
llama31_8b__vs__grim_trigger__seed102,Llama-3.1-8B,Grim Trigger,102,47,0.0,0.0,0.0
llama31_8b__vs__grim_trigger__seed102,Llama-3.1-8B,Grim Trigger,102,48,0.0,0.0,0.0
llama31_8b__vs__grim_trigger__seed102,Llama-3.1-8B,Grim Trigger,102,49,0.0,0.0,0.0
llama31_8b__vs__grim_trigger__seed102,Llama-3.1-8B,Grim Trigger,102,50,0.0,0.0,0.0
llama31_8b__vs__grim_trigger__seed103,Llama-3.1-8B,Grim Trigger,103,1,0.0,0.0,0.0
llama31_8b__vs__grim_trigger__seed103,Llama-3.1-8B,Grim Trigger,103,2,0.0,0.0,0.0
llama31_8b__vs__grim_trigger__seed103,Llama-3.1-8B,Grim Trigger,103,3,0.0,0.0,0.0
llama31_8b__vs__grim_trigger__seed103,Llama-3.1-8B,Grim Trigger,103,4,0.0,0.0,0.0
llama31_8b__vs__grim_trigger__seed103,Llama-3.1-8B,Grim Trigger,103,5,0.0,0.0,0.0
llama31_8b__vs__grim_trigger__seed103,Llama-3.1-8B,Grim Trigger,103,6,0.0,0.0,0.0
llama31_8b__vs__grim_trigger__seed103,Llama-3.1-8B,Grim Trigger,103,7,0.0,0.0,0.0
llama31_8b__vs__grim_trigger__seed103,Llama-3.1-8B,Grim Trigger,103,8,0.0,0.0,0.0
llama31_8b__vs__grim_trigger__seed103,Llama-3.1-8B,Grim Trigger,103,9,0.0,0.0,0.0
llama31_8b__vs__grim_trigger__seed103,Llama-3.1-8B,Grim Trigger,103,10,0.0,0.0,0.0
llama31_8b__vs__grim_trigger__seed103,Llama-3.1-8B,Grim Trigger,103,11,0.0,0.0,0.0
llama31_8b__vs__grim_trigger__seed103,Llama-3.1-8B,Grim Trigger,103,12,0.0,0.0,0.0
llama31_8b__vs__grim_trigger__seed103,Llama-3.1-8B,Grim Trigger,103,13,0.0,0.0,0.0
llama31_8b__vs__grim_trigger__seed103,Llama-3.1-8B,Grim Trigger,103,14,0.0,0.0,0.0
llama31_8b__vs__grim_trigger__seed103,Llama-3.1-8B,Grim Trigger,103,15,0.0,0.0,0.0
llama31_8b__vs__grim_trigger__seed103,Llama-3.1-8B,Grim Trigger,103,16,0.0,0.0,0.0
llama31_8b__vs__grim_trigger__seed103,Llama-3.1-8B,Grim Trigger,103,17,0.0,0.0,0.0
llama31_8b__vs__grim_trigger__seed103,Llama-3.1-8B,Grim Trigger,103,18,0.0,0.0,0.0
llama31_8b__vs__grim_trigger__seed103,Llama-3.1-8B,Grim Trigger,103,19,0.0,0.0,0.0
llama31_8b__vs__grim_trigger__seed103,Llama-3.1-8B,Grim Trigger,103,20,0.0,0.0,0.0
llama31_8b__vs__grim_trigger__seed103,Llama-3.1-8B,Grim Trigger,103,21,0.0,0.0,0.0
llama31_8b__vs__grim_trigger__seed103,Llama-3.1-8B,Grim Trigger,103,22,0.0,0.0,0.0
llama31_8b__vs__grim_trigger__seed103,Llama-3.1-8B,Grim Trigger,103,23,0.0,0.0,0.0
llama31_8b__vs__grim_trigger__seed103,Llama-3.1-8B,Grim Trigger,103,24,0.0,0.0,0.0
llama31_8b__vs__grim_trigger__seed103,Llama-3.1-8B,Grim Trigger,103,25,0.0,0.0,0.0
llama31_8b__vs__grim_trigger__seed103,Llama-3.1-8B,Grim Trigger,103,26,0.0,0.0,0.0
llama31_8b__vs__grim_trigger__seed103,Llama-3.1-8B,Grim Trigger,103,27,0.0,0.0,0.0
llama31_8b__vs__grim_trigger__seed103,Llama-3.1-8B,Grim Trigger,103,28,0.0,0.0,0.0
llama31_8b__vs__grim_trigger__seed103,Llama-3.1-8B,Grim Trigger,103,29,0.0,0.0,0.0
llama31_8b__vs__grim_trigger__seed103,Llama-3.1-8B,Grim Trigger,103,30,0.0,0.0,0.0
llama31_8b__vs__grim_trigger__seed103,Llama-3.1-8B,Grim Trigger,103,31,0.0,0.0,0.0
llama31_8b__vs__grim_trigger__seed103,Llama-3.1-8B,Grim Trigger,103,32,0.0,0.0,0.0
llama31_8b__vs__grim_trigger__seed103,Llama-3.1-8B,Grim Trigger,103,33,0.0,0.0,0.0
llama31_8b__vs__grim_trigger__seed103,Llama-3.1-8B,Grim Trigger,103,34,0.0,0.0,0.0
llama31_8b__vs__grim_trigger__seed103,Llama-3.1-8B,Grim Trigger,103,35,0.0,0.0,0.0
llama31_8b__vs__grim_trigger__seed103,Llama-3.1-8B,Grim Trigger,103,36,0.0,0.0,0.0
llama31_8b__vs__grim_trigger__seed103,Llama-3.1-8B,Grim Trigger,103,37,0.0,0.0,0.0
llama31_8b__vs__grim_trigger__seed103,Llama-3.1-8B,Grim Trigger,103,38,0.0,0.0,0.0
llama31_8b__vs__grim_trigger__seed103,Llama-3.1-8B,Grim Trigger,103,39,0.0,0.0,0.0
llama31_8b__vs__grim_trigger__seed103,Llama-3.1-8B,Grim Trigger,103,40,0.0,0.0,0.0
llama31_8b__vs__grim_trigger__seed103,Llama-3.1-8B,Grim Trigger,103,41,0.0,0.0,0.0
llama31_8b__vs__grim_trigger__seed103,Llama-3.1-8B,Grim Trigger,103,42,0.0,0.0,0.0
llama31_8b__vs__grim_trigger__seed103,Llama-3.1-8B,Grim Trigger,103,43,0.0,0.0,0.0
llama31_8b__vs__grim_trigger__seed103,Llama-3.1-8B,Grim Trigger,103,44,0.0,0.0,0.0
llama31_8b__vs__grim_trigger__seed103,Llama-3.1-8B,Grim Trigger,103,45,0.0,0.0,0.0
llama31_8b__vs__grim_trigger__seed103,Llama-3.1-8B,Grim Trigger,103,46,0.0,0.0,0.0
llama31_8b__vs__grim_trigger__seed103,Llama-3.1-8B,Grim Trigger,103,47,0.0,0.0,0.0
llama31_8b__vs__grim_trigger__seed103,Llama-3.1-8B,Grim Trigger,103,48,0.0,0.0,0.0
llama31_8b__vs__grim_trigger__seed103,Llama-3.1-8B,Grim Trigger,103,49,0.0,0.0,0.0
llama31_8b__vs__grim_trigger__seed103,Llama-3.1-8B,Grim Trigger,103,50,0.0,0.0,0.0
llama31_8b__vs__grim_trigger__seed104,Llama-3.1-8B,Grim Trigger,104,1,0.0,0.0,0.0
llama31_8b__vs__grim_trigger__seed104,Llama-3.1-8B,Grim Trigger,104,2,0.0,0.0,0.0
llama31_8b__vs__grim_trigger__seed104,Llama-3.1-8B,Grim Trigger,104,3,0.0,0.0,0.0
llama31_8b__vs__grim_trigger__seed104,Llama-3.1-8B,Grim Trigger,104,4,0.0,0.0,0.0
llama31_8b__vs__grim_trigger__seed104,Llama-3.1-8B,Grim Trigger,104,5,0.0,0.0,0.0
llama31_8b__vs__grim_trigger__seed104,Llama-3.1-8B,Grim Trigger,104,6,0.0,0.0,0.0
llama31_8b__vs__grim_trigger__seed104,Llama-3.1-8B,Grim Trigger,104,7,0.0,0.0,0.0
llama31_8b__vs__grim_trigger__seed104,Llama-3.1-8B,Grim Trigger,104,8,0.0,0.0,0.0
llama31_8b__vs__grim_trigger__seed104,Llama-3.1-8B,Grim Trigger,104,9,0.0,0.0,0.0
llama31_8b__vs__grim_trigger__seed104,Llama-3.1-8B,Grim Trigger,104,10,0.0,0.0,0.0
llama31_8b__vs__grim_trigger__seed104,Llama-3.1-8B,Grim Trigger,104,11,0.0,0.0,0.0
llama31_8b__vs__grim_trigger__seed104,Llama-3.1-8B,Grim Trigger,104,12,0.0,0.0,0.0
llama31_8b__vs__grim_trigger__seed104,Llama-3.1-8B,Grim Trigger,104,13,0.0,0.0,0.0
llama31_8b__vs__grim_trigger__seed104,Llama-3.1-8B,Grim Trigger,104,14,0.0,0.0,0.0
llama31_8b__vs__grim_trigger__seed104,Llama-3.1-8B,Grim Trigger,104,15,0.0,0.0,0.0
llama31_8b__vs__grim_trigger__seed104,Llama-3.1-8B,Grim Trigger,104,16,0.0,0.0,0.0
llama31_8b__vs__grim_trigger__seed104,Llama-3.1-8B,Grim Trigger,104,17,0.0,0.0,0.0
llama31_8b__vs__grim_trigger__seed104,Llama-3.1-8B,Grim Trigger,104,18,0.0,0.0,0.0
llama31_8b__vs__grim_trigger__seed104,Llama-3.1-8B,Grim Trigger,104,19,0.0,0.0,0.0
llama31_8b__vs__grim_trigger__seed104,Llama-3.1-8B,Grim Trigger,104,20,0.0,0.0,0.0
llama31_8b__vs__grim_trigger__seed104,Llama-3.1-8B,Grim Trigger,104,21,0.0,0.0,0.0
llama31_8b__vs__grim_trigger__seed104,Llama-3.1-8B,Grim Trigger,104,22,0.0,0.0,0.0
llama31_8b__vs__grim_trigger__seed104,Llama-3.1-8B,Grim Trigger,104,23,0.0,0.0,0.0
llama31_8b__vs__grim_trigger__seed104,Llama-3.1-8B,Grim Trigger,104,24,0.0,0.0,0.0
llama31_8b__vs__grim_trigger__seed104,Llama-3.1-8B,Grim Trigger,104,25,0.0,0.0,0.0
llama31_8b__vs__grim_trigger__seed104,Llama-3.1-8B,Grim Trigger,104,26,0.0,0.0,0.0
llama31_8b__vs__grim_trigger__seed104,Llama-3.1-8B,Grim Trigger,104,27,0.0,0.0,0.0
llama31_8b__vs__grim_trigger__seed104,Llama-3.1-8B,Grim Trigger,104,28,0.0,0.0,0.0
llama31_8b__vs__grim_trigger__seed104,Llama-3.1-8B,Grim Trigger,104,29,0.0,0.0,0.0
llama31_8b__vs__grim_trigger__seed104,Llama-3.1-8B,Grim Trigger,104,30,0.0,0.0,0.0
llama31_8b__vs__grim_trigger__seed104,Llama-3.1-8B,Grim Trigger,104,31,0.0,0.0,0.0
llama31_8b__vs__grim_trigger__seed104,Llama-3.1-8B,Grim Trigger,104,32,0.0,0.0,0.0
llama31_8b__vs__grim_trigger__seed104,Llama-3.1-8B,Grim Trigger,104,33,0.0,0.0,0.0
llama31_8b__vs__grim_trigger__seed104,Llama-3.1-8B,Grim Trigger,104,34,0.0,0.0,0.0
llama31_8b__vs__grim_trigger__seed104,Llama-3.1-8B,Grim Trigger,104,35,0.0,0.0,0.0
llama31_8b__vs__grim_trigger__seed104,Llama-3.1-8B,Grim Trigger,104,36,0.0,0.0,0.0
llama31_8b__vs__grim_trigger__seed104,Llama-3.1-8B,Grim Trigger,104,37,0.0,0.0,0.0
llama31_8b__vs__grim_trigger__seed104,Llama-3.1-8B,Grim Trigger,104,38,0.0,0.0,0.0
llama31_8b__vs__grim_trigger__seed104,Llama-3.1-8B,Grim Trigger,104,39,0.0,0.0,0.0
llama31_8b__vs__grim_trigger__seed104,Llama-3.1-8B,Grim Trigger,104,40,0.0,0.0,0.0
llama31_8b__vs__grim_trigger__seed104,Llama-3.1-8B,Grim Trigger,104,41,0.0,0.0,0.0
llama31_8b__vs__grim_trigger__seed104,Llama-3.1-8B,Grim Trigger,104,42,0.0,0.0,0.0
llama31_8b__vs__grim_trigger__seed104,Llama-3.1-8B,Grim Trigger,104,43,0.0,0.0,0.0
llama31_8b__vs__grim_trigger__seed104,Llama-3.1-8B,Grim Trigger,104,44,0.0,0.0,0.0
llama31_8b__vs__grim_trigger__seed104,Llama-3.1-8B,Grim Trigger,104,45,0.0,0.0,0.0
llama31_8b__vs__grim_trigger__seed104,Llama-3.1-8B,Grim Trigger,104,46,0.0,0.0,0.0
llama31_8b__vs__grim_trigger__seed104,Llama-3.1-8B,Grim Trigger,104,47,0.0,0.0,0.0
llama31_8b__vs__grim_trigger__seed104,Llama-3.1-8B,Grim Trigger,104,48,0.0,0.0,0.0
llama31_8b__vs__grim_trigger__seed104,Llama-3.1-8B,Grim Trigger,104,49,0.0,0.0,0.0
llama31_8b__vs__grim_trigger__seed104,Llama-3.1-8B,Grim Trigger,104,50,0.0,0.0,0.0
llama31_8b__vs__grim_trigger__seed105,Llama-3.1-8B,Grim Trigger,105,1,0.0,0.0,0.0
llama31_8b__vs__grim_trigger__seed105,Llama-3.1-8B,Grim Trigger,105,2,0.0,0.0,0.0
llama31_8b__vs__grim_trigger__seed105,Llama-3.1-8B,Grim Trigger,105,3,0.0,0.0,0.0
llama31_8b__vs__grim_trigger__seed105,Llama-3.1-8B,Grim Trigger,105,4,0.0,0.0,0.0
llama31_8b__vs__grim_trigger__seed105,Llama-3.1-8B,Grim Trigger,105,5,0.0,0.0,0.0
llama31_8b__vs__grim_trigger__seed105,Llama-3.1-8B,Grim Trigger,105,6,0.0,0.0,0.0
llama31_8b__vs__grim_trigger__seed105,Llama-3.1-8B,Grim Trigger,105,7,0.0,0.0,0.0
llama31_8b__vs__grim_trigger__seed105,Llama-3.1-8B,Grim Trigger,105,8,0.0,0.0,0.0
llama31_8b__vs__grim_trigger__seed105,Llama-3.1-8B,Grim Trigger,105,9,0.0,0.0,0.0
llama31_8b__vs__grim_trigger__seed105,Llama-3.1-8B,Grim Trigger,105,10,0.0,0.0,0.0
llama31_8b__vs__grim_trigger__seed105,Llama-3.1-8B,Grim Trigger,105,11,0.0,0.0,0.0
llama31_8b__vs__grim_trigger__seed105,Llama-3.1-8B,Grim Trigger,105,12,0.0,0.0,0.0
llama31_8b__vs__grim_trigger__seed105,Llama-3.1-8B,Grim Trigger,105,13,0.0,0.0,0.0
llama31_8b__vs__grim_trigger__seed105,Llama-3.1-8B,Grim Trigger,105,14,0.0,0.0,0.0
llama31_8b__vs__grim_trigger__seed105,Llama-3.1-8B,Grim Trigger,105,15,0.0,0.0,0.0
llama31_8b__vs__grim_trigger__seed105,Llama-3.1-8B,Grim Trigger,105,16,0.0,0.0,0.0
llama31_8b__vs__grim_trigger__seed105,Llama-3.1-8B,Grim Trigger,105,17,0.0,0.0,0.0
llama31_8b__vs__grim_trigger__seed105,Llama-3.1-8B,Grim Trigger,105,18,0.0,0.0,0.0
llama31_8b__vs__grim_trigger__seed105,Llama-3.1-8B,Grim Trigger,105,19,0.0,0.0,0.0
llama31_8b__vs__grim_trigger__seed105,Llama-3.1-8B,Grim Trigger,105,20,0.0,0.0,0.0
llama31_8b__vs__grim_trigger__seed105,Llama-3.1-8B,Grim Trigger,105,21,0.0,0.0,0.0
llama31_8b__vs__grim_trigger__seed105,Llama-3.1-8B,Grim Trigger,105,22,0.0,0.0,0.0
llama31_8b__vs__grim_trigger__seed105,Llama-3.1-8B,Grim Trigger,105,23,0.0,0.0,0.0
llama31_8b__vs__grim_trigger__seed105,Llama-3.1-8B,Grim Trigger,105,24,0.0,0.0,0.0
llama31_8b__vs__grim_trigger__seed105,Llama-3.1-8B,Grim Trigger,105,25,0.0,0.0,0.0
llama31_8b__vs__grim_trigger__seed105,Llama-3.1-8B,Grim Trigger,105,26,0.0,0.0,0.0
llama31_8b__vs__grim_trigger__seed105,Llama-3.1-8B,Grim Trigger,105,27,0.0,0.0,0.0
llama31_8b__vs__grim_trigger__seed105,Llama-3.1-8B,Grim Trigger,105,28,0.0,0.0,0.0
llama31_8b__vs__grim_trigger__seed105,Llama-3.1-8B,Grim Trigger,105,29,0.0,0.0,0.0
llama31_8b__vs__grim_trigger__seed105,Llama-3.1-8B,Grim Trigger,105,30,0.0,0.0,0.0
llama31_8b__vs__grim_trigger__seed105,Llama-3.1-8B,Grim Trigger,105,31,0.0,0.0,0.0
llama31_8b__vs__grim_trigger__seed105,Llama-3.1-8B,Grim Trigger,105,32,0.0,0.0,0.0
llama31_8b__vs__grim_trigger__seed105,Llama-3.1-8B,Grim Trigger,105,33,0.0,0.0,0.0
llama31_8b__vs__grim_trigger__seed105,Llama-3.1-8B,Grim Trigger,105,34,0.0,0.0,0.0
llama31_8b__vs__grim_trigger__seed105,Llama-3.1-8B,Grim Trigger,105,35,0.0,0.0,0.0
llama31_8b__vs__grim_trigger__seed105,Llama-3.1-8B,Grim Trigger,105,36,0.0,0.0,0.0
llama31_8b__vs__grim_trigger__seed105,Llama-3.1-8B,Grim Trigger,105,37,0.0,0.0,0.0
llama31_8b__vs__grim_trigger__seed105,Llama-3.1-8B,Grim Trigger,105,38,0.0,0.0,0.0
llama31_8b__vs__grim_trigger__seed105,Llama-3.1-8B,Grim Trigger,105,39,0.0,0.0,0.0
llama31_8b__vs__grim_trigger__seed105,Llama-3.1-8B,Grim Trigger,105,40,0.0,0.0,0.0
llama31_8b__vs__grim_trigger__seed105,Llama-3.1-8B,Grim Trigger,105,41,0.0,0.0,0.0
llama31_8b__vs__grim_trigger__seed105,Llama-3.1-8B,Grim Trigger,105,42,0.0,0.0,0.0
llama31_8b__vs__grim_trigger__seed105,Llama-3.1-8B,Grim Trigger,105,43,0.0,0.0,0.0
llama31_8b__vs__grim_trigger__seed105,Llama-3.1-8B,Grim Trigger,105,44,0.0,0.0,0.0
llama31_8b__vs__grim_trigger__seed105,Llama-3.1-8B,Grim Trigger,105,45,0.0,0.0,0.0
llama31_8b__vs__grim_trigger__seed105,Llama-3.1-8B,Grim Trigger,105,46,0.0,0.0,0.0
llama31_8b__vs__grim_trigger__seed105,Llama-3.1-8B,Grim Trigger,105,47,0.0,0.0,0.0
llama31_8b__vs__grim_trigger__seed105,Llama-3.1-8B,Grim Trigger,105,48,0.0,0.0,0.0
llama31_8b__vs__grim_trigger__seed105,Llama-3.1-8B,Grim Trigger,105,49,0.0,0.0,0.0
llama31_8b__vs__grim_trigger__seed105,Llama-3.1-8B,Grim Trigger,105,50,0.0,0.0,0.0
llama31_8b__vs__random_uniform__seed101,Llama-3.1-8B,Random,101,1,0.0,0.0,0.0
llama31_8b__vs__random_uniform__seed101,Llama-3.1-8B,Random,101,2,0.0,5.90375,5.90375
llama31_8b__vs__random_uniform__seed101,Llama-3.1-8B,Random,101,3,0.0,5.829375,11.733125
llama31_8b__vs__random_uniform__seed101,Llama-3.1-8B,Random,101,4,0.0,11.524583333333332,23.257708333333333
llama31_8b__vs__random_uniform__seed101,Llama-3.1-8B,Random,101,5,0.0,11.419583333333332,34.67729166666666
llama31_8b__vs__random_uniform__seed101,Llama-3.1-8B,Random,101,6,0.0,8.499062499999999,43.17635416666666
llama31_8b__vs__random_uniform__seed101,Llama-3.1-8B,Random,101,7,0.0,8.436718749999997,51.61307291666666
llama31_8b__vs__random_uniform__seed101,Llama-3.1-8B,Random,101,8,0.0,5.584479166666665,57.19755208333333
llama31_8b__vs__random_uniform__seed101,Llama-3.1-8B,Random,101,9,0.0,0.0,57.19755208333333
llama31_8b__vs__random_uniform__seed101,Llama-3.1-8B,Random,101,10,0.0,8.252031249999996,65.44958333333332
llama31_8b__vs__random_uniform__seed101,Llama-3.1-8B,Random,101,11,0.0,5.462526041666664,70.91210937499999
llama31_8b__vs__random_uniform__seed101,Llama-3.1-8B,Random,101,12,0.0,0.0,70.91210937499999
llama31_8b__vs__random_uniform__seed101,Llama-3.1-8B,Random,101,13,0.0,10.747864583333328,81.65997395833331
llama31_8b__vs__random_uniform__seed101,Llama-3.1-8B,Random,101,14,0.0,5.324166666666664,86.98414062499998
llama31_8b__vs__random_uniform__seed101,Llama-3.1-8B,Random,101,15,0.0,7.907499999999995,94.89164062499998
llama31_8b__vs__random_uniform__seed101,Llama-3.1-8B,Random,101,16,0.0,10.438333333333327,105.32997395833331
llama31_8b__vs__random_uniform__seed101,Llama-3.1-8B,Random,101,17,0.0,2.586067708333332,107.91604166666664
llama31_8b__vs__random_uniform__seed101,Llama-3.1-8B,Random,101,18,0.0,7.687656249999996,115.60369791666665
llama31_8b__vs__random_uniform__seed101,Llama-3.1-8B,Random,101,19,0.0,5.078072916666664,120.68177083333332
llama31_8b__vs__random_uniform__seed101,Llama-3.1-8B,Random,101,20,0.0,5.031041666666664,125.71281249999998
llama31_8b__vs__random_uniform__seed101,Llama-3.1-8B,Random,101,21,0.0,9.978958333333328,135.69177083333332
llama31_8b__vs__random_uniform__seed101,Llama-3.1-8B,Random,101,22,0.0,0.0,135.69177083333332
llama31_8b__vs__random_uniform__seed101,Llama-3.1-8B,Random,101,23,0.0,9.801770833333327,145.49354166666666
llama31_8b__vs__random_uniform__seed101,Llama-3.1-8B,Random,101,24,0.0,0.0,145.49354166666666
llama31_8b__vs__random_uniform__seed101,Llama-3.1-8B,Random,101,25,0.0,2.4006770833333317,147.89421875
llama31_8b__vs__random_uniform__seed101,Llama-3.1-8B,Random,101,26,0.0,7.1232812499999945,155.01749999999998
llama31_8b__vs__random_uniform__seed101,Llama-3.1-8B,Random,101,27,0.0,9.392708333333326,164.41020833333332
llama31_8b__vs__random_uniform__seed101,Llama-3.1-8B,Random,101,28,0.0,9.298645833333326,173.70885416666664
llama31_8b__vs__random_uniform__seed101,Llama-3.1-8B,Random,101,29,0.0,9.215520833333326,182.92437499999997
llama31_8b__vs__random_uniform__seed101,Llama-3.1-8B,Random,101,30,0.0,2.283098958333331,185.2074739583333
llama31_8b__vs__random_uniform__seed101,Llama-3.1-8B,Random,101,31,0.0,9.054739583333324,194.26221354166663
llama31_8b__vs__random_uniform__seed101,Llama-3.1-8B,Random,101,32,0.0,6.75,201.01221354166663
llama31_8b__vs__random_uniform__seed101,Llama-3.1-8B,Random,101,33,0.0,9.0,210.01221354166663
llama31_8b__vs__random_uniform__seed101,Llama-3.1-8B,Random,101,34,0.0,2.25,212.26221354166663
llama31_8b__vs__random_uniform__seed101,Llama-3.1-8B,Random,101,35,0.0,2.25,214.51221354166663
llama31_8b__vs__random_uniform__seed101,Llama-3.1-8B,Random,101,36,0.0,2.25,216.76221354166663
llama31_8b__vs__random_uniform__seed101,Llama-3.1-8B,Random,101,37,0.0,4.5,221.26221354166663
llama31_8b__vs__random_uniform__seed101,Llama-3.1-8B,Random,101,38,0.0,9.0,230.26221354166663
llama31_8b__vs__random_uniform__seed101,Llama-3.1-8B,Random,101,39,0.0,9.0,239.26221354166663
llama31_8b__vs__random_uniform__seed101,Llama-3.1-8B,Random,101,40,0.0,2.25,241.51221354166663
llama31_8b__vs__random_uniform__seed101,Llama-3.1-8B,Random,101,41,0.0,9.0,250.51221354166663
llama31_8b__vs__random_uniform__seed101,Llama-3.1-8B,Random,101,42,0.0,4.5,255.01221354166663
llama31_8b__vs__random_uniform__seed101,Llama-3.1-8B,Random,101,43,0.0,0.0,255.01221354166663
llama31_8b__vs__random_uniform__seed101,Llama-3.1-8B,Random,101,44,0.0,4.5,259.5122135416666
llama31_8b__vs__random_uniform__seed101,Llama-3.1-8B,Random,101,45,0.0,6.75,266.2622135416666
llama31_8b__vs__random_uniform__seed101,Llama-3.1-8B,Random,101,46,0.0,4.5,270.7622135416666
llama31_8b__vs__random_uniform__seed101,Llama-3.1-8B,Random,101,47,0.0,6.75,277.5122135416666
llama31_8b__vs__random_uniform__seed101,Llama-3.1-8B,Random,101,48,0.0,6.75,284.2622135416666
llama31_8b__vs__random_uniform__seed101,Llama-3.1-8B,Random,101,49,0.0,2.25,286.5122135416666
llama31_8b__vs__random_uniform__seed101,Llama-3.1-8B,Random,101,50,0.0,2.25,288.7622135416666
llama31_8b__vs__random_uniform__seed102,Llama-3.1-8B,Random,102,1,0.0,9.0,9.0
llama31_8b__vs__random_uniform__seed102,Llama-3.1-8B,Random,102,2,0.0,8.954062500000001,17.9540625
llama31_8b__vs__random_uniform__seed102,Llama-3.1-8B,Random,102,3,0.0,8.908125000000002,26.8621875
llama31_8b__vs__random_uniform__seed102,Llama-3.1-8B,Random,102,4,0.0,5.908125000000001,32.7703125
llama31_8b__vs__random_uniform__seed102,Llama-3.1-8B,Random,102,5,0.0,8.816250000000002,41.58656250000001
llama31_8b__vs__random_uniform__seed102,Llama-3.1-8B,Random,102,6,0.0,8.770312500000003,50.35687500000001
llama31_8b__vs__random_uniform__seed102,Llama-3.1-8B,Random,102,7,0.0,11.632500000000004,61.98937500000001
llama31_8b__vs__random_uniform__seed102,Llama-3.1-8B,Random,102,8,0.0,11.577500000000004,73.56687500000001
llama31_8b__vs__random_uniform__seed102,Llama-3.1-8B,Random,102,9,0.0,0.0,73.56687500000001
llama31_8b__vs__random_uniform__seed102,Llama-3.1-8B,Random,102,10,0.0,0.0,73.56687500000001
llama31_8b__vs__random_uniform__seed102,Llama-3.1-8B,Random,102,11,0.0,11.377343750000003,84.94421875000002
llama31_8b__vs__random_uniform__seed102,Llama-3.1-8B,Random,102,12,0.0,8.474765625000002,93.41898437500002
llama31_8b__vs__random_uniform__seed102,Llama-3.1-8B,Random,102,13,0.0,8.416523437500002,101.83550781250003
llama31_8b__vs__random_uniform__seed102,Llama-3.1-8B,Random,102,14,0.0,2.7860937500000005,104.62160156250003
llama31_8b__vs__random_uniform__seed102,Llama-3.1-8B,Random,102,15,0.0,0.0,104.62160156250003
llama31_8b__vs__random_uniform__seed102,Llama-3.1-8B,Random,102,16,0.0,8.208984375000002,112.83058593750003
llama31_8b__vs__random_uniform__seed102,Llama-3.1-8B,Random,102,17,0.0,0.0,112.83058593750003
llama31_8b__vs__random_uniform__seed102,Llama-3.1-8B,Random,102,18,0.0,2.6783593750000008,115.50894531250003
llama31_8b__vs__random_uniform__seed102,Llama-3.1-8B,Random,102,19,0.0,0.0,115.50894531250003
llama31_8b__vs__random_uniform__seed102,Llama-3.1-8B,Random,102,20,0.0,7.852968750000001,123.36191406250003
llama31_8b__vs__random_uniform__seed102,Llama-3.1-8B,Random,102,21,0.0,7.753710937500001,131.11562500000002
llama31_8b__vs__random_uniform__seed102,Llama-3.1-8B,Random,102,22,0.0,5.1029687500000005,136.21859375000003
llama31_8b__vs__random_uniform__seed102,Llama-3.1-8B,Random,102,23,0.0,0.0,136.21859375000003
llama31_8b__vs__random_uniform__seed102,Llama-3.1-8B,Random,102,24,0.0,2.488046875,138.70664062500003
llama31_8b__vs__random_uniform__seed102,Llama-3.1-8B,Random,102,25,0.0,9.814375,148.52101562500005
llama31_8b__vs__random_uniform__seed102,Llama-3.1-8B,Random,102,26,0.0,0.0,148.52101562500005
llama31_8b__vs__random_uniform__seed102,Llama-3.1-8B,Random,102,27,0.0,7.182773437500001,155.70378906250005
llama31_8b__vs__random_uniform__seed102,Llama-3.1-8B,Random,102,28,0.0,2.3680078125,158.07179687500005
llama31_8b__vs__random_uniform__seed102,Llama-3.1-8B,Random,102,29,0.0,2.3390234375000003,160.41082031250005
llama31_8b__vs__random_uniform__seed102,Llama-3.1-8B,Random,102,30,0.0,2.3073046875000003,162.71812500000004
llama31_8b__vs__random_uniform__seed102,Llama-3.1-8B,Random,102,31,0.0,6.8226562500000005,169.54078125000004
llama31_8b__vs__random_uniform__seed102,Llama-3.1-8B,Random,102,32,0.0,2.25,171.79078125000004
llama31_8b__vs__random_uniform__seed102,Llama-3.1-8B,Random,102,33,0.0,0.0,171.79078125000004
llama31_8b__vs__random_uniform__seed102,Llama-3.1-8B,Random,102,34,0.0,6.75,178.54078125000004
llama31_8b__vs__random_uniform__seed102,Llama-3.1-8B,Random,102,35,0.0,9.0,187.54078125000004
llama31_8b__vs__random_uniform__seed102,Llama-3.1-8B,Random,102,36,0.0,6.75,194.29078125000004
llama31_8b__vs__random_uniform__seed102,Llama-3.1-8B,Random,102,37,0.0,0.0,194.29078125000004
llama31_8b__vs__random_uniform__seed102,Llama-3.1-8B,Random,102,38,0.0,4.5,198.79078125000004
llama31_8b__vs__random_uniform__seed102,Llama-3.1-8B,Random,102,39,0.0,9.0,207.79078125000004
llama31_8b__vs__random_uniform__seed102,Llama-3.1-8B,Random,102,40,0.0,0.0,207.79078125000004
llama31_8b__vs__random_uniform__seed102,Llama-3.1-8B,Random,102,41,0.0,0.0,207.79078125000004
llama31_8b__vs__random_uniform__seed102,Llama-3.1-8B,Random,102,42,0.0,2.25,210.04078125000004
llama31_8b__vs__random_uniform__seed102,Llama-3.1-8B,Random,102,43,0.0,0.0,210.04078125000004
llama31_8b__vs__random_uniform__seed102,Llama-3.1-8B,Random,102,44,0.0,9.0,219.04078125000004
llama31_8b__vs__random_uniform__seed102,Llama-3.1-8B,Random,102,45,0.0,9.0,228.04078125000004
llama31_8b__vs__random_uniform__seed102,Llama-3.1-8B,Random,102,46,0.0,0.0,228.04078125000004
llama31_8b__vs__random_uniform__seed102,Llama-3.1-8B,Random,102,47,0.0,2.25,230.29078125000004
llama31_8b__vs__random_uniform__seed102,Llama-3.1-8B,Random,102,48,0.0,0.0,230.29078125000004
llama31_8b__vs__random_uniform__seed102,Llama-3.1-8B,Random,102,49,0.0,4.5,234.79078125000004
llama31_8b__vs__random_uniform__seed102,Llama-3.1-8B,Random,102,50,0.0,4.5,239.29078125000004
llama31_8b__vs__random_uniform__seed103,Llama-3.1-8B,Random,103,1,0.0,12.0,12.0
llama31_8b__vs__random_uniform__seed103,Llama-3.1-8B,Random,103,2,0.0,0.0,12.0
llama31_8b__vs__random_uniform__seed103,Llama-3.1-8B,Random,103,3,0.0,0.0,12.0
llama31_8b__vs__random_uniform__seed103,Llama-3.1-8B,Random,103,4,0.0,5.871666666666666,17.871666666666666
llama31_8b__vs__random_uniform__seed103,Llama-3.1-8B,Random,103,5,0.0,11.616458333333332,29.488124999999997
llama31_8b__vs__random_uniform__seed103,Llama-3.1-8B,Random,103,6,0.0,0.0,29.488124999999997
llama31_8b__vs__random_uniform__seed103,Llama-3.1-8B,Random,103,7,0.0,8.54390625,38.032031249999996
llama31_8b__vs__random_uniform__seed103,Llama-3.1-8B,Random,103,8,0.0,11.280624999999999,49.312656249999996
llama31_8b__vs__random_uniform__seed103,Llama-3.1-8B,Random,103,9,0.0,5.944461390150068,55.257117640150064
llama31_8b__vs__random_uniform__seed103,Llama-3.1-8B,Random,103,10,0.0,11.114374999999999,66.37149264015007
llama31_8b__vs__random_uniform__seed103,Llama-3.1-8B,Random,103,11,0.0,8.285742187499999,74.65723482765006
llama31_8b__vs__random_uniform__seed103,Llama-3.1-8B,Random,103,12,0.0,2.7493359374999997,77.40657076515006
llama31_8b__vs__random_uniform__seed103,Llama-3.1-8B,Random,103,13,0.0,8.206171874999999,85.61274264015006
llama31_8b__vs__random_uniform__seed103,Llama-3.1-8B,Random,103,14,0.0,8.160234374999998,93.77297701515006
llama31_8b__vs__random_uniform__seed103,Llama-3.1-8B,Random,103,15,0.0,2.7088671874999997,96.48184420265007
llama31_8b__vs__random_uniform__seed103,Llama-3.1-8B,Random,103,16,0.0,8.084765625,104.56660982765007
llama31_8b__vs__random_uniform__seed103,Llama-3.1-8B,Random,103,17,0.0,10.696562499999997,115.26317232765007
llama31_8b__vs__random_uniform__seed103,Llama-3.1-8B,Random,103,18,0.0,0.0,115.26317232765007
llama31_8b__vs__random_uniform__seed103,Llama-3.1-8B,Random,103,19,0.0,5.265156249999999,120.52832857765007
llama31_8b__vs__random_uniform__seed103,Llama-3.1-8B,Random,103,20,0.0,2.6076953124999993,123.13602389015007
llama31_8b__vs__random_uniform__seed103,Llama-3.1-8B,Random,103,21,0.0,5.165624999999999,128.30164889015006
llama31_8b__vs__random_uniform__seed103,Llama-3.1-8B,Random,103,22,0.0,2.717452666763186,131.01910155691326
llama31_8b__vs__random_uniform__seed103,Llama-3.1-8B,Random,103,23,0.0,7.607343749999998,138.62644530691324
llama31_8b__vs__random_uniform__seed103,Llama-3.1-8B,Random,103,24,0.0,5.027265624999999,143.65371093191325
llama31_8b__vs__random_uniform__seed103,Llama-3.1-8B,Random,103,25,0.0,2.4901171874999997,146.14382811941326
llama31_8b__vs__random_uniform__seed103,Llama-3.1-8B,Random,103,26,0.0,0.0,146.14382811941326
llama31_8b__vs__random_uniform__seed103,Llama-3.1-8B,Random,103,27,0.0,9.739531249999997,155.88335936941326
llama31_8b__vs__random_uniform__seed103,Llama-3.1-8B,Random,103,28,0.0,0.0,155.88335936941326
llama31_8b__vs__random_uniform__seed103,Llama-3.1-8B,Random,103,29,0.0,0.0,155.88335936941326
llama31_8b__vs__random_uniform__seed103,Llama-3.1-8B,Random,103,30,0.0,4.704062499999998,160.58742186941325
llama31_8b__vs__random_uniform__seed103,Llama-3.1-8B,Random,103,31,0.0,0.0,160.58742186941325
llama31_8b__vs__random_uniform__seed103,Llama-3.1-8B,Random,103,32,0.0,4.574453124999998,165.16187499441324
llama31_8b__vs__random_uniform__seed103,Llama-3.1-8B,Random,103,33,0.0,4.505546874999998,169.66742186941323
llama31_8b__vs__random_uniform__seed103,Llama-3.1-8B,Random,103,34,0.0,2.25,171.91742186941323
llama31_8b__vs__random_uniform__seed103,Llama-3.1-8B,Random,103,35,0.0,4.5,176.41742186941323
llama31_8b__vs__random_uniform__seed103,Llama-3.1-8B,Random,103,36,0.0,4.5,180.91742186941323
llama31_8b__vs__random_uniform__seed103,Llama-3.1-8B,Random,103,37,0.0,0.0,180.91742186941323
llama31_8b__vs__random_uniform__seed103,Llama-3.1-8B,Random,103,38,0.0,2.25,183.16742186941323
llama31_8b__vs__random_uniform__seed103,Llama-3.1-8B,Random,103,39,0.0,0.0,183.16742186941323
llama31_8b__vs__random_uniform__seed103,Llama-3.1-8B,Random,103,40,0.0,9.0,192.16742186941323
llama31_8b__vs__random_uniform__seed103,Llama-3.1-8B,Random,103,41,0.0,0.0,192.16742186941323
llama31_8b__vs__random_uniform__seed103,Llama-3.1-8B,Random,103,42,0.0,4.5,196.66742186941323
llama31_8b__vs__random_uniform__seed103,Llama-3.1-8B,Random,103,43,0.0,6.75,203.41742186941323
llama31_8b__vs__random_uniform__seed103,Llama-3.1-8B,Random,103,44,0.0,0.0,203.41742186941323
llama31_8b__vs__random_uniform__seed103,Llama-3.1-8B,Random,103,45,0.0,9.0,212.41742186941323
llama31_8b__vs__random_uniform__seed103,Llama-3.1-8B,Random,103,46,0.0,7.163300242806258,219.5807221122195
llama31_8b__vs__random_uniform__seed103,Llama-3.1-8B,Random,103,47,0.0,4.5,224.0807221122195
llama31_8b__vs__random_uniform__seed103,Llama-3.1-8B,Random,103,48,0.0,0.0,224.0807221122195
llama31_8b__vs__random_uniform__seed103,Llama-3.1-8B,Random,103,49,0.0,2.25,226.3307221122195
llama31_8b__vs__random_uniform__seed103,Llama-3.1-8B,Random,103,50,0.0,9.0,235.3307221122195
llama31_8b__vs__random_uniform__seed104,Llama-3.1-8B,Random,104,1,0.0,9.0,9.0
llama31_8b__vs__random_uniform__seed104,Llama-3.1-8B,Random,104,2,0.0,8.954062500000001,17.9540625
llama31_8b__vs__random_uniform__seed104,Llama-3.1-8B,Random,104,3,0.0,11.855625,29.8096875
llama31_8b__vs__random_uniform__seed104,Llama-3.1-8B,Random,104,4,0.0,2.9413020833333334,32.750989583333336
llama31_8b__vs__random_uniform__seed104,Llama-3.1-8B,Random,104,5,0.0,11.660208333333333,44.411197916666666
llama31_8b__vs__random_uniform__seed104,Llama-3.1-8B,Random,104,6,0.0,8.67953125,53.09072916666666
llama31_8b__vs__random_uniform__seed104,Llama-3.1-8B,Random,104,7,0.0,8.6171875,61.70791666666666
llama31_8b__vs__random_uniform__seed104,Llama-3.1-8B,Random,104,8,0.0,11.409583333333332,73.11749999999999
llama31_8b__vs__random_uniform__seed104,Llama-3.1-8B,Random,104,9,0.0,2.834348958333333,75.95184895833333
llama31_8b__vs__random_uniform__seed104,Llama-3.1-8B,Random,104,10,0.0,0.0,75.95184895833333
llama31_8b__vs__random_uniform__seed104,Llama-3.1-8B,Random,104,11,0.0,0.0,75.95184895833333
llama31_8b__vs__random_uniform__seed104,Llama-3.1-8B,Random,104,12,0.0,8.299609375,84.25145833333333
llama31_8b__vs__random_uniform__seed104,Llama-3.1-8B,Random,104,13,0.0,0.0,84.25145833333333
llama31_8b__vs__random_uniform__seed104,Llama-3.1-8B,Random,104,14,0.0,0.0,84.25145833333333
llama31_8b__vs__random_uniform__seed104,Llama-3.1-8B,Random,104,15,0.0,0.0,84.25145833333333
llama31_8b__vs__random_uniform__seed104,Llama-3.1-8B,Random,104,16,0.0,7.947695312499999,92.19915364583333
llama31_8b__vs__random_uniform__seed104,Llama-3.1-8B,Random,104,17,0.0,5.224088541666666,97.4232421875
llama31_8b__vs__random_uniform__seed104,Llama-3.1-8B,Random,104,18,0.0,7.728671875,105.1519140625
llama31_8b__vs__random_uniform__seed104,Llama-3.1-8B,Random,104,19,0.0,7.633515624999999,112.7854296875
llama31_8b__vs__random_uniform__seed104,Llama-3.1-8B,Random,104,20,0.0,10.067552083333332,122.85298177083334
llama31_8b__vs__random_uniform__seed104,Llama-3.1-8B,Random,104,21,0.0,7.471914062499999,130.32489583333333
llama31_8b__vs__random_uniform__seed104,Llama-3.1-8B,Random,104,22,0.0,0.0,130.32489583333333
llama31_8b__vs__random_uniform__seed104,Llama-3.1-8B,Random,104,23,0.0,4.898151041666666,135.223046875
llama31_8b__vs__random_uniform__seed104,Llama-3.1-8B,Random,104,24,0.0,2.432395833333333,137.65544270833334
llama31_8b__vs__random_uniform__seed104,Llama-3.1-8B,Random,104,25,0.0,9.651927083333332,147.30736979166667
llama31_8b__vs__random_uniform__seed104,Llama-3.1-8B,Random,104,26,0.0,0.0,147.30736979166667
llama31_8b__vs__random_uniform__seed104,Llama-3.1-8B,Random,104,27,0.0,4.764713541666666,152.07208333333335
llama31_8b__vs__random_uniform__seed104,Llama-3.1-8B,Random,104,28,0.0,2.3629427083333328,154.43502604166667
llama31_8b__vs__random_uniform__seed104,Llama-3.1-8B,Random,104,29,0.0,9.357708333333331,163.792734375
llama31_8b__vs__random_uniform__seed104,Llama-3.1-8B,Random,104,30,0.0,2.315911458333333,166.10864583333336
llama31_8b__vs__random_uniform__seed104,Llama-3.1-8B,Random,104,31,0.0,6.873085937499999,172.98173177083336
llama31_8b__vs__random_uniform__seed104,Llama-3.1-8B,Random,104,32,0.0,2.267513020833333,175.24924479166668
llama31_8b__vs__random_uniform__seed104,Llama-3.1-8B,Random,104,33,0.0,6.75,181.99924479166668
llama31_8b__vs__random_uniform__seed104,Llama-3.1-8B,Random,104,34,0.0,2.25,184.24924479166668
llama31_8b__vs__random_uniform__seed104,Llama-3.1-8B,Random,104,35,0.0,6.75,190.99924479166668
llama31_8b__vs__random_uniform__seed104,Llama-3.1-8B,Random,104,36,0.0,0.0,190.99924479166668
llama31_8b__vs__random_uniform__seed104,Llama-3.1-8B,Random,104,37,0.0,4.5,195.49924479166668
llama31_8b__vs__random_uniform__seed104,Llama-3.1-8B,Random,104,38,0.0,0.0,195.49924479166668
llama31_8b__vs__random_uniform__seed104,Llama-3.1-8B,Random,104,39,0.0,2.25,197.74924479166668
llama31_8b__vs__random_uniform__seed104,Llama-3.1-8B,Random,104,40,0.0,2.25,199.99924479166668
llama31_8b__vs__random_uniform__seed104,Llama-3.1-8B,Random,104,41,0.0,2.25,202.24924479166668
llama31_8b__vs__random_uniform__seed104,Llama-3.1-8B,Random,104,42,0.0,2.25,204.49924479166668
llama31_8b__vs__random_uniform__seed104,Llama-3.1-8B,Random,104,43,0.0,0.0,204.49924479166668
llama31_8b__vs__random_uniform__seed104,Llama-3.1-8B,Random,104,44,0.0,0.0,204.49924479166668
llama31_8b__vs__random_uniform__seed104,Llama-3.1-8B,Random,104,45,0.0,0.0,204.49924479166668
llama31_8b__vs__random_uniform__seed104,Llama-3.1-8B,Random,104,46,0.0,9.0,213.49924479166668
llama31_8b__vs__random_uniform__seed104,Llama-3.1-8B,Random,104,47,0.0,2.25,215.74924479166668
llama31_8b__vs__random_uniform__seed104,Llama-3.1-8B,Random,104,48,0.0,4.5,220.24924479166668
llama31_8b__vs__random_uniform__seed104,Llama-3.1-8B,Random,104,49,0.0,0.0,220.24924479166668
llama31_8b__vs__random_uniform__seed104,Llama-3.1-8B,Random,104,50,0.0,6.75,226.99924479166668
llama31_8b__vs__random_uniform__seed105,Llama-3.1-8B,Random,105,1,0.0,3.0,3.0
llama31_8b__vs__random_uniform__seed105,Llama-3.1-8B,Random,105,2,0.0,2.9628125,5.9628125
llama31_8b__vs__random_uniform__seed105,Llama-3.1-8B,Random,105,3,0.0,0.0,5.9628125
llama31_8b__vs__random_uniform__seed105,Llama-3.1-8B,Random,105,4,0.0,11.539166666666667,17.501979166666665
llama31_8b__vs__random_uniform__seed105,Llama-3.1-8B,Random,105,5,0.0,0.0,17.501979166666665
llama31_8b__vs__random_uniform__seed105,Llama-3.1-8B,Random,105,6,0.0,11.272291666666666,28.774270833333333
llama31_8b__vs__random_uniform__seed105,Llama-3.1-8B,Random,105,7,0.0,2.7881770833333333,31.562447916666667
llama31_8b__vs__random_uniform__seed105,Llama-3.1-8B,Random,105,8,0.0,8.27171875,39.83416666666667
llama31_8b__vs__random_uniform__seed105,Llama-3.1-8B,Random,105,9,0.0,5.456510416666667,45.290677083333335
llama31_8b__vs__random_uniform__seed105,Llama-3.1-8B,Random,105,10,0.0,5.401276041666667,50.691953125000005
llama31_8b__vs__random_uniform__seed105,Llama-3.1-8B,Random,105,11,0.0,5.3487760416666665,56.04072916666667
llama31_8b__vs__random_uniform__seed105,Llama-3.1-8B,Random,105,12,0.0,10.603489583333333,66.64421875000001
llama31_8b__vs__random_uniform__seed105,Llama-3.1-8B,Random,105,13,0.0,2.6273567708333334,69.27157552083334
llama31_8b__vs__random_uniform__seed105,Llama-3.1-8B,Random,105,14,0.0,5.210416666666667,74.4819921875
llama31_8b__vs__random_uniform__seed105,Llama-3.1-8B,Random,105,15,0.0,5.160651041666667,79.64264322916667
llama31_8b__vs__random_uniform__seed105,Llama-3.1-8B,Random,105,16,0.0,5.113619791666667,84.75626302083333
llama31_8b__vs__random_uniform__seed105,Llama-3.1-8B,Random,105,17,0.0,5.063854166666667,89.8201171875
llama31_8b__vs__random_uniform__seed105,Llama-3.1-8B,Random,105,18,0.0,7.521132812500001,97.34125
llama31_8b__vs__random_uniform__seed105,Llama-3.1-8B,Random,105,19,0.0,0.0,97.34125
llama31_8b__vs__random_uniform__seed105,Llama-3.1-8B,Random,105,20,0.0,4.914557291666667,102.25580729166667
llama31_8b__vs__random_uniform__seed105,Llama-3.1-8B,Random,105,21,0.0,0.0,102.25580729166667
llama31_8b__vs__random_uniform__seed105,Llama-3.1-8B,Random,105,22,0.0,4.795885416666668,107.05169270833333
llama31_8b__vs__random_uniform__seed105,Llama-3.1-8B,Random,105,23,0.0,9.470364583333335,116.52205729166667
llama31_8b__vs__random_uniform__seed105,Llama-3.1-8B,Random,105,24,0.0,0.0,116.52205729166667
llama31_8b__vs__random_uniform__seed105,Llama-3.1-8B,Random,105,25,0.0,0.0,116.52205729166667
llama31_8b__vs__random_uniform__seed105,Llama-3.1-8B,Random,105,26,0.0,2.2765364583333336,118.79859375000001
llama31_8b__vs__random_uniform__seed105,Llama-3.1-8B,Random,105,27,0.0,4.5,123.29859375000001
llama31_8b__vs__random_uniform__seed105,Llama-3.1-8B,Random,105,28,0.0,4.5,127.79859375000001
llama31_8b__vs__random_uniform__seed105,Llama-3.1-8B,Random,105,29,0.0,6.75,134.54859375
llama31_8b__vs__random_uniform__seed105,Llama-3.1-8B,Random,105,30,0.0,2.25,136.79859375
llama31_8b__vs__random_uniform__seed105,Llama-3.1-8B,Random,105,31,0.0,2.25,139.04859375
llama31_8b__vs__random_uniform__seed105,Llama-3.1-8B,Random,105,32,0.0,4.5,143.54859375
llama31_8b__vs__random_uniform__seed105,Llama-3.1-8B,Random,105,33,0.0,2.25,145.79859375
llama31_8b__vs__random_uniform__seed105,Llama-3.1-8B,Random,105,34,0.0,6.75,152.54859375
llama31_8b__vs__random_uniform__seed105,Llama-3.1-8B,Random,105,35,0.0,6.75,159.29859375
llama31_8b__vs__random_uniform__seed105,Llama-3.1-8B,Random,105,36,0.0,6.75,166.04859375
llama31_8b__vs__random_uniform__seed105,Llama-3.1-8B,Random,105,37,0.0,6.75,172.79859375
llama31_8b__vs__random_uniform__seed105,Llama-3.1-8B,Random,105,38,0.0,9.0,181.79859375
llama31_8b__vs__random_uniform__seed105,Llama-3.1-8B,Random,105,39,0.0,0.0,181.79859375
llama31_8b__vs__random_uniform__seed105,Llama-3.1-8B,Random,105,40,0.0,4.5,186.29859375
llama31_8b__vs__random_uniform__seed105,Llama-3.1-8B,Random,105,41,0.0,6.75,193.04859375
llama31_8b__vs__random_uniform__seed105,Llama-3.1-8B,Random,105,42,0.0,2.25,195.29859375
llama31_8b__vs__random_uniform__seed105,Llama-3.1-8B,Random,105,43,0.0,6.75,202.04859375
llama31_8b__vs__random_uniform__seed105,Llama-3.1-8B,Random,105,44,0.0,4.5,206.54859375
llama31_8b__vs__random_uniform__seed105,Llama-3.1-8B,Random,105,45,0.0,2.25,208.79859375
llama31_8b__vs__random_uniform__seed105,Llama-3.1-8B,Random,105,46,0.0,4.5,213.29859375
llama31_8b__vs__random_uniform__seed105,Llama-3.1-8B,Random,105,47,0.0,2.25,215.54859375
llama31_8b__vs__random_uniform__seed105,Llama-3.1-8B,Random,105,48,0.0,0.0,215.54859375
llama31_8b__vs__random_uniform__seed105,Llama-3.1-8B,Random,105,49,0.0,0.0,215.54859375
llama31_8b__vs__random_uniform__seed105,Llama-3.1-8B,Random,105,50,0.0,6.75,222.29859375
llama31_8b__vs__wsls__seed101,Llama-3.1-8B,WSLS,101,1,0.0,12.0,12.0
llama31_8b__vs__wsls__seed101,Llama-3.1-8B,WSLS,101,2,0.0,8.986875,20.986874999999998
llama31_8b__vs__wsls__seed101,Llama-3.1-8B,WSLS,101,3,0.0,5.9715625,26.9584375
llama31_8b__vs__wsls__seed101,Llama-3.1-8B,WSLS,101,4,0.0,2.97046875,29.928906249999997
llama31_8b__vs__wsls__seed101,Llama-3.1-8B,WSLS,101,5,0.0,0.0,29.928906249999997
llama31_8b__vs__wsls__seed101,Llama-3.1-8B,WSLS,101,6,0.0,0.0,29.928906249999997
llama31_8b__vs__wsls__seed101,Llama-3.1-8B,WSLS,101,7,0.0,0.0,29.928906249999997
llama31_8b__vs__wsls__seed101,Llama-3.1-8B,WSLS,101,8,0.0,0.0,29.928906249999997
llama31_8b__vs__wsls__seed101,Llama-3.1-8B,WSLS,101,9,0.0,0.0,29.928906249999997
llama31_8b__vs__wsls__seed101,Llama-3.1-8B,WSLS,101,10,0.0,0.0,29.928906249999997
llama31_8b__vs__wsls__seed101,Llama-3.1-8B,WSLS,101,11,0.0,0.0,29.928906249999997
llama31_8b__vs__wsls__seed101,Llama-3.1-8B,WSLS,101,12,0.0,0.0,29.928906249999997
llama31_8b__vs__wsls__seed101,Llama-3.1-8B,WSLS,101,13,0.0,0.0,29.928906249999997
llama31_8b__vs__wsls__seed101,Llama-3.1-8B,WSLS,101,14,0.0,0.0,29.928906249999997
llama31_8b__vs__wsls__seed101,Llama-3.1-8B,WSLS,101,15,0.0,0.0,29.928906249999997
llama31_8b__vs__wsls__seed101,Llama-3.1-8B,WSLS,101,16,0.0,0.0,29.928906249999997
llama31_8b__vs__wsls__seed101,Llama-3.1-8B,WSLS,101,17,0.0,0.0,29.928906249999997
llama31_8b__vs__wsls__seed101,Llama-3.1-8B,WSLS,101,18,0.0,0.0,29.928906249999997
llama31_8b__vs__wsls__seed101,Llama-3.1-8B,WSLS,101,19,0.0,0.0,29.928906249999997
llama31_8b__vs__wsls__seed101,Llama-3.1-8B,WSLS,101,20,0.0,0.0,29.928906249999997
llama31_8b__vs__wsls__seed101,Llama-3.1-8B,WSLS,101,21,0.0,0.0,29.928906249999997
llama31_8b__vs__wsls__seed101,Llama-3.1-8B,WSLS,101,22,0.0,0.0,29.928906249999997
llama31_8b__vs__wsls__seed101,Llama-3.1-8B,WSLS,101,23,0.0,0.0,29.928906249999997
llama31_8b__vs__wsls__seed101,Llama-3.1-8B,WSLS,101,24,0.0,0.0,29.928906249999997
llama31_8b__vs__wsls__seed101,Llama-3.1-8B,WSLS,101,25,0.0,0.0,29.928906249999997
llama31_8b__vs__wsls__seed101,Llama-3.1-8B,WSLS,101,26,0.0,0.0,29.928906249999997
llama31_8b__vs__wsls__seed101,Llama-3.1-8B,WSLS,101,27,0.0,0.0,29.928906249999997
llama31_8b__vs__wsls__seed101,Llama-3.1-8B,WSLS,101,28,0.0,0.0,29.928906249999997
llama31_8b__vs__wsls__seed101,Llama-3.1-8B,WSLS,101,29,0.0,0.0,29.928906249999997
llama31_8b__vs__wsls__seed101,Llama-3.1-8B,WSLS,101,30,0.0,0.0,29.928906249999997
llama31_8b__vs__wsls__seed101,Llama-3.1-8B,WSLS,101,31,0.0,0.0,29.928906249999997
llama31_8b__vs__wsls__seed101,Llama-3.1-8B,WSLS,101,32,0.0,0.0,29.928906249999997
llama31_8b__vs__wsls__seed101,Llama-3.1-8B,WSLS,101,33,0.0,0.0,29.928906249999997
llama31_8b__vs__wsls__seed101,Llama-3.1-8B,WSLS,101,34,0.0,0.0,29.928906249999997
llama31_8b__vs__wsls__seed101,Llama-3.1-8B,WSLS,101,35,0.0,0.0,29.928906249999997
llama31_8b__vs__wsls__seed101,Llama-3.1-8B,WSLS,101,36,0.0,0.0,29.928906249999997
llama31_8b__vs__wsls__seed101,Llama-3.1-8B,WSLS,101,37,0.0,0.0,29.928906249999997
llama31_8b__vs__wsls__seed101,Llama-3.1-8B,WSLS,101,38,0.0,0.0,29.928906249999997
llama31_8b__vs__wsls__seed101,Llama-3.1-8B,WSLS,101,39,0.0,0.0,29.928906249999997
llama31_8b__vs__wsls__seed101,Llama-3.1-8B,WSLS,101,40,0.0,0.0,29.928906249999997
llama31_8b__vs__wsls__seed101,Llama-3.1-8B,WSLS,101,41,0.0,0.0,29.928906249999997
llama31_8b__vs__wsls__seed101,Llama-3.1-8B,WSLS,101,42,0.0,0.0,29.928906249999997
llama31_8b__vs__wsls__seed101,Llama-3.1-8B,WSLS,101,43,0.0,0.0,29.928906249999997
llama31_8b__vs__wsls__seed101,Llama-3.1-8B,WSLS,101,44,0.0,0.0,29.928906249999997
llama31_8b__vs__wsls__seed101,Llama-3.1-8B,WSLS,101,45,0.0,0.0,29.928906249999997
llama31_8b__vs__wsls__seed101,Llama-3.1-8B,WSLS,101,46,0.0,0.0,29.928906249999997
llama31_8b__vs__wsls__seed101,Llama-3.1-8B,WSLS,101,47,0.0,0.0,29.928906249999997
llama31_8b__vs__wsls__seed101,Llama-3.1-8B,WSLS,101,48,0.0,0.0,29.928906249999997
llama31_8b__vs__wsls__seed101,Llama-3.1-8B,WSLS,101,49,0.0,0.0,29.928906249999997
llama31_8b__vs__wsls__seed101,Llama-3.1-8B,WSLS,101,50,0.0,0.0,29.928906249999997
llama31_8b__vs__wsls__seed102,Llama-3.1-8B,WSLS,102,1,0.0,12.0,12.0
llama31_8b__vs__wsls__seed102,Llama-3.1-8B,WSLS,102,2,0.0,8.986875,20.986874999999998
llama31_8b__vs__wsls__seed102,Llama-3.1-8B,WSLS,102,3,0.0,5.9715625,26.9584375
llama31_8b__vs__wsls__seed102,Llama-3.1-8B,WSLS,102,4,0.0,2.97046875,29.928906249999997
llama31_8b__vs__wsls__seed102,Llama-3.1-8B,WSLS,102,5,0.0,5.910312500000001,35.83921875
llama31_8b__vs__wsls__seed102,Llama-3.1-8B,WSLS,102,6,0.0,2.9376562500000003,38.776875000000004
llama31_8b__vs__wsls__seed102,Llama-3.1-8B,WSLS,102,7,0.0,0.0,38.776875000000004
llama31_8b__vs__wsls__seed102,Llama-3.1-8B,WSLS,102,8,0.0,0.0,38.776875000000004
llama31_8b__vs__wsls__seed102,Llama-3.1-8B,WSLS,102,9,0.0,0.0,38.776875000000004
llama31_8b__vs__wsls__seed102,Llama-3.1-8B,WSLS,102,10,0.0,0.0,38.776875000000004
llama31_8b__vs__wsls__seed102,Llama-3.1-8B,WSLS,102,11,0.0,0.0,38.776875000000004
llama31_8b__vs__wsls__seed102,Llama-3.1-8B,WSLS,102,12,0.0,0.0,38.776875000000004
llama31_8b__vs__wsls__seed102,Llama-3.1-8B,WSLS,102,13,0.0,0.0,38.776875000000004
llama31_8b__vs__wsls__seed102,Llama-3.1-8B,WSLS,102,14,0.0,0.0,38.776875000000004
llama31_8b__vs__wsls__seed102,Llama-3.1-8B,WSLS,102,15,0.0,0.0,38.776875000000004
llama31_8b__vs__wsls__seed102,Llama-3.1-8B,WSLS,102,16,0.0,0.0,38.776875000000004
llama31_8b__vs__wsls__seed102,Llama-3.1-8B,WSLS,102,17,0.0,0.0,38.776875000000004
llama31_8b__vs__wsls__seed102,Llama-3.1-8B,WSLS,102,18,0.0,0.0,38.776875000000004
llama31_8b__vs__wsls__seed102,Llama-3.1-8B,WSLS,102,19,0.0,0.0,38.776875000000004
llama31_8b__vs__wsls__seed102,Llama-3.1-8B,WSLS,102,20,0.0,0.0,38.776875000000004
llama31_8b__vs__wsls__seed102,Llama-3.1-8B,WSLS,102,21,0.0,0.0,38.776875000000004
llama31_8b__vs__wsls__seed102,Llama-3.1-8B,WSLS,102,22,0.0,0.0,38.776875000000004
llama31_8b__vs__wsls__seed102,Llama-3.1-8B,WSLS,102,23,0.0,0.0,38.776875000000004
llama31_8b__vs__wsls__seed102,Llama-3.1-8B,WSLS,102,24,0.0,0.0,38.776875000000004
llama31_8b__vs__wsls__seed102,Llama-3.1-8B,WSLS,102,25,0.0,0.0,38.776875000000004
llama31_8b__vs__wsls__seed102,Llama-3.1-8B,WSLS,102,26,0.0,0.0,38.776875000000004
llama31_8b__vs__wsls__seed102,Llama-3.1-8B,WSLS,102,27,0.0,0.0,38.776875000000004
llama31_8b__vs__wsls__seed102,Llama-3.1-8B,WSLS,102,28,0.0,0.0,38.776875000000004
llama31_8b__vs__wsls__seed102,Llama-3.1-8B,WSLS,102,29,0.0,0.0,38.776875000000004
llama31_8b__vs__wsls__seed102,Llama-3.1-8B,WSLS,102,30,0.0,0.0,38.776875000000004
llama31_8b__vs__wsls__seed102,Llama-3.1-8B,WSLS,102,31,0.0,0.0,38.776875000000004
llama31_8b__vs__wsls__seed102,Llama-3.1-8B,WSLS,102,32,0.0,0.0,38.776875000000004
llama31_8b__vs__wsls__seed102,Llama-3.1-8B,WSLS,102,33,0.0,0.0,38.776875000000004
llama31_8b__vs__wsls__seed102,Llama-3.1-8B,WSLS,102,34,0.0,0.0,38.776875000000004
llama31_8b__vs__wsls__seed102,Llama-3.1-8B,WSLS,102,35,0.0,0.0,38.776875000000004
llama31_8b__vs__wsls__seed102,Llama-3.1-8B,WSLS,102,36,0.0,0.0,38.776875000000004
llama31_8b__vs__wsls__seed102,Llama-3.1-8B,WSLS,102,37,0.0,0.0,38.776875000000004
llama31_8b__vs__wsls__seed102,Llama-3.1-8B,WSLS,102,38,0.0,0.0,38.776875000000004
llama31_8b__vs__wsls__seed102,Llama-3.1-8B,WSLS,102,39,0.0,0.0,38.776875000000004
llama31_8b__vs__wsls__seed102,Llama-3.1-8B,WSLS,102,40,0.0,0.0,38.776875000000004
llama31_8b__vs__wsls__seed102,Llama-3.1-8B,WSLS,102,41,0.0,0.0,38.776875000000004
llama31_8b__vs__wsls__seed102,Llama-3.1-8B,WSLS,102,42,0.0,0.0,38.776875000000004
llama31_8b__vs__wsls__seed102,Llama-3.1-8B,WSLS,102,43,0.0,0.0,38.776875000000004
llama31_8b__vs__wsls__seed102,Llama-3.1-8B,WSLS,102,44,0.0,0.0,38.776875000000004
llama31_8b__vs__wsls__seed102,Llama-3.1-8B,WSLS,102,45,0.0,0.0,38.776875000000004
llama31_8b__vs__wsls__seed102,Llama-3.1-8B,WSLS,102,46,0.0,0.0,38.776875000000004
llama31_8b__vs__wsls__seed102,Llama-3.1-8B,WSLS,102,47,0.0,0.0,38.776875000000004
llama31_8b__vs__wsls__seed102,Llama-3.1-8B,WSLS,102,48,0.0,0.0,38.776875000000004
llama31_8b__vs__wsls__seed102,Llama-3.1-8B,WSLS,102,49,0.0,0.0,38.776875000000004
llama31_8b__vs__wsls__seed102,Llama-3.1-8B,WSLS,102,50,0.0,0.0,38.776875000000004
llama31_8b__vs__wsls__seed103,Llama-3.1-8B,WSLS,103,1,0.0,12.0,12.0
llama31_8b__vs__wsls__seed103,Llama-3.1-8B,WSLS,103,2,0.0,8.986875,20.986874999999998
llama31_8b__vs__wsls__seed103,Llama-3.1-8B,WSLS,103,3,0.0,5.9715625,26.9584375
llama31_8b__vs__wsls__seed103,Llama-3.1-8B,WSLS,103,4,0.0,2.97046875,29.928906249999997
llama31_8b__vs__wsls__seed103,Llama-3.1-8B,WSLS,103,5,0.0,0.0,29.928906249999997
llama31_8b__vs__wsls__seed103,Llama-3.1-8B,WSLS,103,6,0.0,0.0,29.928906249999997
llama31_8b__vs__wsls__seed103,Llama-3.1-8B,WSLS,103,7,0.0,0.0,29.928906249999997
llama31_8b__vs__wsls__seed103,Llama-3.1-8B,WSLS,103,8,0.0,0.0,29.928906249999997
llama31_8b__vs__wsls__seed103,Llama-3.1-8B,WSLS,103,9,0.0,0.0,29.928906249999997
llama31_8b__vs__wsls__seed103,Llama-3.1-8B,WSLS,103,10,0.0,0.0,29.928906249999997
llama31_8b__vs__wsls__seed103,Llama-3.1-8B,WSLS,103,11,0.0,0.0,29.928906249999997
llama31_8b__vs__wsls__seed103,Llama-3.1-8B,WSLS,103,12,0.0,0.0,29.928906249999997
llama31_8b__vs__wsls__seed103,Llama-3.1-8B,WSLS,103,13,0.0,0.0,29.928906249999997
llama31_8b__vs__wsls__seed103,Llama-3.1-8B,WSLS,103,14,0.0,0.0,29.928906249999997
llama31_8b__vs__wsls__seed103,Llama-3.1-8B,WSLS,103,15,0.0,0.0,29.928906249999997
llama31_8b__vs__wsls__seed103,Llama-3.1-8B,WSLS,103,16,0.0,0.0,29.928906249999997
llama31_8b__vs__wsls__seed103,Llama-3.1-8B,WSLS,103,17,0.0,0.0,29.928906249999997
llama31_8b__vs__wsls__seed103,Llama-3.1-8B,WSLS,103,18,0.0,0.0,29.928906249999997
llama31_8b__vs__wsls__seed103,Llama-3.1-8B,WSLS,103,19,0.0,0.0,29.928906249999997
llama31_8b__vs__wsls__seed103,Llama-3.1-8B,WSLS,103,20,0.0,0.0,29.928906249999997
llama31_8b__vs__wsls__seed103,Llama-3.1-8B,WSLS,103,21,0.0,0.0,29.928906249999997
llama31_8b__vs__wsls__seed103,Llama-3.1-8B,WSLS,103,22,0.0,0.0,29.928906249999997
llama31_8b__vs__wsls__seed103,Llama-3.1-8B,WSLS,103,23,0.0,0.0,29.928906249999997
llama31_8b__vs__wsls__seed103,Llama-3.1-8B,WSLS,103,24,0.0,0.0,29.928906249999997
llama31_8b__vs__wsls__seed103,Llama-3.1-8B,WSLS,103,25,0.0,0.0,29.928906249999997
llama31_8b__vs__wsls__seed103,Llama-3.1-8B,WSLS,103,26,0.0,0.0,29.928906249999997
llama31_8b__vs__wsls__seed103,Llama-3.1-8B,WSLS,103,27,0.0,0.0,29.928906249999997
llama31_8b__vs__wsls__seed103,Llama-3.1-8B,WSLS,103,28,0.0,0.0,29.928906249999997
llama31_8b__vs__wsls__seed103,Llama-3.1-8B,WSLS,103,29,0.0,0.0,29.928906249999997
llama31_8b__vs__wsls__seed103,Llama-3.1-8B,WSLS,103,30,0.0,0.0,29.928906249999997
llama31_8b__vs__wsls__seed103,Llama-3.1-8B,WSLS,103,31,0.0,0.0,29.928906249999997
llama31_8b__vs__wsls__seed103,Llama-3.1-8B,WSLS,103,32,0.0,0.0,29.928906249999997
llama31_8b__vs__wsls__seed103,Llama-3.1-8B,WSLS,103,33,0.0,0.0,29.928906249999997
llama31_8b__vs__wsls__seed103,Llama-3.1-8B,WSLS,103,34,0.0,0.0,29.928906249999997
llama31_8b__vs__wsls__seed103,Llama-3.1-8B,WSLS,103,35,0.0,0.0,29.928906249999997
llama31_8b__vs__wsls__seed103,Llama-3.1-8B,WSLS,103,36,0.0,0.0,29.928906249999997
llama31_8b__vs__wsls__seed103,Llama-3.1-8B,WSLS,103,37,0.0,0.0,29.928906249999997
llama31_8b__vs__wsls__seed103,Llama-3.1-8B,WSLS,103,38,0.0,0.0,29.928906249999997
llama31_8b__vs__wsls__seed103,Llama-3.1-8B,WSLS,103,39,0.0,0.0,29.928906249999997
llama31_8b__vs__wsls__seed103,Llama-3.1-8B,WSLS,103,40,0.0,0.0,29.928906249999997
llama31_8b__vs__wsls__seed103,Llama-3.1-8B,WSLS,103,41,0.0,0.0,29.928906249999997
llama31_8b__vs__wsls__seed103,Llama-3.1-8B,WSLS,103,42,0.0,0.0,29.928906249999997
llama31_8b__vs__wsls__seed103,Llama-3.1-8B,WSLS,103,43,0.0,0.0,29.928906249999997
llama31_8b__vs__wsls__seed103,Llama-3.1-8B,WSLS,103,44,0.0,0.0,29.928906249999997
llama31_8b__vs__wsls__seed103,Llama-3.1-8B,WSLS,103,45,0.0,0.0,29.928906249999997
llama31_8b__vs__wsls__seed103,Llama-3.1-8B,WSLS,103,46,0.0,0.0,29.928906249999997
llama31_8b__vs__wsls__seed103,Llama-3.1-8B,WSLS,103,47,0.0,0.0,29.928906249999997
llama31_8b__vs__wsls__seed103,Llama-3.1-8B,WSLS,103,48,0.0,0.0,29.928906249999997
llama31_8b__vs__wsls__seed103,Llama-3.1-8B,WSLS,103,49,0.0,0.0,29.928906249999997
llama31_8b__vs__wsls__seed103,Llama-3.1-8B,WSLS,103,50,0.0,0.0,29.928906249999997
llama31_8b__vs__wsls__seed104,Llama-3.1-8B,WSLS,104,1,0.0,12.0,12.0
llama31_8b__vs__wsls__seed104,Llama-3.1-8B,WSLS,104,2,0.0,8.986875,20.986874999999998
llama31_8b__vs__wsls__seed104,Llama-3.1-8B,WSLS,104,3,0.0,2.9803125,23.967187499999998
llama31_8b__vs__wsls__seed104,Llama-3.1-8B,WSLS,104,4,0.0,5.930000000000001,29.897187499999998
llama31_8b__vs__wsls__seed104,Llama-3.1-8B,WSLS,104,5,0.0,2.9469531250000003,32.844140624999994
llama31_8b__vs__wsls__seed104,Llama-3.1-8B,WSLS,104,6,0.0,0.0,32.844140624999994
llama31_8b__vs__wsls__seed104,Llama-3.1-8B,WSLS,104,7,0.0,0.0,32.844140624999994
llama31_8b__vs__wsls__seed104,Llama-3.1-8B,WSLS,104,8,0.0,0.0,32.844140624999994
llama31_8b__vs__wsls__seed104,Llama-3.1-8B,WSLS,104,9,0.0,0.0,32.844140624999994
llama31_8b__vs__wsls__seed104,Llama-3.1-8B,WSLS,104,10,0.0,0.0,32.844140624999994
llama31_8b__vs__wsls__seed104,Llama-3.1-8B,WSLS,104,11,0.0,0.0,32.844140624999994
llama31_8b__vs__wsls__seed104,Llama-3.1-8B,WSLS,104,12,0.0,0.0,32.844140624999994
llama31_8b__vs__wsls__seed104,Llama-3.1-8B,WSLS,104,13,0.0,0.0,32.844140624999994
llama31_8b__vs__wsls__seed104,Llama-3.1-8B,WSLS,104,14,0.0,0.0,32.844140624999994
llama31_8b__vs__wsls__seed104,Llama-3.1-8B,WSLS,104,15,0.0,0.0,32.844140624999994
llama31_8b__vs__wsls__seed104,Llama-3.1-8B,WSLS,104,16,0.0,0.0,32.844140624999994
llama31_8b__vs__wsls__seed104,Llama-3.1-8B,WSLS,104,17,0.0,0.0,32.844140624999994
llama31_8b__vs__wsls__seed104,Llama-3.1-8B,WSLS,104,18,0.0,0.0,32.844140624999994
llama31_8b__vs__wsls__seed104,Llama-3.1-8B,WSLS,104,19,0.0,0.0,32.844140624999994
llama31_8b__vs__wsls__seed104,Llama-3.1-8B,WSLS,104,20,0.0,0.0,32.844140624999994
llama31_8b__vs__wsls__seed104,Llama-3.1-8B,WSLS,104,21,0.0,0.0,32.844140624999994
llama31_8b__vs__wsls__seed104,Llama-3.1-8B,WSLS,104,22,0.0,0.0,32.844140624999994
llama31_8b__vs__wsls__seed104,Llama-3.1-8B,WSLS,104,23,0.0,0.0,32.844140624999994
llama31_8b__vs__wsls__seed104,Llama-3.1-8B,WSLS,104,24,0.0,0.0,32.844140624999994
llama31_8b__vs__wsls__seed104,Llama-3.1-8B,WSLS,104,25,0.0,0.0,32.844140624999994
llama31_8b__vs__wsls__seed104,Llama-3.1-8B,WSLS,104,26,0.0,0.0,32.844140624999994
llama31_8b__vs__wsls__seed104,Llama-3.1-8B,WSLS,104,27,0.0,0.0,32.844140624999994
llama31_8b__vs__wsls__seed104,Llama-3.1-8B,WSLS,104,28,0.0,0.0,32.844140624999994
llama31_8b__vs__wsls__seed104,Llama-3.1-8B,WSLS,104,29,0.0,0.0,32.844140624999994
llama31_8b__vs__wsls__seed104,Llama-3.1-8B,WSLS,104,30,0.0,6.75,39.594140624999994
llama31_8b__vs__wsls__seed104,Llama-3.1-8B,WSLS,104,31,0.0,4.5,44.094140624999994
llama31_8b__vs__wsls__seed104,Llama-3.1-8B,WSLS,104,32,0.0,2.25,46.344140624999994
llama31_8b__vs__wsls__seed104,Llama-3.1-8B,WSLS,104,33,0.0,0.0,46.344140624999994
llama31_8b__vs__wsls__seed104,Llama-3.1-8B,WSLS,104,34,0.0,6.75,53.094140624999994
llama31_8b__vs__wsls__seed104,Llama-3.1-8B,WSLS,104,35,0.0,4.5,57.594140624999994
llama31_8b__vs__wsls__seed104,Llama-3.1-8B,WSLS,104,36,0.0,2.25,59.844140624999994
llama31_8b__vs__wsls__seed104,Llama-3.1-8B,WSLS,104,37,0.0,0.0,59.844140624999994
llama31_8b__vs__wsls__seed104,Llama-3.1-8B,WSLS,104,38,0.0,0.0,59.844140624999994
llama31_8b__vs__wsls__seed104,Llama-3.1-8B,WSLS,104,39,0.0,0.0,59.844140624999994
llama31_8b__vs__wsls__seed104,Llama-3.1-8B,WSLS,104,40,0.0,0.0,59.844140624999994
llama31_8b__vs__wsls__seed104,Llama-3.1-8B,WSLS,104,41,0.0,4.5,64.344140625
llama31_8b__vs__wsls__seed104,Llama-3.1-8B,WSLS,104,42,0.0,2.25,66.594140625
llama31_8b__vs__wsls__seed104,Llama-3.1-8B,WSLS,104,43,0.0,0.0,66.594140625
llama31_8b__vs__wsls__seed104,Llama-3.1-8B,WSLS,104,44,0.0,0.0,66.594140625
llama31_8b__vs__wsls__seed104,Llama-3.1-8B,WSLS,104,45,0.0,0.0,66.594140625
llama31_8b__vs__wsls__seed104,Llama-3.1-8B,WSLS,104,46,0.0,0.0,66.594140625
llama31_8b__vs__wsls__seed104,Llama-3.1-8B,WSLS,104,47,0.0,0.0,66.594140625
llama31_8b__vs__wsls__seed104,Llama-3.1-8B,WSLS,104,48,0.0,0.0,66.594140625
llama31_8b__vs__wsls__seed104,Llama-3.1-8B,WSLS,104,49,0.0,0.0,66.594140625
llama31_8b__vs__wsls__seed104,Llama-3.1-8B,WSLS,104,50,0.0,2.25,68.844140625
llama31_8b__vs__wsls__seed105,Llama-3.1-8B,WSLS,105,1,0.0,12.0,12.0
llama31_8b__vs__wsls__seed105,Llama-3.1-8B,WSLS,105,2,0.0,8.986875,20.986874999999998
llama31_8b__vs__wsls__seed105,Llama-3.1-8B,WSLS,105,3,0.0,5.9715625,26.9584375
llama31_8b__vs__wsls__seed105,Llama-3.1-8B,WSLS,105,4,0.0,2.97046875,29.928906249999997
llama31_8b__vs__wsls__seed105,Llama-3.1-8B,WSLS,105,5,0.0,0.0,29.928906249999997
llama31_8b__vs__wsls__seed105,Llama-3.1-8B,WSLS,105,6,0.0,0.0,29.928906249999997
llama31_8b__vs__wsls__seed105,Llama-3.1-8B,WSLS,105,7,0.0,0.0,29.928906249999997
llama31_8b__vs__wsls__seed105,Llama-3.1-8B,WSLS,105,8,0.0,0.0,29.928906249999997
llama31_8b__vs__wsls__seed105,Llama-3.1-8B,WSLS,105,9,0.0,0.0,29.928906249999997
llama31_8b__vs__wsls__seed105,Llama-3.1-8B,WSLS,105,10,0.0,0.0,29.928906249999997
llama31_8b__vs__wsls__seed105,Llama-3.1-8B,WSLS,105,11,0.0,0.0,29.928906249999997
llama31_8b__vs__wsls__seed105,Llama-3.1-8B,WSLS,105,12,0.0,0.0,29.928906249999997
llama31_8b__vs__wsls__seed105,Llama-3.1-8B,WSLS,105,13,0.0,0.0,29.928906249999997
llama31_8b__vs__wsls__seed105,Llama-3.1-8B,WSLS,105,14,0.0,0.0,29.928906249999997
llama31_8b__vs__wsls__seed105,Llama-3.1-8B,WSLS,105,15,0.0,0.0,29.928906249999997
llama31_8b__vs__wsls__seed105,Llama-3.1-8B,WSLS,105,16,0.0,0.0,29.928906249999997
llama31_8b__vs__wsls__seed105,Llama-3.1-8B,WSLS,105,17,0.0,0.0,29.928906249999997
llama31_8b__vs__wsls__seed105,Llama-3.1-8B,WSLS,105,18,0.0,0.0,29.928906249999997
llama31_8b__vs__wsls__seed105,Llama-3.1-8B,WSLS,105,19,0.0,0.0,29.928906249999997
llama31_8b__vs__wsls__seed105,Llama-3.1-8B,WSLS,105,20,0.0,0.0,29.928906249999997
llama31_8b__vs__wsls__seed105,Llama-3.1-8B,WSLS,105,21,0.0,0.0,29.928906249999997
llama31_8b__vs__wsls__seed105,Llama-3.1-8B,WSLS,105,22,0.0,0.0,29.928906249999997
llama31_8b__vs__wsls__seed105,Llama-3.1-8B,WSLS,105,23,0.0,0.0,29.928906249999997
llama31_8b__vs__wsls__seed105,Llama-3.1-8B,WSLS,105,24,0.0,0.0,29.928906249999997
llama31_8b__vs__wsls__seed105,Llama-3.1-8B,WSLS,105,25,0.0,0.0,29.928906249999997
llama31_8b__vs__wsls__seed105,Llama-3.1-8B,WSLS,105,26,0.0,0.0,29.928906249999997
llama31_8b__vs__wsls__seed105,Llama-3.1-8B,WSLS,105,27,0.0,0.0,29.928906249999997
llama31_8b__vs__wsls__seed105,Llama-3.1-8B,WSLS,105,28,0.0,0.0,29.928906249999997
llama31_8b__vs__wsls__seed105,Llama-3.1-8B,WSLS,105,29,0.0,0.0,29.928906249999997
llama31_8b__vs__wsls__seed105,Llama-3.1-8B,WSLS,105,30,0.0,0.0,29.928906249999997
llama31_8b__vs__wsls__seed105,Llama-3.1-8B,WSLS,105,31,0.0,0.0,29.928906249999997
llama31_8b__vs__wsls__seed105,Llama-3.1-8B,WSLS,105,32,0.0,0.0,29.928906249999997
llama31_8b__vs__wsls__seed105,Llama-3.1-8B,WSLS,105,33,0.0,0.0,29.928906249999997
llama31_8b__vs__wsls__seed105,Llama-3.1-8B,WSLS,105,34,0.0,0.0,29.928906249999997
llama31_8b__vs__wsls__seed105,Llama-3.1-8B,WSLS,105,35,0.0,6.75,36.67890625
llama31_8b__vs__wsls__seed105,Llama-3.1-8B,WSLS,105,36,0.0,4.5,41.17890625
llama31_8b__vs__wsls__seed105,Llama-3.1-8B,WSLS,105,37,0.0,2.25,43.42890625
llama31_8b__vs__wsls__seed105,Llama-3.1-8B,WSLS,105,38,0.0,0.0,43.42890625
llama31_8b__vs__wsls__seed105,Llama-3.1-8B,WSLS,105,39,0.0,0.0,43.42890625
llama31_8b__vs__wsls__seed105,Llama-3.1-8B,WSLS,105,40,0.0,0.0,43.42890625
llama31_8b__vs__wsls__seed105,Llama-3.1-8B,WSLS,105,41,0.0,0.0,43.42890625
llama31_8b__vs__wsls__seed105,Llama-3.1-8B,WSLS,105,42,0.0,0.0,43.42890625
llama31_8b__vs__wsls__seed105,Llama-3.1-8B,WSLS,105,43,0.0,0.0,43.42890625
llama31_8b__vs__wsls__seed105,Llama-3.1-8B,WSLS,105,44,0.0,0.0,43.42890625
llama31_8b__vs__wsls__seed105,Llama-3.1-8B,WSLS,105,45,0.0,0.0,43.42890625
llama31_8b__vs__wsls__seed105,Llama-3.1-8B,WSLS,105,46,0.0,0.0,43.42890625
llama31_8b__vs__wsls__seed105,Llama-3.1-8B,WSLS,105,47,0.0,0.0,43.42890625
llama31_8b__vs__wsls__seed105,Llama-3.1-8B,WSLS,105,48,0.0,0.0,43.42890625
llama31_8b__vs__wsls__seed105,Llama-3.1-8B,WSLS,105,49,0.0,0.0,43.42890625
llama31_8b__vs__wsls__seed105,Llama-3.1-8B,WSLS,105,50,0.0,4.5,47.92890625
qwen3_235b_a22b_2507__vs__always_cooperate__seed101,Qwen3-235B,Always Cooperate,101,1,1.0,4.0,4.0
qwen3_235b_a22b_2507__vs__always_cooperate__seed101,Qwen3-235B,Always Cooperate,101,2,1.0,4.901899659543274,8.901899659543274
qwen3_235b_a22b_2507__vs__always_cooperate__seed101,Qwen3-235B,Always Cooperate,101,3,1.0,5.737743197914256,14.63964285745753
qwen3_235b_a22b_2507__vs__always_cooperate__seed101,Qwen3-235B,Always Cooperate,101,4,1.0,6.452973827162612,21.09261668462014
qwen3_235b_a22b_2507__vs__always_cooperate__seed101,Qwen3-235B,Always Cooperate,101,5,1.0,7.03473354743033,28.127350232050468
qwen3_235b_a22b_2507__vs__always_cooperate__seed101,Qwen3-235B,Always Cooperate,101,6,1.0,7.499356761489178,35.62670699353964
qwen3_235b_a22b_2507__vs__always_cooperate__seed101,Qwen3-235B,Always Cooperate,101,7,1.0,7.874286035858203,43.50099302939785
qwen3_235b_a22b_2507__vs__always_cooperate__seed101,Qwen3-235B,Always Cooperate,101,8,1.0,8.186093248290184,51.68708627768803
qwen3_235b_a22b_2507__vs__always_cooperate__seed101,Qwen3-235B,Always Cooperate,101,9,1.0,8.455751427951338,60.142837705639366
qwen3_235b_a22b_2507__vs__always_cooperate__seed101,Qwen3-235B,Always Cooperate,101,10,1.0,8.698166348627016,68.84100405426638
qwen3_235b_a22b_2507__vs__always_cooperate__seed101,Qwen3-235B,Always Cooperate,101,11,1.0,8.923322274351424,77.7643263286178
qwen3_235b_a22b_2507__vs__always_cooperate__seed101,Qwen3-235B,Always Cooperate,101,12,1.0,9.137678416908237,86.90200474552603
qwen3_235b_a22b_2507__vs__always_cooperate__seed101,Qwen3-235B,Always Cooperate,101,13,1.0,9.345327632177181,96.2473323777032
qwen3_235b_a22b_2507__vs__always_cooperate__seed101,Qwen3-235B,Always Cooperate,101,14,1.0,9.548831071124255,105.79616344882746
qwen3_235b_a22b_2507__vs__always_cooperate__seed101,Qwen3-235B,Always Cooperate,101,15,1.0,9.749779258891781,115.54594270771923
qwen3_235b_a22b_2507__vs__always_cooperate__seed101,Qwen3-235B,Always Cooperate,101,16,1.0,9.949155358413602,125.49509806613284
qwen3_235b_a22b_2507__vs__always_cooperate__seed101,Qwen3-235B,Always Cooperate,101,17,1.0,10.147565358052827,135.64266342418566
qwen3_235b_a22b_2507__vs__always_cooperate__seed101,Qwen3-235B,Always Cooperate,101,18,0.0,14.65562500000001,150.29828842418567
qwen3_235b_a22b_2507__vs__always_cooperate__seed101,Qwen3-235B,Always Cooperate,101,19,1.0,6.769375000000009,157.06766342418567
qwen3_235b_a22b_2507__vs__always_cooperate__seed101,Qwen3-235B,Always Cooperate,101,20,1.0,7.794413766846809,164.86207719103248
qwen3_235b_a22b_2507__vs__always_cooperate__seed101,Qwen3-235B,Always Cooperate,101,21,1.0,8.729453310695934,173.5915305017284
qwen3_235b_a22b_2507__vs__always_cooperate__seed101,Qwen3-235B,Always Cooperate,101,22,1.0,9.381808571452328,182.97333907318074
qwen3_235b_a22b_2507__vs__always_cooperate__seed101,Qwen3-235B,Always Cooperate,101,23,1.0,9.855978084834117,192.82931715801485
qwen3_235b_a22b_2507__vs__always_cooperate__seed101,Qwen3-235B,Always Cooperate,101,24,1.0,10.181063649840674,203.0103808078555
qwen3_235b_a22b_2507__vs__always_cooperate__seed101,Qwen3-235B,Always Cooperate,101,25,1.0,10.39430595116825,213.40468675902378
qwen3_235b_a22b_2507__vs__always_cooperate__seed101,Qwen3-235B,Always Cooperate,101,26,1.0,10.53015826936483,223.9348450283886
qwen3_235b_a22b_2507__vs__always_cooperate__seed101,Qwen3-235B,Always Cooperate,101,27,1.0,10.61510342528431,234.5499484536729
qwen3_235b_a22b_2507__vs__always_cooperate__seed101,Qwen3-235B,Always Cooperate,101,28,1.0,10.667597930270553,245.21754638394344
qwen3_235b_a22b_2507__vs__always_cooperate__seed101,Qwen3-235B,Always Cooperate,101,29,1.0,10.699803618067861,255.9173500020113
qwen3_235b_a22b_2507__vs__always_cooperate__seed101,Qwen3-235B,Always Cooperate,101,30,1.0,10.719473967130781,266.6368239691421
qwen3_235b_a22b_2507__vs__always_cooperate__seed101,Qwen3-235B,Always Cooperate,101,31,1.0,10.73145532632524,277.36827929546735
qwen3_235b_a22b_2507__vs__always_cooperate__seed101,Qwen3-235B,Always Cooperate,101,32,1.0,10.738741133074473,288.10702042854183
qwen3_235b_a22b_2507__vs__always_cooperate__seed101,Qwen3-235B,Always Cooperate,101,33,1.0,10.743167116041995,298.85018754458383
qwen3_235b_a22b_2507__vs__always_cooperate__seed101,Qwen3-235B,Always Cooperate,101,34,1.0,10.745854160223072,309.5960417048069
qwen3_235b_a22b_2507__vs__always_cooperate__seed101,Qwen3-235B,Always Cooperate,101,35,1.0,10.747484874021502,320.3435265788284
qwen3_235b_a22b_2507__vs__always_cooperate__seed101,Qwen3-235B,Always Cooperate,101,36,1.0,10.748474297664586,331.092000876493
qwen3_235b_a22b_2507__vs__always_cooperate__seed101,Qwen3-235B,Always Cooperate,101,37,1.0,10.749074540680102,341.8410754171731
qwen3_235b_a22b_2507__vs__always_cooperate__seed101,Qwen3-235B,Always Cooperate,101,38,1.0,10.74943865329367,352.5905140704668
qwen3_235b_a22b_2507__vs__always_cooperate__seed101,Qwen3-235B,Always Cooperate,101,39,1.0,10.749659515984732,363.3401735864515
qwen3_235b_a22b_2507__vs__always_cooperate__seed101,Qwen3-235B,Always Cooperate,101,40,1.0,10.74979348231664,374.08996706876815
qwen3_235b_a22b_2507__vs__always_cooperate__seed101,Qwen3-235B,Always Cooperate,101,41,1.0,10.74987473933614,384.83984180810427
qwen3_235b_a22b_2507__vs__always_cooperate__seed101,Qwen3-235B,Always Cooperate,101,42,1.0,10.749924025067646,395.5897658331719
qwen3_235b_a22b_2507__vs__always_cooperate__seed101,Qwen3-235B,Always Cooperate,101,43,1.0,10.749953918690487,406.3397197518624
qwen3_235b_a22b_2507__vs__always_cooperate__seed101,Qwen3-235B,Always Cooperate,101,44,1.0,10.749972050205368,417.08969180206776
qwen3_235b_a22b_2507__vs__always_cooperate__seed101,Qwen3-235B,Always Cooperate,101,45,1.0,10.749983047567767,427.8396748496355
qwen3_235b_a22b_2507__vs__always_cooperate__seed101,Qwen3-235B,Always Cooperate,101,46,1.0,10.749989717820949,438.58966456745645
qwen3_235b_a22b_2507__vs__always_cooperate__seed101,Qwen3-235B,Always Cooperate,101,47,1.0,10.749993763539791,449.33965833099626
qwen3_235b_a22b_2507__vs__always_cooperate__seed101,Qwen3-235B,Always Cooperate,101,48,1.0,10.74999621739444,460.0896545483907
qwen3_235b_a22b_2507__vs__always_cooperate__seed101,Qwen3-235B,Always Cooperate,101,49,1.0,10.749997705733296,470.83965225412396
qwen3_235b_a22b_2507__vs__always_cooperate__seed101,Qwen3-235B,Always Cooperate,101,50,1.0,10.749998608456735,481.5896508625807
qwen3_235b_a22b_2507__vs__always_cooperate__seed102,Qwen3-235B,Always Cooperate,102,1,0.5,8.0,8.0
qwen3_235b_a22b_2507__vs__always_cooperate__seed102,Qwen3-235B,Always Cooperate,102,2,1.0,4.809042063803192,12.809042063803192
qwen3_235b_a22b_2507__vs__always_cooperate__seed102,Qwen3-235B,Always Cooperate,102,3,1.0,5.591329978691661,18.40037204249485
qwen3_235b_a22b_2507__vs__always_cooperate__seed102,Qwen3-235B,Always Cooperate,102,4,1.0,6.267085041051246,24.667457083546097
qwen3_235b_a22b_2507__vs__always_cooperate__seed102,Qwen3-235B,Always Cooperate,102,5,1.0,6.791693845720085,31.45915092926618
qwen3_235b_a22b_2507__vs__always_cooperate__seed102,Qwen3-235B,Always Cooperate,102,6,1.0,7.209469802183381,38.668620731449565
qwen3_235b_a22b_2507__vs__always_cooperate__seed102,Qwen3-235B,Always Cooperate,102,7,1.0,7.545232340509523,46.213853071959086
qwen3_235b_a22b_2507__vs__always_cooperate__seed102,Qwen3-235B,Always Cooperate,102,8,1.0,7.823725708800378,54.03757878075946
qwen3_235b_a22b_2507__vs__always_cooperate__seed102,Qwen3-235B,Always Cooperate,102,9,1.0,8.064575712917232,62.10215449367669
qwen3_235b_a22b_2507__vs__always_cooperate__seed102,Qwen3-235B,Always Cooperate,102,10,1.0,8.292275729740364,70.39443022341706
qwen3_235b_a22b_2507__vs__always_cooperate__seed102,Qwen3-235B,Always Cooperate,102,11,1.0,8.503096131934281,78.89752635535135
qwen3_235b_a22b_2507__vs__always_cooperate__seed102,Qwen3-235B,Always Cooperate,102,12,1.0,8.703360621601398,87.60088697695275
qwen3_235b_a22b_2507__vs__always_cooperate__seed102,Qwen3-235B,Always Cooperate,102,13,1.0,8.910731852696252,96.511618829649
qwen3_235b_a22b_2507__vs__always_cooperate__seed102,Qwen3-235B,Always Cooperate,102,14,1.0,9.114066250807568,105.62568508045656
qwen3_235b_a22b_2507__vs__always_cooperate__seed102,Qwen3-235B,Always Cooperate,102,15,1.0,9.314911749623047,114.94059683007961
qwen3_235b_a22b_2507__vs__always_cooperate__seed102,Qwen3-235B,Always Cooperate,102,16,1.0,9.514225505987863,124.45482233606748
qwen3_235b_a22b_2507__vs__always_cooperate__seed102,Qwen3-235B,Always Cooperate,102,17,1.0,9.712597670802083,134.16742000686958
qwen3_235b_a22b_2507__vs__always_cooperate__seed102,Qwen3-235B,Always Cooperate,102,18,1.0,9.91039145701135,144.07781146388092
qwen3_235b_a22b_2507__vs__always_cooperate__seed102,Qwen3-235B,Always Cooperate,102,19,1.0,10.10783015100754,154.18564161488845
qwen3_235b_a22b_2507__vs__always_cooperate__seed102,Qwen3-235B,Always Cooperate,102,20,1.0,10.305050916323598,164.49069253121206
qwen3_235b_a22b_2507__vs__always_cooperate__seed102,Qwen3-235B,Always Cooperate,102,21,1.0,10.50213796917997,174.99283050039202
qwen3_235b_a22b_2507__vs__always_cooperate__seed102,Qwen3-235B,Always Cooperate,102,22,1.0,10.699142998534555,185.6919734989266
qwen3_235b_a22b_2507__vs__always_cooperate__seed102,Qwen3-235B,Always Cooperate,102,23,1.0,10.74987473933614,196.44184823826274
qwen3_235b_a22b_2507__vs__always_cooperate__seed102,Qwen3-235B,Always Cooperate,102,24,1.0,10.749924025067646,207.1917722633304
qwen3_235b_a22b_2507__vs__always_cooperate__seed102,Qwen3-235B,Always Cooperate,102,25,1.0,10.749953918690487,217.9417261820209
qwen3_235b_a22b_2507__vs__always_cooperate__seed102,Qwen3-235B,Always Cooperate,102,26,1.0,10.749972050205368,228.69169823222626
qwen3_235b_a22b_2507__vs__always_cooperate__seed102,Qwen3-235B,Always Cooperate,102,27,1.0,10.749983047567767,239.441681279794
qwen3_235b_a22b_2507__vs__always_cooperate__seed102,Qwen3-235B,Always Cooperate,102,28,1.0,10.749989717820949,250.19167099761495
qwen3_235b_a22b_2507__vs__always_cooperate__seed102,Qwen3-235B,Always Cooperate,102,29,1.0,10.749993763539791,260.94166476115475
qwen3_235b_a22b_2507__vs__always_cooperate__seed102,Qwen3-235B,Always Cooperate,102,30,1.0,10.74999621739444,271.6916609785492
qwen3_235b_a22b_2507__vs__always_cooperate__seed102,Qwen3-235B,Always Cooperate,102,31,1.0,10.749997705733296,282.44165868428246
qwen3_235b_a22b_2507__vs__always_cooperate__seed102,Qwen3-235B,Always Cooperate,102,32,1.0,10.749998608456735,293.1916572927392
qwen3_235b_a22b_2507__vs__always_cooperate__seed102,Qwen3-235B,Always Cooperate,102,33,1.0,10.749999155986284,303.9416564487255
qwen3_235b_a22b_2507__vs__always_cooperate__seed102,Qwen3-235B,Always Cooperate,102,34,1.0,10.74999948807978,314.69165593680526
qwen3_235b_a22b_2507__vs__always_cooperate__seed102,Qwen3-235B,Always Cooperate,102,35,1.0,10.749999689504683,325.44165562630997
qwen3_235b_a22b_2507__vs__always_cooperate__seed102,Qwen3-235B,Always Cooperate,102,36,1.0,10.749999811675067,336.19165543798505
qwen3_235b_a22b_2507__vs__always_cooperate__seed102,Qwen3-235B,Always Cooperate,102,37,1.0,10.749999885775154,346.9416553237602
qwen3_235b_a22b_2507__vs__always_cooperate__seed102,Qwen3-235B,Always Cooperate,102,38,1.0,10.749999930719127,357.6916552544793
qwen3_235b_a22b_2507__vs__always_cooperate__seed102,Qwen3-235B,Always Cooperate,102,39,1.0,10.749999957979028,368.44165521245833
qwen3_235b_a22b_2507__vs__always_cooperate__seed102,Qwen3-235B,Always Cooperate,102,40,1.0,10.749999974512992,379.19165518697133
qwen3_235b_a22b_2507__vs__always_cooperate__seed102,Qwen3-235B,Always Cooperate,102,41,1.0,10.74999998454135,389.9416551715127
qwen3_235b_a22b_2507__vs__always_cooperate__seed102,Qwen3-235B,Always Cooperate,102,42,1.0,10.749999990623852,400.69165516213656
qwen3_235b_a22b_2507__vs__always_cooperate__seed102,Qwen3-235B,Always Cooperate,102,43,1.0,10.749999994313079,411.44165515644966
qwen3_235b_a22b_2507__vs__always_cooperate__seed102,Qwen3-235B,Always Cooperate,102,44,1.0,10.74999999655071,422.19165515300034
qwen3_235b_a22b_2507__vs__always_cooperate__seed102,Qwen3-235B,Always Cooperate,102,45,1.0,10.7499999979079,432.9416551509082
qwen3_235b_a22b_2507__vs__always_cooperate__seed102,Qwen3-235B,Always Cooperate,102,46,1.0,10.749999998731074,443.6916551496393
qwen3_235b_a22b_2507__vs__always_cooperate__seed102,Qwen3-235B,Always Cooperate,102,47,1.0,10.749999999230358,454.44165514886964
qwen3_235b_a22b_2507__vs__always_cooperate__seed102,Qwen3-235B,Always Cooperate,102,48,1.0,10.749999999533191,465.19165514840284
qwen3_235b_a22b_2507__vs__always_cooperate__seed102,Qwen3-235B,Always Cooperate,102,49,1.0,10.749999999716866,475.9416551481197
qwen3_235b_a22b_2507__vs__always_cooperate__seed102,Qwen3-235B,Always Cooperate,102,50,1.0,10.749999999828269,486.691655147948
qwen3_235b_a22b_2507__vs__always_cooperate__seed103,Qwen3-235B,Always Cooperate,103,1,0.5,8.0,8.0
qwen3_235b_a22b_2507__vs__always_cooperate__seed103,Qwen3-235B,Always Cooperate,103,2,1.0,4.809042063803192,12.809042063803192
qwen3_235b_a22b_2507__vs__always_cooperate__seed103,Qwen3-235B,Always Cooperate,103,3,1.0,5.591329978691661,18.40037204249485
qwen3_235b_a22b_2507__vs__always_cooperate__seed103,Qwen3-235B,Always Cooperate,103,4,1.0,6.267085041051246,24.667457083546097
qwen3_235b_a22b_2507__vs__always_cooperate__seed103,Qwen3-235B,Always Cooperate,103,5,1.0,6.817733813760466,31.485190897306563
qwen3_235b_a22b_2507__vs__always_cooperate__seed103,Qwen3-235B,Always Cooperate,103,6,1.0,7.257195094264214,38.74238599157078
qwen3_235b_a22b_2507__vs__always_cooperate__seed103,Qwen3-235B,Always Cooperate,103,7,1.0,7.61140074663942,46.3537867382102
qwen3_235b_a22b_2507__vs__always_cooperate__seed103,Qwen3-235B,Always Cooperate,103,8,1.0,7.905824604466034,54.25961134267623
qwen3_235b_a22b_2507__vs__always_cooperate__seed103,Qwen3-235B,Always Cooperate,103,9,1.0,8.153837719272499,62.413449061948725
qwen3_235b_a22b_2507__vs__always_cooperate__seed103,Qwen3-235B,Always Cooperate,103,10,1.0,8.388595349616686,70.80204441156542
qwen3_235b_a22b_2507__vs__always_cooperate__seed103,Qwen3-235B,Always Cooperate,103,11,1.0,8.60639956094937,79.40844397251479
qwen3_235b_a22b_2507__vs__always_cooperate__seed103,Qwen3-235B,Always Cooperate,103,12,1.0,8.813597523852277,88.22204149636707
qwen3_235b_a22b_2507__vs__always_cooperate__seed103,Qwen3-235B,Always Cooperate,103,13,1.0,9.014210135419109,97.23625163178617
qwen3_235b_a22b_2507__vs__always_cooperate__seed103,Qwen3-235B,Always Cooperate,103,14,1.0,9.21075294984836,106.44700458163453
qwen3_235b_a22b_2507__vs__always_cooperate__seed103,Qwen3-235B,Always Cooperate,103,15,1.0,9.404787839162122,115.85179242079666
qwen3_235b_a22b_2507__vs__always_cooperate__seed103,Qwen3-235B,Always Cooperate,103,16,1.0,9.597280054281072,125.44907247507773
qwen3_235b_a22b_2507__vs__always_cooperate__seed103,Qwen3-235B,Always Cooperate,103,17,1.0,9.795659444063368,135.2447319191411
qwen3_235b_a22b_2507__vs__always_cooperate__seed103,Qwen3-235B,Always Cooperate,103,18,1.0,9.993457613969056,145.23818953311013
qwen3_235b_a22b_2507__vs__always_cooperate__seed103,Qwen3-235B,Always Cooperate,103,19,1.0,10.190898967375276,155.42908850048542
qwen3_235b_a22b_2507__vs__always_cooperate__seed103,Qwen3-235B,Always Cooperate,103,20,1.0,10.388121345912491,165.8172098463979
qwen3_235b_a22b_2507__vs__always_cooperate__seed103,Qwen3-235B,Always Cooperate,103,21,1.0,10.585209377313287,176.40241922371118
qwen3_235b_a22b_2507__vs__always_cooperate__seed103,Qwen3-235B,Always Cooperate,103,22,1.0,10.74979348231664,187.15221270602783
qwen3_235b_a22b_2507__vs__always_cooperate__seed103,Qwen3-235B,Always Cooperate,103,23,1.0,10.74987473933614,197.90208744536397
qwen3_235b_a22b_2507__vs__always_cooperate__seed103,Qwen3-235B,Always Cooperate,103,24,1.0,10.749924025067646,208.65201147043163
qwen3_235b_a22b_2507__vs__always_cooperate__seed103,Qwen3-235B,Always Cooperate,103,25,1.0,10.749953918690487,219.40196538912213
qwen3_235b_a22b_2507__vs__always_cooperate__seed103,Qwen3-235B,Always Cooperate,103,26,1.0,10.749972050205368,230.1519374393275
qwen3_235b_a22b_2507__vs__always_cooperate__seed103,Qwen3-235B,Always Cooperate,103,27,1.0,10.749983047567767,240.90192048689528
qwen3_235b_a22b_2507__vs__always_cooperate__seed103,Qwen3-235B,Always Cooperate,103,28,1.0,10.749989717820949,251.65191020471622
qwen3_235b_a22b_2507__vs__always_cooperate__seed103,Qwen3-235B,Always Cooperate,103,29,1.0,10.749993763539791,262.401903968256
qwen3_235b_a22b_2507__vs__always_cooperate__seed103,Qwen3-235B,Always Cooperate,103,30,1.0,7.0,269.401903968256
qwen3_235b_a22b_2507__vs__always_cooperate__seed103,Qwen3-235B,Always Cooperate,103,31,1.0,7.9184449840139095,277.3203489522699
qwen3_235b_a22b_2507__vs__always_cooperate__seed103,Qwen3-235B,Always Cooperate,103,32,1.0,8.732939339725036,286.05328829199493
qwen3_235b_a22b_2507__vs__always_cooperate__seed103,Qwen3-235B,Always Cooperate,103,33,1.0,9.381808571452328,295.43509686344726
qwen3_235b_a22b_2507__vs__always_cooperate__seed103,Qwen3-235B,Always Cooperate,103,34,1.0,9.855978084834117,305.2910749482814
qwen3_235b_a22b_2507__vs__always_cooperate__seed103,Qwen3-235B,Always Cooperate,103,35,1.0,10.181063649840674,315.47213859812206
qwen3_235b_a22b_2507__vs__always_cooperate__seed103,Qwen3-235B,Always Cooperate,103,36,1.0,10.39430595116825,325.8664445492903
qwen3_235b_a22b_2507__vs__always_cooperate__seed103,Qwen3-235B,Always Cooperate,103,37,1.0,10.53015826936483,336.39660281865514
qwen3_235b_a22b_2507__vs__always_cooperate__seed103,Qwen3-235B,Always Cooperate,103,38,1.0,10.61510342528431,347.01170624393944
qwen3_235b_a22b_2507__vs__always_cooperate__seed103,Qwen3-235B,Always Cooperate,103,39,1.0,10.667597930270553,357.67930417421
qwen3_235b_a22b_2507__vs__always_cooperate__seed103,Qwen3-235B,Always Cooperate,103,40,1.0,10.699803618067861,368.37910779227786
qwen3_235b_a22b_2507__vs__always_cooperate__seed103,Qwen3-235B,Always Cooperate,103,41,1.0,10.719473967130781,379.09858175940866
qwen3_235b_a22b_2507__vs__always_cooperate__seed103,Qwen3-235B,Always Cooperate,103,42,1.0,10.73145532632524,389.8300370857339
qwen3_235b_a22b_2507__vs__always_cooperate__seed103,Qwen3-235B,Always Cooperate,103,43,1.0,10.738741133074473,400.5687782188084
qwen3_235b_a22b_2507__vs__always_cooperate__seed103,Qwen3-235B,Always Cooperate,103,44,1.0,10.743167116041995,411.3119453348504
qwen3_235b_a22b_2507__vs__always_cooperate__seed103,Qwen3-235B,Always Cooperate,103,45,1.0,10.745854160223072,422.0577994950735
qwen3_235b_a22b_2507__vs__always_cooperate__seed103,Qwen3-235B,Always Cooperate,103,46,1.0,7.0,429.0577994950735
qwen3_235b_a22b_2507__vs__always_cooperate__seed103,Qwen3-235B,Always Cooperate,103,47,1.0,7.9184449840139095,436.97624447908737
qwen3_235b_a22b_2507__vs__always_cooperate__seed103,Qwen3-235B,Always Cooperate,103,48,1.0,7.0,443.97624447908737
qwen3_235b_a22b_2507__vs__always_cooperate__seed103,Qwen3-235B,Always Cooperate,103,49,1.0,7.9184449840139095,451.89468946310126
qwen3_235b_a22b_2507__vs__always_cooperate__seed103,Qwen3-235B,Always Cooperate,103,50,1.0,8.732939339725036,460.6276288028263
qwen3_235b_a22b_2507__vs__always_cooperate__seed104,Qwen3-235B,Always Cooperate,104,1,1.0,4.0,4.0
qwen3_235b_a22b_2507__vs__always_cooperate__seed104,Qwen3-235B,Always Cooperate,104,2,1.0,4.901899659543274,8.901899659543274
qwen3_235b_a22b_2507__vs__always_cooperate__seed104,Qwen3-235B,Always Cooperate,104,3,1.0,5.6889387915067235,14.590838451049997
qwen3_235b_a22b_2507__vs__always_cooperate__seed104,Qwen3-235B,Always Cooperate,104,4,0.5,10.334680963273561,24.92551941432356
qwen3_235b_a22b_2507__vs__always_cooperate__seed104,Qwen3-235B,Always Cooperate,104,5,1.0,6.835093792454057,31.760613206777617
qwen3_235b_a22b_2507__vs__always_cooperate__seed104,Qwen3-235B,Always Cooperate,104,6,1.0,7.232448646518598,38.99306185329621
qwen3_235b_a22b_2507__vs__always_cooperate__seed104,Qwen3-235B,Always Cooperate,104,7,1.0,7.550597346411948,46.54365919970816
qwen3_235b_a22b_2507__vs__always_cooperate__seed104,Qwen3-235B,Always Cooperate,104,8,1.0,7.813688539737804,54.35734773944596
qwen3_235b_a22b_2507__vs__always_cooperate__seed104,Qwen3-235B,Always Cooperate,104,9,1.0,8.040919018980933,62.3982667584269
qwen3_235b_a22b_2507__vs__always_cooperate__seed104,Qwen3-235B,Always Cooperate,104,10,1.0,8.241328743722331,70.63959550214923
qwen3_235b_a22b_2507__vs__always_cooperate__seed104,Qwen3-235B,Always Cooperate,104,11,1.0,5.164166666666667,75.8037621688159
qwen3_235b_a22b_2507__vs__always_cooperate__seed104,Qwen3-235B,Always Cooperate,104,12,1.0,6.102526263511155,81.90628843232705
qwen3_235b_a22b_2507__vs__always_cooperate__seed104,Qwen3-235B,Always Cooperate,104,13,1.0,6.975399704215722,88.88168813654276
qwen3_235b_a22b_2507__vs__always_cooperate__seed104,Qwen3-235B,Always Cooperate,104,14,1.0,7.7132756555968705,96.59496379213964
qwen3_235b_a22b_2507__vs__always_cooperate__seed104,Qwen3-235B,Always Cooperate,104,15,1.0,8.303375990388226,104.89833978252787
qwen3_235b_a22b_2507__vs__always_cooperate__seed104,Qwen3-235B,Always Cooperate,104,16,1.0,8.764582031177042,113.66292181370491
qwen3_235b_a22b_2507__vs__always_cooperate__seed104,Qwen3-235B,Always Cooperate,104,17,1.0,9.127525867017305,122.79044768072222
qwen3_235b_a22b_2507__vs__always_cooperate__seed104,Qwen3-235B,Always Cooperate,104,18,1.0,9.421565814569142,132.21201349529136
qwen3_235b_a22b_2507__vs__always_cooperate__seed104,Qwen3-235B,Always Cooperate,104,19,1.0,6.238229166666661,138.45024266195801
qwen3_235b_a22b_2507__vs__always_cooperate__seed104,Qwen3-235B,Always Cooperate,104,20,1.0,7.2539604506881545,145.70420311264616
qwen3_235b_a22b_2507__vs__always_cooperate__seed104,Qwen3-235B,Always Cooperate,104,21,1.0,8.185748983122494,153.88995209576865
qwen3_235b_a22b_2507__vs__always_cooperate__seed104,Qwen3-235B,Always Cooperate,104,22,1.0,8.970559808931917,162.86051190470056
qwen3_235b_a22b_2507__vs__always_cooperate__seed104,Qwen3-235B,Always Cooperate,104,23,0.0,14.736979166666659,177.59749107136722
qwen3_235b_a22b_2507__vs__always_cooperate__seed104,Qwen3-235B,Always Cooperate,104,24,1.0,6.806979166666659,184.40447023803387
qwen3_235b_a22b_2507__vs__always_cooperate__seed104,Qwen3-235B,Always Cooperate,104,25,1.0,7.78789162619362,192.19236186422748
qwen3_235b_a22b_2507__vs__always_cooperate__seed104,Qwen3-235B,Always Cooperate,104,26,1.0,8.661591945595923,200.8539538098234
qwen3_235b_a22b_2507__vs__always_cooperate__seed104,Qwen3-235B,Always Cooperate,104,27,1.0,9.381808571452328,210.23576238127572
qwen3_235b_a22b_2507__vs__always_cooperate__seed104,Qwen3-235B,Always Cooperate,104,28,1.0,9.855978084834117,220.09174046610983
qwen3_235b_a22b_2507__vs__always_cooperate__seed104,Qwen3-235B,Always Cooperate,104,29,1.0,10.181063649840674,230.2728041159505
qwen3_235b_a22b_2507__vs__always_cooperate__seed104,Qwen3-235B,Always Cooperate,104,30,1.0,10.39430595116825,240.66711006711876
qwen3_235b_a22b_2507__vs__always_cooperate__seed104,Qwen3-235B,Always Cooperate,104,31,1.0,10.53015826936483,251.19726833648357
qwen3_235b_a22b_2507__vs__always_cooperate__seed104,Qwen3-235B,Always Cooperate,104,32,1.0,10.61510342528431,261.8123717617679
qwen3_235b_a22b_2507__vs__always_cooperate__seed104,Qwen3-235B,Always Cooperate,104,33,1.0,10.667597930270553,272.4799696920385
qwen3_235b_a22b_2507__vs__always_cooperate__seed104,Qwen3-235B,Always Cooperate,104,34,1.0,10.699803618067861,283.1797733101063
qwen3_235b_a22b_2507__vs__always_cooperate__seed104,Qwen3-235B,Always Cooperate,104,35,1.0,10.719473967130781,293.8992472772371
qwen3_235b_a22b_2507__vs__always_cooperate__seed104,Qwen3-235B,Always Cooperate,104,36,1.0,10.73145532632524,304.6307026035624
qwen3_235b_a22b_2507__vs__always_cooperate__seed104,Qwen3-235B,Always Cooperate,104,37,1.0,10.738741133074473,315.36944373663687
qwen3_235b_a22b_2507__vs__always_cooperate__seed104,Qwen3-235B,Always Cooperate,104,38,1.0,10.743167116041995,326.11261085267887
qwen3_235b_a22b_2507__vs__always_cooperate__seed104,Qwen3-235B,Always Cooperate,104,39,1.0,10.745854160223072,336.85846501290195
qwen3_235b_a22b_2507__vs__always_cooperate__seed104,Qwen3-235B,Always Cooperate,104,40,1.0,10.747484874021502,347.60594988692344
qwen3_235b_a22b_2507__vs__always_cooperate__seed104,Qwen3-235B,Always Cooperate,104,41,1.0,10.748474297664586,358.354424184588
qwen3_235b_a22b_2507__vs__always_cooperate__seed104,Qwen3-235B,Always Cooperate,104,42,1.0,10.749074540680102,369.10349872526814
qwen3_235b_a22b_2507__vs__always_cooperate__seed104,Qwen3-235B,Always Cooperate,104,43,1.0,10.74943865329367,379.8529373785618
qwen3_235b_a22b_2507__vs__always_cooperate__seed104,Qwen3-235B,Always Cooperate,104,44,1.0,10.749659515984732,390.60259689454654
qwen3_235b_a22b_2507__vs__always_cooperate__seed104,Qwen3-235B,Always Cooperate,104,45,1.0,10.74979348231664,401.3523903768632
qwen3_235b_a22b_2507__vs__always_cooperate__seed104,Qwen3-235B,Always Cooperate,104,46,1.0,10.74987473933614,412.1022651161993
qwen3_235b_a22b_2507__vs__always_cooperate__seed104,Qwen3-235B,Always Cooperate,104,47,1.0,10.749924025067646,422.85218914126693
qwen3_235b_a22b_2507__vs__always_cooperate__seed104,Qwen3-235B,Always Cooperate,104,48,1.0,10.749953918690487,433.6021430599574
qwen3_235b_a22b_2507__vs__always_cooperate__seed104,Qwen3-235B,Always Cooperate,104,49,1.0,10.749972050205368,444.3521151101628
qwen3_235b_a22b_2507__vs__always_cooperate__seed104,Qwen3-235B,Always Cooperate,104,50,1.0,10.749983047567767,455.10209815773055
qwen3_235b_a22b_2507__vs__always_cooperate__seed105,Qwen3-235B,Always Cooperate,105,1,0.5,8.0,8.0
qwen3_235b_a22b_2507__vs__always_cooperate__seed105,Qwen3-235B,Always Cooperate,105,2,1.0,4.809042063803192,12.809042063803192
qwen3_235b_a22b_2507__vs__always_cooperate__seed105,Qwen3-235B,Always Cooperate,105,3,1.0,5.591329978691661,18.40037204249485
qwen3_235b_a22b_2507__vs__always_cooperate__seed105,Qwen3-235B,Always Cooperate,105,4,1.0,6.267085041051246,24.667457083546097
qwen3_235b_a22b_2507__vs__always_cooperate__seed105,Qwen3-235B,Always Cooperate,105,5,1.0,6.817733813760466,31.485190897306563
qwen3_235b_a22b_2507__vs__always_cooperate__seed105,Qwen3-235B,Always Cooperate,105,6,1.0,7.257195094264214,38.74238599157078
qwen3_235b_a22b_2507__vs__always_cooperate__seed105,Qwen3-235B,Always Cooperate,105,7,1.0,7.61140074663942,46.3537867382102
qwen3_235b_a22b_2507__vs__always_cooperate__seed105,Qwen3-235B,Always Cooperate,105,8,1.0,7.905824604466034,54.25961134267623
qwen3_235b_a22b_2507__vs__always_cooperate__seed105,Qwen3-235B,Always Cooperate,105,9,1.0,8.160624475729637,62.42023581840587
qwen3_235b_a22b_2507__vs__always_cooperate__seed105,Qwen3-235B,Always Cooperate,105,10,1.0,8.402207139774177,70.82244295818005
qwen3_235b_a22b_2507__vs__always_cooperate__seed105,Qwen3-235B,Always Cooperate,105,11,1.0,8.626852471156631,79.44929542933667
qwen3_235b_a22b_2507__vs__always_cooperate__seed105,Qwen3-235B,Always Cooperate,105,12,1.0,8.840896756721012,88.29019218605768
qwen3_235b_a22b_2507__vs__always_cooperate__seed105,Qwen3-235B,Always Cooperate,105,13,1.0,9.048356017524391,97.33854820358206
qwen3_235b_a22b_2507__vs__always_cooperate__seed105,Qwen3-235B,Always Cooperate,105,14,1.0,9.25174394607696,106.59029214965902
qwen3_235b_a22b_2507__vs__always_cooperate__seed105,Qwen3-235B,Always Cooperate,105,15,1.0,9.45262196357286,116.04291411323189
qwen3_235b_a22b_2507__vs__always_cooperate__seed105,Qwen3-235B,Always Cooperate,105,16,1.0,9.651955462248392,125.69486957548028
qwen3_235b_a22b_2507__vs__always_cooperate__seed105,Qwen3-235B,Always Cooperate,105,17,1.0,9.85033960827927,135.54520918375954
qwen3_235b_a22b_2507__vs__always_cooperate__seed105,Qwen3-235B,Always Cooperate,105,18,1.0,10.048140664003913,145.59334984776345
qwen3_235b_a22b_2507__vs__always_cooperate__seed105,Qwen3-235B,Always Cooperate,105,19,1.0,10.24558376811893,155.83893361588238
qwen3_235b_a22b_2507__vs__always_cooperate__seed105,Qwen3-235B,Always Cooperate,105,20,1.0,10.44280720865127,166.28174082453364
qwen3_235b_a22b_2507__vs__always_cooperate__seed105,Qwen3-235B,Always Cooperate,105,21,1.0,10.639895884234914,176.92163670876855
qwen3_235b_a22b_2507__vs__always_cooperate__seed105,Qwen3-235B,Always Cooperate,105,22,1.0,10.74979348231664,187.6714301910852
qwen3_235b_a22b_2507__vs__always_cooperate__seed105,Qwen3-235B,Always Cooperate,105,23,1.0,10.74987473933614,198.42130493042134
qwen3_235b_a22b_2507__vs__always_cooperate__seed105,Qwen3-235B,Always Cooperate,105,24,1.0,10.749924025067646,209.171228955489
qwen3_235b_a22b_2507__vs__always_cooperate__seed105,Qwen3-235B,Always Cooperate,105,25,1.0,10.749953918690487,219.9211828741795
qwen3_235b_a22b_2507__vs__always_cooperate__seed105,Qwen3-235B,Always Cooperate,105,26,1.0,10.749972050205368,230.67115492438487
qwen3_235b_a22b_2507__vs__always_cooperate__seed105,Qwen3-235B,Always Cooperate,105,27,1.0,10.749983047567767,241.42113797195265
qwen3_235b_a22b_2507__vs__always_cooperate__seed105,Qwen3-235B,Always Cooperate,105,28,1.0,10.749989717820949,252.17112768977358
qwen3_235b_a22b_2507__vs__always_cooperate__seed105,Qwen3-235B,Always Cooperate,105,29,1.0,10.749993763539791,262.9211214533134
qwen3_235b_a22b_2507__vs__always_cooperate__seed105,Qwen3-235B,Always Cooperate,105,30,1.0,10.74999621739444,273.6711176707078
qwen3_235b_a22b_2507__vs__always_cooperate__seed105,Qwen3-235B,Always Cooperate,105,31,1.0,10.749997705733296,284.4211153764411
qwen3_235b_a22b_2507__vs__always_cooperate__seed105,Qwen3-235B,Always Cooperate,105,32,1.0,10.749998608456735,295.17111398489783
qwen3_235b_a22b_2507__vs__always_cooperate__seed105,Qwen3-235B,Always Cooperate,105,33,1.0,10.749999155986284,305.92111314088413
qwen3_235b_a22b_2507__vs__always_cooperate__seed105,Qwen3-235B,Always Cooperate,105,34,1.0,10.74999948807978,316.6711126289639
qwen3_235b_a22b_2507__vs__always_cooperate__seed105,Qwen3-235B,Always Cooperate,105,35,1.0,10.749999689504683,327.4211123184686
qwen3_235b_a22b_2507__vs__always_cooperate__seed105,Qwen3-235B,Always Cooperate,105,36,1.0,10.749999811675067,338.1711121301437
qwen3_235b_a22b_2507__vs__always_cooperate__seed105,Qwen3-235B,Always Cooperate,105,37,1.0,10.749999885775154,348.9211120159188
qwen3_235b_a22b_2507__vs__always_cooperate__seed105,Qwen3-235B,Always Cooperate,105,38,1.0,10.749999930719127,359.67111194663795
qwen3_235b_a22b_2507__vs__always_cooperate__seed105,Qwen3-235B,Always Cooperate,105,39,1.0,10.749999957979028,370.42111190461696
qwen3_235b_a22b_2507__vs__always_cooperate__seed105,Qwen3-235B,Always Cooperate,105,40,1.0,10.749999974512992,381.17111187912997
qwen3_235b_a22b_2507__vs__always_cooperate__seed105,Qwen3-235B,Always Cooperate,105,41,1.0,10.74999998454135,391.92111186367134
qwen3_235b_a22b_2507__vs__always_cooperate__seed105,Qwen3-235B,Always Cooperate,105,42,1.0,10.749999990623852,402.6711118542952
qwen3_235b_a22b_2507__vs__always_cooperate__seed105,Qwen3-235B,Always Cooperate,105,43,1.0,10.749999994313079,413.4211118486083
qwen3_235b_a22b_2507__vs__always_cooperate__seed105,Qwen3-235B,Always Cooperate,105,44,1.0,10.74999999655071,424.171111845159
qwen3_235b_a22b_2507__vs__always_cooperate__seed105,Qwen3-235B,Always Cooperate,105,45,1.0,10.7499999979079,434.92111184306685
qwen3_235b_a22b_2507__vs__always_cooperate__seed105,Qwen3-235B,Always Cooperate,105,46,1.0,10.749999998731074,445.67111184179794
qwen3_235b_a22b_2507__vs__always_cooperate__seed105,Qwen3-235B,Always Cooperate,105,47,1.0,10.749999999230358,456.4211118410283
qwen3_235b_a22b_2507__vs__always_cooperate__seed105,Qwen3-235B,Always Cooperate,105,48,1.0,10.749999999533191,467.1711118405615
qwen3_235b_a22b_2507__vs__always_cooperate__seed105,Qwen3-235B,Always Cooperate,105,49,1.0,10.749999999716866,477.92111184027834
qwen3_235b_a22b_2507__vs__always_cooperate__seed105,Qwen3-235B,Always Cooperate,105,50,1.0,10.749999999828269,488.6711118401066
qwen3_235b_a22b_2507__vs__always_defect__seed101,Qwen3-235B,Always Defect,101,1,1.0,-8.0,-8.0
qwen3_235b_a22b_2507__vs__always_defect__seed101,Qwen3-235B,Always Defect,101,2,0.0,0.0,-8.0
qwen3_235b_a22b_2507__vs__always_defect__seed101,Qwen3-235B,Always Defect,101,3,0.0,0.0,-8.0
qwen3_235b_a22b_2507__vs__always_defect__seed101,Qwen3-235B,Always Defect,101,4,0.0,0.0,-8.0
qwen3_235b_a22b_2507__vs__always_defect__seed101,Qwen3-235B,Always Defect,101,5,0.0,0.0,-8.0
qwen3_235b_a22b_2507__vs__always_defect__seed101,Qwen3-235B,Always Defect,101,6,0.0,0.0,-8.0
qwen3_235b_a22b_2507__vs__always_defect__seed101,Qwen3-235B,Always Defect,101,7,0.0,0.0,-8.0
qwen3_235b_a22b_2507__vs__always_defect__seed101,Qwen3-235B,Always Defect,101,8,0.0,0.0,-8.0
qwen3_235b_a22b_2507__vs__always_defect__seed101,Qwen3-235B,Always Defect,101,9,0.0,0.0,-8.0
qwen3_235b_a22b_2507__vs__always_defect__seed101,Qwen3-235B,Always Defect,101,10,0.0,0.0,-8.0
qwen3_235b_a22b_2507__vs__always_defect__seed101,Qwen3-235B,Always Defect,101,11,1.0,-8.0,-16.0
qwen3_235b_a22b_2507__vs__always_defect__seed101,Qwen3-235B,Always Defect,101,12,0.0,0.0,-16.0
qwen3_235b_a22b_2507__vs__always_defect__seed101,Qwen3-235B,Always Defect,101,13,0.0,0.0,-16.0
qwen3_235b_a22b_2507__vs__always_defect__seed101,Qwen3-235B,Always Defect,101,14,0.0,0.0,-16.0
qwen3_235b_a22b_2507__vs__always_defect__seed101,Qwen3-235B,Always Defect,101,15,0.0,0.0,-16.0
qwen3_235b_a22b_2507__vs__always_defect__seed101,Qwen3-235B,Always Defect,101,16,0.0,0.0,-16.0
qwen3_235b_a22b_2507__vs__always_defect__seed101,Qwen3-235B,Always Defect,101,17,0.0,0.0,-16.0
qwen3_235b_a22b_2507__vs__always_defect__seed101,Qwen3-235B,Always Defect,101,18,0.0,0.0,-16.0
qwen3_235b_a22b_2507__vs__always_defect__seed101,Qwen3-235B,Always Defect,101,19,0.0,0.0,-16.0
qwen3_235b_a22b_2507__vs__always_defect__seed101,Qwen3-235B,Always Defect,101,20,0.0,0.0,-16.0
qwen3_235b_a22b_2507__vs__always_defect__seed101,Qwen3-235B,Always Defect,101,21,0.0,0.0,-16.0
qwen3_235b_a22b_2507__vs__always_defect__seed101,Qwen3-235B,Always Defect,101,22,0.0,0.0,-16.0
qwen3_235b_a22b_2507__vs__always_defect__seed101,Qwen3-235B,Always Defect,101,23,0.0,0.0,-16.0
qwen3_235b_a22b_2507__vs__always_defect__seed101,Qwen3-235B,Always Defect,101,24,0.0,0.0,-16.0
qwen3_235b_a22b_2507__vs__always_defect__seed101,Qwen3-235B,Always Defect,101,25,0.0,0.0,-16.0
qwen3_235b_a22b_2507__vs__always_defect__seed101,Qwen3-235B,Always Defect,101,26,0.0,0.0,-16.0
qwen3_235b_a22b_2507__vs__always_defect__seed101,Qwen3-235B,Always Defect,101,27,0.0,0.0,-16.0
qwen3_235b_a22b_2507__vs__always_defect__seed101,Qwen3-235B,Always Defect,101,28,0.0,0.0,-16.0
qwen3_235b_a22b_2507__vs__always_defect__seed101,Qwen3-235B,Always Defect,101,29,0.0,0.0,-16.0
qwen3_235b_a22b_2507__vs__always_defect__seed101,Qwen3-235B,Always Defect,101,30,0.0,0.0,-16.0
qwen3_235b_a22b_2507__vs__always_defect__seed101,Qwen3-235B,Always Defect,101,31,0.0,0.0,-16.0
qwen3_235b_a22b_2507__vs__always_defect__seed101,Qwen3-235B,Always Defect,101,32,0.0,0.0,-16.0
qwen3_235b_a22b_2507__vs__always_defect__seed101,Qwen3-235B,Always Defect,101,33,0.0,0.0,-16.0
qwen3_235b_a22b_2507__vs__always_defect__seed101,Qwen3-235B,Always Defect,101,34,0.0,0.0,-16.0
qwen3_235b_a22b_2507__vs__always_defect__seed101,Qwen3-235B,Always Defect,101,35,0.0,0.0,-16.0
qwen3_235b_a22b_2507__vs__always_defect__seed101,Qwen3-235B,Always Defect,101,36,0.0,0.0,-16.0
qwen3_235b_a22b_2507__vs__always_defect__seed101,Qwen3-235B,Always Defect,101,37,0.0,0.0,-16.0
qwen3_235b_a22b_2507__vs__always_defect__seed101,Qwen3-235B,Always Defect,101,38,0.0,0.0,-16.0
qwen3_235b_a22b_2507__vs__always_defect__seed101,Qwen3-235B,Always Defect,101,39,0.0,0.0,-16.0
qwen3_235b_a22b_2507__vs__always_defect__seed101,Qwen3-235B,Always Defect,101,40,0.0,0.0,-16.0
qwen3_235b_a22b_2507__vs__always_defect__seed101,Qwen3-235B,Always Defect,101,41,0.0,0.0,-16.0
qwen3_235b_a22b_2507__vs__always_defect__seed101,Qwen3-235B,Always Defect,101,42,0.0,0.0,-16.0
qwen3_235b_a22b_2507__vs__always_defect__seed101,Qwen3-235B,Always Defect,101,43,0.0,0.0,-16.0
qwen3_235b_a22b_2507__vs__always_defect__seed101,Qwen3-235B,Always Defect,101,44,0.0,0.0,-16.0
qwen3_235b_a22b_2507__vs__always_defect__seed101,Qwen3-235B,Always Defect,101,45,0.0,0.0,-16.0
qwen3_235b_a22b_2507__vs__always_defect__seed101,Qwen3-235B,Always Defect,101,46,0.0,0.0,-16.0
qwen3_235b_a22b_2507__vs__always_defect__seed101,Qwen3-235B,Always Defect,101,47,0.0,0.0,-16.0
qwen3_235b_a22b_2507__vs__always_defect__seed101,Qwen3-235B,Always Defect,101,48,0.0,0.0,-16.0
qwen3_235b_a22b_2507__vs__always_defect__seed101,Qwen3-235B,Always Defect,101,49,0.0,0.0,-16.0
qwen3_235b_a22b_2507__vs__always_defect__seed101,Qwen3-235B,Always Defect,101,50,0.0,0.0,-16.0
qwen3_235b_a22b_2507__vs__always_defect__seed102,Qwen3-235B,Always Defect,102,1,0.5,-4.0,-4.0
qwen3_235b_a22b_2507__vs__always_defect__seed102,Qwen3-235B,Always Defect,102,2,0.5,-4.0,-8.0
qwen3_235b_a22b_2507__vs__always_defect__seed102,Qwen3-235B,Always Defect,102,3,0.0,0.0,-8.0
qwen3_235b_a22b_2507__vs__always_defect__seed102,Qwen3-235B,Always Defect,102,4,0.0,0.0,-8.0
qwen3_235b_a22b_2507__vs__always_defect__seed102,Qwen3-235B,Always Defect,102,5,0.75,-6.0,-14.0
qwen3_235b_a22b_2507__vs__always_defect__seed102,Qwen3-235B,Always Defect,102,6,0.75,-6.0,-20.0
qwen3_235b_a22b_2507__vs__always_defect__seed102,Qwen3-235B,Always Defect,102,7,0.0,0.0,-20.0
qwen3_235b_a22b_2507__vs__always_defect__seed102,Qwen3-235B,Always Defect,102,8,0.0,0.0,-20.0
qwen3_235b_a22b_2507__vs__always_defect__seed102,Qwen3-235B,Always Defect,102,9,0.0,0.0,-20.0
qwen3_235b_a22b_2507__vs__always_defect__seed102,Qwen3-235B,Always Defect,102,10,0.0,0.0,-20.0
qwen3_235b_a22b_2507__vs__always_defect__seed102,Qwen3-235B,Always Defect,102,11,0.0,0.0,-20.0
qwen3_235b_a22b_2507__vs__always_defect__seed102,Qwen3-235B,Always Defect,102,12,0.0,0.0,-20.0
qwen3_235b_a22b_2507__vs__always_defect__seed102,Qwen3-235B,Always Defect,102,13,0.0,0.0,-20.0
qwen3_235b_a22b_2507__vs__always_defect__seed102,Qwen3-235B,Always Defect,102,14,0.0,0.0,-20.0
qwen3_235b_a22b_2507__vs__always_defect__seed102,Qwen3-235B,Always Defect,102,15,0.0,0.0,-20.0
qwen3_235b_a22b_2507__vs__always_defect__seed102,Qwen3-235B,Always Defect,102,16,0.0,0.0,-20.0
qwen3_235b_a22b_2507__vs__always_defect__seed102,Qwen3-235B,Always Defect,102,17,0.0,0.0,-20.0
qwen3_235b_a22b_2507__vs__always_defect__seed102,Qwen3-235B,Always Defect,102,18,0.0,0.0,-20.0
qwen3_235b_a22b_2507__vs__always_defect__seed102,Qwen3-235B,Always Defect,102,19,0.0,0.0,-20.0
qwen3_235b_a22b_2507__vs__always_defect__seed102,Qwen3-235B,Always Defect,102,20,0.0,0.0,-20.0
qwen3_235b_a22b_2507__vs__always_defect__seed102,Qwen3-235B,Always Defect,102,21,0.0,0.0,-20.0
qwen3_235b_a22b_2507__vs__always_defect__seed102,Qwen3-235B,Always Defect,102,22,0.0,0.0,-20.0
qwen3_235b_a22b_2507__vs__always_defect__seed102,Qwen3-235B,Always Defect,102,23,0.0,0.0,-20.0
qwen3_235b_a22b_2507__vs__always_defect__seed102,Qwen3-235B,Always Defect,102,24,0.0,0.0,-20.0
qwen3_235b_a22b_2507__vs__always_defect__seed102,Qwen3-235B,Always Defect,102,25,0.0,0.0,-20.0
qwen3_235b_a22b_2507__vs__always_defect__seed102,Qwen3-235B,Always Defect,102,26,0.0,0.0,-20.0
qwen3_235b_a22b_2507__vs__always_defect__seed102,Qwen3-235B,Always Defect,102,27,0.0,0.0,-20.0
qwen3_235b_a22b_2507__vs__always_defect__seed102,Qwen3-235B,Always Defect,102,28,0.0,0.0,-20.0
qwen3_235b_a22b_2507__vs__always_defect__seed102,Qwen3-235B,Always Defect,102,29,0.0,0.0,-20.0
qwen3_235b_a22b_2507__vs__always_defect__seed102,Qwen3-235B,Always Defect,102,30,0.0,0.0,-20.0
qwen3_235b_a22b_2507__vs__always_defect__seed102,Qwen3-235B,Always Defect,102,31,0.0,0.0,-20.0
qwen3_235b_a22b_2507__vs__always_defect__seed102,Qwen3-235B,Always Defect,102,32,0.0,0.0,-20.0
qwen3_235b_a22b_2507__vs__always_defect__seed102,Qwen3-235B,Always Defect,102,33,0.0,0.0,-20.0
qwen3_235b_a22b_2507__vs__always_defect__seed102,Qwen3-235B,Always Defect,102,34,0.0,0.0,-20.0
qwen3_235b_a22b_2507__vs__always_defect__seed102,Qwen3-235B,Always Defect,102,35,0.0,0.0,-20.0
qwen3_235b_a22b_2507__vs__always_defect__seed102,Qwen3-235B,Always Defect,102,36,0.0,0.0,-20.0
qwen3_235b_a22b_2507__vs__always_defect__seed102,Qwen3-235B,Always Defect,102,37,0.0,0.0,-20.0
qwen3_235b_a22b_2507__vs__always_defect__seed102,Qwen3-235B,Always Defect,102,38,0.0,0.0,-20.0
qwen3_235b_a22b_2507__vs__always_defect__seed102,Qwen3-235B,Always Defect,102,39,0.0,0.0,-20.0
qwen3_235b_a22b_2507__vs__always_defect__seed102,Qwen3-235B,Always Defect,102,40,0.0,0.0,-20.0
qwen3_235b_a22b_2507__vs__always_defect__seed102,Qwen3-235B,Always Defect,102,41,0.0,0.0,-20.0
qwen3_235b_a22b_2507__vs__always_defect__seed102,Qwen3-235B,Always Defect,102,42,0.0,0.0,-20.0
qwen3_235b_a22b_2507__vs__always_defect__seed102,Qwen3-235B,Always Defect,102,43,0.0,0.0,-20.0
qwen3_235b_a22b_2507__vs__always_defect__seed102,Qwen3-235B,Always Defect,102,44,0.0,0.0,-20.0
qwen3_235b_a22b_2507__vs__always_defect__seed102,Qwen3-235B,Always Defect,102,45,0.0,0.0,-20.0
qwen3_235b_a22b_2507__vs__always_defect__seed102,Qwen3-235B,Always Defect,102,46,0.0,0.0,-20.0
qwen3_235b_a22b_2507__vs__always_defect__seed102,Qwen3-235B,Always Defect,102,47,0.0,0.0,-20.0
qwen3_235b_a22b_2507__vs__always_defect__seed102,Qwen3-235B,Always Defect,102,48,0.0,0.0,-20.0
qwen3_235b_a22b_2507__vs__always_defect__seed102,Qwen3-235B,Always Defect,102,49,0.0,0.0,-20.0
qwen3_235b_a22b_2507__vs__always_defect__seed102,Qwen3-235B,Always Defect,102,50,0.0,0.0,-20.0
qwen3_235b_a22b_2507__vs__always_defect__seed103,Qwen3-235B,Always Defect,103,1,1.0,-8.0,-8.0
qwen3_235b_a22b_2507__vs__always_defect__seed103,Qwen3-235B,Always Defect,103,2,0.0,0.0,-8.0
qwen3_235b_a22b_2507__vs__always_defect__seed103,Qwen3-235B,Always Defect,103,3,0.0,0.0,-8.0
qwen3_235b_a22b_2507__vs__always_defect__seed103,Qwen3-235B,Always Defect,103,4,0.0,0.0,-8.0
qwen3_235b_a22b_2507__vs__always_defect__seed103,Qwen3-235B,Always Defect,103,5,0.0,0.0,-8.0
qwen3_235b_a22b_2507__vs__always_defect__seed103,Qwen3-235B,Always Defect,103,6,0.0,0.0,-8.0
qwen3_235b_a22b_2507__vs__always_defect__seed103,Qwen3-235B,Always Defect,103,7,0.0,0.0,-8.0
qwen3_235b_a22b_2507__vs__always_defect__seed103,Qwen3-235B,Always Defect,103,8,0.0,0.0,-8.0
qwen3_235b_a22b_2507__vs__always_defect__seed103,Qwen3-235B,Always Defect,103,9,0.0,0.0,-8.0
qwen3_235b_a22b_2507__vs__always_defect__seed103,Qwen3-235B,Always Defect,103,10,0.0,0.0,-8.0
qwen3_235b_a22b_2507__vs__always_defect__seed103,Qwen3-235B,Always Defect,103,11,0.0,0.0,-8.0
qwen3_235b_a22b_2507__vs__always_defect__seed103,Qwen3-235B,Always Defect,103,12,0.0,0.0,-8.0
qwen3_235b_a22b_2507__vs__always_defect__seed103,Qwen3-235B,Always Defect,103,13,0.0,0.0,-8.0
qwen3_235b_a22b_2507__vs__always_defect__seed103,Qwen3-235B,Always Defect,103,14,0.0,0.0,-8.0
qwen3_235b_a22b_2507__vs__always_defect__seed103,Qwen3-235B,Always Defect,103,15,0.0,0.0,-8.0
qwen3_235b_a22b_2507__vs__always_defect__seed103,Qwen3-235B,Always Defect,103,16,0.0,0.0,-8.0
qwen3_235b_a22b_2507__vs__always_defect__seed103,Qwen3-235B,Always Defect,103,17,1.0,-8.0,-16.0
qwen3_235b_a22b_2507__vs__always_defect__seed103,Qwen3-235B,Always Defect,103,18,0.0,0.0,-16.0
qwen3_235b_a22b_2507__vs__always_defect__seed103,Qwen3-235B,Always Defect,103,19,0.0,0.0,-16.0
qwen3_235b_a22b_2507__vs__always_defect__seed103,Qwen3-235B,Always Defect,103,20,0.0,0.0,-16.0
qwen3_235b_a22b_2507__vs__always_defect__seed103,Qwen3-235B,Always Defect,103,21,0.0,0.0,-16.0
qwen3_235b_a22b_2507__vs__always_defect__seed103,Qwen3-235B,Always Defect,103,22,0.0,0.0,-16.0
qwen3_235b_a22b_2507__vs__always_defect__seed103,Qwen3-235B,Always Defect,103,23,0.0,0.0,-16.0
qwen3_235b_a22b_2507__vs__always_defect__seed103,Qwen3-235B,Always Defect,103,24,0.0,0.0,-16.0
qwen3_235b_a22b_2507__vs__always_defect__seed103,Qwen3-235B,Always Defect,103,25,0.0,0.0,-16.0
qwen3_235b_a22b_2507__vs__always_defect__seed103,Qwen3-235B,Always Defect,103,26,0.0,0.0,-16.0
qwen3_235b_a22b_2507__vs__always_defect__seed103,Qwen3-235B,Always Defect,103,27,0.0,0.0,-16.0
qwen3_235b_a22b_2507__vs__always_defect__seed103,Qwen3-235B,Always Defect,103,28,0.0,0.0,-16.0
qwen3_235b_a22b_2507__vs__always_defect__seed103,Qwen3-235B,Always Defect,103,29,0.0,0.0,-16.0
qwen3_235b_a22b_2507__vs__always_defect__seed103,Qwen3-235B,Always Defect,103,30,0.0,0.0,-16.0
qwen3_235b_a22b_2507__vs__always_defect__seed103,Qwen3-235B,Always Defect,103,31,0.0,0.0,-16.0
qwen3_235b_a22b_2507__vs__always_defect__seed103,Qwen3-235B,Always Defect,103,32,0.0,0.0,-16.0
qwen3_235b_a22b_2507__vs__always_defect__seed103,Qwen3-235B,Always Defect,103,33,0.0,0.0,-16.0
qwen3_235b_a22b_2507__vs__always_defect__seed103,Qwen3-235B,Always Defect,103,34,0.0,0.0,-16.0
qwen3_235b_a22b_2507__vs__always_defect__seed103,Qwen3-235B,Always Defect,103,35,0.0,0.0,-16.0
qwen3_235b_a22b_2507__vs__always_defect__seed103,Qwen3-235B,Always Defect,103,36,0.0,0.0,-16.0
qwen3_235b_a22b_2507__vs__always_defect__seed103,Qwen3-235B,Always Defect,103,37,0.0,0.0,-16.0
qwen3_235b_a22b_2507__vs__always_defect__seed103,Qwen3-235B,Always Defect,103,38,0.0,0.0,-16.0
qwen3_235b_a22b_2507__vs__always_defect__seed103,Qwen3-235B,Always Defect,103,39,0.0,0.0,-16.0
qwen3_235b_a22b_2507__vs__always_defect__seed103,Qwen3-235B,Always Defect,103,40,0.0,0.0,-16.0
qwen3_235b_a22b_2507__vs__always_defect__seed103,Qwen3-235B,Always Defect,103,41,0.0,0.0,-16.0
qwen3_235b_a22b_2507__vs__always_defect__seed103,Qwen3-235B,Always Defect,103,42,0.0,0.0,-16.0
qwen3_235b_a22b_2507__vs__always_defect__seed103,Qwen3-235B,Always Defect,103,43,0.0,0.0,-16.0
qwen3_235b_a22b_2507__vs__always_defect__seed103,Qwen3-235B,Always Defect,103,44,0.0,0.0,-16.0
qwen3_235b_a22b_2507__vs__always_defect__seed103,Qwen3-235B,Always Defect,103,45,0.0,0.0,-16.0
qwen3_235b_a22b_2507__vs__always_defect__seed103,Qwen3-235B,Always Defect,103,46,0.0,0.0,-16.0
qwen3_235b_a22b_2507__vs__always_defect__seed103,Qwen3-235B,Always Defect,103,47,0.0,0.0,-16.0
qwen3_235b_a22b_2507__vs__always_defect__seed103,Qwen3-235B,Always Defect,103,48,0.0,0.0,-16.0
qwen3_235b_a22b_2507__vs__always_defect__seed103,Qwen3-235B,Always Defect,103,49,0.0,0.0,-16.0
qwen3_235b_a22b_2507__vs__always_defect__seed103,Qwen3-235B,Always Defect,103,50,0.0,0.0,-16.0
qwen3_235b_a22b_2507__vs__always_defect__seed104,Qwen3-235B,Always Defect,104,1,0.0,0.0,0.0
qwen3_235b_a22b_2507__vs__always_defect__seed104,Qwen3-235B,Always Defect,104,2,0.0,0.0,0.0
qwen3_235b_a22b_2507__vs__always_defect__seed104,Qwen3-235B,Always Defect,104,3,0.0,0.0,0.0
qwen3_235b_a22b_2507__vs__always_defect__seed104,Qwen3-235B,Always Defect,104,4,0.0,0.0,0.0
qwen3_235b_a22b_2507__vs__always_defect__seed104,Qwen3-235B,Always Defect,104,5,0.0,0.0,0.0
qwen3_235b_a22b_2507__vs__always_defect__seed104,Qwen3-235B,Always Defect,104,6,0.0,0.0,0.0
qwen3_235b_a22b_2507__vs__always_defect__seed104,Qwen3-235B,Always Defect,104,7,0.0,0.0,0.0
qwen3_235b_a22b_2507__vs__always_defect__seed104,Qwen3-235B,Always Defect,104,8,0.0,0.0,0.0
qwen3_235b_a22b_2507__vs__always_defect__seed104,Qwen3-235B,Always Defect,104,9,0.0,0.0,0.0
qwen3_235b_a22b_2507__vs__always_defect__seed104,Qwen3-235B,Always Defect,104,10,0.0,0.0,0.0
qwen3_235b_a22b_2507__vs__always_defect__seed104,Qwen3-235B,Always Defect,104,11,0.0,0.0,0.0
qwen3_235b_a22b_2507__vs__always_defect__seed104,Qwen3-235B,Always Defect,104,12,0.0,0.0,0.0
qwen3_235b_a22b_2507__vs__always_defect__seed104,Qwen3-235B,Always Defect,104,13,0.0,0.0,0.0
qwen3_235b_a22b_2507__vs__always_defect__seed104,Qwen3-235B,Always Defect,104,14,0.0,0.0,0.0
qwen3_235b_a22b_2507__vs__always_defect__seed104,Qwen3-235B,Always Defect,104,15,0.0,0.0,0.0
qwen3_235b_a22b_2507__vs__always_defect__seed104,Qwen3-235B,Always Defect,104,16,0.0,0.0,0.0
qwen3_235b_a22b_2507__vs__always_defect__seed104,Qwen3-235B,Always Defect,104,17,0.0,0.0,0.0
qwen3_235b_a22b_2507__vs__always_defect__seed104,Qwen3-235B,Always Defect,104,18,0.0,0.0,0.0
qwen3_235b_a22b_2507__vs__always_defect__seed104,Qwen3-235B,Always Defect,104,19,0.0,0.0,0.0
qwen3_235b_a22b_2507__vs__always_defect__seed104,Qwen3-235B,Always Defect,104,20,0.0,0.0,0.0
qwen3_235b_a22b_2507__vs__always_defect__seed104,Qwen3-235B,Always Defect,104,21,0.0,0.0,0.0
qwen3_235b_a22b_2507__vs__always_defect__seed104,Qwen3-235B,Always Defect,104,22,0.0,0.0,0.0
qwen3_235b_a22b_2507__vs__always_defect__seed104,Qwen3-235B,Always Defect,104,23,0.0,0.0,0.0
qwen3_235b_a22b_2507__vs__always_defect__seed104,Qwen3-235B,Always Defect,104,24,0.0,0.0,0.0
qwen3_235b_a22b_2507__vs__always_defect__seed104,Qwen3-235B,Always Defect,104,25,0.0,0.0,0.0
qwen3_235b_a22b_2507__vs__always_defect__seed104,Qwen3-235B,Always Defect,104,26,0.0,0.0,0.0
qwen3_235b_a22b_2507__vs__always_defect__seed104,Qwen3-235B,Always Defect,104,27,0.0,0.0,0.0
qwen3_235b_a22b_2507__vs__always_defect__seed104,Qwen3-235B,Always Defect,104,28,0.0,0.0,0.0
qwen3_235b_a22b_2507__vs__always_defect__seed104,Qwen3-235B,Always Defect,104,29,0.0,0.0,0.0
qwen3_235b_a22b_2507__vs__always_defect__seed104,Qwen3-235B,Always Defect,104,30,0.0,0.0,0.0
qwen3_235b_a22b_2507__vs__always_defect__seed104,Qwen3-235B,Always Defect,104,31,0.0,0.0,0.0
qwen3_235b_a22b_2507__vs__always_defect__seed104,Qwen3-235B,Always Defect,104,32,0.0,0.0,0.0
qwen3_235b_a22b_2507__vs__always_defect__seed104,Qwen3-235B,Always Defect,104,33,0.0,0.0,0.0
qwen3_235b_a22b_2507__vs__always_defect__seed104,Qwen3-235B,Always Defect,104,34,0.0,0.0,0.0
qwen3_235b_a22b_2507__vs__always_defect__seed104,Qwen3-235B,Always Defect,104,35,0.0,0.0,0.0
qwen3_235b_a22b_2507__vs__always_defect__seed104,Qwen3-235B,Always Defect,104,36,0.0,0.0,0.0
qwen3_235b_a22b_2507__vs__always_defect__seed104,Qwen3-235B,Always Defect,104,37,0.0,0.0,0.0
qwen3_235b_a22b_2507__vs__always_defect__seed104,Qwen3-235B,Always Defect,104,38,0.0,0.0,0.0
qwen3_235b_a22b_2507__vs__always_defect__seed104,Qwen3-235B,Always Defect,104,39,0.0,0.0,0.0
qwen3_235b_a22b_2507__vs__always_defect__seed104,Qwen3-235B,Always Defect,104,40,0.0,0.0,0.0
qwen3_235b_a22b_2507__vs__always_defect__seed104,Qwen3-235B,Always Defect,104,41,0.0,0.0,0.0
qwen3_235b_a22b_2507__vs__always_defect__seed104,Qwen3-235B,Always Defect,104,42,0.0,0.0,0.0
qwen3_235b_a22b_2507__vs__always_defect__seed104,Qwen3-235B,Always Defect,104,43,0.0,0.0,0.0
qwen3_235b_a22b_2507__vs__always_defect__seed104,Qwen3-235B,Always Defect,104,44,0.0,0.0,0.0
qwen3_235b_a22b_2507__vs__always_defect__seed104,Qwen3-235B,Always Defect,104,45,0.0,0.0,0.0
qwen3_235b_a22b_2507__vs__always_defect__seed104,Qwen3-235B,Always Defect,104,46,0.0,0.0,0.0
qwen3_235b_a22b_2507__vs__always_defect__seed104,Qwen3-235B,Always Defect,104,47,0.0,0.0,0.0
qwen3_235b_a22b_2507__vs__always_defect__seed104,Qwen3-235B,Always Defect,104,48,0.0,0.0,0.0
qwen3_235b_a22b_2507__vs__always_defect__seed104,Qwen3-235B,Always Defect,104,49,0.0,0.0,0.0
qwen3_235b_a22b_2507__vs__always_defect__seed104,Qwen3-235B,Always Defect,104,50,0.0,0.0,0.0
qwen3_235b_a22b_2507__vs__always_defect__seed105,Qwen3-235B,Always Defect,105,1,0.0,0.0,0.0
qwen3_235b_a22b_2507__vs__always_defect__seed105,Qwen3-235B,Always Defect,105,2,0.0,0.0,0.0
qwen3_235b_a22b_2507__vs__always_defect__seed105,Qwen3-235B,Always Defect,105,3,0.0,0.0,0.0
qwen3_235b_a22b_2507__vs__always_defect__seed105,Qwen3-235B,Always Defect,105,4,0.0,0.0,0.0
qwen3_235b_a22b_2507__vs__always_defect__seed105,Qwen3-235B,Always Defect,105,5,0.0,0.0,0.0
qwen3_235b_a22b_2507__vs__always_defect__seed105,Qwen3-235B,Always Defect,105,6,0.0,0.0,0.0
qwen3_235b_a22b_2507__vs__always_defect__seed105,Qwen3-235B,Always Defect,105,7,0.0,0.0,0.0
qwen3_235b_a22b_2507__vs__always_defect__seed105,Qwen3-235B,Always Defect,105,8,0.0,0.0,0.0
qwen3_235b_a22b_2507__vs__always_defect__seed105,Qwen3-235B,Always Defect,105,9,0.0,0.0,0.0
qwen3_235b_a22b_2507__vs__always_defect__seed105,Qwen3-235B,Always Defect,105,10,0.0,0.0,0.0
qwen3_235b_a22b_2507__vs__always_defect__seed105,Qwen3-235B,Always Defect,105,11,0.0,0.0,0.0
qwen3_235b_a22b_2507__vs__always_defect__seed105,Qwen3-235B,Always Defect,105,12,0.0,0.0,0.0
qwen3_235b_a22b_2507__vs__always_defect__seed105,Qwen3-235B,Always Defect,105,13,0.0,0.0,0.0
qwen3_235b_a22b_2507__vs__always_defect__seed105,Qwen3-235B,Always Defect,105,14,0.0,0.0,0.0
qwen3_235b_a22b_2507__vs__always_defect__seed105,Qwen3-235B,Always Defect,105,15,0.0,0.0,0.0
qwen3_235b_a22b_2507__vs__always_defect__seed105,Qwen3-235B,Always Defect,105,16,0.0,0.0,0.0
qwen3_235b_a22b_2507__vs__always_defect__seed105,Qwen3-235B,Always Defect,105,17,0.0,0.0,0.0
qwen3_235b_a22b_2507__vs__always_defect__seed105,Qwen3-235B,Always Defect,105,18,0.0,0.0,0.0
qwen3_235b_a22b_2507__vs__always_defect__seed105,Qwen3-235B,Always Defect,105,19,0.0,0.0,0.0
qwen3_235b_a22b_2507__vs__always_defect__seed105,Qwen3-235B,Always Defect,105,20,0.0,0.0,0.0
qwen3_235b_a22b_2507__vs__always_defect__seed105,Qwen3-235B,Always Defect,105,21,0.0,0.0,0.0
qwen3_235b_a22b_2507__vs__always_defect__seed105,Qwen3-235B,Always Defect,105,22,0.0,0.0,0.0
qwen3_235b_a22b_2507__vs__always_defect__seed105,Qwen3-235B,Always Defect,105,23,0.0,0.0,0.0
qwen3_235b_a22b_2507__vs__always_defect__seed105,Qwen3-235B,Always Defect,105,24,0.0,0.0,0.0
qwen3_235b_a22b_2507__vs__always_defect__seed105,Qwen3-235B,Always Defect,105,25,0.0,0.0,0.0
qwen3_235b_a22b_2507__vs__always_defect__seed105,Qwen3-235B,Always Defect,105,26,0.0,0.0,0.0
qwen3_235b_a22b_2507__vs__always_defect__seed105,Qwen3-235B,Always Defect,105,27,0.0,0.0,0.0
qwen3_235b_a22b_2507__vs__always_defect__seed105,Qwen3-235B,Always Defect,105,28,0.0,0.0,0.0
qwen3_235b_a22b_2507__vs__always_defect__seed105,Qwen3-235B,Always Defect,105,29,0.0,0.0,0.0
qwen3_235b_a22b_2507__vs__always_defect__seed105,Qwen3-235B,Always Defect,105,30,0.0,0.0,0.0
qwen3_235b_a22b_2507__vs__always_defect__seed105,Qwen3-235B,Always Defect,105,31,0.0,0.0,0.0
qwen3_235b_a22b_2507__vs__always_defect__seed105,Qwen3-235B,Always Defect,105,32,0.0,0.0,0.0
qwen3_235b_a22b_2507__vs__always_defect__seed105,Qwen3-235B,Always Defect,105,33,0.0,0.0,0.0
qwen3_235b_a22b_2507__vs__always_defect__seed105,Qwen3-235B,Always Defect,105,34,0.0,0.0,0.0
qwen3_235b_a22b_2507__vs__always_defect__seed105,Qwen3-235B,Always Defect,105,35,0.0,0.0,0.0
qwen3_235b_a22b_2507__vs__always_defect__seed105,Qwen3-235B,Always Defect,105,36,0.0,0.0,0.0
qwen3_235b_a22b_2507__vs__always_defect__seed105,Qwen3-235B,Always Defect,105,37,0.0,0.0,0.0
qwen3_235b_a22b_2507__vs__always_defect__seed105,Qwen3-235B,Always Defect,105,38,0.0,0.0,0.0
qwen3_235b_a22b_2507__vs__always_defect__seed105,Qwen3-235B,Always Defect,105,39,0.0,0.0,0.0
qwen3_235b_a22b_2507__vs__always_defect__seed105,Qwen3-235B,Always Defect,105,40,0.0,0.0,0.0
qwen3_235b_a22b_2507__vs__always_defect__seed105,Qwen3-235B,Always Defect,105,41,0.0,0.0,0.0
qwen3_235b_a22b_2507__vs__always_defect__seed105,Qwen3-235B,Always Defect,105,42,0.0,0.0,0.0
qwen3_235b_a22b_2507__vs__always_defect__seed105,Qwen3-235B,Always Defect,105,43,0.0,0.0,0.0
qwen3_235b_a22b_2507__vs__always_defect__seed105,Qwen3-235B,Always Defect,105,44,0.0,0.0,0.0
qwen3_235b_a22b_2507__vs__always_defect__seed105,Qwen3-235B,Always Defect,105,45,0.0,0.0,0.0
qwen3_235b_a22b_2507__vs__always_defect__seed105,Qwen3-235B,Always Defect,105,46,0.0,0.0,0.0
qwen3_235b_a22b_2507__vs__always_defect__seed105,Qwen3-235B,Always Defect,105,47,0.0,0.0,0.0
qwen3_235b_a22b_2507__vs__always_defect__seed105,Qwen3-235B,Always Defect,105,48,0.0,0.0,0.0
qwen3_235b_a22b_2507__vs__always_defect__seed105,Qwen3-235B,Always Defect,105,49,0.0,0.0,0.0
qwen3_235b_a22b_2507__vs__always_defect__seed105,Qwen3-235B,Always Defect,105,50,0.0,0.0,0.0
qwen3_235b_a22b_2507__vs__graded_tft__seed101,Qwen3-235B,Graded TFT,101,1,1.0,4.0,4.0
qwen3_235b_a22b_2507__vs__graded_tft__seed101,Qwen3-235B,Graded TFT,101,2,1.0,4.901899659543274,8.901899659543274
qwen3_235b_a22b_2507__vs__graded_tft__seed101,Qwen3-235B,Graded TFT,101,3,1.0,5.737743197914256,14.63964285745753
qwen3_235b_a22b_2507__vs__graded_tft__seed101,Qwen3-235B,Graded TFT,101,4,1.0,6.452973827162612,21.09261668462014
qwen3_235b_a22b_2507__vs__graded_tft__seed101,Qwen3-235B,Graded TFT,101,5,1.0,7.03473354743033,28.127350232050468
qwen3_235b_a22b_2507__vs__graded_tft__seed101,Qwen3-235B,Graded TFT,101,6,1.0,7.499356761489178,35.62670699353964
qwen3_235b_a22b_2507__vs__graded_tft__seed101,Qwen3-235B,Graded TFT,101,7,1.0,7.874286035858203,43.50099302939785
qwen3_235b_a22b_2507__vs__graded_tft__seed101,Qwen3-235B,Graded TFT,101,8,1.0,8.186093248290184,51.68708627768803
qwen3_235b_a22b_2507__vs__graded_tft__seed101,Qwen3-235B,Graded TFT,101,9,1.0,8.455751427951338,60.142837705639366
qwen3_235b_a22b_2507__vs__graded_tft__seed101,Qwen3-235B,Graded TFT,101,10,1.0,8.698166348627016,68.84100405426638
qwen3_235b_a22b_2507__vs__graded_tft__seed101,Qwen3-235B,Graded TFT,101,11,1.0,8.923322274351424,77.7643263286178
qwen3_235b_a22b_2507__vs__graded_tft__seed101,Qwen3-235B,Graded TFT,101,12,1.0,9.137678416908237,86.90200474552603
qwen3_235b_a22b_2507__vs__graded_tft__seed101,Qwen3-235B,Graded TFT,101,13,1.0,9.345327632177181,96.2473323777032
qwen3_235b_a22b_2507__vs__graded_tft__seed101,Qwen3-235B,Graded TFT,101,14,1.0,9.548831071124255,105.79616344882746
qwen3_235b_a22b_2507__vs__graded_tft__seed101,Qwen3-235B,Graded TFT,101,15,1.0,9.749779258891781,115.54594270771923
qwen3_235b_a22b_2507__vs__graded_tft__seed101,Qwen3-235B,Graded TFT,101,16,1.0,9.949155358413602,125.49509806613284
qwen3_235b_a22b_2507__vs__graded_tft__seed101,Qwen3-235B,Graded TFT,101,17,1.0,10.147565358052827,135.64266342418566
qwen3_235b_a22b_2507__vs__graded_tft__seed101,Qwen3-235B,Graded TFT,101,18,1.0,-0.6721874999999953,134.97047592418565
qwen3_235b_a22b_2507__vs__graded_tft__seed101,Qwen3-235B,Graded TFT,101,19,1.0,3.7639795688891624,138.73445549307482
qwen3_235b_a22b_2507__vs__graded_tft__seed101,Qwen3-235B,Graded TFT,101,20,1.0,8.620863506439179,147.355318999514
qwen3_235b_a22b_2507__vs__graded_tft__seed101,Qwen3-235B,Graded TFT,101,21,1.0,9.381808571452328,156.73712757096632
qwen3_235b_a22b_2507__vs__graded_tft__seed101,Qwen3-235B,Graded TFT,101,22,1.0,9.855978084834117,166.59310565580043
qwen3_235b_a22b_2507__vs__graded_tft__seed101,Qwen3-235B,Graded TFT,101,23,1.0,10.181063649840674,176.7741693056411
qwen3_235b_a22b_2507__vs__graded_tft__seed101,Qwen3-235B,Graded TFT,101,24,1.0,10.39430595116825,187.16847525680936
qwen3_235b_a22b_2507__vs__graded_tft__seed101,Qwen3-235B,Graded TFT,101,25,1.0,10.53015826936483,197.69863352617418
qwen3_235b_a22b_2507__vs__graded_tft__seed101,Qwen3-235B,Graded TFT,101,26,1.0,10.61510342528431,208.31373695145848
qwen3_235b_a22b_2507__vs__graded_tft__seed101,Qwen3-235B,Graded TFT,101,27,1.0,10.667597930270553,218.98133488172903
qwen3_235b_a22b_2507__vs__graded_tft__seed101,Qwen3-235B,Graded TFT,101,28,1.0,10.699803618067861,229.68113849979687
qwen3_235b_a22b_2507__vs__graded_tft__seed101,Qwen3-235B,Graded TFT,101,29,1.0,10.719473967130781,240.40061246692767
qwen3_235b_a22b_2507__vs__graded_tft__seed101,Qwen3-235B,Graded TFT,101,30,1.0,10.73145532632524,251.1320677932529
qwen3_235b_a22b_2507__vs__graded_tft__seed101,Qwen3-235B,Graded TFT,101,31,1.0,10.738741133074473,261.87080892632736
qwen3_235b_a22b_2507__vs__graded_tft__seed101,Qwen3-235B,Graded TFT,101,32,1.0,10.743167116041995,272.61397604236936
qwen3_235b_a22b_2507__vs__graded_tft__seed101,Qwen3-235B,Graded TFT,101,33,1.0,10.745854160223072,283.35983020259243
qwen3_235b_a22b_2507__vs__graded_tft__seed101,Qwen3-235B,Graded TFT,101,34,1.0,10.747484874021502,294.10731507661393
qwen3_235b_a22b_2507__vs__graded_tft__seed101,Qwen3-235B,Graded TFT,101,35,1.0,10.748474297664586,304.8557893742785
qwen3_235b_a22b_2507__vs__graded_tft__seed101,Qwen3-235B,Graded TFT,101,36,1.0,10.749074540680102,315.6048639149586
qwen3_235b_a22b_2507__vs__graded_tft__seed101,Qwen3-235B,Graded TFT,101,37,1.0,10.74943865329367,326.3543025682523
qwen3_235b_a22b_2507__vs__graded_tft__seed101,Qwen3-235B,Graded TFT,101,38,1.0,10.749659515984732,337.103962084237
qwen3_235b_a22b_2507__vs__graded_tft__seed101,Qwen3-235B,Graded TFT,101,39,1.0,10.74979348231664,347.8537555665537
qwen3_235b_a22b_2507__vs__graded_tft__seed101,Qwen3-235B,Graded TFT,101,40,1.0,10.74987473933614,358.6036303058898
qwen3_235b_a22b_2507__vs__graded_tft__seed101,Qwen3-235B,Graded TFT,101,41,1.0,10.749924025067646,369.3535543309574
qwen3_235b_a22b_2507__vs__graded_tft__seed101,Qwen3-235B,Graded TFT,101,42,0.0,18.749953918690487,388.1035082496479
qwen3_235b_a22b_2507__vs__graded_tft__seed101,Qwen3-235B,Graded TFT,101,43,0.0,7.5,395.6035082496479
qwen3_235b_a22b_2507__vs__graded_tft__seed101,Qwen3-235B,Graded TFT,101,44,0.0,3.75,399.3535082496479
qwen3_235b_a22b_2507__vs__graded_tft__seed101,Qwen3-235B,Graded TFT,101,45,0.0,0.0,399.3535082496479
qwen3_235b_a22b_2507__vs__graded_tft__seed101,Qwen3-235B,Graded TFT,101,46,0.0,0.0,399.3535082496479
qwen3_235b_a22b_2507__vs__graded_tft__seed101,Qwen3-235B,Graded TFT,101,47,0.0,0.0,399.3535082496479
qwen3_235b_a22b_2507__vs__graded_tft__seed101,Qwen3-235B,Graded TFT,101,48,0.0,0.0,399.3535082496479
qwen3_235b_a22b_2507__vs__graded_tft__seed101,Qwen3-235B,Graded TFT,101,49,0.0,0.0,399.3535082496479
qwen3_235b_a22b_2507__vs__graded_tft__seed101,Qwen3-235B,Graded TFT,101,50,0.0,0.0,399.3535082496479
qwen3_235b_a22b_2507__vs__graded_tft__seed102,Qwen3-235B,Graded TFT,102,1,0.0,12.0,12.0
qwen3_235b_a22b_2507__vs__graded_tft__seed102,Qwen3-235B,Graded TFT,102,2,0.0,5.99125,17.99125
qwen3_235b_a22b_2507__vs__graded_tft__seed102,Qwen3-235B,Graded TFT,102,3,0.0,2.9803125,20.9715625
qwen3_235b_a22b_2507__vs__graded_tft__seed102,Qwen3-235B,Graded TFT,102,4,0.0,0.0,20.9715625
qwen3_235b_a22b_2507__vs__graded_tft__seed102,Qwen3-235B,Graded TFT,102,5,0.0,5.873854166666667,26.84541666666667
qwen3_235b_a22b_2507__vs__graded_tft__seed102,Qwen3-235B,Graded TFT,102,6,0.0,2.9150520833333333,29.76046875
qwen3_235b_a22b_2507__vs__graded_tft__seed102,Qwen3-235B,Graded TFT,102,7,0.0,0.0,29.76046875
qwen3_235b_a22b_2507__vs__graded_tft__seed102,Qwen3-235B,Graded TFT,102,8,0.0,0.0,29.76046875
qwen3_235b_a22b_2507__vs__graded_tft__seed102,Qwen3-235B,Graded TFT,102,9,0.0,0.0,29.76046875
qwen3_235b_a22b_2507__vs__graded_tft__seed102,Qwen3-235B,Graded TFT,102,10,0.0,0.0,29.76046875
qwen3_235b_a22b_2507__vs__graded_tft__seed102,Qwen3-235B,Graded TFT,102,11,0.0,0.0,29.76046875
qwen3_235b_a22b_2507__vs__graded_tft__seed102,Qwen3-235B,Graded TFT,102,12,0.0,0.0,29.76046875
qwen3_235b_a22b_2507__vs__graded_tft__seed102,Qwen3-235B,Graded TFT,102,13,0.0,0.0,29.76046875
qwen3_235b_a22b_2507__vs__graded_tft__seed102,Qwen3-235B,Graded TFT,102,14,0.0,0.0,29.76046875
qwen3_235b_a22b_2507__vs__graded_tft__seed102,Qwen3-235B,Graded TFT,102,15,0.0,0.0,29.76046875
qwen3_235b_a22b_2507__vs__graded_tft__seed102,Qwen3-235B,Graded TFT,102,16,0.0,0.0,29.76046875
qwen3_235b_a22b_2507__vs__graded_tft__seed102,Qwen3-235B,Graded TFT,102,17,0.0,0.0,29.76046875
qwen3_235b_a22b_2507__vs__graded_tft__seed102,Qwen3-235B,Graded TFT,102,18,0.0,0.0,29.76046875
qwen3_235b_a22b_2507__vs__graded_tft__seed102,Qwen3-235B,Graded TFT,102,19,0.0,0.0,29.76046875
qwen3_235b_a22b_2507__vs__graded_tft__seed102,Qwen3-235B,Graded TFT,102,20,0.0,0.0,29.76046875
qwen3_235b_a22b_2507__vs__graded_tft__seed102,Qwen3-235B,Graded TFT,102,21,0.0,0.0,29.76046875
qwen3_235b_a22b_2507__vs__graded_tft__seed102,Qwen3-235B,Graded TFT,102,22,0.0,0.0,29.76046875
qwen3_235b_a22b_2507__vs__graded_tft__seed102,Qwen3-235B,Graded TFT,102,23,0.0,0.0,29.76046875
qwen3_235b_a22b_2507__vs__graded_tft__seed102,Qwen3-235B,Graded TFT,102,24,0.0,0.0,29.76046875
qwen3_235b_a22b_2507__vs__graded_tft__seed102,Qwen3-235B,Graded TFT,102,25,0.0,0.0,29.76046875
qwen3_235b_a22b_2507__vs__graded_tft__seed102,Qwen3-235B,Graded TFT,102,26,0.0,0.0,29.76046875
qwen3_235b_a22b_2507__vs__graded_tft__seed102,Qwen3-235B,Graded TFT,102,27,0.0,0.0,29.76046875
qwen3_235b_a22b_2507__vs__graded_tft__seed102,Qwen3-235B,Graded TFT,102,28,0.0,0.0,29.76046875
qwen3_235b_a22b_2507__vs__graded_tft__seed102,Qwen3-235B,Graded TFT,102,29,0.0,0.0,29.76046875
qwen3_235b_a22b_2507__vs__graded_tft__seed102,Qwen3-235B,Graded TFT,102,30,0.0,0.0,29.76046875
qwen3_235b_a22b_2507__vs__graded_tft__seed102,Qwen3-235B,Graded TFT,102,31,0.0,0.0,29.76046875
qwen3_235b_a22b_2507__vs__graded_tft__seed102,Qwen3-235B,Graded TFT,102,32,0.0,0.0,29.76046875
qwen3_235b_a22b_2507__vs__graded_tft__seed102,Qwen3-235B,Graded TFT,102,33,0.0,0.0,29.76046875
qwen3_235b_a22b_2507__vs__graded_tft__seed102,Qwen3-235B,Graded TFT,102,34,0.0,0.0,29.76046875
qwen3_235b_a22b_2507__vs__graded_tft__seed102,Qwen3-235B,Graded TFT,102,35,0.0,0.0,29.76046875
qwen3_235b_a22b_2507__vs__graded_tft__seed102,Qwen3-235B,Graded TFT,102,36,0.0,0.0,29.76046875
qwen3_235b_a22b_2507__vs__graded_tft__seed102,Qwen3-235B,Graded TFT,102,37,0.0,0.0,29.76046875
qwen3_235b_a22b_2507__vs__graded_tft__seed102,Qwen3-235B,Graded TFT,102,38,0.0,0.0,29.76046875
qwen3_235b_a22b_2507__vs__graded_tft__seed102,Qwen3-235B,Graded TFT,102,39,0.0,0.0,29.76046875
qwen3_235b_a22b_2507__vs__graded_tft__seed102,Qwen3-235B,Graded TFT,102,40,0.0,0.0,29.76046875
qwen3_235b_a22b_2507__vs__graded_tft__seed102,Qwen3-235B,Graded TFT,102,41,0.0,0.0,29.76046875
qwen3_235b_a22b_2507__vs__graded_tft__seed102,Qwen3-235B,Graded TFT,102,42,0.0,0.0,29.76046875
qwen3_235b_a22b_2507__vs__graded_tft__seed102,Qwen3-235B,Graded TFT,102,43,0.0,0.0,29.76046875
qwen3_235b_a22b_2507__vs__graded_tft__seed102,Qwen3-235B,Graded TFT,102,44,0.0,0.0,29.76046875
qwen3_235b_a22b_2507__vs__graded_tft__seed102,Qwen3-235B,Graded TFT,102,45,0.0,0.0,29.76046875
qwen3_235b_a22b_2507__vs__graded_tft__seed102,Qwen3-235B,Graded TFT,102,46,0.0,0.0,29.76046875
qwen3_235b_a22b_2507__vs__graded_tft__seed102,Qwen3-235B,Graded TFT,102,47,0.0,0.0,29.76046875
qwen3_235b_a22b_2507__vs__graded_tft__seed102,Qwen3-235B,Graded TFT,102,48,0.0,0.0,29.76046875
qwen3_235b_a22b_2507__vs__graded_tft__seed102,Qwen3-235B,Graded TFT,102,49,0.0,0.0,29.76046875
qwen3_235b_a22b_2507__vs__graded_tft__seed102,Qwen3-235B,Graded TFT,102,50,0.0,0.0,29.76046875
qwen3_235b_a22b_2507__vs__graded_tft__seed103,Qwen3-235B,Graded TFT,103,1,0.0,12.0,12.0
qwen3_235b_a22b_2507__vs__graded_tft__seed103,Qwen3-235B,Graded TFT,103,2,0.0,5.99125,17.99125
qwen3_235b_a22b_2507__vs__graded_tft__seed103,Qwen3-235B,Graded TFT,103,3,0.0,2.9803125,20.9715625
qwen3_235b_a22b_2507__vs__graded_tft__seed103,Qwen3-235B,Graded TFT,103,4,0.0,0.0,20.9715625
qwen3_235b_a22b_2507__vs__graded_tft__seed103,Qwen3-235B,Graded TFT,103,5,0.0,0.0,20.9715625
qwen3_235b_a22b_2507__vs__graded_tft__seed103,Qwen3-235B,Graded TFT,103,6,0.0,0.0,20.9715625
qwen3_235b_a22b_2507__vs__graded_tft__seed103,Qwen3-235B,Graded TFT,103,7,0.0,0.0,20.9715625
qwen3_235b_a22b_2507__vs__graded_tft__seed103,Qwen3-235B,Graded TFT,103,8,0.0,0.0,20.9715625
qwen3_235b_a22b_2507__vs__graded_tft__seed103,Qwen3-235B,Graded TFT,103,9,0.0,5.580546875000001,26.552109375
qwen3_235b_a22b_2507__vs__graded_tft__seed103,Qwen3-235B,Graded TFT,103,10,0.0,2.754453125000001,29.306562500000002
qwen3_235b_a22b_2507__vs__graded_tft__seed103,Qwen3-235B,Graded TFT,103,11,0.0,0.0,29.306562500000002
qwen3_235b_a22b_2507__vs__graded_tft__seed103,Qwen3-235B,Graded TFT,103,12,0.0,0.0,29.306562500000002
qwen3_235b_a22b_2507__vs__graded_tft__seed103,Qwen3-235B,Graded TFT,103,13,0.0,0.0,29.306562500000002
qwen3_235b_a22b_2507__vs__graded_tft__seed103,Qwen3-235B,Graded TFT,103,14,0.0,0.0,29.306562500000002
qwen3_235b_a22b_2507__vs__graded_tft__seed103,Qwen3-235B,Graded TFT,103,15,0.0,0.0,29.306562500000002
qwen3_235b_a22b_2507__vs__graded_tft__seed103,Qwen3-235B,Graded TFT,103,16,0.0,0.0,29.306562500000002
qwen3_235b_a22b_2507__vs__graded_tft__seed103,Qwen3-235B,Graded TFT,103,17,0.0,0.0,29.306562500000002
qwen3_235b_a22b_2507__vs__graded_tft__seed103,Qwen3-235B,Graded TFT,103,18,0.0,0.0,29.306562500000002
qwen3_235b_a22b_2507__vs__graded_tft__seed103,Qwen3-235B,Graded TFT,103,19,0.0,0.0,29.306562500000002
qwen3_235b_a22b_2507__vs__graded_tft__seed103,Qwen3-235B,Graded TFT,103,20,0.0,0.0,29.306562500000002
qwen3_235b_a22b_2507__vs__graded_tft__seed103,Qwen3-235B,Graded TFT,103,21,0.0,0.0,29.306562500000002
qwen3_235b_a22b_2507__vs__graded_tft__seed103,Qwen3-235B,Graded TFT,103,22,0.0,4.5,33.8065625
qwen3_235b_a22b_2507__vs__graded_tft__seed103,Qwen3-235B,Graded TFT,103,23,0.0,2.25,36.0565625
qwen3_235b_a22b_2507__vs__graded_tft__seed103,Qwen3-235B,Graded TFT,103,24,0.0,0.0,36.0565625
qwen3_235b_a22b_2507__vs__graded_tft__seed103,Qwen3-235B,Graded TFT,103,25,0.0,0.0,36.0565625
qwen3_235b_a22b_2507__vs__graded_tft__seed103,Qwen3-235B,Graded TFT,103,26,0.0,0.0,36.0565625
qwen3_235b_a22b_2507__vs__graded_tft__seed103,Qwen3-235B,Graded TFT,103,27,0.0,0.0,36.0565625
qwen3_235b_a22b_2507__vs__graded_tft__seed103,Qwen3-235B,Graded TFT,103,28,0.0,0.0,36.0565625
qwen3_235b_a22b_2507__vs__graded_tft__seed103,Qwen3-235B,Graded TFT,103,29,0.0,0.0,36.0565625
qwen3_235b_a22b_2507__vs__graded_tft__seed103,Qwen3-235B,Graded TFT,103,30,0.0,0.0,36.0565625
qwen3_235b_a22b_2507__vs__graded_tft__seed103,Qwen3-235B,Graded TFT,103,31,0.0,0.0,36.0565625
qwen3_235b_a22b_2507__vs__graded_tft__seed103,Qwen3-235B,Graded TFT,103,32,0.0,0.0,36.0565625
qwen3_235b_a22b_2507__vs__graded_tft__seed103,Qwen3-235B,Graded TFT,103,33,0.0,0.0,36.0565625
qwen3_235b_a22b_2507__vs__graded_tft__seed103,Qwen3-235B,Graded TFT,103,34,0.0,2.25,38.3065625
qwen3_235b_a22b_2507__vs__graded_tft__seed103,Qwen3-235B,Graded TFT,103,35,0.0,0.0,38.3065625
qwen3_235b_a22b_2507__vs__graded_tft__seed103,Qwen3-235B,Graded TFT,103,36,0.0,0.0,38.3065625
qwen3_235b_a22b_2507__vs__graded_tft__seed103,Qwen3-235B,Graded TFT,103,37,0.0,0.0,38.3065625
qwen3_235b_a22b_2507__vs__graded_tft__seed103,Qwen3-235B,Graded TFT,103,38,0.0,0.0,38.3065625
qwen3_235b_a22b_2507__vs__graded_tft__seed103,Qwen3-235B,Graded TFT,103,39,0.0,0.0,38.3065625
qwen3_235b_a22b_2507__vs__graded_tft__seed103,Qwen3-235B,Graded TFT,103,40,0.0,0.0,38.3065625
qwen3_235b_a22b_2507__vs__graded_tft__seed103,Qwen3-235B,Graded TFT,103,41,0.0,0.0,38.3065625
qwen3_235b_a22b_2507__vs__graded_tft__seed103,Qwen3-235B,Graded TFT,103,42,0.0,0.0,38.3065625
qwen3_235b_a22b_2507__vs__graded_tft__seed103,Qwen3-235B,Graded TFT,103,43,0.0,0.0,38.3065625
qwen3_235b_a22b_2507__vs__graded_tft__seed103,Qwen3-235B,Graded TFT,103,44,0.0,0.0,38.3065625
qwen3_235b_a22b_2507__vs__graded_tft__seed103,Qwen3-235B,Graded TFT,103,45,0.0,0.0,38.3065625
qwen3_235b_a22b_2507__vs__graded_tft__seed103,Qwen3-235B,Graded TFT,103,46,0.0,0.0,38.3065625
qwen3_235b_a22b_2507__vs__graded_tft__seed103,Qwen3-235B,Graded TFT,103,47,0.0,0.0,38.3065625
qwen3_235b_a22b_2507__vs__graded_tft__seed103,Qwen3-235B,Graded TFT,103,48,0.0,0.0,38.3065625
qwen3_235b_a22b_2507__vs__graded_tft__seed103,Qwen3-235B,Graded TFT,103,49,0.0,0.0,38.3065625
qwen3_235b_a22b_2507__vs__graded_tft__seed103,Qwen3-235B,Graded TFT,103,50,0.0,0.0,38.3065625
qwen3_235b_a22b_2507__vs__graded_tft__seed104,Qwen3-235B,Graded TFT,104,1,0.0,12.0,12.0
qwen3_235b_a22b_2507__vs__graded_tft__seed104,Qwen3-235B,Graded TFT,104,2,0.0,5.99125,17.99125
qwen3_235b_a22b_2507__vs__graded_tft__seed104,Qwen3-235B,Graded TFT,104,3,0.0,5.9715625,23.962812500000002
qwen3_235b_a22b_2507__vs__graded_tft__seed104,Qwen3-235B,Graded TFT,104,4,0.0,5.948229166666667,29.91104166666667
qwen3_235b_a22b_2507__vs__graded_tft__seed104,Qwen3-235B,Graded TFT,104,5,0.0,2.9588020833333335,32.86984375
qwen3_235b_a22b_2507__vs__graded_tft__seed104,Qwen3-235B,Graded TFT,104,6,0.0,0.0,32.86984375
qwen3_235b_a22b_2507__vs__graded_tft__seed104,Qwen3-235B,Graded TFT,104,7,0.0,0.0,32.86984375
qwen3_235b_a22b_2507__vs__graded_tft__seed104,Qwen3-235B,Graded TFT,104,8,0.0,0.0,32.86984375
qwen3_235b_a22b_2507__vs__graded_tft__seed104,Qwen3-235B,Graded TFT,104,9,0.0,0.0,32.86984375
qwen3_235b_a22b_2507__vs__graded_tft__seed104,Qwen3-235B,Graded TFT,104,10,0.0,0.0,32.86984375
qwen3_235b_a22b_2507__vs__graded_tft__seed104,Qwen3-235B,Graded TFT,104,11,0.0,0.0,32.86984375
qwen3_235b_a22b_2507__vs__graded_tft__seed104,Qwen3-235B,Graded TFT,104,12,0.0,0.0,32.86984375
qwen3_235b_a22b_2507__vs__graded_tft__seed104,Qwen3-235B,Graded TFT,104,13,0.0,0.0,32.86984375
qwen3_235b_a22b_2507__vs__graded_tft__seed104,Qwen3-235B,Graded TFT,104,14,0.0,0.0,32.86984375
qwen3_235b_a22b_2507__vs__graded_tft__seed104,Qwen3-235B,Graded TFT,104,15,0.0,0.0,32.86984375
qwen3_235b_a22b_2507__vs__graded_tft__seed104,Qwen3-235B,Graded TFT,104,16,0.0,0.0,32.86984375
qwen3_235b_a22b_2507__vs__graded_tft__seed104,Qwen3-235B,Graded TFT,104,17,0.0,0.0,32.86984375
qwen3_235b_a22b_2507__vs__graded_tft__seed104,Qwen3-235B,Graded TFT,104,18,0.0,0.0,32.86984375
qwen3_235b_a22b_2507__vs__graded_tft__seed104,Qwen3-235B,Graded TFT,104,19,0.0,0.0,32.86984375
qwen3_235b_a22b_2507__vs__graded_tft__seed104,Qwen3-235B,Graded TFT,104,20,0.0,0.0,32.86984375
qwen3_235b_a22b_2507__vs__graded_tft__seed104,Qwen3-235B,Graded TFT,104,21,0.0,0.0,32.86984375
qwen3_235b_a22b_2507__vs__graded_tft__seed104,Qwen3-235B,Graded TFT,104,22,0.0,0.0,32.86984375
qwen3_235b_a22b_2507__vs__graded_tft__seed104,Qwen3-235B,Graded TFT,104,23,0.0,2.25,35.11984375
qwen3_235b_a22b_2507__vs__graded_tft__seed104,Qwen3-235B,Graded TFT,104,24,0.0,0.0,35.11984375
qwen3_235b_a22b_2507__vs__graded_tft__seed104,Qwen3-235B,Graded TFT,104,25,0.0,0.0,35.11984375
qwen3_235b_a22b_2507__vs__graded_tft__seed104,Qwen3-235B,Graded TFT,104,26,0.0,4.5,39.61984375
qwen3_235b_a22b_2507__vs__graded_tft__seed104,Qwen3-235B,Graded TFT,104,27,0.0,2.25,41.86984375
qwen3_235b_a22b_2507__vs__graded_tft__seed104,Qwen3-235B,Graded TFT,104,28,0.0,0.0,41.86984375
qwen3_235b_a22b_2507__vs__graded_tft__seed104,Qwen3-235B,Graded TFT,104,29,0.0,0.0,41.86984375
qwen3_235b_a22b_2507__vs__graded_tft__seed104,Qwen3-235B,Graded TFT,104,30,0.0,4.5,46.36984375
qwen3_235b_a22b_2507__vs__graded_tft__seed104,Qwen3-235B,Graded TFT,104,31,0.0,2.25,48.61984375
qwen3_235b_a22b_2507__vs__graded_tft__seed104,Qwen3-235B,Graded TFT,104,32,0.0,0.0,48.61984375
qwen3_235b_a22b_2507__vs__graded_tft__seed104,Qwen3-235B,Graded TFT,104,33,0.0,0.0,48.61984375
qwen3_235b_a22b_2507__vs__graded_tft__seed104,Qwen3-235B,Graded TFT,104,34,0.0,4.5,53.11984375
qwen3_235b_a22b_2507__vs__graded_tft__seed104,Qwen3-235B,Graded TFT,104,35,0.0,2.25,55.36984375
qwen3_235b_a22b_2507__vs__graded_tft__seed104,Qwen3-235B,Graded TFT,104,36,0.0,0.0,55.36984375
qwen3_235b_a22b_2507__vs__graded_tft__seed104,Qwen3-235B,Graded TFT,104,37,0.0,0.0,55.36984375
qwen3_235b_a22b_2507__vs__graded_tft__seed104,Qwen3-235B,Graded TFT,104,38,0.0,0.0,55.36984375
qwen3_235b_a22b_2507__vs__graded_tft__seed104,Qwen3-235B,Graded TFT,104,39,0.0,0.0,55.36984375
qwen3_235b_a22b_2507__vs__graded_tft__seed104,Qwen3-235B,Graded TFT,104,40,0.0,0.0,55.36984375
qwen3_235b_a22b_2507__vs__graded_tft__seed104,Qwen3-235B,Graded TFT,104,41,0.0,4.5,59.86984375
qwen3_235b_a22b_2507__vs__graded_tft__seed104,Qwen3-235B,Graded TFT,104,42,0.0,2.25,62.11984375
qwen3_235b_a22b_2507__vs__graded_tft__seed104,Qwen3-235B,Graded TFT,104,43,0.0,0.0,62.11984375
qwen3_235b_a22b_2507__vs__graded_tft__seed104,Qwen3-235B,Graded TFT,104,44,0.0,0.0,62.11984375
qwen3_235b_a22b_2507__vs__graded_tft__seed104,Qwen3-235B,Graded TFT,104,45,0.0,0.0,62.11984375
qwen3_235b_a22b_2507__vs__graded_tft__seed104,Qwen3-235B,Graded TFT,104,46,0.0,0.0,62.11984375
qwen3_235b_a22b_2507__vs__graded_tft__seed104,Qwen3-235B,Graded TFT,104,47,0.0,0.0,62.11984375
qwen3_235b_a22b_2507__vs__graded_tft__seed104,Qwen3-235B,Graded TFT,104,48,0.0,0.0,62.11984375
qwen3_235b_a22b_2507__vs__graded_tft__seed104,Qwen3-235B,Graded TFT,104,49,0.0,0.0,62.11984375
qwen3_235b_a22b_2507__vs__graded_tft__seed104,Qwen3-235B,Graded TFT,104,50,0.0,2.25,64.36984375
qwen3_235b_a22b_2507__vs__graded_tft__seed105,Qwen3-235B,Graded TFT,105,1,0.0,12.0,12.0
qwen3_235b_a22b_2507__vs__graded_tft__seed105,Qwen3-235B,Graded TFT,105,2,0.0,5.99125,17.99125
qwen3_235b_a22b_2507__vs__graded_tft__seed105,Qwen3-235B,Graded TFT,105,3,0.0,2.9803125,20.9715625
qwen3_235b_a22b_2507__vs__graded_tft__seed105,Qwen3-235B,Graded TFT,105,4,0.0,0.0,20.9715625
qwen3_235b_a22b_2507__vs__graded_tft__seed105,Qwen3-235B,Graded TFT,105,5,0.0,0.0,20.9715625
qwen3_235b_a22b_2507__vs__graded_tft__seed105,Qwen3-235B,Graded TFT,105,6,0.0,0.0,20.9715625
qwen3_235b_a22b_2507__vs__graded_tft__seed105,Qwen3-235B,Graded TFT,105,7,0.0,0.0,20.9715625
qwen3_235b_a22b_2507__vs__graded_tft__seed105,Qwen3-235B,Graded TFT,105,8,0.0,0.0,20.9715625
qwen3_235b_a22b_2507__vs__graded_tft__seed105,Qwen3-235B,Graded TFT,105,9,0.0,0.0,20.9715625
qwen3_235b_a22b_2507__vs__graded_tft__seed105,Qwen3-235B,Graded TFT,105,10,0.0,0.0,20.9715625
qwen3_235b_a22b_2507__vs__graded_tft__seed105,Qwen3-235B,Graded TFT,105,11,0.0,0.0,20.9715625
qwen3_235b_a22b_2507__vs__graded_tft__seed105,Qwen3-235B,Graded TFT,105,12,0.0,0.0,20.9715625
qwen3_235b_a22b_2507__vs__graded_tft__seed105,Qwen3-235B,Graded TFT,105,13,0.0,0.0,20.9715625
qwen3_235b_a22b_2507__vs__graded_tft__seed105,Qwen3-235B,Graded TFT,105,14,0.0,0.0,20.9715625
qwen3_235b_a22b_2507__vs__graded_tft__seed105,Qwen3-235B,Graded TFT,105,15,0.0,0.0,20.9715625
qwen3_235b_a22b_2507__vs__graded_tft__seed105,Qwen3-235B,Graded TFT,105,16,0.0,0.0,20.9715625
qwen3_235b_a22b_2507__vs__graded_tft__seed105,Qwen3-235B,Graded TFT,105,17,0.0,0.0,20.9715625
qwen3_235b_a22b_2507__vs__graded_tft__seed105,Qwen3-235B,Graded TFT,105,18,0.0,0.0,20.9715625
qwen3_235b_a22b_2507__vs__graded_tft__seed105,Qwen3-235B,Graded TFT,105,19,0.0,0.0,20.9715625
qwen3_235b_a22b_2507__vs__graded_tft__seed105,Qwen3-235B,Graded TFT,105,20,0.0,0.0,20.9715625
qwen3_235b_a22b_2507__vs__graded_tft__seed105,Qwen3-235B,Graded TFT,105,21,0.0,0.0,20.9715625
qwen3_235b_a22b_2507__vs__graded_tft__seed105,Qwen3-235B,Graded TFT,105,22,0.0,0.0,20.9715625
qwen3_235b_a22b_2507__vs__graded_tft__seed105,Qwen3-235B,Graded TFT,105,23,0.0,0.0,20.9715625
qwen3_235b_a22b_2507__vs__graded_tft__seed105,Qwen3-235B,Graded TFT,105,24,0.0,0.0,20.9715625
qwen3_235b_a22b_2507__vs__graded_tft__seed105,Qwen3-235B,Graded TFT,105,25,0.0,0.0,20.9715625
qwen3_235b_a22b_2507__vs__graded_tft__seed105,Qwen3-235B,Graded TFT,105,26,0.0,0.0,20.9715625
qwen3_235b_a22b_2507__vs__graded_tft__seed105,Qwen3-235B,Graded TFT,105,27,0.0,0.0,20.9715625
qwen3_235b_a22b_2507__vs__graded_tft__seed105,Qwen3-235B,Graded TFT,105,28,0.0,0.0,20.9715625
qwen3_235b_a22b_2507__vs__graded_tft__seed105,Qwen3-235B,Graded TFT,105,29,0.0,0.0,20.9715625
qwen3_235b_a22b_2507__vs__graded_tft__seed105,Qwen3-235B,Graded TFT,105,30,0.0,0.0,20.9715625
qwen3_235b_a22b_2507__vs__graded_tft__seed105,Qwen3-235B,Graded TFT,105,31,0.0,4.5,25.4715625
qwen3_235b_a22b_2507__vs__graded_tft__seed105,Qwen3-235B,Graded TFT,105,32,0.0,2.25,27.7215625
qwen3_235b_a22b_2507__vs__graded_tft__seed105,Qwen3-235B,Graded TFT,105,33,0.0,0.0,27.7215625
qwen3_235b_a22b_2507__vs__graded_tft__seed105,Qwen3-235B,Graded TFT,105,34,0.0,0.0,27.7215625
qwen3_235b_a22b_2507__vs__graded_tft__seed105,Qwen3-235B,Graded TFT,105,35,0.0,4.5,32.221562500000005
qwen3_235b_a22b_2507__vs__graded_tft__seed105,Qwen3-235B,Graded TFT,105,36,0.0,2.25,34.471562500000005
qwen3_235b_a22b_2507__vs__graded_tft__seed105,Qwen3-235B,Graded TFT,105,37,0.0,0.0,34.471562500000005
qwen3_235b_a22b_2507__vs__graded_tft__seed105,Qwen3-235B,Graded TFT,105,38,0.0,0.0,34.471562500000005
qwen3_235b_a22b_2507__vs__graded_tft__seed105,Qwen3-235B,Graded TFT,105,39,0.0,0.0,34.471562500000005
qwen3_235b_a22b_2507__vs__graded_tft__seed105,Qwen3-235B,Graded TFT,105,40,0.0,0.0,34.471562500000005
qwen3_235b_a22b_2507__vs__graded_tft__seed105,Qwen3-235B,Graded TFT,105,41,0.0,0.0,34.471562500000005
qwen3_235b_a22b_2507__vs__graded_tft__seed105,Qwen3-235B,Graded TFT,105,42,0.0,0.0,34.471562500000005
qwen3_235b_a22b_2507__vs__graded_tft__seed105,Qwen3-235B,Graded TFT,105,43,0.0,4.5,38.971562500000005
qwen3_235b_a22b_2507__vs__graded_tft__seed105,Qwen3-235B,Graded TFT,105,44,0.0,2.25,41.221562500000005
qwen3_235b_a22b_2507__vs__graded_tft__seed105,Qwen3-235B,Graded TFT,105,45,0.0,0.0,41.221562500000005
qwen3_235b_a22b_2507__vs__graded_tft__seed105,Qwen3-235B,Graded TFT,105,46,0.0,0.0,41.221562500000005
qwen3_235b_a22b_2507__vs__graded_tft__seed105,Qwen3-235B,Graded TFT,105,47,0.0,0.0,41.221562500000005
qwen3_235b_a22b_2507__vs__graded_tft__seed105,Qwen3-235B,Graded TFT,105,48,0.0,0.0,41.221562500000005
qwen3_235b_a22b_2507__vs__graded_tft__seed105,Qwen3-235B,Graded TFT,105,49,0.0,0.0,41.221562500000005
qwen3_235b_a22b_2507__vs__graded_tft__seed105,Qwen3-235B,Graded TFT,105,50,0.0,4.5,45.721562500000005
qwen3_235b_a22b_2507__vs__grim_trigger__seed101,Qwen3-235B,Grim Trigger,101,1,0.0,0.0,0.0
qwen3_235b_a22b_2507__vs__grim_trigger__seed101,Qwen3-235B,Grim Trigger,101,2,0.0,0.0,0.0
qwen3_235b_a22b_2507__vs__grim_trigger__seed101,Qwen3-235B,Grim Trigger,101,3,0.0,0.0,0.0
qwen3_235b_a22b_2507__vs__grim_trigger__seed101,Qwen3-235B,Grim Trigger,101,4,0.0,0.0,0.0
qwen3_235b_a22b_2507__vs__grim_trigger__seed101,Qwen3-235B,Grim Trigger,101,5,0.0,0.0,0.0
qwen3_235b_a22b_2507__vs__grim_trigger__seed101,Qwen3-235B,Grim Trigger,101,6,0.0,0.0,0.0
qwen3_235b_a22b_2507__vs__grim_trigger__seed101,Qwen3-235B,Grim Trigger,101,7,0.0,0.0,0.0
qwen3_235b_a22b_2507__vs__grim_trigger__seed101,Qwen3-235B,Grim Trigger,101,8,0.0,0.0,0.0
qwen3_235b_a22b_2507__vs__grim_trigger__seed101,Qwen3-235B,Grim Trigger,101,9,0.0,0.0,0.0
qwen3_235b_a22b_2507__vs__grim_trigger__seed101,Qwen3-235B,Grim Trigger,101,10,0.0,0.0,0.0
qwen3_235b_a22b_2507__vs__grim_trigger__seed101,Qwen3-235B,Grim Trigger,101,11,0.0,0.0,0.0
qwen3_235b_a22b_2507__vs__grim_trigger__seed101,Qwen3-235B,Grim Trigger,101,12,0.0,0.0,0.0
qwen3_235b_a22b_2507__vs__grim_trigger__seed101,Qwen3-235B,Grim Trigger,101,13,0.0,0.0,0.0
qwen3_235b_a22b_2507__vs__grim_trigger__seed101,Qwen3-235B,Grim Trigger,101,14,0.0,0.0,0.0
qwen3_235b_a22b_2507__vs__grim_trigger__seed101,Qwen3-235B,Grim Trigger,101,15,0.0,0.0,0.0
qwen3_235b_a22b_2507__vs__grim_trigger__seed101,Qwen3-235B,Grim Trigger,101,16,0.0,0.0,0.0
qwen3_235b_a22b_2507__vs__grim_trigger__seed101,Qwen3-235B,Grim Trigger,101,17,0.0,0.0,0.0
qwen3_235b_a22b_2507__vs__grim_trigger__seed101,Qwen3-235B,Grim Trigger,101,18,0.0,0.0,0.0
qwen3_235b_a22b_2507__vs__grim_trigger__seed101,Qwen3-235B,Grim Trigger,101,19,0.0,0.0,0.0
qwen3_235b_a22b_2507__vs__grim_trigger__seed101,Qwen3-235B,Grim Trigger,101,20,0.0,0.0,0.0
qwen3_235b_a22b_2507__vs__grim_trigger__seed101,Qwen3-235B,Grim Trigger,101,21,0.0,0.0,0.0
qwen3_235b_a22b_2507__vs__grim_trigger__seed101,Qwen3-235B,Grim Trigger,101,22,0.0,0.0,0.0
qwen3_235b_a22b_2507__vs__grim_trigger__seed101,Qwen3-235B,Grim Trigger,101,23,0.0,0.0,0.0
qwen3_235b_a22b_2507__vs__grim_trigger__seed101,Qwen3-235B,Grim Trigger,101,24,0.0,0.0,0.0
qwen3_235b_a22b_2507__vs__grim_trigger__seed101,Qwen3-235B,Grim Trigger,101,25,0.0,0.0,0.0
qwen3_235b_a22b_2507__vs__grim_trigger__seed101,Qwen3-235B,Grim Trigger,101,26,0.0,0.0,0.0
qwen3_235b_a22b_2507__vs__grim_trigger__seed101,Qwen3-235B,Grim Trigger,101,27,0.0,0.0,0.0
qwen3_235b_a22b_2507__vs__grim_trigger__seed101,Qwen3-235B,Grim Trigger,101,28,0.0,0.0,0.0
qwen3_235b_a22b_2507__vs__grim_trigger__seed101,Qwen3-235B,Grim Trigger,101,29,0.0,0.0,0.0
qwen3_235b_a22b_2507__vs__grim_trigger__seed101,Qwen3-235B,Grim Trigger,101,30,0.0,0.0,0.0
qwen3_235b_a22b_2507__vs__grim_trigger__seed101,Qwen3-235B,Grim Trigger,101,31,0.0,0.0,0.0
qwen3_235b_a22b_2507__vs__grim_trigger__seed101,Qwen3-235B,Grim Trigger,101,32,0.0,0.0,0.0
qwen3_235b_a22b_2507__vs__grim_trigger__seed101,Qwen3-235B,Grim Trigger,101,33,0.0,0.0,0.0
qwen3_235b_a22b_2507__vs__grim_trigger__seed101,Qwen3-235B,Grim Trigger,101,34,0.0,0.0,0.0
qwen3_235b_a22b_2507__vs__grim_trigger__seed101,Qwen3-235B,Grim Trigger,101,35,0.0,0.0,0.0
qwen3_235b_a22b_2507__vs__grim_trigger__seed101,Qwen3-235B,Grim Trigger,101,36,0.0,0.0,0.0
qwen3_235b_a22b_2507__vs__grim_trigger__seed101,Qwen3-235B,Grim Trigger,101,37,0.0,0.0,0.0
qwen3_235b_a22b_2507__vs__grim_trigger__seed101,Qwen3-235B,Grim Trigger,101,38,0.0,0.0,0.0
qwen3_235b_a22b_2507__vs__grim_trigger__seed101,Qwen3-235B,Grim Trigger,101,39,0.0,0.0,0.0
qwen3_235b_a22b_2507__vs__grim_trigger__seed101,Qwen3-235B,Grim Trigger,101,40,0.0,0.0,0.0
qwen3_235b_a22b_2507__vs__grim_trigger__seed101,Qwen3-235B,Grim Trigger,101,41,0.0,0.0,0.0
qwen3_235b_a22b_2507__vs__grim_trigger__seed101,Qwen3-235B,Grim Trigger,101,42,0.0,0.0,0.0
qwen3_235b_a22b_2507__vs__grim_trigger__seed101,Qwen3-235B,Grim Trigger,101,43,0.0,0.0,0.0
qwen3_235b_a22b_2507__vs__grim_trigger__seed101,Qwen3-235B,Grim Trigger,101,44,0.0,0.0,0.0
qwen3_235b_a22b_2507__vs__grim_trigger__seed101,Qwen3-235B,Grim Trigger,101,45,0.0,0.0,0.0
qwen3_235b_a22b_2507__vs__grim_trigger__seed101,Qwen3-235B,Grim Trigger,101,46,0.0,0.0,0.0
qwen3_235b_a22b_2507__vs__grim_trigger__seed101,Qwen3-235B,Grim Trigger,101,47,0.0,0.0,0.0
qwen3_235b_a22b_2507__vs__grim_trigger__seed101,Qwen3-235B,Grim Trigger,101,48,0.0,0.0,0.0
qwen3_235b_a22b_2507__vs__grim_trigger__seed101,Qwen3-235B,Grim Trigger,101,49,0.0,0.0,0.0
qwen3_235b_a22b_2507__vs__grim_trigger__seed101,Qwen3-235B,Grim Trigger,101,50,0.0,0.0,0.0
qwen3_235b_a22b_2507__vs__grim_trigger__seed102,Qwen3-235B,Grim Trigger,102,1,0.0,0.0,0.0
qwen3_235b_a22b_2507__vs__grim_trigger__seed102,Qwen3-235B,Grim Trigger,102,2,0.0,0.0,0.0
qwen3_235b_a22b_2507__vs__grim_trigger__seed102,Qwen3-235B,Grim Trigger,102,3,0.0,0.0,0.0
qwen3_235b_a22b_2507__vs__grim_trigger__seed102,Qwen3-235B,Grim Trigger,102,4,0.0,0.0,0.0
qwen3_235b_a22b_2507__vs__grim_trigger__seed102,Qwen3-235B,Grim Trigger,102,5,0.0,0.0,0.0
qwen3_235b_a22b_2507__vs__grim_trigger__seed102,Qwen3-235B,Grim Trigger,102,6,0.0,0.0,0.0
qwen3_235b_a22b_2507__vs__grim_trigger__seed102,Qwen3-235B,Grim Trigger,102,7,0.0,0.0,0.0
qwen3_235b_a22b_2507__vs__grim_trigger__seed102,Qwen3-235B,Grim Trigger,102,8,0.0,0.0,0.0
qwen3_235b_a22b_2507__vs__grim_trigger__seed102,Qwen3-235B,Grim Trigger,102,9,0.0,0.0,0.0
qwen3_235b_a22b_2507__vs__grim_trigger__seed102,Qwen3-235B,Grim Trigger,102,10,0.0,0.0,0.0
qwen3_235b_a22b_2507__vs__grim_trigger__seed102,Qwen3-235B,Grim Trigger,102,11,0.0,0.0,0.0
qwen3_235b_a22b_2507__vs__grim_trigger__seed102,Qwen3-235B,Grim Trigger,102,12,0.0,0.0,0.0
qwen3_235b_a22b_2507__vs__grim_trigger__seed102,Qwen3-235B,Grim Trigger,102,13,0.0,0.0,0.0
qwen3_235b_a22b_2507__vs__grim_trigger__seed102,Qwen3-235B,Grim Trigger,102,14,0.0,0.0,0.0
qwen3_235b_a22b_2507__vs__grim_trigger__seed102,Qwen3-235B,Grim Trigger,102,15,0.0,0.0,0.0
qwen3_235b_a22b_2507__vs__grim_trigger__seed102,Qwen3-235B,Grim Trigger,102,16,0.0,0.0,0.0
qwen3_235b_a22b_2507__vs__grim_trigger__seed102,Qwen3-235B,Grim Trigger,102,17,0.0,0.0,0.0
qwen3_235b_a22b_2507__vs__grim_trigger__seed102,Qwen3-235B,Grim Trigger,102,18,0.0,0.0,0.0
qwen3_235b_a22b_2507__vs__grim_trigger__seed102,Qwen3-235B,Grim Trigger,102,19,0.0,0.0,0.0
qwen3_235b_a22b_2507__vs__grim_trigger__seed102,Qwen3-235B,Grim Trigger,102,20,0.0,0.0,0.0
qwen3_235b_a22b_2507__vs__grim_trigger__seed102,Qwen3-235B,Grim Trigger,102,21,0.0,0.0,0.0
qwen3_235b_a22b_2507__vs__grim_trigger__seed102,Qwen3-235B,Grim Trigger,102,22,0.0,0.0,0.0
qwen3_235b_a22b_2507__vs__grim_trigger__seed102,Qwen3-235B,Grim Trigger,102,23,0.0,0.0,0.0
qwen3_235b_a22b_2507__vs__grim_trigger__seed102,Qwen3-235B,Grim Trigger,102,24,0.0,0.0,0.0
qwen3_235b_a22b_2507__vs__grim_trigger__seed102,Qwen3-235B,Grim Trigger,102,25,0.0,0.0,0.0
qwen3_235b_a22b_2507__vs__grim_trigger__seed102,Qwen3-235B,Grim Trigger,102,26,0.0,0.0,0.0
qwen3_235b_a22b_2507__vs__grim_trigger__seed102,Qwen3-235B,Grim Trigger,102,27,0.0,0.0,0.0
qwen3_235b_a22b_2507__vs__grim_trigger__seed102,Qwen3-235B,Grim Trigger,102,28,0.0,0.0,0.0
qwen3_235b_a22b_2507__vs__grim_trigger__seed102,Qwen3-235B,Grim Trigger,102,29,0.0,0.0,0.0
qwen3_235b_a22b_2507__vs__grim_trigger__seed102,Qwen3-235B,Grim Trigger,102,30,0.0,0.0,0.0
qwen3_235b_a22b_2507__vs__grim_trigger__seed102,Qwen3-235B,Grim Trigger,102,31,0.0,0.0,0.0
qwen3_235b_a22b_2507__vs__grim_trigger__seed102,Qwen3-235B,Grim Trigger,102,32,0.0,0.0,0.0
qwen3_235b_a22b_2507__vs__grim_trigger__seed102,Qwen3-235B,Grim Trigger,102,33,0.0,0.0,0.0
qwen3_235b_a22b_2507__vs__grim_trigger__seed102,Qwen3-235B,Grim Trigger,102,34,0.0,0.0,0.0
qwen3_235b_a22b_2507__vs__grim_trigger__seed102,Qwen3-235B,Grim Trigger,102,35,0.0,0.0,0.0
qwen3_235b_a22b_2507__vs__grim_trigger__seed102,Qwen3-235B,Grim Trigger,102,36,0.0,0.0,0.0
qwen3_235b_a22b_2507__vs__grim_trigger__seed102,Qwen3-235B,Grim Trigger,102,37,0.0,0.0,0.0
qwen3_235b_a22b_2507__vs__grim_trigger__seed102,Qwen3-235B,Grim Trigger,102,38,0.0,0.0,0.0
qwen3_235b_a22b_2507__vs__grim_trigger__seed102,Qwen3-235B,Grim Trigger,102,39,0.0,0.0,0.0
qwen3_235b_a22b_2507__vs__grim_trigger__seed102,Qwen3-235B,Grim Trigger,102,40,0.0,0.0,0.0
qwen3_235b_a22b_2507__vs__grim_trigger__seed102,Qwen3-235B,Grim Trigger,102,41,0.0,0.0,0.0
qwen3_235b_a22b_2507__vs__grim_trigger__seed102,Qwen3-235B,Grim Trigger,102,42,0.0,0.0,0.0
qwen3_235b_a22b_2507__vs__grim_trigger__seed102,Qwen3-235B,Grim Trigger,102,43,0.0,0.0,0.0
qwen3_235b_a22b_2507__vs__grim_trigger__seed102,Qwen3-235B,Grim Trigger,102,44,0.0,0.0,0.0
qwen3_235b_a22b_2507__vs__grim_trigger__seed102,Qwen3-235B,Grim Trigger,102,45,0.0,0.0,0.0
qwen3_235b_a22b_2507__vs__grim_trigger__seed102,Qwen3-235B,Grim Trigger,102,46,0.0,0.0,0.0
qwen3_235b_a22b_2507__vs__grim_trigger__seed102,Qwen3-235B,Grim Trigger,102,47,0.0,0.0,0.0
qwen3_235b_a22b_2507__vs__grim_trigger__seed102,Qwen3-235B,Grim Trigger,102,48,0.0,0.0,0.0
qwen3_235b_a22b_2507__vs__grim_trigger__seed102,Qwen3-235B,Grim Trigger,102,49,0.0,0.0,0.0
qwen3_235b_a22b_2507__vs__grim_trigger__seed102,Qwen3-235B,Grim Trigger,102,50,0.0,0.0,0.0
qwen3_235b_a22b_2507__vs__grim_trigger__seed103,Qwen3-235B,Grim Trigger,103,1,0.0,0.0,0.0
qwen3_235b_a22b_2507__vs__grim_trigger__seed103,Qwen3-235B,Grim Trigger,103,2,0.0,0.0,0.0
qwen3_235b_a22b_2507__vs__grim_trigger__seed103,Qwen3-235B,Grim Trigger,103,3,0.0,0.0,0.0
qwen3_235b_a22b_2507__vs__grim_trigger__seed103,Qwen3-235B,Grim Trigger,103,4,0.0,0.0,0.0
qwen3_235b_a22b_2507__vs__grim_trigger__seed103,Qwen3-235B,Grim Trigger,103,5,0.0,0.0,0.0
qwen3_235b_a22b_2507__vs__grim_trigger__seed103,Qwen3-235B,Grim Trigger,103,6,0.0,0.0,0.0
qwen3_235b_a22b_2507__vs__grim_trigger__seed103,Qwen3-235B,Grim Trigger,103,7,0.0,0.0,0.0
qwen3_235b_a22b_2507__vs__grim_trigger__seed103,Qwen3-235B,Grim Trigger,103,8,0.0,0.0,0.0
qwen3_235b_a22b_2507__vs__grim_trigger__seed103,Qwen3-235B,Grim Trigger,103,9,0.0,0.0,0.0
qwen3_235b_a22b_2507__vs__grim_trigger__seed103,Qwen3-235B,Grim Trigger,103,10,0.0,0.0,0.0
qwen3_235b_a22b_2507__vs__grim_trigger__seed103,Qwen3-235B,Grim Trigger,103,11,0.0,0.0,0.0
qwen3_235b_a22b_2507__vs__grim_trigger__seed103,Qwen3-235B,Grim Trigger,103,12,0.0,0.0,0.0
qwen3_235b_a22b_2507__vs__grim_trigger__seed103,Qwen3-235B,Grim Trigger,103,13,0.0,0.0,0.0
qwen3_235b_a22b_2507__vs__grim_trigger__seed103,Qwen3-235B,Grim Trigger,103,14,0.0,0.0,0.0
qwen3_235b_a22b_2507__vs__grim_trigger__seed103,Qwen3-235B,Grim Trigger,103,15,0.0,0.0,0.0
qwen3_235b_a22b_2507__vs__grim_trigger__seed103,Qwen3-235B,Grim Trigger,103,16,0.0,0.0,0.0
qwen3_235b_a22b_2507__vs__grim_trigger__seed103,Qwen3-235B,Grim Trigger,103,17,0.0,0.0,0.0
qwen3_235b_a22b_2507__vs__grim_trigger__seed103,Qwen3-235B,Grim Trigger,103,18,0.0,0.0,0.0
qwen3_235b_a22b_2507__vs__grim_trigger__seed103,Qwen3-235B,Grim Trigger,103,19,0.0,0.0,0.0
qwen3_235b_a22b_2507__vs__grim_trigger__seed103,Qwen3-235B,Grim Trigger,103,20,0.0,0.0,0.0
qwen3_235b_a22b_2507__vs__grim_trigger__seed103,Qwen3-235B,Grim Trigger,103,21,0.0,0.0,0.0
qwen3_235b_a22b_2507__vs__grim_trigger__seed103,Qwen3-235B,Grim Trigger,103,22,0.0,0.0,0.0
qwen3_235b_a22b_2507__vs__grim_trigger__seed103,Qwen3-235B,Grim Trigger,103,23,0.0,0.0,0.0
qwen3_235b_a22b_2507__vs__grim_trigger__seed103,Qwen3-235B,Grim Trigger,103,24,0.0,0.0,0.0
qwen3_235b_a22b_2507__vs__grim_trigger__seed103,Qwen3-235B,Grim Trigger,103,25,0.0,0.0,0.0
qwen3_235b_a22b_2507__vs__grim_trigger__seed103,Qwen3-235B,Grim Trigger,103,26,0.0,0.0,0.0
qwen3_235b_a22b_2507__vs__grim_trigger__seed103,Qwen3-235B,Grim Trigger,103,27,0.0,0.0,0.0
qwen3_235b_a22b_2507__vs__grim_trigger__seed103,Qwen3-235B,Grim Trigger,103,28,0.0,0.0,0.0
qwen3_235b_a22b_2507__vs__grim_trigger__seed103,Qwen3-235B,Grim Trigger,103,29,0.0,0.0,0.0
qwen3_235b_a22b_2507__vs__grim_trigger__seed103,Qwen3-235B,Grim Trigger,103,30,0.0,0.0,0.0
qwen3_235b_a22b_2507__vs__grim_trigger__seed103,Qwen3-235B,Grim Trigger,103,31,0.0,0.0,0.0
qwen3_235b_a22b_2507__vs__grim_trigger__seed103,Qwen3-235B,Grim Trigger,103,32,0.0,0.0,0.0
qwen3_235b_a22b_2507__vs__grim_trigger__seed103,Qwen3-235B,Grim Trigger,103,33,0.0,0.0,0.0
qwen3_235b_a22b_2507__vs__grim_trigger__seed103,Qwen3-235B,Grim Trigger,103,34,0.0,0.0,0.0
qwen3_235b_a22b_2507__vs__grim_trigger__seed103,Qwen3-235B,Grim Trigger,103,35,0.0,0.0,0.0
qwen3_235b_a22b_2507__vs__grim_trigger__seed103,Qwen3-235B,Grim Trigger,103,36,0.0,0.0,0.0
qwen3_235b_a22b_2507__vs__grim_trigger__seed103,Qwen3-235B,Grim Trigger,103,37,0.0,0.0,0.0
qwen3_235b_a22b_2507__vs__grim_trigger__seed103,Qwen3-235B,Grim Trigger,103,38,0.0,0.0,0.0
qwen3_235b_a22b_2507__vs__grim_trigger__seed103,Qwen3-235B,Grim Trigger,103,39,0.0,0.0,0.0
qwen3_235b_a22b_2507__vs__grim_trigger__seed103,Qwen3-235B,Grim Trigger,103,40,0.0,0.0,0.0
qwen3_235b_a22b_2507__vs__grim_trigger__seed103,Qwen3-235B,Grim Trigger,103,41,0.0,0.0,0.0
qwen3_235b_a22b_2507__vs__grim_trigger__seed103,Qwen3-235B,Grim Trigger,103,42,0.0,0.0,0.0
qwen3_235b_a22b_2507__vs__grim_trigger__seed103,Qwen3-235B,Grim Trigger,103,43,0.0,0.0,0.0
qwen3_235b_a22b_2507__vs__grim_trigger__seed103,Qwen3-235B,Grim Trigger,103,44,0.0,0.0,0.0
qwen3_235b_a22b_2507__vs__grim_trigger__seed103,Qwen3-235B,Grim Trigger,103,45,0.0,0.0,0.0
qwen3_235b_a22b_2507__vs__grim_trigger__seed103,Qwen3-235B,Grim Trigger,103,46,0.0,0.0,0.0
qwen3_235b_a22b_2507__vs__grim_trigger__seed103,Qwen3-235B,Grim Trigger,103,47,0.0,0.0,0.0
qwen3_235b_a22b_2507__vs__grim_trigger__seed103,Qwen3-235B,Grim Trigger,103,48,0.0,0.0,0.0
qwen3_235b_a22b_2507__vs__grim_trigger__seed103,Qwen3-235B,Grim Trigger,103,49,0.0,0.0,0.0
qwen3_235b_a22b_2507__vs__grim_trigger__seed103,Qwen3-235B,Grim Trigger,103,50,0.0,0.0,0.0
qwen3_235b_a22b_2507__vs__grim_trigger__seed104,Qwen3-235B,Grim Trigger,104,1,0.0,0.0,0.0
qwen3_235b_a22b_2507__vs__grim_trigger__seed104,Qwen3-235B,Grim Trigger,104,2,0.0,0.0,0.0
qwen3_235b_a22b_2507__vs__grim_trigger__seed104,Qwen3-235B,Grim Trigger,104,3,0.0,0.0,0.0
qwen3_235b_a22b_2507__vs__grim_trigger__seed104,Qwen3-235B,Grim Trigger,104,4,0.0,0.0,0.0
qwen3_235b_a22b_2507__vs__grim_trigger__seed104,Qwen3-235B,Grim Trigger,104,5,0.0,0.0,0.0
qwen3_235b_a22b_2507__vs__grim_trigger__seed104,Qwen3-235B,Grim Trigger,104,6,0.0,0.0,0.0
qwen3_235b_a22b_2507__vs__grim_trigger__seed104,Qwen3-235B,Grim Trigger,104,7,0.0,0.0,0.0
qwen3_235b_a22b_2507__vs__grim_trigger__seed104,Qwen3-235B,Grim Trigger,104,8,0.0,0.0,0.0
qwen3_235b_a22b_2507__vs__grim_trigger__seed104,Qwen3-235B,Grim Trigger,104,9,0.0,0.0,0.0
qwen3_235b_a22b_2507__vs__grim_trigger__seed104,Qwen3-235B,Grim Trigger,104,10,0.0,0.0,0.0
qwen3_235b_a22b_2507__vs__grim_trigger__seed104,Qwen3-235B,Grim Trigger,104,11,0.0,0.0,0.0
qwen3_235b_a22b_2507__vs__grim_trigger__seed104,Qwen3-235B,Grim Trigger,104,12,0.0,0.0,0.0
qwen3_235b_a22b_2507__vs__grim_trigger__seed104,Qwen3-235B,Grim Trigger,104,13,0.0,0.0,0.0
qwen3_235b_a22b_2507__vs__grim_trigger__seed104,Qwen3-235B,Grim Trigger,104,14,0.0,0.0,0.0
qwen3_235b_a22b_2507__vs__grim_trigger__seed104,Qwen3-235B,Grim Trigger,104,15,0.0,0.0,0.0
qwen3_235b_a22b_2507__vs__grim_trigger__seed104,Qwen3-235B,Grim Trigger,104,16,0.0,0.0,0.0
qwen3_235b_a22b_2507__vs__grim_trigger__seed104,Qwen3-235B,Grim Trigger,104,17,0.0,0.0,0.0
qwen3_235b_a22b_2507__vs__grim_trigger__seed104,Qwen3-235B,Grim Trigger,104,18,0.0,0.0,0.0
qwen3_235b_a22b_2507__vs__grim_trigger__seed104,Qwen3-235B,Grim Trigger,104,19,0.0,0.0,0.0
qwen3_235b_a22b_2507__vs__grim_trigger__seed104,Qwen3-235B,Grim Trigger,104,20,0.0,0.0,0.0
qwen3_235b_a22b_2507__vs__grim_trigger__seed104,Qwen3-235B,Grim Trigger,104,21,0.0,0.0,0.0
qwen3_235b_a22b_2507__vs__grim_trigger__seed104,Qwen3-235B,Grim Trigger,104,22,0.0,0.0,0.0
qwen3_235b_a22b_2507__vs__grim_trigger__seed104,Qwen3-235B,Grim Trigger,104,23,0.0,0.0,0.0
qwen3_235b_a22b_2507__vs__grim_trigger__seed104,Qwen3-235B,Grim Trigger,104,24,0.0,0.0,0.0
qwen3_235b_a22b_2507__vs__grim_trigger__seed104,Qwen3-235B,Grim Trigger,104,25,0.0,0.0,0.0
qwen3_235b_a22b_2507__vs__grim_trigger__seed104,Qwen3-235B,Grim Trigger,104,26,0.0,0.0,0.0
qwen3_235b_a22b_2507__vs__grim_trigger__seed104,Qwen3-235B,Grim Trigger,104,27,0.0,0.0,0.0
qwen3_235b_a22b_2507__vs__grim_trigger__seed104,Qwen3-235B,Grim Trigger,104,28,0.0,0.0,0.0
qwen3_235b_a22b_2507__vs__grim_trigger__seed104,Qwen3-235B,Grim Trigger,104,29,0.0,0.0,0.0
qwen3_235b_a22b_2507__vs__grim_trigger__seed104,Qwen3-235B,Grim Trigger,104,30,0.0,0.0,0.0
qwen3_235b_a22b_2507__vs__grim_trigger__seed104,Qwen3-235B,Grim Trigger,104,31,0.0,0.0,0.0
qwen3_235b_a22b_2507__vs__grim_trigger__seed104,Qwen3-235B,Grim Trigger,104,32,0.0,0.0,0.0
qwen3_235b_a22b_2507__vs__grim_trigger__seed104,Qwen3-235B,Grim Trigger,104,33,0.0,0.0,0.0
qwen3_235b_a22b_2507__vs__grim_trigger__seed104,Qwen3-235B,Grim Trigger,104,34,0.0,0.0,0.0
qwen3_235b_a22b_2507__vs__grim_trigger__seed104,Qwen3-235B,Grim Trigger,104,35,0.0,0.0,0.0
qwen3_235b_a22b_2507__vs__grim_trigger__seed104,Qwen3-235B,Grim Trigger,104,36,0.0,0.0,0.0
qwen3_235b_a22b_2507__vs__grim_trigger__seed104,Qwen3-235B,Grim Trigger,104,37,0.0,0.0,0.0
qwen3_235b_a22b_2507__vs__grim_trigger__seed104,Qwen3-235B,Grim Trigger,104,38,0.0,0.0,0.0
qwen3_235b_a22b_2507__vs__grim_trigger__seed104,Qwen3-235B,Grim Trigger,104,39,0.0,0.0,0.0
qwen3_235b_a22b_2507__vs__grim_trigger__seed104,Qwen3-235B,Grim Trigger,104,40,0.0,0.0,0.0
qwen3_235b_a22b_2507__vs__grim_trigger__seed104,Qwen3-235B,Grim Trigger,104,41,0.0,0.0,0.0
qwen3_235b_a22b_2507__vs__grim_trigger__seed104,Qwen3-235B,Grim Trigger,104,42,0.0,0.0,0.0
qwen3_235b_a22b_2507__vs__grim_trigger__seed104,Qwen3-235B,Grim Trigger,104,43,0.0,0.0,0.0
qwen3_235b_a22b_2507__vs__grim_trigger__seed104,Qwen3-235B,Grim Trigger,104,44,0.0,0.0,0.0
qwen3_235b_a22b_2507__vs__grim_trigger__seed104,Qwen3-235B,Grim Trigger,104,45,0.0,0.0,0.0
qwen3_235b_a22b_2507__vs__grim_trigger__seed104,Qwen3-235B,Grim Trigger,104,46,0.0,0.0,0.0
qwen3_235b_a22b_2507__vs__grim_trigger__seed104,Qwen3-235B,Grim Trigger,104,47,0.0,0.0,0.0
qwen3_235b_a22b_2507__vs__grim_trigger__seed104,Qwen3-235B,Grim Trigger,104,48,0.0,0.0,0.0
qwen3_235b_a22b_2507__vs__grim_trigger__seed104,Qwen3-235B,Grim Trigger,104,49,0.0,0.0,0.0
qwen3_235b_a22b_2507__vs__grim_trigger__seed104,Qwen3-235B,Grim Trigger,104,50,0.0,0.0,0.0
qwen3_235b_a22b_2507__vs__grim_trigger__seed105,Qwen3-235B,Grim Trigger,105,1,0.0,0.0,0.0
qwen3_235b_a22b_2507__vs__grim_trigger__seed105,Qwen3-235B,Grim Trigger,105,2,0.0,0.0,0.0
qwen3_235b_a22b_2507__vs__grim_trigger__seed105,Qwen3-235B,Grim Trigger,105,3,0.0,0.0,0.0
qwen3_235b_a22b_2507__vs__grim_trigger__seed105,Qwen3-235B,Grim Trigger,105,4,0.0,0.0,0.0
qwen3_235b_a22b_2507__vs__grim_trigger__seed105,Qwen3-235B,Grim Trigger,105,5,0.0,0.0,0.0
qwen3_235b_a22b_2507__vs__grim_trigger__seed105,Qwen3-235B,Grim Trigger,105,6,0.0,0.0,0.0
qwen3_235b_a22b_2507__vs__grim_trigger__seed105,Qwen3-235B,Grim Trigger,105,7,0.0,0.0,0.0
qwen3_235b_a22b_2507__vs__grim_trigger__seed105,Qwen3-235B,Grim Trigger,105,8,0.0,0.0,0.0
qwen3_235b_a22b_2507__vs__grim_trigger__seed105,Qwen3-235B,Grim Trigger,105,9,0.0,0.0,0.0
qwen3_235b_a22b_2507__vs__grim_trigger__seed105,Qwen3-235B,Grim Trigger,105,10,0.0,0.0,0.0
qwen3_235b_a22b_2507__vs__grim_trigger__seed105,Qwen3-235B,Grim Trigger,105,11,0.0,0.0,0.0
qwen3_235b_a22b_2507__vs__grim_trigger__seed105,Qwen3-235B,Grim Trigger,105,12,0.0,0.0,0.0
qwen3_235b_a22b_2507__vs__grim_trigger__seed105,Qwen3-235B,Grim Trigger,105,13,0.0,0.0,0.0
qwen3_235b_a22b_2507__vs__grim_trigger__seed105,Qwen3-235B,Grim Trigger,105,14,0.0,0.0,0.0
qwen3_235b_a22b_2507__vs__grim_trigger__seed105,Qwen3-235B,Grim Trigger,105,15,0.0,0.0,0.0
qwen3_235b_a22b_2507__vs__grim_trigger__seed105,Qwen3-235B,Grim Trigger,105,16,0.0,0.0,0.0
qwen3_235b_a22b_2507__vs__grim_trigger__seed105,Qwen3-235B,Grim Trigger,105,17,0.0,0.0,0.0
qwen3_235b_a22b_2507__vs__grim_trigger__seed105,Qwen3-235B,Grim Trigger,105,18,0.0,0.0,0.0
qwen3_235b_a22b_2507__vs__grim_trigger__seed105,Qwen3-235B,Grim Trigger,105,19,0.0,0.0,0.0
qwen3_235b_a22b_2507__vs__grim_trigger__seed105,Qwen3-235B,Grim Trigger,105,20,0.0,0.0,0.0
qwen3_235b_a22b_2507__vs__grim_trigger__seed105,Qwen3-235B,Grim Trigger,105,21,0.0,0.0,0.0
qwen3_235b_a22b_2507__vs__grim_trigger__seed105,Qwen3-235B,Grim Trigger,105,22,0.0,0.0,0.0
qwen3_235b_a22b_2507__vs__grim_trigger__seed105,Qwen3-235B,Grim Trigger,105,23,0.0,0.0,0.0
qwen3_235b_a22b_2507__vs__grim_trigger__seed105,Qwen3-235B,Grim Trigger,105,24,0.0,0.0,0.0
qwen3_235b_a22b_2507__vs__grim_trigger__seed105,Qwen3-235B,Grim Trigger,105,25,0.0,0.0,0.0
qwen3_235b_a22b_2507__vs__grim_trigger__seed105,Qwen3-235B,Grim Trigger,105,26,0.0,0.0,0.0
qwen3_235b_a22b_2507__vs__grim_trigger__seed105,Qwen3-235B,Grim Trigger,105,27,0.0,0.0,0.0
qwen3_235b_a22b_2507__vs__grim_trigger__seed105,Qwen3-235B,Grim Trigger,105,28,0.0,0.0,0.0
qwen3_235b_a22b_2507__vs__grim_trigger__seed105,Qwen3-235B,Grim Trigger,105,29,0.0,0.0,0.0
qwen3_235b_a22b_2507__vs__grim_trigger__seed105,Qwen3-235B,Grim Trigger,105,30,0.0,0.0,0.0
qwen3_235b_a22b_2507__vs__grim_trigger__seed105,Qwen3-235B,Grim Trigger,105,31,0.0,0.0,0.0
qwen3_235b_a22b_2507__vs__grim_trigger__seed105,Qwen3-235B,Grim Trigger,105,32,0.0,0.0,0.0
qwen3_235b_a22b_2507__vs__grim_trigger__seed105,Qwen3-235B,Grim Trigger,105,33,0.0,0.0,0.0
qwen3_235b_a22b_2507__vs__grim_trigger__seed105,Qwen3-235B,Grim Trigger,105,34,0.0,0.0,0.0
qwen3_235b_a22b_2507__vs__grim_trigger__seed105,Qwen3-235B,Grim Trigger,105,35,0.0,0.0,0.0
qwen3_235b_a22b_2507__vs__grim_trigger__seed105,Qwen3-235B,Grim Trigger,105,36,0.0,0.0,0.0
qwen3_235b_a22b_2507__vs__grim_trigger__seed105,Qwen3-235B,Grim Trigger,105,37,0.0,0.0,0.0
qwen3_235b_a22b_2507__vs__grim_trigger__seed105,Qwen3-235B,Grim Trigger,105,38,0.0,0.0,0.0
qwen3_235b_a22b_2507__vs__grim_trigger__seed105,Qwen3-235B,Grim Trigger,105,39,0.0,0.0,0.0
qwen3_235b_a22b_2507__vs__grim_trigger__seed105,Qwen3-235B,Grim Trigger,105,40,0.0,0.0,0.0
qwen3_235b_a22b_2507__vs__grim_trigger__seed105,Qwen3-235B,Grim Trigger,105,41,0.0,0.0,0.0
qwen3_235b_a22b_2507__vs__grim_trigger__seed105,Qwen3-235B,Grim Trigger,105,42,0.0,0.0,0.0
qwen3_235b_a22b_2507__vs__grim_trigger__seed105,Qwen3-235B,Grim Trigger,105,43,0.0,0.0,0.0
qwen3_235b_a22b_2507__vs__grim_trigger__seed105,Qwen3-235B,Grim Trigger,105,44,0.0,0.0,0.0
qwen3_235b_a22b_2507__vs__grim_trigger__seed105,Qwen3-235B,Grim Trigger,105,45,0.0,0.0,0.0
qwen3_235b_a22b_2507__vs__grim_trigger__seed105,Qwen3-235B,Grim Trigger,105,46,0.0,0.0,0.0
qwen3_235b_a22b_2507__vs__grim_trigger__seed105,Qwen3-235B,Grim Trigger,105,47,0.0,0.0,0.0
qwen3_235b_a22b_2507__vs__grim_trigger__seed105,Qwen3-235B,Grim Trigger,105,48,0.0,0.0,0.0
qwen3_235b_a22b_2507__vs__grim_trigger__seed105,Qwen3-235B,Grim Trigger,105,49,0.0,0.0,0.0
qwen3_235b_a22b_2507__vs__grim_trigger__seed105,Qwen3-235B,Grim Trigger,105,50,0.0,0.0,0.0
qwen3_235b_a22b_2507__vs__random_uniform__seed101,Qwen3-235B,Random,101,1,0.0,0.0,0.0
qwen3_235b_a22b_2507__vs__random_uniform__seed101,Qwen3-235B,Random,101,2,0.0,5.90375,5.90375
qwen3_235b_a22b_2507__vs__random_uniform__seed101,Qwen3-235B,Random,101,3,0.0,5.829375,11.733125
qwen3_235b_a22b_2507__vs__random_uniform__seed101,Qwen3-235B,Random,101,4,0.0,11.524583333333332,23.257708333333333
qwen3_235b_a22b_2507__vs__random_uniform__seed101,Qwen3-235B,Random,101,5,0.0,11.419583333333332,34.67729166666666
qwen3_235b_a22b_2507__vs__random_uniform__seed101,Qwen3-235B,Random,101,6,0.0,8.499062499999999,43.17635416666666
qwen3_235b_a22b_2507__vs__random_uniform__seed101,Qwen3-235B,Random,101,7,0.0,8.436718749999997,51.61307291666666
qwen3_235b_a22b_2507__vs__random_uniform__seed101,Qwen3-235B,Random,101,8,0.0,5.584479166666665,57.19755208333333
qwen3_235b_a22b_2507__vs__random_uniform__seed101,Qwen3-235B,Random,101,9,0.0,0.0,57.19755208333333
qwen3_235b_a22b_2507__vs__random_uniform__seed101,Qwen3-235B,Random,101,10,0.0,8.252031249999996,65.44958333333332
qwen3_235b_a22b_2507__vs__random_uniform__seed101,Qwen3-235B,Random,101,11,0.0,5.462526041666664,70.91210937499999
qwen3_235b_a22b_2507__vs__random_uniform__seed101,Qwen3-235B,Random,101,12,0.0,0.0,70.91210937499999
qwen3_235b_a22b_2507__vs__random_uniform__seed101,Qwen3-235B,Random,101,13,0.0,10.747864583333328,81.65997395833331
qwen3_235b_a22b_2507__vs__random_uniform__seed101,Qwen3-235B,Random,101,14,0.0,5.324166666666664,86.98414062499998
qwen3_235b_a22b_2507__vs__random_uniform__seed101,Qwen3-235B,Random,101,15,0.0,7.907499999999995,94.89164062499998
qwen3_235b_a22b_2507__vs__random_uniform__seed101,Qwen3-235B,Random,101,16,0.0,10.438333333333327,105.32997395833331
qwen3_235b_a22b_2507__vs__random_uniform__seed101,Qwen3-235B,Random,101,17,1.0,-5.413932291666669,99.91604166666664
qwen3_235b_a22b_2507__vs__random_uniform__seed101,Qwen3-235B,Random,101,18,0.0,7.704062499999996,107.62010416666664
qwen3_235b_a22b_2507__vs__random_uniform__seed101,Qwen3-235B,Random,101,19,0.75,-0.9000520833333363,106.7200520833333
qwen3_235b_a22b_2507__vs__random_uniform__seed101,Qwen3-235B,Random,101,20,0.75,-0.617382336455842,106.10266974687745
qwen3_235b_a22b_2507__vs__random_uniform__seed101,Qwen3-235B,Random,101,21,0.75,5.284334067710882,111.38700381458834
qwen3_235b_a22b_2507__vs__random_uniform__seed101,Qwen3-235B,Random,101,22,0.75,-6.0,105.38700381458834
qwen3_235b_a22b_2507__vs__random_uniform__seed101,Qwen3-235B,Random,101,23,0.0,10.097083333333327,115.48408714792167
qwen3_235b_a22b_2507__vs__random_uniform__seed101,Qwen3-235B,Random,101,24,1.0,-8.0,107.48408714792167
qwen3_235b_a22b_2507__vs__random_uniform__seed101,Qwen3-235B,Random,101,25,0.0,2.5237239583333313,110.007811106255
qwen3_235b_a22b_2507__vs__random_uniform__seed101,Qwen3-235B,Random,101,26,0.0,7.558046874999993,117.565857981255
qwen3_235b_a22b_2507__vs__random_uniform__seed101,Qwen3-235B,Random,101,27,0.0,10.059895833333325,127.62575381458832
qwen3_235b_a22b_2507__vs__random_uniform__seed101,Qwen3-235B,Random,101,28,0.0,10.036927083333325,137.66268089792163
qwen3_235b_a22b_2507__vs__random_uniform__seed101,Qwen3-235B,Random,101,29,0.0,10.008489583333324,147.67117048125496
qwen3_235b_a22b_2507__vs__random_uniform__seed101,Qwen3-235B,Random,101,30,0.0,2.490911458333331,150.1620819395883
qwen3_235b_a22b_2507__vs__random_uniform__seed101,Qwen3-235B,Random,101,31,0.0,9.907864583333323,160.0699465229216
qwen3_235b_a22b_2507__vs__random_uniform__seed101,Qwen3-235B,Random,101,32,0.0,7.389062499999992,167.4590090229216
qwen3_235b_a22b_2507__vs__random_uniform__seed101,Qwen3-235B,Random,101,33,0.0,9.790833333333323,177.24984235625493
qwen3_235b_a22b_2507__vs__random_uniform__seed101,Qwen3-235B,Random,101,34,0.0,2.4364973958333307,179.68633975208826
qwen3_235b_a22b_2507__vs__random_uniform__seed101,Qwen3-235B,Random,101,35,0.0,2.4225520833333305,182.1088918354216
qwen3_235b_a22b_2507__vs__random_uniform__seed101,Qwen3-235B,Random,101,36,0.0,2.4045052083333305,184.5133970437549
qwen3_235b_a22b_2507__vs__random_uniform__seed101,Qwen3-235B,Random,101,37,0.0,4.764713541666661,189.27811058542156
qwen3_235b_a22b_2507__vs__random_uniform__seed101,Qwen3-235B,Random,101,38,0.0,9.429895833333322,198.70800641875488
qwen3_235b_a22b_2507__vs__random_uniform__seed101,Qwen3-235B,Random,101,39,0.0,9.346770833333322,208.0547772520882
qwen3_235b_a22b_2507__vs__random_uniform__seed101,Qwen3-235B,Random,101,40,0.0,2.3159114583333302,210.37068871042152
qwen3_235b_a22b_2507__vs__random_uniform__seed101,Qwen3-235B,Random,101,41,0.0,9.169583333333321,219.54027204375484
qwen3_235b_a22b_2507__vs__random_uniform__seed101,Qwen3-235B,Random,101,42,0.0,4.537760416666661,224.0780324604215
qwen3_235b_a22b_2507__vs__random_uniform__seed101,Qwen3-235B,Random,101,43,0.0,0.0,224.0780324604215
qwen3_235b_a22b_2507__vs__random_uniform__seed101,Qwen3-235B,Random,101,44,0.0,4.5,228.5780324604215
qwen3_235b_a22b_2507__vs__random_uniform__seed101,Qwen3-235B,Random,101,45,0.0,6.75,235.3280324604215
qwen3_235b_a22b_2507__vs__random_uniform__seed101,Qwen3-235B,Random,101,46,0.0,4.5,239.8280324604215
qwen3_235b_a22b_2507__vs__random_uniform__seed101,Qwen3-235B,Random,101,47,0.0,6.75,246.5780324604215
qwen3_235b_a22b_2507__vs__random_uniform__seed101,Qwen3-235B,Random,101,48,0.0,6.75,253.3280324604215
qwen3_235b_a22b_2507__vs__random_uniform__seed101,Qwen3-235B,Random,101,49,0.0,2.25,255.5780324604215
qwen3_235b_a22b_2507__vs__random_uniform__seed101,Qwen3-235B,Random,101,50,0.0,2.25,257.82803246042147
qwen3_235b_a22b_2507__vs__random_uniform__seed102,Qwen3-235B,Random,102,1,0.0,9.0,9.0
qwen3_235b_a22b_2507__vs__random_uniform__seed102,Qwen3-235B,Random,102,2,0.0,8.954062500000001,17.9540625
qwen3_235b_a22b_2507__vs__random_uniform__seed102,Qwen3-235B,Random,102,3,0.0,8.908125000000002,26.8621875
qwen3_235b_a22b_2507__vs__random_uniform__seed102,Qwen3-235B,Random,102,4,0.0,5.908125000000001,32.7703125
qwen3_235b_a22b_2507__vs__random_uniform__seed102,Qwen3-235B,Random,102,5,0.0,8.816250000000002,41.58656250000001
qwen3_235b_a22b_2507__vs__random_uniform__seed102,Qwen3-235B,Random,102,6,0.0,8.770312500000003,50.35687500000001
qwen3_235b_a22b_2507__vs__random_uniform__seed102,Qwen3-235B,Random,102,7,0.0,11.632500000000004,61.98937500000001
qwen3_235b_a22b_2507__vs__random_uniform__seed102,Qwen3-235B,Random,102,8,0.0,11.577500000000004,73.56687500000001
qwen3_235b_a22b_2507__vs__random_uniform__seed102,Qwen3-235B,Random,102,9,0.0,0.0,73.56687500000001
qwen3_235b_a22b_2507__vs__random_uniform__seed102,Qwen3-235B,Random,102,10,0.0,0.0,73.56687500000001
qwen3_235b_a22b_2507__vs__random_uniform__seed102,Qwen3-235B,Random,102,11,0.0,11.377343750000003,84.94421875000002
qwen3_235b_a22b_2507__vs__random_uniform__seed102,Qwen3-235B,Random,102,12,0.0,8.474765625000002,93.41898437500002
qwen3_235b_a22b_2507__vs__random_uniform__seed102,Qwen3-235B,Random,102,13,0.0,8.416523437500002,101.83550781250003
qwen3_235b_a22b_2507__vs__random_uniform__seed102,Qwen3-235B,Random,102,14,0.0,2.7860937500000005,104.62160156250003
qwen3_235b_a22b_2507__vs__random_uniform__seed102,Qwen3-235B,Random,102,15,0.0,0.0,104.62160156250003
qwen3_235b_a22b_2507__vs__random_uniform__seed102,Qwen3-235B,Random,102,16,0.0,8.208984375000002,112.83058593750003
qwen3_235b_a22b_2507__vs__random_uniform__seed102,Qwen3-235B,Random,102,17,0.0,0.0,112.83058593750003
qwen3_235b_a22b_2507__vs__random_uniform__seed102,Qwen3-235B,Random,102,18,0.0,2.6783593750000008,115.50894531250003
qwen3_235b_a22b_2507__vs__random_uniform__seed102,Qwen3-235B,Random,102,19,0.0,0.0,115.50894531250003
qwen3_235b_a22b_2507__vs__random_uniform__seed102,Qwen3-235B,Random,102,20,0.0,7.852968750000001,123.36191406250003
qwen3_235b_a22b_2507__vs__random_uniform__seed102,Qwen3-235B,Random,102,21,0.0,7.753710937500001,131.11562500000002
qwen3_235b_a22b_2507__vs__random_uniform__seed102,Qwen3-235B,Random,102,22,0.0,5.1029687500000005,136.21859375000003
qwen3_235b_a22b_2507__vs__random_uniform__seed102,Qwen3-235B,Random,102,23,0.0,0.0,136.21859375000003
qwen3_235b_a22b_2507__vs__random_uniform__seed102,Qwen3-235B,Random,102,24,0.0,2.488046875,138.70664062500003
qwen3_235b_a22b_2507__vs__random_uniform__seed102,Qwen3-235B,Random,102,25,0.0,9.814375,148.52101562500005
qwen3_235b_a22b_2507__vs__random_uniform__seed102,Qwen3-235B,Random,102,26,0.0,0.0,148.52101562500005
qwen3_235b_a22b_2507__vs__random_uniform__seed102,Qwen3-235B,Random,102,27,0.0,7.182773437500001,155.70378906250005
qwen3_235b_a22b_2507__vs__random_uniform__seed102,Qwen3-235B,Random,102,28,0.0,2.3680078125,158.07179687500005
qwen3_235b_a22b_2507__vs__random_uniform__seed102,Qwen3-235B,Random,102,29,0.0,2.3390234375000003,160.41082031250005
qwen3_235b_a22b_2507__vs__random_uniform__seed102,Qwen3-235B,Random,102,30,0.0,2.3073046875000003,162.71812500000004
qwen3_235b_a22b_2507__vs__random_uniform__seed102,Qwen3-235B,Random,102,31,0.0,6.8226562500000005,169.54078125000004
qwen3_235b_a22b_2507__vs__random_uniform__seed102,Qwen3-235B,Random,102,32,0.0,2.25,171.79078125000004
qwen3_235b_a22b_2507__vs__random_uniform__seed102,Qwen3-235B,Random,102,33,0.0,0.0,171.79078125000004
qwen3_235b_a22b_2507__vs__random_uniform__seed102,Qwen3-235B,Random,102,34,0.0,6.75,178.54078125000004
qwen3_235b_a22b_2507__vs__random_uniform__seed102,Qwen3-235B,Random,102,35,0.0,9.0,187.54078125000004
qwen3_235b_a22b_2507__vs__random_uniform__seed102,Qwen3-235B,Random,102,36,0.0,6.75,194.29078125000004
qwen3_235b_a22b_2507__vs__random_uniform__seed102,Qwen3-235B,Random,102,37,0.0,0.0,194.29078125000004
qwen3_235b_a22b_2507__vs__random_uniform__seed102,Qwen3-235B,Random,102,38,0.0,4.5,198.79078125000004
qwen3_235b_a22b_2507__vs__random_uniform__seed102,Qwen3-235B,Random,102,39,0.0,9.0,207.79078125000004
qwen3_235b_a22b_2507__vs__random_uniform__seed102,Qwen3-235B,Random,102,40,0.0,0.0,207.79078125000004
qwen3_235b_a22b_2507__vs__random_uniform__seed102,Qwen3-235B,Random,102,41,0.0,0.0,207.79078125000004
qwen3_235b_a22b_2507__vs__random_uniform__seed102,Qwen3-235B,Random,102,42,0.0,2.25,210.04078125000004
qwen3_235b_a22b_2507__vs__random_uniform__seed102,Qwen3-235B,Random,102,43,0.0,0.0,210.04078125000004
qwen3_235b_a22b_2507__vs__random_uniform__seed102,Qwen3-235B,Random,102,44,0.0,9.0,219.04078125000004
qwen3_235b_a22b_2507__vs__random_uniform__seed102,Qwen3-235B,Random,102,45,0.0,9.0,228.04078125000004
qwen3_235b_a22b_2507__vs__random_uniform__seed102,Qwen3-235B,Random,102,46,0.0,0.0,228.04078125000004
qwen3_235b_a22b_2507__vs__random_uniform__seed102,Qwen3-235B,Random,102,47,0.0,2.25,230.29078125000004
qwen3_235b_a22b_2507__vs__random_uniform__seed102,Qwen3-235B,Random,102,48,0.0,0.0,230.29078125000004
qwen3_235b_a22b_2507__vs__random_uniform__seed102,Qwen3-235B,Random,102,49,0.0,4.5,234.79078125000004
qwen3_235b_a22b_2507__vs__random_uniform__seed102,Qwen3-235B,Random,102,50,0.0,4.5,239.29078125000004
qwen3_235b_a22b_2507__vs__random_uniform__seed103,Qwen3-235B,Random,103,1,0.0,12.0,12.0
qwen3_235b_a22b_2507__vs__random_uniform__seed103,Qwen3-235B,Random,103,2,0.0,0.0,12.0
qwen3_235b_a22b_2507__vs__random_uniform__seed103,Qwen3-235B,Random,103,3,0.0,0.0,12.0
qwen3_235b_a22b_2507__vs__random_uniform__seed103,Qwen3-235B,Random,103,4,0.0,5.871666666666666,17.871666666666666
qwen3_235b_a22b_2507__vs__random_uniform__seed103,Qwen3-235B,Random,103,5,0.0,11.616458333333332,29.488124999999997
qwen3_235b_a22b_2507__vs__random_uniform__seed103,Qwen3-235B,Random,103,6,0.0,0.0,29.488124999999997
qwen3_235b_a22b_2507__vs__random_uniform__seed103,Qwen3-235B,Random,103,7,0.0,8.54390625,38.032031249999996
qwen3_235b_a22b_2507__vs__random_uniform__seed103,Qwen3-235B,Random,103,8,0.0,11.280624999999999,49.312656249999996
qwen3_235b_a22b_2507__vs__random_uniform__seed103,Qwen3-235B,Random,103,9,0.0,5.944461390150068,55.257117640150064
qwen3_235b_a22b_2507__vs__random_uniform__seed103,Qwen3-235B,Random,103,10,0.0,11.114374999999999,66.37149264015007
qwen3_235b_a22b_2507__vs__random_uniform__seed103,Qwen3-235B,Random,103,11,0.0,8.285742187499999,74.65723482765006
qwen3_235b_a22b_2507__vs__random_uniform__seed103,Qwen3-235B,Random,103,12,0.0,2.7493359374999997,77.40657076515006
qwen3_235b_a22b_2507__vs__random_uniform__seed103,Qwen3-235B,Random,103,13,0.0,8.206171874999999,85.61274264015006
qwen3_235b_a22b_2507__vs__random_uniform__seed103,Qwen3-235B,Random,103,14,0.0,8.160234374999998,93.77297701515006
qwen3_235b_a22b_2507__vs__random_uniform__seed103,Qwen3-235B,Random,103,15,0.0,2.7088671874999997,96.48184420265007
qwen3_235b_a22b_2507__vs__random_uniform__seed103,Qwen3-235B,Random,103,16,0.0,8.084765625,104.56660982765007
qwen3_235b_a22b_2507__vs__random_uniform__seed103,Qwen3-235B,Random,103,17,0.0,10.696562499999997,115.26317232765007
qwen3_235b_a22b_2507__vs__random_uniform__seed103,Qwen3-235B,Random,103,18,0.0,0.0,115.26317232765007
qwen3_235b_a22b_2507__vs__random_uniform__seed103,Qwen3-235B,Random,103,19,0.0,5.265156249999999,120.52832857765007
qwen3_235b_a22b_2507__vs__random_uniform__seed103,Qwen3-235B,Random,103,20,0.0,2.6076953124999993,123.13602389015007
qwen3_235b_a22b_2507__vs__random_uniform__seed103,Qwen3-235B,Random,103,21,0.0,5.165624999999999,128.30164889015006
qwen3_235b_a22b_2507__vs__random_uniform__seed103,Qwen3-235B,Random,103,22,0.0,2.717452666763186,131.01910155691326
qwen3_235b_a22b_2507__vs__random_uniform__seed103,Qwen3-235B,Random,103,23,0.0,7.607343749999998,138.62644530691324
qwen3_235b_a22b_2507__vs__random_uniform__seed103,Qwen3-235B,Random,103,24,0.0,5.027265624999999,143.65371093191325
qwen3_235b_a22b_2507__vs__random_uniform__seed103,Qwen3-235B,Random,103,25,0.0,2.4901171874999997,146.14382811941326
qwen3_235b_a22b_2507__vs__random_uniform__seed103,Qwen3-235B,Random,103,26,0.0,0.0,146.14382811941326
qwen3_235b_a22b_2507__vs__random_uniform__seed103,Qwen3-235B,Random,103,27,0.0,9.739531249999997,155.88335936941326
qwen3_235b_a22b_2507__vs__random_uniform__seed103,Qwen3-235B,Random,103,28,0.0,0.0,155.88335936941326
qwen3_235b_a22b_2507__vs__random_uniform__seed103,Qwen3-235B,Random,103,29,0.0,0.0,155.88335936941326
qwen3_235b_a22b_2507__vs__random_uniform__seed103,Qwen3-235B,Random,103,30,0.0,4.704062499999998,160.58742186941325
qwen3_235b_a22b_2507__vs__random_uniform__seed103,Qwen3-235B,Random,103,31,0.5,-4.0,156.58742186941325
qwen3_235b_a22b_2507__vs__random_uniform__seed103,Qwen3-235B,Random,103,32,0.0,4.579921874999998,161.16734374441324
qwen3_235b_a22b_2507__vs__random_uniform__seed103,Qwen3-235B,Random,103,33,0.0,4.516484374999998,165.68382811941325
qwen3_235b_a22b_2507__vs__random_uniform__seed103,Qwen3-235B,Random,103,34,0.0,2.25,167.93382811941325
qwen3_235b_a22b_2507__vs__random_uniform__seed103,Qwen3-235B,Random,103,35,0.0,4.5,172.43382811941325
qwen3_235b_a22b_2507__vs__random_uniform__seed103,Qwen3-235B,Random,103,36,0.0,4.5,176.93382811941325
qwen3_235b_a22b_2507__vs__random_uniform__seed103,Qwen3-235B,Random,103,37,0.0,0.0,176.93382811941325
qwen3_235b_a22b_2507__vs__random_uniform__seed103,Qwen3-235B,Random,103,38,0.0,2.25,179.18382811941325
qwen3_235b_a22b_2507__vs__random_uniform__seed103,Qwen3-235B,Random,103,39,0.0,0.0,179.18382811941325
qwen3_235b_a22b_2507__vs__random_uniform__seed103,Qwen3-235B,Random,103,40,0.0,9.0,188.18382811941325
qwen3_235b_a22b_2507__vs__random_uniform__seed103,Qwen3-235B,Random,103,41,0.0,0.0,188.18382811941325
qwen3_235b_a22b_2507__vs__random_uniform__seed103,Qwen3-235B,Random,103,42,0.0,4.5,192.68382811941325
qwen3_235b_a22b_2507__vs__random_uniform__seed103,Qwen3-235B,Random,103,43,0.5,2.75,195.43382811941325
qwen3_235b_a22b_2507__vs__random_uniform__seed103,Qwen3-235B,Random,103,44,0.0,0.0,195.43382811941325
qwen3_235b_a22b_2507__vs__random_uniform__seed103,Qwen3-235B,Random,103,45,0.0,9.0,204.43382811941325
qwen3_235b_a22b_2507__vs__random_uniform__seed103,Qwen3-235B,Random,103,46,1.0,-0.8366997571937418,203.5971283622195
qwen3_235b_a22b_2507__vs__random_uniform__seed103,Qwen3-235B,Random,103,47,0.75,-0.9801181980824891,202.617010164137
qwen3_235b_a22b_2507__vs__random_uniform__seed103,Qwen3-235B,Random,103,48,0.0,0.0,202.617010164137
qwen3_235b_a22b_2507__vs__random_uniform__seed103,Qwen3-235B,Random,103,49,0.0,2.25,204.867010164137
qwen3_235b_a22b_2507__vs__random_uniform__seed103,Qwen3-235B,Random,103,50,0.0,9.0,213.867010164137
qwen3_235b_a22b_2507__vs__random_uniform__seed104,Qwen3-235B,Random,104,1,1.0,1.0,1.0
qwen3_235b_a22b_2507__vs__random_uniform__seed104,Qwen3-235B,Random,104,2,0.75,3.6416031462549245,4.6416031462549245
qwen3_235b_a22b_2507__vs__random_uniform__seed104,Qwen3-235B,Random,104,3,0.75,7.591329978691661,12.232933124946586
qwen3_235b_a22b_2507__vs__random_uniform__seed104,Qwen3-235B,Random,104,4,0.75,-2.454352465431662,9.778580659514923
qwen3_235b_a22b_2507__vs__random_uniform__seed104,Qwen3-235B,Random,104,5,0.75,6.276354166666666,16.054934826181587
qwen3_235b_a22b_2507__vs__random_uniform__seed104,Qwen3-235B,Random,104,6,0.75,3.8128093384006974,19.867744164582284
qwen3_235b_a22b_2507__vs__random_uniform__seed104,Qwen3-235B,Random,104,7,0.75,4.361262631044633,24.229006795626916
qwen3_235b_a22b_2507__vs__random_uniform__seed104,Qwen3-235B,Random,104,8,0.75,8.417365260991923,32.64637205661884
qwen3_235b_a22b_2507__vs__random_uniform__seed104,Qwen3-235B,Random,104,9,0.75,-2.2781290679614132,30.368242988657425
qwen3_235b_a22b_2507__vs__random_uniform__seed104,Qwen3-235B,Random,104,10,0.75,-6.0,24.368242988657425
qwen3_235b_a22b_2507__vs__random_uniform__seed104,Qwen3-235B,Random,104,11,0.75,-6.0,18.368242988657425
qwen3_235b_a22b_2507__vs__random_uniform__seed104,Qwen3-235B,Random,104,12,0.75,3.4387890624999997,21.807032051157424
qwen3_235b_a22b_2507__vs__random_uniform__seed104,Qwen3-235B,Random,104,13,0.75,-6.0,15.807032051157424
qwen3_235b_a22b_2507__vs__random_uniform__seed104,Qwen3-235B,Random,104,14,0.75,-6.0,9.807032051157424
qwen3_235b_a22b_2507__vs__random_uniform__seed104,Qwen3-235B,Random,104,15,0.75,-6.0,3.8070320511574245
qwen3_235b_a22b_2507__vs__random_uniform__seed104,Qwen3-235B,Random,104,16,0.75,3.414999999999999,7.222032051157424
qwen3_235b_a22b_2507__vs__random_uniform__seed104,Qwen3-235B,Random,104,17,0.75,0.640091908713635,7.862123959871059
qwen3_235b_a22b_2507__vs__random_uniform__seed104,Qwen3-235B,Random,104,18,0.75,4.441397723351287,12.303521683222346
qwen3_235b_a22b_2507__vs__random_uniform__seed104,Qwen3-235B,Random,104,19,0.75,3.3469140625,15.650435745722346
qwen3_235b_a22b_2507__vs__random_uniform__seed104,Qwen3-235B,Random,104,20,0.75,7.224469259983222,22.874905005705568
qwen3_235b_a22b_2507__vs__random_uniform__seed104,Qwen3-235B,Random,104,21,0.75,4.429501649289449,27.304406654995017
qwen3_235b_a22b_2507__vs__random_uniform__seed104,Qwen3-235B,Random,104,22,0.75,-6.0,21.304406654995017
qwen3_235b_a22b_2507__vs__random_uniform__seed104,Qwen3-235B,Random,104,23,0.75,0.2482291666666665,21.55263582166168
qwen3_235b_a22b_2507__vs__random_uniform__seed104,Qwen3-235B,Random,104,24,0.75,-2.6790835056831193,18.87355231597856
qwen3_235b_a22b_2507__vs__random_uniform__seed104,Qwen3-235B,Random,104,25,0.75,6.527083333333334,25.400635649311894
qwen3_235b_a22b_2507__vs__random_uniform__seed104,Qwen3-235B,Random,104,26,0.75,-6.0,19.400635649311894
qwen3_235b_a22b_2507__vs__random_uniform__seed104,Qwen3-235B,Random,104,27,0.75,0.27885416666666707,19.679489815978563
qwen3_235b_a22b_2507__vs__random_uniform__seed104,Qwen3-235B,Random,104,28,0.75,-2.6657352262954825,17.01375458968308
qwen3_235b_a22b_2507__vs__random_uniform__seed104,Qwen3-235B,Random,104,29,0.75,6.560989583333335,23.574744173016416
qwen3_235b_a22b_2507__vs__random_uniform__seed104,Qwen3-235B,Random,104,30,0.75,-2.669217386135735,20.90552678688068
qwen3_235b_a22b_2507__vs__random_uniform__seed104,Qwen3-235B,Random,104,31,0.75,3.4232031250000006,24.328729911880682
qwen3_235b_a22b_2507__vs__random_uniform__seed104,Qwen3-235B,Random,104,32,0.75,-2.6625432464419165,21.666186665438765
qwen3_235b_a22b_2507__vs__random_uniform__seed104,Qwen3-235B,Random,104,33,0.75,3.446171875000001,25.112358540438766
qwen3_235b_a22b_2507__vs__random_uniform__seed104,Qwen3-235B,Random,104,34,0.75,-2.6529673068812207,22.459391233557547
qwen3_235b_a22b_2507__vs__random_uniform__seed104,Qwen3-235B,Random,104,35,0.75,3.4814453125000018,25.940836546057547
qwen3_235b_a22b_2507__vs__random_uniform__seed104,Qwen3-235B,Random,104,36,0.75,-6.0,19.940836546057547
qwen3_235b_a22b_2507__vs__random_uniform__seed104,Qwen3-235B,Random,104,37,0.75,0.34994791666666725,20.290784462724215
qwen3_235b_a22b_2507__vs__random_uniform__seed104,Qwen3-235B,Random,104,38,0.75,-6.0,14.290784462724215
qwen3_235b_a22b_2507__vs__random_uniform__seed104,Qwen3-235B,Random,104,39,0.75,-2.816002604166666,11.474781858557549
qwen3_235b_a22b_2507__vs__random_uniform__seed104,Qwen3-235B,Random,104,40,0.75,-2.8149088541666663,8.659873004390882
qwen3_235b_a22b_2507__vs__random_uniform__seed104,Qwen3-235B,Random,104,41,0.75,-2.6158242685851882,6.044048735805694
qwen3_235b_a22b_2507__vs__random_uniform__seed104,Qwen3-235B,Random,104,42,0.75,-2.8113541666666664,3.2326945691390274
qwen3_235b_a22b_2507__vs__random_uniform__seed104,Qwen3-235B,Random,104,43,0.75,-6.0,-2.7673054308609726
qwen3_235b_a22b_2507__vs__random_uniform__seed104,Qwen3-235B,Random,104,44,0.75,-6.0,-8.767305430860972
qwen3_235b_a22b_2507__vs__random_uniform__seed104,Qwen3-235B,Random,104,45,0.75,-6.0,-14.767305430860972
qwen3_235b_a22b_2507__vs__random_uniform__seed104,Qwen3-235B,Random,104,46,0.0,12.690052083333333,-2.0772533475276393
qwen3_235b_a22b_2507__vs__random_uniform__seed104,Qwen3-235B,Random,104,47,0.75,-2.833229166666667,-4.910482514194307
qwen3_235b_a22b_2507__vs__random_uniform__seed104,Qwen3-235B,Random,104,48,0.75,0.32205729166666597,-4.588425222527641
qwen3_235b_a22b_2507__vs__random_uniform__seed104,Qwen3-235B,Random,104,49,0.75,-6.0,-10.58842522252764
qwen3_235b_a22b_2507__vs__random_uniform__seed104,Qwen3-235B,Random,104,50,0.75,4.535651233225828,-6.052773989301812
qwen3_235b_a22b_2507__vs__random_uniform__seed105,Qwen3-235B,Random,105,1,1.0,-5.0,-5.0
qwen3_235b_a22b_2507__vs__random_uniform__seed105,Qwen3-235B,Random,105,2,0.25,1.1906533164832878,-3.8093466835167122
qwen3_235b_a22b_2507__vs__random_uniform__seed105,Qwen3-235B,Random,105,3,0.25,-2.0,-5.809346683516712
qwen3_235b_a22b_2507__vs__random_uniform__seed105,Qwen3-235B,Random,105,4,0.25,9.911041666666666,4.101694983149954
qwen3_235b_a22b_2507__vs__random_uniform__seed105,Qwen3-235B,Random,105,5,1.0,-8.0,-3.8983050168500464
qwen3_235b_a22b_2507__vs__random_uniform__seed105,Qwen3-235B,Random,105,6,1.0,3.816979166666666,-0.08132585018338023
qwen3_235b_a22b_2507__vs__random_uniform__seed105,Qwen3-235B,Random,105,7,1.0,-4.867576134178721,-4.948901984362101
qwen3_235b_a22b_2507__vs__random_uniform__seed105,Qwen3-235B,Random,105,8,1.0,1.8739157727751419,-3.0749862115869595
qwen3_235b_a22b_2507__vs__random_uniform__seed105,Qwen3-235B,Random,105,9,1.0,-1.1564258797575127,-4.231412091344472
qwen3_235b_a22b_2507__vs__random_uniform__seed105,Qwen3-235B,Random,105,10,1.0,-0.9606216396356313,-5.1920337309801035
qwen3_235b_a22b_2507__vs__random_uniform__seed105,Qwen3-235B,Random,105,11,0.25,5.190074079619543,-0.0019596513605604216
qwen3_235b_a22b_2507__vs__random_uniform__seed105,Qwen3-235B,Random,105,12,0.75,5.912239583333333,5.910279931972773
qwen3_235b_a22b_2507__vs__random_uniform__seed105,Qwen3-235B,Random,105,13,1.0,-4.823924773324121,1.0863551586486517
qwen3_235b_a22b_2507__vs__random_uniform__seed105,Qwen3-235B,Random,105,14,1.0,-1.2868376976764253,-0.20048253902777358
qwen3_235b_a22b_2507__vs__random_uniform__seed105,Qwen3-235B,Random,105,15,0.75,1.004536910034374,0.8040543710066004
qwen3_235b_a22b_2507__vs__random_uniform__seed105,Qwen3-235B,Random,105,16,0.75,1.2275171294561353,2.0315715004627357
qwen3_235b_a22b_2507__vs__random_uniform__seed105,Qwen3-235B,Random,105,17,0.75,1.3849523556162717,3.4165238560790074
qwen3_235b_a22b_2507__vs__random_uniform__seed105,Qwen3-235B,Random,105,18,0.75,5.2415555372765965,8.658079393355603
qwen3_235b_a22b_2507__vs__random_uniform__seed105,Qwen3-235B,Random,105,19,0.75,-6.0,2.658079393355603
qwen3_235b_a22b_2507__vs__random_uniform__seed105,Qwen3-235B,Random,105,20,0.75,0.1486197916666656,2.8066991850222687
qwen3_235b_a22b_2507__vs__random_uniform__seed105,Qwen3-235B,Random,105,21,0.75,-6.0,-3.1933008149777313
qwen3_235b_a22b_2507__vs__random_uniform__seed105,Qwen3-235B,Random,105,22,0.75,0.16940104166666536,-3.023899773311066
qwen3_235b_a22b_2507__vs__random_uniform__seed105,Qwen3-235B,Random,105,23,0.75,7.104749288332615,4.080849515021549
qwen3_235b_a22b_2507__vs__random_uniform__seed105,Qwen3-235B,Random,105,24,0.75,-6.0,-1.9191504849784513
qwen3_235b_a22b_2507__vs__random_uniform__seed105,Qwen3-235B,Random,105,25,0.75,-6.0,-7.919150484978451
qwen3_235b_a22b_2507__vs__random_uniform__seed105,Qwen3-235B,Random,105,26,0.75,-2.9054557291666674,-10.824606214145119
qwen3_235b_a22b_2507__vs__random_uniform__seed105,Qwen3-235B,Random,105,27,0.25,4.183072916666665,-6.641533297478453
qwen3_235b_a22b_2507__vs__random_uniform__seed105,Qwen3-235B,Random,105,28,0.75,0.1770572916666655,-6.464476005811788
qwen3_235b_a22b_2507__vs__random_uniform__seed105,Qwen3-235B,Random,105,29,0.75,3.823338726489082,-2.641137279322706
qwen3_235b_a22b_2507__vs__random_uniform__seed105,Qwen3-235B,Random,105,30,0.75,-2.556791027464845,-5.197928306787551
qwen3_235b_a22b_2507__vs__random_uniform__seed105,Qwen3-235B,Random,105,31,0.75,-2.915026041666667,-8.112954348454219
qwen3_235b_a22b_2507__vs__random_uniform__seed105,Qwen3-235B,Random,105,32,0.75,0.15846354166666554,-7.954490806787553
qwen3_235b_a22b_2507__vs__random_uniform__seed105,Qwen3-235B,Random,105,33,0.75,-2.7354198773843565,-10.68991068417191
qwen3_235b_a22b_2507__vs__random_uniform__seed105,Qwen3-235B,Random,105,34,0.75,3.223749999999999,-7.466160684171911
qwen3_235b_a22b_2507__vs__random_uniform__seed105,Qwen3-235B,Random,105,35,0.75,3.796351987727121,-3.6698086964447896
qwen3_235b_a22b_2507__vs__random_uniform__seed105,Qwen3-235B,Random,105,36,0.75,4.3195610087839125,0.6497523123391229
qwen3_235b_a22b_2507__vs__random_uniform__seed105,Qwen3-235B,Random,105,37,0.75,4.747298982083139,5.397051294422262
qwen3_235b_a22b_2507__vs__random_uniform__seed105,Qwen3-235B,Random,105,38,0.75,8.758399886582733,14.155451181004995
qwen3_235b_a22b_2507__vs__random_uniform__seed105,Qwen3-235B,Random,105,39,0.75,-6.0,8.155451181004995
qwen3_235b_a22b_2507__vs__random_uniform__seed105,Qwen3-235B,Random,105,40,0.75,0.24979166666666508,8.40524284767166
qwen3_235b_a22b_2507__vs__random_uniform__seed105,Qwen3-235B,Random,105,41,0.75,3.9870002389809738,12.392243086652634
qwen3_235b_a22b_2507__vs__random_uniform__seed105,Qwen3-235B,Random,105,42,0.75,-2.4841944729336425,9.908048613718991
qwen3_235b_a22b_2507__vs__random_uniform__seed105,Qwen3-235B,Random,105,43,0.75,3.4829687499999977,13.391017363718989
qwen3_235b_a22b_2507__vs__random_uniform__seed105,Qwen3-235B,Random,105,44,0.75,0.7288040760724606,14.11982143979145
qwen3_235b_a22b_2507__vs__random_uniform__seed105,Qwen3-235B,Random,105,45,0.75,-2.4546068015490765,11.665214638242373
qwen3_235b_a22b_2507__vs__random_uniform__seed105,Qwen3-235B,Random,105,46,0.75,0.3668229166666652,12.032037554909039
qwen3_235b_a22b_2507__vs__random_uniform__seed105,Qwen3-235B,Random,105,47,0.75,-2.6190577027225674,9.41297985218647
qwen3_235b_a22b_2507__vs__random_uniform__seed105,Qwen3-235B,Random,105,48,0.75,-6.0,3.4129798521864707
qwen3_235b_a22b_2507__vs__random_uniform__seed105,Qwen3-235B,Random,105,49,0.75,-6.0,-2.5870201478135293
qwen3_235b_a22b_2507__vs__random_uniform__seed105,Qwen3-235B,Random,105,50,0.75,4.161978770953688,1.5749586231401587
qwen3_235b_a22b_2507__vs__wsls__seed101,Qwen3-235B,WSLS,101,1,0.0,12.0,12.0
qwen3_235b_a22b_2507__vs__wsls__seed101,Qwen3-235B,WSLS,101,2,0.0,8.986875,20.986874999999998
qwen3_235b_a22b_2507__vs__wsls__seed101,Qwen3-235B,WSLS,101,3,0.0,5.9715625,26.9584375
qwen3_235b_a22b_2507__vs__wsls__seed101,Qwen3-235B,WSLS,101,4,0.0,2.97046875,29.928906249999997
qwen3_235b_a22b_2507__vs__wsls__seed101,Qwen3-235B,WSLS,101,5,0.0,0.0,29.928906249999997
qwen3_235b_a22b_2507__vs__wsls__seed101,Qwen3-235B,WSLS,101,6,0.0,0.0,29.928906249999997
qwen3_235b_a22b_2507__vs__wsls__seed101,Qwen3-235B,WSLS,101,7,0.0,0.0,29.928906249999997
qwen3_235b_a22b_2507__vs__wsls__seed101,Qwen3-235B,WSLS,101,8,0.0,0.0,29.928906249999997
qwen3_235b_a22b_2507__vs__wsls__seed101,Qwen3-235B,WSLS,101,9,0.0,0.0,29.928906249999997
qwen3_235b_a22b_2507__vs__wsls__seed101,Qwen3-235B,WSLS,101,10,0.0,0.0,29.928906249999997
qwen3_235b_a22b_2507__vs__wsls__seed101,Qwen3-235B,WSLS,101,11,0.0,0.0,29.928906249999997
qwen3_235b_a22b_2507__vs__wsls__seed101,Qwen3-235B,WSLS,101,12,0.0,0.0,29.928906249999997
qwen3_235b_a22b_2507__vs__wsls__seed101,Qwen3-235B,WSLS,101,13,0.0,0.0,29.928906249999997
qwen3_235b_a22b_2507__vs__wsls__seed101,Qwen3-235B,WSLS,101,14,0.0,0.0,29.928906249999997
qwen3_235b_a22b_2507__vs__wsls__seed101,Qwen3-235B,WSLS,101,15,0.0,0.0,29.928906249999997
qwen3_235b_a22b_2507__vs__wsls__seed101,Qwen3-235B,WSLS,101,16,0.0,0.0,29.928906249999997
qwen3_235b_a22b_2507__vs__wsls__seed101,Qwen3-235B,WSLS,101,17,0.0,0.0,29.928906249999997
qwen3_235b_a22b_2507__vs__wsls__seed101,Qwen3-235B,WSLS,101,18,0.0,0.0,29.928906249999997
qwen3_235b_a22b_2507__vs__wsls__seed101,Qwen3-235B,WSLS,101,19,0.0,0.0,29.928906249999997
qwen3_235b_a22b_2507__vs__wsls__seed101,Qwen3-235B,WSLS,101,20,0.0,0.0,29.928906249999997
qwen3_235b_a22b_2507__vs__wsls__seed101,Qwen3-235B,WSLS,101,21,0.0,0.0,29.928906249999997
qwen3_235b_a22b_2507__vs__wsls__seed101,Qwen3-235B,WSLS,101,22,0.0,0.0,29.928906249999997
qwen3_235b_a22b_2507__vs__wsls__seed101,Qwen3-235B,WSLS,101,23,0.0,0.0,29.928906249999997
qwen3_235b_a22b_2507__vs__wsls__seed101,Qwen3-235B,WSLS,101,24,0.0,0.0,29.928906249999997
qwen3_235b_a22b_2507__vs__wsls__seed101,Qwen3-235B,WSLS,101,25,0.0,0.0,29.928906249999997
qwen3_235b_a22b_2507__vs__wsls__seed101,Qwen3-235B,WSLS,101,26,0.0,0.0,29.928906249999997
qwen3_235b_a22b_2507__vs__wsls__seed101,Qwen3-235B,WSLS,101,27,0.0,0.0,29.928906249999997
qwen3_235b_a22b_2507__vs__wsls__seed101,Qwen3-235B,WSLS,101,28,0.0,0.0,29.928906249999997
qwen3_235b_a22b_2507__vs__wsls__seed101,Qwen3-235B,WSLS,101,29,0.0,0.0,29.928906249999997
qwen3_235b_a22b_2507__vs__wsls__seed101,Qwen3-235B,WSLS,101,30,0.0,0.0,29.928906249999997
qwen3_235b_a22b_2507__vs__wsls__seed101,Qwen3-235B,WSLS,101,31,0.0,0.0,29.928906249999997
qwen3_235b_a22b_2507__vs__wsls__seed101,Qwen3-235B,WSLS,101,32,0.0,0.0,29.928906249999997
qwen3_235b_a22b_2507__vs__wsls__seed101,Qwen3-235B,WSLS,101,33,0.0,0.0,29.928906249999997
qwen3_235b_a22b_2507__vs__wsls__seed101,Qwen3-235B,WSLS,101,34,0.0,0.0,29.928906249999997
qwen3_235b_a22b_2507__vs__wsls__seed101,Qwen3-235B,WSLS,101,35,0.0,0.0,29.928906249999997
qwen3_235b_a22b_2507__vs__wsls__seed101,Qwen3-235B,WSLS,101,36,0.0,0.0,29.928906249999997
qwen3_235b_a22b_2507__vs__wsls__seed101,Qwen3-235B,WSLS,101,37,0.0,0.0,29.928906249999997
qwen3_235b_a22b_2507__vs__wsls__seed101,Qwen3-235B,WSLS,101,38,0.0,0.0,29.928906249999997
qwen3_235b_a22b_2507__vs__wsls__seed101,Qwen3-235B,WSLS,101,39,0.0,0.0,29.928906249999997
qwen3_235b_a22b_2507__vs__wsls__seed101,Qwen3-235B,WSLS,101,40,0.0,0.0,29.928906249999997
qwen3_235b_a22b_2507__vs__wsls__seed101,Qwen3-235B,WSLS,101,41,0.0,0.0,29.928906249999997
qwen3_235b_a22b_2507__vs__wsls__seed101,Qwen3-235B,WSLS,101,42,0.0,0.0,29.928906249999997
qwen3_235b_a22b_2507__vs__wsls__seed101,Qwen3-235B,WSLS,101,43,0.0,0.0,29.928906249999997
qwen3_235b_a22b_2507__vs__wsls__seed101,Qwen3-235B,WSLS,101,44,0.0,0.0,29.928906249999997
qwen3_235b_a22b_2507__vs__wsls__seed101,Qwen3-235B,WSLS,101,45,0.0,0.0,29.928906249999997
qwen3_235b_a22b_2507__vs__wsls__seed101,Qwen3-235B,WSLS,101,46,0.0,0.0,29.928906249999997
qwen3_235b_a22b_2507__vs__wsls__seed101,Qwen3-235B,WSLS,101,47,0.0,0.0,29.928906249999997
qwen3_235b_a22b_2507__vs__wsls__seed101,Qwen3-235B,WSLS,101,48,0.0,0.0,29.928906249999997
qwen3_235b_a22b_2507__vs__wsls__seed101,Qwen3-235B,WSLS,101,49,0.0,0.0,29.928906249999997
qwen3_235b_a22b_2507__vs__wsls__seed101,Qwen3-235B,WSLS,101,50,0.0,0.0,29.928906249999997
qwen3_235b_a22b_2507__vs__wsls__seed102,Qwen3-235B,WSLS,102,1,0.0,12.0,12.0
qwen3_235b_a22b_2507__vs__wsls__seed102,Qwen3-235B,WSLS,102,2,0.0,8.986875,20.986874999999998
qwen3_235b_a22b_2507__vs__wsls__seed102,Qwen3-235B,WSLS,102,3,0.0,5.9715625,26.9584375
qwen3_235b_a22b_2507__vs__wsls__seed102,Qwen3-235B,WSLS,102,4,0.0,2.97046875,29.928906249999997
qwen3_235b_a22b_2507__vs__wsls__seed102,Qwen3-235B,WSLS,102,5,0.0,5.910312500000001,35.83921875
qwen3_235b_a22b_2507__vs__wsls__seed102,Qwen3-235B,WSLS,102,6,0.0,2.9376562500000003,38.776875000000004
qwen3_235b_a22b_2507__vs__wsls__seed102,Qwen3-235B,WSLS,102,7,0.0,0.0,38.776875000000004
qwen3_235b_a22b_2507__vs__wsls__seed102,Qwen3-235B,WSLS,102,8,0.0,0.0,38.776875000000004
qwen3_235b_a22b_2507__vs__wsls__seed102,Qwen3-235B,WSLS,102,9,0.0,0.0,38.776875000000004
qwen3_235b_a22b_2507__vs__wsls__seed102,Qwen3-235B,WSLS,102,10,0.0,0.0,38.776875000000004
qwen3_235b_a22b_2507__vs__wsls__seed102,Qwen3-235B,WSLS,102,11,0.0,0.0,38.776875000000004
qwen3_235b_a22b_2507__vs__wsls__seed102,Qwen3-235B,WSLS,102,12,0.0,0.0,38.776875000000004
qwen3_235b_a22b_2507__vs__wsls__seed102,Qwen3-235B,WSLS,102,13,0.0,0.0,38.776875000000004
qwen3_235b_a22b_2507__vs__wsls__seed102,Qwen3-235B,WSLS,102,14,0.0,0.0,38.776875000000004
qwen3_235b_a22b_2507__vs__wsls__seed102,Qwen3-235B,WSLS,102,15,0.0,0.0,38.776875000000004
qwen3_235b_a22b_2507__vs__wsls__seed102,Qwen3-235B,WSLS,102,16,0.0,0.0,38.776875000000004
qwen3_235b_a22b_2507__vs__wsls__seed102,Qwen3-235B,WSLS,102,17,0.0,0.0,38.776875000000004
qwen3_235b_a22b_2507__vs__wsls__seed102,Qwen3-235B,WSLS,102,18,0.0,0.0,38.776875000000004
qwen3_235b_a22b_2507__vs__wsls__seed102,Qwen3-235B,WSLS,102,19,0.0,0.0,38.776875000000004
qwen3_235b_a22b_2507__vs__wsls__seed102,Qwen3-235B,WSLS,102,20,0.0,0.0,38.776875000000004
qwen3_235b_a22b_2507__vs__wsls__seed102,Qwen3-235B,WSLS,102,21,0.0,0.0,38.776875000000004
qwen3_235b_a22b_2507__vs__wsls__seed102,Qwen3-235B,WSLS,102,22,0.0,0.0,38.776875000000004
qwen3_235b_a22b_2507__vs__wsls__seed102,Qwen3-235B,WSLS,102,23,0.0,0.0,38.776875000000004
qwen3_235b_a22b_2507__vs__wsls__seed102,Qwen3-235B,WSLS,102,24,0.0,0.0,38.776875000000004
qwen3_235b_a22b_2507__vs__wsls__seed102,Qwen3-235B,WSLS,102,25,0.0,0.0,38.776875000000004
qwen3_235b_a22b_2507__vs__wsls__seed102,Qwen3-235B,WSLS,102,26,0.0,0.0,38.776875000000004
qwen3_235b_a22b_2507__vs__wsls__seed102,Qwen3-235B,WSLS,102,27,0.0,0.0,38.776875000000004
qwen3_235b_a22b_2507__vs__wsls__seed102,Qwen3-235B,WSLS,102,28,0.0,0.0,38.776875000000004
qwen3_235b_a22b_2507__vs__wsls__seed102,Qwen3-235B,WSLS,102,29,0.0,0.0,38.776875000000004
qwen3_235b_a22b_2507__vs__wsls__seed102,Qwen3-235B,WSLS,102,30,0.0,0.0,38.776875000000004
qwen3_235b_a22b_2507__vs__wsls__seed102,Qwen3-235B,WSLS,102,31,0.0,0.0,38.776875000000004
qwen3_235b_a22b_2507__vs__wsls__seed102,Qwen3-235B,WSLS,102,32,0.0,0.0,38.776875000000004
qwen3_235b_a22b_2507__vs__wsls__seed102,Qwen3-235B,WSLS,102,33,0.0,0.0,38.776875000000004
qwen3_235b_a22b_2507__vs__wsls__seed102,Qwen3-235B,WSLS,102,34,0.0,0.0,38.776875000000004
qwen3_235b_a22b_2507__vs__wsls__seed102,Qwen3-235B,WSLS,102,35,0.0,0.0,38.776875000000004
qwen3_235b_a22b_2507__vs__wsls__seed102,Qwen3-235B,WSLS,102,36,0.0,0.0,38.776875000000004
qwen3_235b_a22b_2507__vs__wsls__seed102,Qwen3-235B,WSLS,102,37,0.0,0.0,38.776875000000004
qwen3_235b_a22b_2507__vs__wsls__seed102,Qwen3-235B,WSLS,102,38,0.0,0.0,38.776875000000004
qwen3_235b_a22b_2507__vs__wsls__seed102,Qwen3-235B,WSLS,102,39,0.0,0.0,38.776875000000004
qwen3_235b_a22b_2507__vs__wsls__seed102,Qwen3-235B,WSLS,102,40,0.0,0.0,38.776875000000004
qwen3_235b_a22b_2507__vs__wsls__seed102,Qwen3-235B,WSLS,102,41,0.0,0.0,38.776875000000004
qwen3_235b_a22b_2507__vs__wsls__seed102,Qwen3-235B,WSLS,102,42,0.0,0.0,38.776875000000004
qwen3_235b_a22b_2507__vs__wsls__seed102,Qwen3-235B,WSLS,102,43,0.0,0.0,38.776875000000004
qwen3_235b_a22b_2507__vs__wsls__seed102,Qwen3-235B,WSLS,102,44,0.0,0.0,38.776875000000004
qwen3_235b_a22b_2507__vs__wsls__seed102,Qwen3-235B,WSLS,102,45,0.0,0.0,38.776875000000004
qwen3_235b_a22b_2507__vs__wsls__seed102,Qwen3-235B,WSLS,102,46,0.0,0.0,38.776875000000004
qwen3_235b_a22b_2507__vs__wsls__seed102,Qwen3-235B,WSLS,102,47,0.0,0.0,38.776875000000004
qwen3_235b_a22b_2507__vs__wsls__seed102,Qwen3-235B,WSLS,102,48,0.0,0.0,38.776875000000004
qwen3_235b_a22b_2507__vs__wsls__seed102,Qwen3-235B,WSLS,102,49,0.0,0.0,38.776875000000004
qwen3_235b_a22b_2507__vs__wsls__seed102,Qwen3-235B,WSLS,102,50,0.0,0.0,38.776875000000004
qwen3_235b_a22b_2507__vs__wsls__seed103,Qwen3-235B,WSLS,103,1,1.0,4.0,4.0
qwen3_235b_a22b_2507__vs__wsls__seed103,Qwen3-235B,WSLS,103,2,1.0,4.901899659543274,8.901899659543274
qwen3_235b_a22b_2507__vs__wsls__seed103,Qwen3-235B,WSLS,103,3,1.0,5.737743197914256,14.63964285745753
qwen3_235b_a22b_2507__vs__wsls__seed103,Qwen3-235B,WSLS,103,4,1.0,6.452973827162612,21.09261668462014
qwen3_235b_a22b_2507__vs__wsls__seed103,Qwen3-235B,WSLS,103,5,1.0,7.03473354743033,28.127350232050468
qwen3_235b_a22b_2507__vs__wsls__seed103,Qwen3-235B,WSLS,103,6,1.0,7.499356761489178,35.62670699353964
qwen3_235b_a22b_2507__vs__wsls__seed103,Qwen3-235B,WSLS,103,7,1.0,7.874286035858203,43.50099302939785
qwen3_235b_a22b_2507__vs__wsls__seed103,Qwen3-235B,WSLS,103,8,1.0,8.186093248290184,51.68708627768803
qwen3_235b_a22b_2507__vs__wsls__seed103,Qwen3-235B,WSLS,103,9,1.0,8.448964671494203,60.136050949182234
qwen3_235b_a22b_2507__vs__wsls__seed103,Qwen3-235B,WSLS,103,10,1.0,8.684554558469525,68.82060550765176
qwen3_235b_a22b_2507__vs__wsls__seed103,Qwen3-235B,WSLS,103,11,1.0,8.90286936414416,77.72347487179593
qwen3_235b_a22b_2507__vs__wsls__seed103,Qwen3-235B,WSLS,103,12,1.0,9.110379184039502,86.83385405583543
qwen3_235b_a22b_2507__vs__wsls__seed103,Qwen3-235B,WSLS,103,13,1.0,9.3111817500719,96.14503580590733
qwen3_235b_a22b_2507__vs__wsls__seed103,Qwen3-235B,WSLS,103,14,1.0,9.50784007489565,105.65287588080298
qwen3_235b_a22b_2507__vs__wsls__seed103,Qwen3-235B,WSLS,103,15,1.0,9.701945134481047,115.35482101528403
qwen3_235b_a22b_2507__vs__wsls__seed103,Qwen3-235B,WSLS,103,16,1.0,9.894479950446282,125.24930096573031
qwen3_235b_a22b_2507__vs__wsls__seed103,Qwen3-235B,WSLS,103,17,1.0,10.092885193836924,135.34218615956723
qwen3_235b_a22b_2507__vs__wsls__seed103,Qwen3-235B,WSLS,103,18,1.0,10.290699050229954,145.6328852097972
qwen3_235b_a22b_2507__vs__wsls__seed103,Qwen3-235B,WSLS,103,19,1.0,10.488149919988981,156.12103512978618
qwen3_235b_a22b_2507__vs__wsls__seed103,Qwen3-235B,WSLS,103,20,1.0,10.68537807122826,166.80641320101444
qwen3_235b_a22b_2507__vs__wsls__seed103,Qwen3-235B,WSLS,103,21,1.0,10.749659515984732,177.55607271699915
qwen3_235b_a22b_2507__vs__wsls__seed103,Qwen3-235B,WSLS,103,22,1.0,10.74979348231664,188.3058661993158
qwen3_235b_a22b_2507__vs__wsls__seed103,Qwen3-235B,WSLS,103,23,1.0,10.74987473933614,199.05574093865195
qwen3_235b_a22b_2507__vs__wsls__seed103,Qwen3-235B,WSLS,103,24,1.0,10.749924025067646,209.8056649637196
qwen3_235b_a22b_2507__vs__wsls__seed103,Qwen3-235B,WSLS,103,25,1.0,10.749953918690487,220.5556188824101
qwen3_235b_a22b_2507__vs__wsls__seed103,Qwen3-235B,WSLS,103,26,1.0,10.749972050205368,231.30559093261547
qwen3_235b_a22b_2507__vs__wsls__seed103,Qwen3-235B,WSLS,103,27,1.0,10.749983047567767,242.05557398018323
qwen3_235b_a22b_2507__vs__wsls__seed103,Qwen3-235B,WSLS,103,28,1.0,10.749989717820949,252.80556369800416
qwen3_235b_a22b_2507__vs__wsls__seed103,Qwen3-235B,WSLS,103,29,1.0,10.749993763539791,263.55555746154397
qwen3_235b_a22b_2507__vs__wsls__seed103,Qwen3-235B,WSLS,103,30,1.0,7.0,270.55555746154397
qwen3_235b_a22b_2507__vs__wsls__seed103,Qwen3-235B,WSLS,103,31,1.0,7.9184449840139095,278.47400244555786
qwen3_235b_a22b_2507__vs__wsls__seed103,Qwen3-235B,WSLS,103,32,1.0,8.732939339725036,287.2069417852829
qwen3_235b_a22b_2507__vs__wsls__seed103,Qwen3-235B,WSLS,103,33,1.0,9.381808571452328,296.5887503567352
qwen3_235b_a22b_2507__vs__wsls__seed103,Qwen3-235B,WSLS,103,34,1.0,9.855978084834117,306.44472844156934
qwen3_235b_a22b_2507__vs__wsls__seed103,Qwen3-235B,WSLS,103,35,1.0,10.181063649840674,316.62579209141
qwen3_235b_a22b_2507__vs__wsls__seed103,Qwen3-235B,WSLS,103,36,1.0,10.39430595116825,327.02009804257824
qwen3_235b_a22b_2507__vs__wsls__seed103,Qwen3-235B,WSLS,103,37,1.0,10.53015826936483,337.5502563119431
qwen3_235b_a22b_2507__vs__wsls__seed103,Qwen3-235B,WSLS,103,38,1.0,10.61510342528431,348.1653597372274
qwen3_235b_a22b_2507__vs__wsls__seed103,Qwen3-235B,WSLS,103,39,1.0,10.667597930270553,358.83295766749796
qwen3_235b_a22b_2507__vs__wsls__seed103,Qwen3-235B,WSLS,103,40,1.0,10.699803618067861,369.5327612855658
qwen3_235b_a22b_2507__vs__wsls__seed103,Qwen3-235B,WSLS,103,41,1.0,10.719473967130781,380.2522352526966
qwen3_235b_a22b_2507__vs__wsls__seed103,Qwen3-235B,WSLS,103,42,1.0,10.73145532632524,390.98369057902187
qwen3_235b_a22b_2507__vs__wsls__seed103,Qwen3-235B,WSLS,103,43,1.0,10.738741133074473,401.72243171209635
qwen3_235b_a22b_2507__vs__wsls__seed103,Qwen3-235B,WSLS,103,44,1.0,10.743167116041995,412.46559882813835
qwen3_235b_a22b_2507__vs__wsls__seed103,Qwen3-235B,WSLS,103,45,1.0,10.745854160223072,423.21145298836143
qwen3_235b_a22b_2507__vs__wsls__seed103,Qwen3-235B,WSLS,103,46,1.0,7.0,430.21145298836143
qwen3_235b_a22b_2507__vs__wsls__seed103,Qwen3-235B,WSLS,103,47,1.0,7.9184449840139095,438.1298979723753
qwen3_235b_a22b_2507__vs__wsls__seed103,Qwen3-235B,WSLS,103,48,0.0,0.0,438.1298979723753
qwen3_235b_a22b_2507__vs__wsls__seed103,Qwen3-235B,WSLS,103,49,1.0,-8.0,430.1298979723753
qwen3_235b_a22b_2507__vs__wsls__seed103,Qwen3-235B,WSLS,103,50,1.0,-8.0,422.1298979723753
qwen3_235b_a22b_2507__vs__wsls__seed104,Qwen3-235B,WSLS,104,1,1.0,4.0,4.0
qwen3_235b_a22b_2507__vs__wsls__seed104,Qwen3-235B,WSLS,104,2,1.0,4.901899659543274,8.901899659543274
qwen3_235b_a22b_2507__vs__wsls__seed104,Qwen3-235B,WSLS,104,3,0.5,2.8444693957533618,11.746369055296636
qwen3_235b_a22b_2507__vs__wsls__seed104,Qwen3-235B,WSLS,104,4,0.75,4.7383364870384845,16.48470554233512
qwen3_235b_a22b_2507__vs__wsls__seed104,Qwen3-235B,WSLS,104,5,0.75,5.103535372305206,21.588240914640327
qwen3_235b_a22b_2507__vs__wsls__seed104,Qwen3-235B,WSLS,104,6,0.75,5.377274044087015,26.96551495872734
qwen3_235b_a22b_2507__vs__wsls__seed104,Qwen3-235B,WSLS,104,7,0.75,5.581802295534795,32.54731725426213
qwen3_235b_a22b_2507__vs__wsls__seed104,Qwen3-235B,WSLS,104,8,0.75,5.737986662473741,38.28530391673587
qwen3_235b_a22b_2507__vs__wsls__seed104,Qwen3-235B,WSLS,104,9,0.75,5.862038366275897,44.14734228301177
qwen3_235b_a22b_2507__vs__wsls__seed104,Qwen3-235B,WSLS,104,10,0.75,5.955721430685307,50.103063713697075
qwen3_235b_a22b_2507__vs__wsls__seed104,Qwen3-235B,WSLS,104,11,0.75,3.6428906249999997,53.745954338697075
qwen3_235b_a22b_2507__vs__wsls__seed104,Qwen3-235B,WSLS,104,12,0.75,4.275978051438166,58.02193239013524
qwen3_235b_a22b_2507__vs__wsls__seed104,Qwen3-235B,WSLS,104,13,0.75,4.846605022622386,62.868537412757625
qwen3_235b_a22b_2507__vs__wsls__seed104,Qwen3-235B,WSLS,104,14,0.75,5.313792040082426,68.18232945284005
qwen3_235b_a22b_2507__vs__wsls__seed104,Qwen3-235B,WSLS,104,15,0.75,5.670276676726971,73.85260612956702
qwen3_235b_a22b_2507__vs__wsls__seed104,Qwen3-235B,WSLS,104,16,0.75,5.931465059767703,79.78407118933472
qwen3_235b_a22b_2507__vs__wsls__seed104,Qwen3-235B,WSLS,104,17,0.75,6.120697977697924,85.90476916703265
qwen3_235b_a22b_2507__vs__wsls__seed104,Qwen3-235B,WSLS,104,18,0.75,6.259871198107021,92.16464036513968
qwen3_235b_a22b_2507__vs__wsls__seed104,Qwen3-235B,WSLS,104,19,0.75,3.964453124999995,96.12909349013967
qwen3_235b_a22b_2507__vs__wsls__seed104,Qwen3-235B,WSLS,104,20,0.75,4.617229715782958,100.74632320592262
qwen3_235b_a22b_2507__vs__wsls__seed104,Qwen3-235B,WSLS,104,21,0.75,5.205317409717736,105.95164061564036
qwen3_235b_a22b_2507__vs__wsls__seed104,Qwen3-235B,WSLS,104,22,0.75,5.686414561332928,111.63805517697328
qwen3_235b_a22b_2507__vs__wsls__seed104,Qwen3-235B,WSLS,104,23,0.75,-6.0,105.63805517697328
qwen3_235b_a22b_2507__vs__wsls__seed104,Qwen3-235B,WSLS,104,24,0.75,-6.0,99.63805517697328
qwen3_235b_a22b_2507__vs__wsls__seed104,Qwen3-235B,WSLS,104,25,0.75,-6.0,93.63805517697328
qwen3_235b_a22b_2507__vs__wsls__seed104,Qwen3-235B,WSLS,104,26,0.75,-6.0,87.63805517697328
qwen3_235b_a22b_2507__vs__wsls__seed104,Qwen3-235B,WSLS,104,27,0.75,-6.0,81.63805517697328
qwen3_235b_a22b_2507__vs__wsls__seed104,Qwen3-235B,WSLS,104,28,0.75,-6.0,75.63805517697328
qwen3_235b_a22b_2507__vs__wsls__seed104,Qwen3-235B,WSLS,104,29,0.75,-6.0,69.63805517697328
qwen3_235b_a22b_2507__vs__wsls__seed104,Qwen3-235B,WSLS,104,30,0.75,4.517117620375684,74.15517279734897
qwen3_235b_a22b_2507__vs__wsls__seed104,Qwen3-235B,WSLS,104,31,0.75,1.3543011412606045,75.50947393860957
qwen3_235b_a22b_2507__vs__wsls__seed104,Qwen3-235B,WSLS,104,32,0.75,-2.1853267303370503,73.32414720827252
qwen3_235b_a22b_2507__vs__wsls__seed104,Qwen3-235B,WSLS,104,33,0.75,-6.0,67.32414720827252
qwen3_235b_a22b_2507__vs__wsls__seed104,Qwen3-235B,WSLS,104,34,0.75,4.483166561933217,71.80731377020574
qwen3_235b_a22b_2507__vs__wsls__seed104,Qwen3-235B,WSLS,104,35,0.75,5.046093033813166,76.8534068040189
qwen3_235b_a22b_2507__vs__wsls__seed104,Qwen3-235B,WSLS,104,36,0.75,5.516262950863949,82.36966975488285
qwen3_235b_a22b_2507__vs__wsls__seed104,Qwen3-235B,WSLS,104,37,0.75,5.888035909464669,88.25770566434753
qwen3_235b_a22b_2507__vs__wsls__seed104,Qwen3-235B,WSLS,104,38,0.75,6.158160197151652,94.41586586149919
qwen3_235b_a22b_2507__vs__wsls__seed104,Qwen3-235B,WSLS,104,39,0.75,6.355081673060074,100.77094753455926
qwen3_235b_a22b_2507__vs__wsls__seed104,Qwen3-235B,WSLS,104,40,0.75,6.506119629483498,107.27706716404275
qwen3_235b_a22b_2507__vs__wsls__seed104,Qwen3-235B,WSLS,104,41,0.75,2.4190683387395193,109.69613550278227
qwen3_235b_a22b_2507__vs__wsls__seed104,Qwen3-235B,WSLS,104,42,0.75,2.4795619056802867,112.17569740846255
qwen3_235b_a22b_2507__vs__wsls__seed104,Qwen3-235B,WSLS,104,43,0.75,2.5275974238914944,114.70329483235405
qwen3_235b_a22b_2507__vs__wsls__seed104,Qwen3-235B,WSLS,104,44,0.75,2.5665967714684648,117.26989160382251
qwen3_235b_a22b_2507__vs__wsls__seed104,Qwen3-235B,WSLS,104,45,0.75,2.5987135914148602,119.86860519523738
qwen3_235b_a22b_2507__vs__wsls__seed104,Qwen3-235B,WSLS,104,46,0.75,2.6252863873780665,122.49389158261545
qwen3_235b_a22b_2507__vs__wsls__seed104,Qwen3-235B,WSLS,104,47,0.75,2.6471406248535576,125.14103220746901
qwen3_235b_a22b_2507__vs__wsls__seed104,Qwen3-235B,WSLS,104,48,0.75,2.664782912277687,127.8058151197467
qwen3_235b_a22b_2507__vs__wsls__seed104,Qwen3-235B,WSLS,104,49,0.75,2.681940716529274,130.48775583627597
qwen3_235b_a22b_2507__vs__wsls__seed104,Qwen3-235B,WSLS,104,50,0.75,-2.521562500000002,127.96619333627596
qwen3_235b_a22b_2507__vs__wsls__seed105,Qwen3-235B,WSLS,105,1,1.0,4.0,4.0
qwen3_235b_a22b_2507__vs__wsls__seed105,Qwen3-235B,WSLS,105,2,1.0,4.901899659543274,8.901899659543274
qwen3_235b_a22b_2507__vs__wsls__seed105,Qwen3-235B,WSLS,105,3,1.0,5.737743197914256,14.63964285745753
qwen3_235b_a22b_2507__vs__wsls__seed105,Qwen3-235B,WSLS,105,4,1.0,6.452973827162612,21.09261668462014
qwen3_235b_a22b_2507__vs__wsls__seed105,Qwen3-235B,WSLS,105,5,1.0,7.03473354743033,28.127350232050468
qwen3_235b_a22b_2507__vs__wsls__seed105,Qwen3-235B,WSLS,105,6,1.0,7.499356761489178,35.62670699353964
qwen3_235b_a22b_2507__vs__wsls__seed105,Qwen3-235B,WSLS,105,7,1.0,7.874286035858203,43.50099302939785
qwen3_235b_a22b_2507__vs__wsls__seed105,Qwen3-235B,WSLS,105,8,1.0,8.186093248290184,51.68708627768803
qwen3_235b_a22b_2507__vs__wsls__seed105,Qwen3-235B,WSLS,105,9,1.0,8.455751427951338,60.142837705639366
qwen3_235b_a22b_2507__vs__wsls__seed105,Qwen3-235B,WSLS,105,10,1.0,8.698166348627016,68.84100405426638
qwen3_235b_a22b_2507__vs__wsls__seed105,Qwen3-235B,WSLS,105,11,1.0,8.923322274351424,77.7643263286178
qwen3_235b_a22b_2507__vs__wsls__seed105,Qwen3-235B,WSLS,105,12,1.0,9.137678416908237,86.90200474552603
qwen3_235b_a22b_2507__vs__wsls__seed105,Qwen3-235B,WSLS,105,13,1.0,9.345327632177181,96.2473323777032
qwen3_235b_a22b_2507__vs__wsls__seed105,Qwen3-235B,WSLS,105,14,1.0,9.548831071124255,105.79616344882746
qwen3_235b_a22b_2507__vs__wsls__seed105,Qwen3-235B,WSLS,105,15,1.0,9.749779258891781,115.54594270771923
qwen3_235b_a22b_2507__vs__wsls__seed105,Qwen3-235B,WSLS,105,16,1.0,9.949155358413602,125.49509806613284
qwen3_235b_a22b_2507__vs__wsls__seed105,Qwen3-235B,WSLS,105,17,1.0,10.147565358052827,135.64266342418566
qwen3_235b_a22b_2507__vs__wsls__seed105,Qwen3-235B,WSLS,105,18,1.0,10.34538210026481,145.98804552445046
qwen3_235b_a22b_2507__vs__wsls__seed105,Qwen3-235B,WSLS,105,19,1.0,10.542834720732635,156.53088024518308
qwen3_235b_a22b_2507__vs__wsls__seed105,Qwen3-235B,WSLS,105,20,1.0,10.740063933967036,167.27094417915012
qwen3_235b_a22b_2507__vs__wsls__seed105,Qwen3-235B,WSLS,105,21,1.0,10.749659515984732,178.02060369513487
qwen3_235b_a22b_2507__vs__wsls__seed105,Qwen3-235B,WSLS,105,22,1.0,10.74979348231664,188.7703971774515
qwen3_235b_a22b_2507__vs__wsls__seed105,Qwen3-235B,WSLS,105,23,1.0,10.74987473933614,199.52027191678766
qwen3_235b_a22b_2507__vs__wsls__seed105,Qwen3-235B,WSLS,105,24,1.0,10.749924025067646,210.27019594185532
qwen3_235b_a22b_2507__vs__wsls__seed105,Qwen3-235B,WSLS,105,25,1.0,10.749953918690487,221.0201498605458
qwen3_235b_a22b_2507__vs__wsls__seed105,Qwen3-235B,WSLS,105,26,1.0,10.749972050205368,231.7701219107512
qwen3_235b_a22b_2507__vs__wsls__seed105,Qwen3-235B,WSLS,105,27,1.0,10.749983047567767,242.52010495831894
qwen3_235b_a22b_2507__vs__wsls__seed105,Qwen3-235B,WSLS,105,28,1.0,10.749989717820949,253.27009467613988
qwen3_235b_a22b_2507__vs__wsls__seed105,Qwen3-235B,WSLS,105,29,1.0,10.749993763539791,264.0200884396797
qwen3_235b_a22b_2507__vs__wsls__seed105,Qwen3-235B,WSLS,105,30,1.0,10.74999621739444,274.7700846570741
qwen3_235b_a22b_2507__vs__wsls__seed105,Qwen3-235B,WSLS,105,31,1.0,10.749997705733296,285.5200823628074
qwen3_235b_a22b_2507__vs__wsls__seed105,Qwen3-235B,WSLS,105,32,1.0,10.749998608456735,296.2700809712641
qwen3_235b_a22b_2507__vs__wsls__seed105,Qwen3-235B,WSLS,105,33,1.0,10.749999155986284,307.0200801272504
qwen3_235b_a22b_2507__vs__wsls__seed105,Qwen3-235B,WSLS,105,34,1.0,10.74999948807978,317.7700796153302
qwen3_235b_a22b_2507__vs__wsls__seed105,Qwen3-235B,WSLS,105,35,1.0,6.062499767128513,323.8325793824587
qwen3_235b_a22b_2507__vs__wsls__seed105,Qwen3-235B,WSLS,105,36,1.0,6.062499858756301,329.895079241215
qwen3_235b_a22b_2507__vs__wsls__seed105,Qwen3-235B,WSLS,105,37,1.0,6.062499914331365,335.95757915554634
qwen3_235b_a22b_2507__vs__wsls__seed105,Qwen3-235B,WSLS,105,38,1.0,6.0624999480393456,342.02007910358566
qwen3_235b_a22b_2507__vs__wsls__seed105,Qwen3-235B,WSLS,105,39,1.0,6.062499968484271,348.0825790720699
qwen3_235b_a22b_2507__vs__wsls__seed105,Qwen3-235B,WSLS,105,40,1.0,6.062499980884745,354.14507905295466
qwen3_235b_a22b_2507__vs__wsls__seed105,Qwen3-235B,WSLS,105,41,0.75,8.062499988406014,362.20757904136065
qwen3_235b_a22b_2507__vs__wsls__seed105,Qwen3-235B,WSLS,105,42,0.75,8.06249999296789,370.27007903432855
qwen3_235b_a22b_2507__vs__wsls__seed105,Qwen3-235B,WSLS,105,43,0.75,8.06249999573481,378.33257903006336
qwen3_235b_a22b_2507__vs__wsls__seed105,Qwen3-235B,WSLS,105,44,0.75,8.062499997413031,386.3950790274764
qwen3_235b_a22b_2507__vs__wsls__seed105,Qwen3-235B,WSLS,105,45,0.75,8.062499998430924,394.45757902590736
qwen3_235b_a22b_2507__vs__wsls__seed105,Qwen3-235B,WSLS,105,46,0.75,8.062499999048306,402.5200790249557
qwen3_235b_a22b_2507__vs__wsls__seed105,Qwen3-235B,WSLS,105,47,0.75,8.06249999942277,410.58257902437845
qwen3_235b_a22b_2507__vs__wsls__seed105,Qwen3-235B,WSLS,105,48,0.75,8.062499999649894,418.64507902402835
qwen3_235b_a22b_2507__vs__wsls__seed105,Qwen3-235B,WSLS,105,49,0.75,8.06249999978765,426.707579023816
qwen3_235b_a22b_2507__vs__wsls__seed105,Qwen3-235B,WSLS,105,50,0.75,3.3749999999141345,430.0825790237301
