match_id,seed,model,baseline,round,llm_coop,opp_coop,llm_action,opp_action,llm_reward
deepseek_v32__vs__always_cooperate__seed101,101,DeepSeek-V3.2,Always Cooperate,1,1.0,1.0,0,0,4.0
deepseek_v32__vs__always_cooperate__seed101,101,DeepSeek-V3.2,Always Cooperate,2,1.0,1.0,0,0,4.901899659543274
deepseek_v32__vs__always_cooperate__seed101,101,DeepSeek-V3.2,Always Cooperate,3,1.0,1.0,0,0,5.737743197914256
deepseek_v32__vs__always_cooperate__seed101,101,DeepSeek-V3.2,Always Cooperate,4,1.0,1.0,0,0,6.452973827162612
deepseek_v32__vs__always_cooperate__seed101,101,DeepSeek-V3.2,Always Cooperate,5,1.0,1.0,0,0,7.03473354743033
deepseek_v32__vs__always_cooperate__seed101,101,DeepSeek-V3.2,Always Cooperate,6,1.0,1.0,0,0,7.499356761489178
deepseek_v32__vs__always_cooperate__seed101,101,DeepSeek-V3.2,Always Cooperate,7,1.0,1.0,0,0,7.874286035858203
deepseek_v32__vs__always_cooperate__seed101,101,DeepSeek-V3.2,Always Cooperate,8,1.0,1.0,0,0,8.186093248290184
deepseek_v32__vs__always_cooperate__seed101,101,DeepSeek-V3.2,Always Cooperate,9,1.0,1.0,0,0,8.455751427951338
deepseek_v32__vs__always_cooperate__seed101,101,DeepSeek-V3.2,Always Cooperate,10,1.0,1.0,0,0,8.698166348627016
deepseek_v32__vs__always_cooperate__seed101,101,DeepSeek-V3.2,Always Cooperate,11,1.0,1.0,0,0,8.923322274351424
deepseek_v32__vs__always_cooperate__seed101,101,DeepSeek-V3.2,Always Cooperate,12,1.0,1.0,0,0,9.137678416908237
deepseek_v32__vs__always_cooperate__seed101,101,DeepSeek-V3.2,Always Cooperate,13,1.0,1.0,0,0,9.345327632177181
deepseek_v32__vs__always_cooperate__seed101,101,DeepSeek-V3.2,Always Cooperate,14,1.0,1.0,0,0,9.548831071124255
deepseek_v32__vs__always_cooperate__seed101,101,DeepSeek-V3.2,Always Cooperate,15,1.0,1.0,0,0,9.749779258891781
deepseek_v32__vs__always_cooperate__seed101,101,DeepSeek-V3.2,Always Cooperate,16,1.0,1.0,0,0,9.949155358413602
deepseek_v32__vs__always_cooperate__seed101,101,DeepSeek-V3.2,Always Cooperate,17,1.0,1.0,0,0,10.147565358052827
deepseek_v32__vs__always_cooperate__seed101,101,DeepSeek-V3.2,Always Cooperate,18,1.0,1.0,0,0,6.6556250000000095
deepseek_v32__vs__always_cooperate__seed101,101,DeepSeek-V3.2,Always Cooperate,19,1.0,1.0,0,0,7.696913291319724
deepseek_v32__vs__always_cooperate__seed101,101,DeepSeek-V3.2,Always Cooperate,20,1.0,1.0,0,0,8.651366260443886
deepseek_v32__vs__always_cooperate__seed101,101,DeepSeek-V3.2,Always Cooperate,21,1.0,1.0,0,0,9.381808571452328
deepseek_v32__vs__always_cooperate__seed101,101,DeepSeek-V3.2,Always Cooperate,22,1.0,1.0,0,0,9.855978084834117
deepseek_v32__vs__always_cooperate__seed101,101,DeepSeek-V3.2,Always Cooperate,23,1.0,1.0,0,0,10.181063649840674
deepseek_v32__vs__always_cooperate__seed101,101,DeepSeek-V3.2,Always Cooperate,24,1.0,1.0,0,0,10.39430595116825
deepseek_v32__vs__always_cooperate__seed101,101,DeepSeek-V3.2,Always Cooperate,25,1.0,1.0,0,0,10.53015826936483
deepseek_v32__vs__always_cooperate__seed101,101,DeepSeek-V3.2,Always Cooperate,26,1.0,1.0,0,0,10.61510342528431
deepseek_v32__vs__always_cooperate__seed101,101,DeepSeek-V3.2,Always Cooperate,27,1.0,1.0,0,0,10.667597930270553
deepseek_v32__vs__always_cooperate__seed101,101,DeepSeek-V3.2,Always Cooperate,28,1.0,1.0,0,0,10.699803618067861
deepseek_v32__vs__always_cooperate__seed101,101,DeepSeek-V3.2,Always Cooperate,29,1.0,1.0,0,0,10.719473967130781
deepseek_v32__vs__always_cooperate__seed101,101,DeepSeek-V3.2,Always Cooperate,30,1.0,1.0,0,0,10.73145532632524
deepseek_v32__vs__always_cooperate__seed101,101,DeepSeek-V3.2,Always Cooperate,31,1.0,1.0,0,0,10.738741133074473
deepseek_v32__vs__always_cooperate__seed101,101,DeepSeek-V3.2,Always Cooperate,32,1.0,1.0,0,0,10.743167116041995
deepseek_v32__vs__always_cooperate__seed101,101,DeepSeek-V3.2,Always Cooperate,33,1.0,1.0,0,0,10.745854160223072
deepseek_v32__vs__always_cooperate__seed101,101,DeepSeek-V3.2,Always Cooperate,34,1.0,1.0,0,0,10.747484874021502
deepseek_v32__vs__always_cooperate__seed101,101,DeepSeek-V3.2,Always Cooperate,35,1.0,1.0,0,0,10.748474297664586
deepseek_v32__vs__always_cooperate__seed101,101,DeepSeek-V3.2,Always Cooperate,36,1.0,1.0,0,0,10.749074540680102
deepseek_v32__vs__always_cooperate__seed101,101,DeepSeek-V3.2,Always Cooperate,37,1.0,1.0,0,0,10.74943865329367
deepseek_v32__vs__always_cooperate__seed101,101,DeepSeek-V3.2,Always Cooperate,38,1.0,1.0,0,0,10.749659515984732
deepseek_v32__vs__always_cooperate__seed101,101,DeepSeek-V3.2,Always Cooperate,39,1.0,1.0,0,0,10.74979348231664
deepseek_v32__vs__always_cooperate__seed101,101,DeepSeek-V3.2,Always Cooperate,40,1.0,1.0,0,0,10.74987473933614
deepseek_v32__vs__always_cooperate__seed101,101,DeepSeek-V3.2,Always Cooperate,41,1.0,1.0,0,0,10.749924025067646
deepseek_v32__vs__always_cooperate__seed101,101,DeepSeek-V3.2,Always Cooperate,42,1.0,1.0,0,0,10.749953918690487
deepseek_v32__vs__always_cooperate__seed101,101,DeepSeek-V3.2,Always Cooperate,43,1.0,1.0,0,0,10.749972050205368
deepseek_v32__vs__always_cooperate__seed101,101,DeepSeek-V3.2,Always Cooperate,44,1.0,1.0,0,0,10.749983047567767
deepseek_v32__vs__always_cooperate__seed101,101,DeepSeek-V3.2,Always Cooperate,45,1.0,1.0,0,0,10.749989717820949
deepseek_v32__vs__always_cooperate__seed101,101,DeepSeek-V3.2,Always Cooperate,46,1.0,1.0,0,0,10.749993763539791
deepseek_v32__vs__always_cooperate__seed101,101,DeepSeek-V3.2,Always Cooperate,47,1.0,1.0,0,0,10.74999621739444
deepseek_v32__vs__always_cooperate__seed101,101,DeepSeek-V3.2,Always Cooperate,48,1.0,1.0,0,0,10.749997705733296
deepseek_v32__vs__always_cooperate__seed101,101,DeepSeek-V3.2,Always Cooperate,49,1.0,1.0,0,0,10.749998608456735
deepseek_v32__vs__always_cooperate__seed101,101,DeepSeek-V3.2,Always Cooperate,50,1.0,1.0,0,0,10.749999155986284
deepseek_v32__vs__always_cooperate__seed102,102,DeepSeek-V3.2,Always Cooperate,1,1.0,1.0,0,0,4.0
deepseek_v32__vs__always_cooperate__seed102,102,DeepSeek-V3.2,Always Cooperate,2,1.0,1.0,0,0,4.901899659543274
deepseek_v32__vs__always_cooperate__seed102,102,DeepSeek-V3.2,Always Cooperate,3,1.0,1.0,0,0,5.737743197914256
deepseek_v32__vs__always_cooperate__seed102,102,DeepSeek-V3.2,Always Cooperate,4,1.0,1.0,0,0,6.452973827162612
deepseek_v32__vs__always_cooperate__seed102,102,DeepSeek-V3.2,Always Cooperate,5,1.0,1.0,0,0,7.008693579389945
deepseek_v32__vs__always_cooperate__seed102,102,DeepSeek-V3.2,Always Cooperate,6,1.0,1.0,0,0,7.451631469408346
deepseek_v32__vs__always_cooperate__seed102,102,DeepSeek-V3.2,Always Cooperate,7,1.0,1.0,0,0,7.808117629728304
deepseek_v32__vs__always_cooperate__seed102,102,DeepSeek-V3.2,Always Cooperate,8,1.0,1.0,0,0,8.103994352624522
deepseek_v32__vs__always_cooperate__seed102,102,DeepSeek-V3.2,Always Cooperate,9,1.0,1.0,0,0,8.35970266513893
deepseek_v32__vs__always_cooperate__seed102,102,DeepSeek-V3.2,Always Cooperate,10,1.0,1.0,0,0,8.588234938593196
deepseek_v32__vs__always_cooperate__seed102,102,DeepSeek-V3.2,Always Cooperate,11,1.0,1.0,0,0,8.799565935129063
deepseek_v32__vs__always_cooperate__seed102,102,DeepSeek-V3.2,Always Cooperate,12,1.0,1.0,0,0,9.000142281788616
deepseek_v32__vs__always_cooperate__seed102,102,DeepSeek-V3.2,Always Cooperate,13,1.0,1.0,0,0,9.207703467349035
deepseek_v32__vs__always_cooperate__seed102,102,DeepSeek-V3.2,Always Cooperate,14,1.0,1.0,0,0,9.411153375854852
deepseek_v32__vs__always_cooperate__seed102,102,DeepSeek-V3.2,Always Cooperate,15,1.0,1.0,0,0,9.612069044941965
deepseek_v32__vs__always_cooperate__seed102,102,DeepSeek-V3.2,Always Cooperate,16,1.0,1.0,0,0,9.811425402153066
deepseek_v32__vs__always_cooperate__seed102,102,DeepSeek-V3.2,Always Cooperate,17,1.0,1.0,0,0,10.009823420575632
deepseek_v32__vs__always_cooperate__seed102,102,DeepSeek-V3.2,Always Cooperate,18,1.0,1.0,0,0,10.20763289327224
deepseek_v32__vs__always_cooperate__seed102,102,DeepSeek-V3.2,Always Cooperate,19,1.0,1.0,0,0,10.405081103621242
deepseek_v32__vs__always_cooperate__seed102,102,DeepSeek-V3.2,Always Cooperate,20,1.0,1.0,0,0,10.602307641639356
deepseek_v32__vs__always_cooperate__seed102,102,DeepSeek-V3.2,Always Cooperate,21,1.0,1.0,0,0,10.749659515984732
deepseek_v32__vs__always_cooperate__seed102,102,DeepSeek-V3.2,Always Cooperate,22,1.0,1.0,0,0,10.74979348231664
deepseek_v32__vs__always_cooperate__seed102,102,DeepSeek-V3.2,Always Cooperate,23,1.0,1.0,0,0,10.74987473933614
deepseek_v32__vs__always_cooperate__seed102,102,DeepSeek-V3.2,Always Cooperate,24,1.0,1.0,0,0,10.749924025067646
deepseek_v32__vs__always_cooperate__seed102,102,DeepSeek-V3.2,Always Cooperate,25,1.0,1.0,0,0,10.749953918690487
deepseek_v32__vs__always_cooperate__seed102,102,DeepSeek-V3.2,Always Cooperate,26,1.0,1.0,0,0,10.749972050205368
deepseek_v32__vs__always_cooperate__seed102,102,DeepSeek-V3.2,Always Cooperate,27,1.0,1.0,0,0,10.749983047567767
deepseek_v32__vs__always_cooperate__seed102,102,DeepSeek-V3.2,Always Cooperate,28,1.0,1.0,0,0,10.749989717820949
deepseek_v32__vs__always_cooperate__seed102,102,DeepSeek-V3.2,Always Cooperate,29,1.0,1.0,0,0,10.749993763539791
deepseek_v32__vs__always_cooperate__seed102,102,DeepSeek-V3.2,Always Cooperate,30,1.0,1.0,0,0,10.74999621739444
deepseek_v32__vs__always_cooperate__seed102,102,DeepSeek-V3.2,Always Cooperate,31,1.0,1.0,0,0,10.749997705733296
deepseek_v32__vs__always_cooperate__seed102,102,DeepSeek-V3.2,Always Cooperate,32,1.0,1.0,0,0,10.749998608456735
deepseek_v32__vs__always_cooperate__seed102,102,DeepSeek-V3.2,Always Cooperate,33,1.0,1.0,0,0,10.749999155986284
deepseek_v32__vs__always_cooperate__seed102,102,DeepSeek-V3.2,Always Cooperate,34,1.0,1.0,0,0,10.74999948807978
deepseek_v32__vs__always_cooperate__seed102,102,DeepSeek-V3.2,Always Cooperate,35,1.0,1.0,0,0,10.749999689504683
deepseek_v32__vs__always_cooperate__seed102,102,DeepSeek-V3.2,Always Cooperate,36,1.0,1.0,0,0,10.749999811675067
deepseek_v32__vs__always_cooperate__seed102,102,DeepSeek-V3.2,Always Cooperate,37,1.0,1.0,0,0,10.749999885775154
deepseek_v32__vs__always_cooperate__seed102,102,DeepSeek-V3.2,Always Cooperate,38,1.0,1.0,0,0,10.749999930719127
deepseek_v32__vs__always_cooperate__seed102,102,DeepSeek-V3.2,Always Cooperate,39,1.0,1.0,0,0,10.749999957979028
deepseek_v32__vs__always_cooperate__seed102,102,DeepSeek-V3.2,Always Cooperate,40,1.0,1.0,0,0,10.749999974512992
deepseek_v32__vs__always_cooperate__seed102,102,DeepSeek-V3.2,Always Cooperate,41,1.0,1.0,0,0,10.74999998454135
deepseek_v32__vs__always_cooperate__seed102,102,DeepSeek-V3.2,Always Cooperate,42,1.0,1.0,0,0,10.749999990623852
deepseek_v32__vs__always_cooperate__seed102,102,DeepSeek-V3.2,Always Cooperate,43,1.0,1.0,0,0,10.749999994313079
deepseek_v32__vs__always_cooperate__seed102,102,DeepSeek-V3.2,Always Cooperate,44,1.0,1.0,0,0,10.74999999655071
deepseek_v32__vs__always_cooperate__seed102,102,DeepSeek-V3.2,Always Cooperate,45,1.0,1.0,0,0,10.7499999979079
deepseek_v32__vs__always_cooperate__seed102,102,DeepSeek-V3.2,Always Cooperate,46,1.0,1.0,0,0,10.749999998731074
deepseek_v32__vs__always_cooperate__seed102,102,DeepSeek-V3.2,Always Cooperate,47,1.0,1.0,0,0,10.749999999230358
deepseek_v32__vs__always_cooperate__seed102,102,DeepSeek-V3.2,Always Cooperate,48,1.0,1.0,0,0,10.749999999533191
deepseek_v32__vs__always_cooperate__seed102,102,DeepSeek-V3.2,Always Cooperate,49,1.0,1.0,0,0,10.749999999716866
deepseek_v32__vs__always_cooperate__seed102,102,DeepSeek-V3.2,Always Cooperate,50,1.0,1.0,0,0,10.749999999828269
deepseek_v32__vs__always_cooperate__seed103,103,DeepSeek-V3.2,Always Cooperate,1,0.5,1.0,2,0,8.0
deepseek_v32__vs__always_cooperate__seed103,103,DeepSeek-V3.2,Always Cooperate,2,1.0,1.0,0,0,4.809042063803192
deepseek_v32__vs__always_cooperate__seed103,103,DeepSeek-V3.2,Always Cooperate,3,1.0,1.0,0,0,5.591329978691661
deepseek_v32__vs__always_cooperate__seed103,103,DeepSeek-V3.2,Always Cooperate,4,1.0,1.0,0,0,6.267085041051246
deepseek_v32__vs__always_cooperate__seed103,103,DeepSeek-V3.2,Always Cooperate,5,1.0,1.0,0,0,6.817733813760466
deepseek_v32__vs__always_cooperate__seed103,103,DeepSeek-V3.2,Always Cooperate,6,1.0,1.0,0,0,7.257195094264214
deepseek_v32__vs__always_cooperate__seed103,103,DeepSeek-V3.2,Always Cooperate,7,1.0,1.0,0,0,7.61140074663942
deepseek_v32__vs__always_cooperate__seed103,103,DeepSeek-V3.2,Always Cooperate,8,1.0,1.0,0,0,7.905824604466034
deepseek_v32__vs__always_cooperate__seed103,103,DeepSeek-V3.2,Always Cooperate,9,1.0,1.0,0,0,8.153837719272499
deepseek_v32__vs__always_cooperate__seed103,103,DeepSeek-V3.2,Always Cooperate,10,1.0,1.0,0,0,8.388595349616686
deepseek_v32__vs__always_cooperate__seed103,103,DeepSeek-V3.2,Always Cooperate,11,1.0,1.0,0,0,8.60639956094937
deepseek_v32__vs__always_cooperate__seed103,103,DeepSeek-V3.2,Always Cooperate,12,1.0,1.0,0,0,8.813597523852277
deepseek_v32__vs__always_cooperate__seed103,103,DeepSeek-V3.2,Always Cooperate,13,1.0,1.0,0,0,9.014210135419109
deepseek_v32__vs__always_cooperate__seed103,103,DeepSeek-V3.2,Always Cooperate,14,1.0,1.0,0,0,9.21075294984836
deepseek_v32__vs__always_cooperate__seed103,103,DeepSeek-V3.2,Always Cooperate,15,1.0,1.0,0,0,9.404787839162122
deepseek_v32__vs__always_cooperate__seed103,103,DeepSeek-V3.2,Always Cooperate,16,1.0,1.0,0,0,9.597280054281072
deepseek_v32__vs__always_cooperate__seed103,103,DeepSeek-V3.2,Always Cooperate,17,1.0,1.0,0,0,9.795659444063368
deepseek_v32__vs__always_cooperate__seed103,103,DeepSeek-V3.2,Always Cooperate,18,1.0,1.0,0,0,9.993457613969056
deepseek_v32__vs__always_cooperate__seed103,103,DeepSeek-V3.2,Always Cooperate,19,1.0,1.0,0,0,10.190898967375276
deepseek_v32__vs__always_cooperate__seed103,103,DeepSeek-V3.2,Always Cooperate,20,1.0,1.0,0,0,10.388121345912491
deepseek_v32__vs__always_cooperate__seed103,103,DeepSeek-V3.2,Always Cooperate,21,1.0,1.0,0,0,10.585209377313287
deepseek_v32__vs__always_cooperate__seed103,103,DeepSeek-V3.2,Always Cooperate,22,1.0,1.0,0,0,10.74979348231664
deepseek_v32__vs__always_cooperate__seed103,103,DeepSeek-V3.2,Always Cooperate,23,1.0,1.0,0,0,10.74987473933614
deepseek_v32__vs__always_cooperate__seed103,103,DeepSeek-V3.2,Always Cooperate,24,1.0,1.0,0,0,10.749924025067646
deepseek_v32__vs__always_cooperate__seed103,103,DeepSeek-V3.2,Always Cooperate,25,1.0,1.0,0,0,10.749953918690487
deepseek_v32__vs__always_cooperate__seed103,103,DeepSeek-V3.2,Always Cooperate,26,1.0,1.0,0,0,10.749972050205368
deepseek_v32__vs__always_cooperate__seed103,103,DeepSeek-V3.2,Always Cooperate,27,1.0,1.0,0,0,10.749983047567767
deepseek_v32__vs__always_cooperate__seed103,103,DeepSeek-V3.2,Always Cooperate,28,1.0,1.0,0,0,10.749989717820949
deepseek_v32__vs__always_cooperate__seed103,103,DeepSeek-V3.2,Always Cooperate,29,1.0,1.0,0,0,10.749993763539791
deepseek_v32__vs__always_cooperate__seed103,103,DeepSeek-V3.2,Always Cooperate,30,1.0,1.0,0,0,7.0
deepseek_v32__vs__always_cooperate__seed103,103,DeepSeek-V3.2,Always Cooperate,31,1.0,1.0,0,0,7.9184449840139095
deepseek_v32__vs__always_cooperate__seed103,103,DeepSeek-V3.2,Always Cooperate,32,1.0,1.0,0,0,8.732939339725036
deepseek_v32__vs__always_cooperate__seed103,103,DeepSeek-V3.2,Always Cooperate,33,1.0,1.0,0,0,9.381808571452328
deepseek_v32__vs__always_cooperate__seed103,103,DeepSeek-V3.2,Always Cooperate,34,1.0,1.0,0,0,9.855978084834117
deepseek_v32__vs__always_cooperate__seed103,103,DeepSeek-V3.2,Always Cooperate,35,1.0,1.0,0,0,10.181063649840674
deepseek_v32__vs__always_cooperate__seed103,103,DeepSeek-V3.2,Always Cooperate,36,1.0,1.0,0,0,10.39430595116825
deepseek_v32__vs__always_cooperate__seed103,103,DeepSeek-V3.2,Always Cooperate,37,1.0,1.0,0,0,10.53015826936483
deepseek_v32__vs__always_cooperate__seed103,103,DeepSeek-V3.2,Always Cooperate,38,1.0,1.0,0,0,10.61510342528431
deepseek_v32__vs__always_cooperate__seed103,103,DeepSeek-V3.2,Always Cooperate,39,1.0,1.0,0,0,10.667597930270553
deepseek_v32__vs__always_cooperate__seed103,103,DeepSeek-V3.2,Always Cooperate,40,1.0,1.0,0,0,10.699803618067861
deepseek_v32__vs__always_cooperate__seed103,103,DeepSeek-V3.2,Always Cooperate,41,1.0,1.0,0,0,10.719473967130781
deepseek_v32__vs__always_cooperate__seed103,103,DeepSeek-V3.2,Always Cooperate,42,1.0,1.0,0,0,10.73145532632524
deepseek_v32__vs__always_cooperate__seed103,103,DeepSeek-V3.2,Always Cooperate,43,1.0,1.0,0,0,10.738741133074473
deepseek_v32__vs__always_cooperate__seed103,103,DeepSeek-V3.2,Always Cooperate,44,1.0,1.0,0,0,10.743167116041995
deepseek_v32__vs__always_cooperate__seed103,103,DeepSeek-V3.2,Always Cooperate,45,1.0,1.0,0,0,10.745854160223072
deepseek_v32__vs__always_cooperate__seed103,103,DeepSeek-V3.2,Always Cooperate,46,1.0,1.0,0,0,7.0
deepseek_v32__vs__always_cooperate__seed103,103,DeepSeek-V3.2,Always Cooperate,47,1.0,1.0,0,0,7.9184449840139095
deepseek_v32__vs__always_cooperate__seed103,103,DeepSeek-V3.2,Always Cooperate,48,1.0,1.0,0,0,7.0
deepseek_v32__vs__always_cooperate__seed103,103,DeepSeek-V3.2,Always Cooperate,49,1.0,1.0,0,0,7.9184449840139095
deepseek_v32__vs__always_cooperate__seed103,103,DeepSeek-V3.2,Always Cooperate,50,1.0,1.0,0,0,8.732939339725036
deepseek_v32__vs__always_cooperate__seed104,104,DeepSeek-V3.2,Always Cooperate,1,0.5,1.0,2,0,8.0
deepseek_v32__vs__always_cooperate__seed104,104,DeepSeek-V3.2,Always Cooperate,2,1.0,1.0,0,0,4.809042063803192
deepseek_v32__vs__always_cooperate__seed104,104,DeepSeek-V3.2,Always Cooperate,3,1.0,1.0,0,0,5.542525572284129
deepseek_v32__vs__always_cooperate__seed104,104,DeepSeek-V3.2,Always Cooperate,4,1.0,1.0,0,0,6.148792177162196
deepseek_v32__vs__always_cooperate__seed104,104,DeepSeek-V3.2,Always Cooperate,5,1.0,1.0,0,0,6.644134026824581
deepseek_v32__vs__always_cooperate__seed104,104,DeepSeek-V3.2,Always Cooperate,6,1.0,1.0,0,0,7.03801227137447
deepseek_v32__vs__always_cooperate__seed104,104,DeepSeek-V3.2,Always Cooperate,7,1.0,1.0,0,0,7.353880463323065
deepseek_v32__vs__always_cooperate__seed104,104,DeepSeek-V3.2,Always Cooperate,8,1.0,1.0,0,0,7.615518791579319
deepseek_v32__vs__always_cooperate__seed104,104,DeepSeek-V3.2,Always Cooperate,9,1.0,1.0,0,0,7.841840829571643
deepseek_v32__vs__always_cooperate__seed104,104,DeepSeek-V3.2,Always Cooperate,10,1.0,1.0,0,0,8.055300944903315
deepseek_v32__vs__always_cooperate__seed104,104,DeepSeek-V3.2,Always Cooperate,11,1.0,1.0,0,0,5.025625
deepseek_v32__vs__always_cooperate__seed104,104,DeepSeek-V3.2,Always Cooperate,12,1.0,1.0,0,0,5.967108936390202
deepseek_v32__vs__always_cooperate__seed104,104,DeepSeek-V3.2,Always Cooperate,13,1.0,1.0,0,0,6.833053518860421
deepseek_v32__vs__always_cooperate__seed104,104,DeepSeek-V3.2,Always Cooperate,14,1.0,1.0,0,0,7.565409575735556
deepseek_v32__vs__always_cooperate__seed104,104,DeepSeek-V3.2,Always Cooperate,15,1.0,1.0,0,0,8.151476176819322
deepseek_v32__vs__always_cooperate__seed104,104,DeepSeek-V3.2,Always Cooperate,16,1.0,1.0,0,0,8.609916732766937
deepseek_v32__vs__always_cooperate__seed104,104,DeepSeek-V3.2,Always Cooperate,17,1.0,1.0,0,0,8.971046528196599
deepseek_v32__vs__always_cooperate__seed104,104,DeepSeek-V3.2,Always Cooperate,18,1.0,1.0,0,0,9.26393078762489
deepseek_v32__vs__always_cooperate__seed104,104,DeepSeek-V3.2,Always Cooperate,19,1.0,1.0,0,0,6.1106249999999935
deepseek_v32__vs__always_cooperate__seed104,104,DeepSeek-V3.2,Always Cooperate,20,1.0,1.0,0,0,7.118543123567202
deepseek_v32__vs__always_cooperate__seed104,104,DeepSeek-V3.2,Always Cooperate,21,1.0,1.0,0,0,8.04340279776719
deepseek_v32__vs__always_cooperate__seed104,104,DeepSeek-V3.2,Always Cooperate,22,1.0,1.0,0,0,8.8226937290706
deepseek_v32__vs__always_cooperate__seed104,104,DeepSeek-V3.2,Always Cooperate,23,1.0,1.0,0,0,6.609374999999991
deepseek_v32__vs__always_cooperate__seed104,104,DeepSeek-V3.2,Always Cooperate,24,1.0,1.0,0,0,7.601402621415621
deepseek_v32__vs__always_cooperate__seed104,104,DeepSeek-V3.2,Always Cooperate,25,1.0,1.0,0,0,8.502164217997986
deepseek_v32__vs__always_cooperate__seed104,104,DeepSeek-V3.2,Always Cooperate,26,1.0,1.0,0,0,9.2358738036545
deepseek_v32__vs__always_cooperate__seed104,104,DeepSeek-V3.2,Always Cooperate,27,1.0,1.0,0,0,9.828450118619987
deepseek_v32__vs__always_cooperate__seed104,104,DeepSeek-V3.2,Always Cooperate,28,1.0,1.0,0,0,10.181063649840674
deepseek_v32__vs__always_cooperate__seed104,104,DeepSeek-V3.2,Always Cooperate,29,1.0,1.0,0,0,10.39430595116825
deepseek_v32__vs__always_cooperate__seed104,104,DeepSeek-V3.2,Always Cooperate,30,1.0,1.0,0,0,10.53015826936483
deepseek_v32__vs__always_cooperate__seed104,104,DeepSeek-V3.2,Always Cooperate,31,1.0,1.0,0,0,10.61510342528431
deepseek_v32__vs__always_cooperate__seed104,104,DeepSeek-V3.2,Always Cooperate,32,1.0,1.0,0,0,10.667597930270553
deepseek_v32__vs__always_cooperate__seed104,104,DeepSeek-V3.2,Always Cooperate,33,1.0,1.0,0,0,10.699803618067861
deepseek_v32__vs__always_cooperate__seed104,104,DeepSeek-V3.2,Always Cooperate,34,1.0,1.0,0,0,10.719473967130781
deepseek_v32__vs__always_cooperate__seed104,104,DeepSeek-V3.2,Always Cooperate,35,1.0,1.0,0,0,10.73145532632524
deepseek_v32__vs__always_cooperate__seed104,104,DeepSeek-V3.2,Always Cooperate,36,1.0,1.0,0,0,10.738741133074473
deepseek_v32__vs__always_cooperate__seed104,104,DeepSeek-V3.2,Always Cooperate,37,1.0,1.0,0,0,10.743167116041995
deepseek_v32__vs__always_cooperate__seed104,104,DeepSeek-V3.2,Always Cooperate,38,1.0,1.0,0,0,10.745854160223072
deepseek_v32__vs__always_cooperate__seed104,104,DeepSeek-V3.2,Always Cooperate,39,1.0,1.0,0,0,10.747484874021502
deepseek_v32__vs__always_cooperate__seed104,104,DeepSeek-V3.2,Always Cooperate,40,1.0,1.0,0,0,10.748474297664586
deepseek_v32__vs__always_cooperate__seed104,104,DeepSeek-V3.2,Always Cooperate,41,1.0,1.0,0,0,10.749074540680102
deepseek_v32__vs__always_cooperate__seed104,104,DeepSeek-V3.2,Always Cooperate,42,1.0,1.0,0,0,10.74943865329367
deepseek_v32__vs__always_cooperate__seed104,104,DeepSeek-V3.2,Always Cooperate,43,1.0,1.0,0,0,10.749659515984732
deepseek_v32__vs__always_cooperate__seed104,104,DeepSeek-V3.2,Always Cooperate,44,1.0,1.0,0,0,10.74979348231664
deepseek_v32__vs__always_cooperate__seed104,104,DeepSeek-V3.2,Always Cooperate,45,1.0,1.0,0,0,10.74987473933614
deepseek_v32__vs__always_cooperate__seed104,104,DeepSeek-V3.2,Always Cooperate,46,1.0,1.0,0,0,10.749924025067646
deepseek_v32__vs__always_cooperate__seed104,104,DeepSeek-V3.2,Always Cooperate,47,1.0,1.0,0,0,10.749953918690487
deepseek_v32__vs__always_cooperate__seed104,104,DeepSeek-V3.2,Always Cooperate,48,1.0,1.0,0,0,10.749972050205368
deepseek_v32__vs__always_cooperate__seed104,104,DeepSeek-V3.2,Always Cooperate,49,1.0,1.0,0,0,10.749983047567767
deepseek_v32__vs__always_cooperate__seed104,104,DeepSeek-V3.2,Always Cooperate,50,1.0,1.0,0,0,10.749989717820949
deepseek_v32__vs__always_cooperate__seed105,105,DeepSeek-V3.2,Always Cooperate,1,1.0,1.0,0,0,4.0
deepseek_v32__vs__always_cooperate__seed105,105,DeepSeek-V3.2,Always Cooperate,2,1.0,1.0,0,0,4.901899659543274
deepseek_v32__vs__always_cooperate__seed105,105,DeepSeek-V3.2,Always Cooperate,3,1.0,1.0,0,0,5.737743197914256
deepseek_v32__vs__always_cooperate__seed105,105,DeepSeek-V3.2,Always Cooperate,4,1.0,1.0,0,0,6.452973827162612
deepseek_v32__vs__always_cooperate__seed105,105,DeepSeek-V3.2,Always Cooperate,5,1.0,1.0,0,0,7.03473354743033
deepseek_v32__vs__always_cooperate__seed105,105,DeepSeek-V3.2,Always Cooperate,6,1.0,1.0,0,0,7.499356761489178
deepseek_v32__vs__always_cooperate__seed105,105,DeepSeek-V3.2,Always Cooperate,7,1.0,1.0,0,0,7.874286035858203
deepseek_v32__vs__always_cooperate__seed105,105,DeepSeek-V3.2,Always Cooperate,8,1.0,1.0,0,0,8.186093248290184
deepseek_v32__vs__always_cooperate__seed105,105,DeepSeek-V3.2,Always Cooperate,9,1.0,1.0,0,0,8.455751427951338
deepseek_v32__vs__always_cooperate__seed105,105,DeepSeek-V3.2,Always Cooperate,10,1.0,1.0,0,0,8.698166348627016
deepseek_v32__vs__always_cooperate__seed105,105,DeepSeek-V3.2,Always Cooperate,11,1.0,1.0,0,0,8.923322274351424
deepseek_v32__vs__always_cooperate__seed105,105,DeepSeek-V3.2,Always Cooperate,12,1.0,1.0,0,0,9.137678416908237
deepseek_v32__vs__always_cooperate__seed105,105,DeepSeek-V3.2,Always Cooperate,13,1.0,1.0,0,0,9.345327632177181
deepseek_v32__vs__always_cooperate__seed105,105,DeepSeek-V3.2,Always Cooperate,14,1.0,1.0,0,0,9.548831071124255
deepseek_v32__vs__always_cooperate__seed105,105,DeepSeek-V3.2,Always Cooperate,15,1.0,1.0,0,0,9.749779258891781
deepseek_v32__vs__always_cooperate__seed105,105,DeepSeek-V3.2,Always Cooperate,16,1.0,1.0,0,0,9.949155358413602
deepseek_v32__vs__always_cooperate__seed105,105,DeepSeek-V3.2,Always Cooperate,17,1.0,1.0,0,0,10.147565358052827
deepseek_v32__vs__always_cooperate__seed105,105,DeepSeek-V3.2,Always Cooperate,18,1.0,1.0,0,0,10.34538210026481
deepseek_v32__vs__always_cooperate__seed105,105,DeepSeek-V3.2,Always Cooperate,19,1.0,1.0,0,0,10.542834720732635
deepseek_v32__vs__always_cooperate__seed105,105,DeepSeek-V3.2,Always Cooperate,20,1.0,1.0,0,0,10.740063933967036
deepseek_v32__vs__always_cooperate__seed105,105,DeepSeek-V3.2,Always Cooperate,21,1.0,1.0,0,0,10.749659515984732
deepseek_v32__vs__always_cooperate__seed105,105,DeepSeek-V3.2,Always Cooperate,22,1.0,1.0,0,0,10.74979348231664
deepseek_v32__vs__always_cooperate__seed105,105,DeepSeek-V3.2,Always Cooperate,23,1.0,1.0,0,0,10.74987473933614
deepseek_v32__vs__always_cooperate__seed105,105,DeepSeek-V3.2,Always Cooperate,24,1.0,1.0,0,0,10.749924025067646
deepseek_v32__vs__always_cooperate__seed105,105,DeepSeek-V3.2,Always Cooperate,25,1.0,1.0,0,0,10.749953918690487
deepseek_v32__vs__always_cooperate__seed105,105,DeepSeek-V3.2,Always Cooperate,26,1.0,1.0,0,0,10.749972050205368
deepseek_v32__vs__always_cooperate__seed105,105,DeepSeek-V3.2,Always Cooperate,27,1.0,1.0,0,0,10.749983047567767
deepseek_v32__vs__always_cooperate__seed105,105,DeepSeek-V3.2,Always Cooperate,28,1.0,1.0,0,0,10.749989717820949
deepseek_v32__vs__always_cooperate__seed105,105,DeepSeek-V3.2,Always Cooperate,29,1.0,1.0,0,0,10.749993763539791
deepseek_v32__vs__always_cooperate__seed105,105,DeepSeek-V3.2,Always Cooperate,30,1.0,1.0,0,0,10.74999621739444
deepseek_v32__vs__always_cooperate__seed105,105,DeepSeek-V3.2,Always Cooperate,31,1.0,1.0,0,0,10.749997705733296
deepseek_v32__vs__always_cooperate__seed105,105,DeepSeek-V3.2,Always Cooperate,32,1.0,1.0,0,0,10.749998608456735
deepseek_v32__vs__always_cooperate__seed105,105,DeepSeek-V3.2,Always Cooperate,33,1.0,1.0,0,0,10.749999155986284
deepseek_v32__vs__always_cooperate__seed105,105,DeepSeek-V3.2,Always Cooperate,34,1.0,1.0,0,0,10.74999948807978
deepseek_v32__vs__always_cooperate__seed105,105,DeepSeek-V3.2,Always Cooperate,35,1.0,1.0,0,0,10.749999689504683
deepseek_v32__vs__always_cooperate__seed105,105,DeepSeek-V3.2,Always Cooperate,36,1.0,1.0,0,0,10.749999811675067
deepseek_v32__vs__always_cooperate__seed105,105,DeepSeek-V3.2,Always Cooperate,37,1.0,1.0,0,0,10.749999885775154
deepseek_v32__vs__always_cooperate__seed105,105,DeepSeek-V3.2,Always Cooperate,38,1.0,1.0,0,0,10.749999930719127
deepseek_v32__vs__always_cooperate__seed105,105,DeepSeek-V3.2,Always Cooperate,39,1.0,1.0,0,0,10.749999957979028
deepseek_v32__vs__always_cooperate__seed105,105,DeepSeek-V3.2,Always Cooperate,40,1.0,1.0,0,0,10.749999974512992
deepseek_v32__vs__always_cooperate__seed105,105,DeepSeek-V3.2,Always Cooperate,41,1.0,1.0,0,0,10.74999998454135
deepseek_v32__vs__always_cooperate__seed105,105,DeepSeek-V3.2,Always Cooperate,42,1.0,1.0,0,0,10.749999990623852
deepseek_v32__vs__always_cooperate__seed105,105,DeepSeek-V3.2,Always Cooperate,43,1.0,1.0,0,0,10.749999994313079
deepseek_v32__vs__always_cooperate__seed105,105,DeepSeek-V3.2,Always Cooperate,44,1.0,1.0,0,0,10.74999999655071
deepseek_v32__vs__always_cooperate__seed105,105,DeepSeek-V3.2,Always Cooperate,45,1.0,1.0,0,0,10.7499999979079
deepseek_v32__vs__always_cooperate__seed105,105,DeepSeek-V3.2,Always Cooperate,46,1.0,1.0,0,0,10.749999998731074
deepseek_v32__vs__always_cooperate__seed105,105,DeepSeek-V3.2,Always Cooperate,47,1.0,1.0,0,0,10.749999999230358
deepseek_v32__vs__always_cooperate__seed105,105,DeepSeek-V3.2,Always Cooperate,48,1.0,1.0,0,0,10.749999999533191
deepseek_v32__vs__always_cooperate__seed105,105,DeepSeek-V3.2,Always Cooperate,49,1.0,1.0,0,0,10.749999999716866
deepseek_v32__vs__always_cooperate__seed105,105,DeepSeek-V3.2,Always Cooperate,50,1.0,1.0,0,0,10.749999999828269
deepseek_v32__vs__always_defect__seed101,101,DeepSeek-V3.2,Always Defect,1,0.0,0.0,4,4,0.0
deepseek_v32__vs__always_defect__seed101,101,DeepSeek-V3.2,Always Defect,2,0.0,0.0,4,4,0.0
deepseek_v32__vs__always_defect__seed101,101,DeepSeek-V3.2,Always Defect,3,0.0,0.0,4,4,0.0
deepseek_v32__vs__always_defect__seed101,101,DeepSeek-V3.2,Always Defect,4,0.0,0.0,4,4,0.0
deepseek_v32__vs__always_defect__seed101,101,DeepSeek-V3.2,Always Defect,5,0.0,0.0,4,4,0.0
deepseek_v32__vs__always_defect__seed101,101,DeepSeek-V3.2,Always Defect,6,0.0,0.0,4,4,0.0
deepseek_v32__vs__always_defect__seed101,101,DeepSeek-V3.2,Always Defect,7,0.0,0.0,4,4,0.0
deepseek_v32__vs__always_defect__seed101,101,DeepSeek-V3.2,Always Defect,8,0.0,0.0,4,4,0.0
deepseek_v32__vs__always_defect__seed101,101,DeepSeek-V3.2,Always Defect,9,0.0,0.0,4,4,0.0
deepseek_v32__vs__always_defect__seed101,101,DeepSeek-V3.2,Always Defect,10,0.0,0.0,4,4,0.0
deepseek_v32__vs__always_defect__seed101,101,DeepSeek-V3.2,Always Defect,11,0.0,0.0,4,4,0.0
deepseek_v32__vs__always_defect__seed101,101,DeepSeek-V3.2,Always Defect,12,0.0,0.0,4,4,0.0
deepseek_v32__vs__always_defect__seed101,101,DeepSeek-V3.2,Always Defect,13,0.0,0.0,4,4,0.0
deepseek_v32__vs__always_defect__seed101,101,DeepSeek-V3.2,Always Defect,14,0.0,0.0,4,4,0.0
deepseek_v32__vs__always_defect__seed101,101,DeepSeek-V3.2,Always Defect,15,0.0,0.0,4,4,0.0
deepseek_v32__vs__always_defect__seed101,101,DeepSeek-V3.2,Always Defect,16,0.0,0.0,4,4,0.0
deepseek_v32__vs__always_defect__seed101,101,DeepSeek-V3.2,Always Defect,17,0.0,0.0,4,4,0.0
deepseek_v32__vs__always_defect__seed101,101,DeepSeek-V3.2,Always Defect,18,0.0,0.0,4,4,0.0
deepseek_v32__vs__always_defect__seed101,101,DeepSeek-V3.2,Always Defect,19,0.0,0.0,4,4,0.0
deepseek_v32__vs__always_defect__seed101,101,DeepSeek-V3.2,Always Defect,20,0.0,0.0,4,4,0.0
deepseek_v32__vs__always_defect__seed101,101,DeepSeek-V3.2,Always Defect,21,0.0,0.0,4,4,0.0
deepseek_v32__vs__always_defect__seed101,101,DeepSeek-V3.2,Always Defect,22,0.0,0.0,4,4,0.0
deepseek_v32__vs__always_defect__seed101,101,DeepSeek-V3.2,Always Defect,23,0.0,0.0,4,4,0.0
deepseek_v32__vs__always_defect__seed101,101,DeepSeek-V3.2,Always Defect,24,0.0,0.0,4,4,0.0
deepseek_v32__vs__always_defect__seed101,101,DeepSeek-V3.2,Always Defect,25,0.0,0.0,4,4,0.0
deepseek_v32__vs__always_defect__seed101,101,DeepSeek-V3.2,Always Defect,26,0.0,0.0,4,4,0.0
deepseek_v32__vs__always_defect__seed101,101,DeepSeek-V3.2,Always Defect,27,0.0,0.0,4,4,0.0
deepseek_v32__vs__always_defect__seed101,101,DeepSeek-V3.2,Always Defect,28,0.0,0.0,4,4,0.0
deepseek_v32__vs__always_defect__seed101,101,DeepSeek-V3.2,Always Defect,29,0.0,0.0,4,4,0.0
deepseek_v32__vs__always_defect__seed101,101,DeepSeek-V3.2,Always Defect,30,0.0,0.0,4,4,0.0
deepseek_v32__vs__always_defect__seed101,101,DeepSeek-V3.2,Always Defect,31,0.0,0.0,4,4,0.0
deepseek_v32__vs__always_defect__seed101,101,DeepSeek-V3.2,Always Defect,32,0.0,0.0,4,4,0.0
deepseek_v32__vs__always_defect__seed101,101,DeepSeek-V3.2,Always Defect,33,0.0,0.0,4,4,0.0
deepseek_v32__vs__always_defect__seed101,101,DeepSeek-V3.2,Always Defect,34,0.0,0.0,4,4,0.0
deepseek_v32__vs__always_defect__seed101,101,DeepSeek-V3.2,Always Defect,35,0.0,0.0,4,4,0.0
deepseek_v32__vs__always_defect__seed101,101,DeepSeek-V3.2,Always Defect,36,0.0,0.0,4,4,0.0
deepseek_v32__vs__always_defect__seed101,101,DeepSeek-V3.2,Always Defect,37,0.0,0.0,4,4,0.0
deepseek_v32__vs__always_defect__seed101,101,DeepSeek-V3.2,Always Defect,38,0.0,0.0,4,4,0.0
deepseek_v32__vs__always_defect__seed101,101,DeepSeek-V3.2,Always Defect,39,0.0,0.0,4,4,0.0
deepseek_v32__vs__always_defect__seed101,101,DeepSeek-V3.2,Always Defect,40,0.0,0.0,4,4,0.0
deepseek_v32__vs__always_defect__seed101,101,DeepSeek-V3.2,Always Defect,41,0.0,0.0,4,4,0.0
deepseek_v32__vs__always_defect__seed101,101,DeepSeek-V3.2,Always Defect,42,0.0,0.0,4,4,0.0
deepseek_v32__vs__always_defect__seed101,101,DeepSeek-V3.2,Always Defect,43,0.0,0.0,4,4,0.0
deepseek_v32__vs__always_defect__seed101,101,DeepSeek-V3.2,Always Defect,44,0.0,0.0,4,4,0.0
deepseek_v32__vs__always_defect__seed101,101,DeepSeek-V3.2,Always Defect,45,0.0,0.0,4,4,0.0
deepseek_v32__vs__always_defect__seed101,101,DeepSeek-V3.2,Always Defect,46,0.0,0.0,4,4,0.0
deepseek_v32__vs__always_defect__seed101,101,DeepSeek-V3.2,Always Defect,47,0.0,0.0,4,4,0.0
deepseek_v32__vs__always_defect__seed101,101,DeepSeek-V3.2,Always Defect,48,0.0,0.0,4,4,0.0
deepseek_v32__vs__always_defect__seed101,101,DeepSeek-V3.2,Always Defect,49,0.0,0.0,4,4,0.0
deepseek_v32__vs__always_defect__seed101,101,DeepSeek-V3.2,Always Defect,50,0.0,0.0,4,4,0.0
deepseek_v32__vs__always_defect__seed102,102,DeepSeek-V3.2,Always Defect,1,0.25,0.0,3,4,-2.0
deepseek_v32__vs__always_defect__seed102,102,DeepSeek-V3.2,Always Defect,2,0.0,0.0,4,4,0.0
deepseek_v32__vs__always_defect__seed102,102,DeepSeek-V3.2,Always Defect,3,0.0,0.0,4,4,0.0
deepseek_v32__vs__always_defect__seed102,102,DeepSeek-V3.2,Always Defect,4,0.0,0.0,4,4,0.0
deepseek_v32__vs__always_defect__seed102,102,DeepSeek-V3.2,Always Defect,5,0.75,0.0,1,4,-6.0
deepseek_v32__vs__always_defect__seed102,102,DeepSeek-V3.2,Always Defect,6,0.0,0.0,4,4,0.0
deepseek_v32__vs__always_defect__seed102,102,DeepSeek-V3.2,Always Defect,7,0.0,0.0,4,4,0.0
deepseek_v32__vs__always_defect__seed102,102,DeepSeek-V3.2,Always Defect,8,0.0,0.0,4,4,0.0
deepseek_v32__vs__always_defect__seed102,102,DeepSeek-V3.2,Always Defect,9,0.0,0.0,4,4,0.0
deepseek_v32__vs__always_defect__seed102,102,DeepSeek-V3.2,Always Defect,10,0.0,0.0,4,4,0.0
deepseek_v32__vs__always_defect__seed102,102,DeepSeek-V3.2,Always Defect,11,0.0,0.0,4,4,0.0
deepseek_v32__vs__always_defect__seed102,102,DeepSeek-V3.2,Always Defect,12,0.0,0.0,4,4,0.0
deepseek_v32__vs__always_defect__seed102,102,DeepSeek-V3.2,Always Defect,13,0.0,0.0,4,4,0.0
deepseek_v32__vs__always_defect__seed102,102,DeepSeek-V3.2,Always Defect,14,0.0,0.0,4,4,0.0
deepseek_v32__vs__always_defect__seed102,102,DeepSeek-V3.2,Always Defect,15,0.0,0.0,4,4,0.0
deepseek_v32__vs__always_defect__seed102,102,DeepSeek-V3.2,Always Defect,16,0.0,0.0,4,4,0.0
deepseek_v32__vs__always_defect__seed102,102,DeepSeek-V3.2,Always Defect,17,0.0,0.0,4,4,0.0
deepseek_v32__vs__always_defect__seed102,102,DeepSeek-V3.2,Always Defect,18,0.0,0.0,4,4,0.0
deepseek_v32__vs__always_defect__seed102,102,DeepSeek-V3.2,Always Defect,19,0.0,0.0,4,4,0.0
deepseek_v32__vs__always_defect__seed102,102,DeepSeek-V3.2,Always Defect,20,0.0,0.0,4,4,0.0
deepseek_v32__vs__always_defect__seed102,102,DeepSeek-V3.2,Always Defect,21,0.0,0.0,4,4,0.0
deepseek_v32__vs__always_defect__seed102,102,DeepSeek-V3.2,Always Defect,22,0.0,0.0,4,4,0.0
deepseek_v32__vs__always_defect__seed102,102,DeepSeek-V3.2,Always Defect,23,0.0,0.0,4,4,0.0
deepseek_v32__vs__always_defect__seed102,102,DeepSeek-V3.2,Always Defect,24,0.0,0.0,4,4,0.0
deepseek_v32__vs__always_defect__seed102,102,DeepSeek-V3.2,Always Defect,25,0.0,0.0,4,4,0.0
deepseek_v32__vs__always_defect__seed102,102,DeepSeek-V3.2,Always Defect,26,0.0,0.0,4,4,0.0
deepseek_v32__vs__always_defect__seed102,102,DeepSeek-V3.2,Always Defect,27,0.0,0.0,4,4,0.0
deepseek_v32__vs__always_defect__seed102,102,DeepSeek-V3.2,Always Defect,28,0.0,0.0,4,4,0.0
deepseek_v32__vs__always_defect__seed102,102,DeepSeek-V3.2,Always Defect,29,0.0,0.0,4,4,0.0
deepseek_v32__vs__always_defect__seed102,102,DeepSeek-V3.2,Always Defect,30,0.0,0.0,4,4,0.0
deepseek_v32__vs__always_defect__seed102,102,DeepSeek-V3.2,Always Defect,31,0.0,0.0,4,4,0.0
deepseek_v32__vs__always_defect__seed102,102,DeepSeek-V3.2,Always Defect,32,0.0,0.0,4,4,0.0
deepseek_v32__vs__always_defect__seed102,102,DeepSeek-V3.2,Always Defect,33,0.0,0.0,4,4,0.0
deepseek_v32__vs__always_defect__seed102,102,DeepSeek-V3.2,Always Defect,34,0.0,0.0,4,4,0.0
deepseek_v32__vs__always_defect__seed102,102,DeepSeek-V3.2,Always Defect,35,0.0,0.0,4,4,0.0
deepseek_v32__vs__always_defect__seed102,102,DeepSeek-V3.2,Always Defect,36,0.0,0.0,4,4,0.0
deepseek_v32__vs__always_defect__seed102,102,DeepSeek-V3.2,Always Defect,37,0.0,0.0,4,4,0.0
deepseek_v32__vs__always_defect__seed102,102,DeepSeek-V3.2,Always Defect,38,0.0,0.0,4,4,0.0
deepseek_v32__vs__always_defect__seed102,102,DeepSeek-V3.2,Always Defect,39,0.0,0.0,4,4,0.0
deepseek_v32__vs__always_defect__seed102,102,DeepSeek-V3.2,Always Defect,40,0.0,0.0,4,4,0.0
deepseek_v32__vs__always_defect__seed102,102,DeepSeek-V3.2,Always Defect,41,0.0,0.0,4,4,0.0
deepseek_v32__vs__always_defect__seed102,102,DeepSeek-V3.2,Always Defect,42,0.0,0.0,4,4,0.0
deepseek_v32__vs__always_defect__seed102,102,DeepSeek-V3.2,Always Defect,43,0.0,0.0,4,4,0.0
deepseek_v32__vs__always_defect__seed102,102,DeepSeek-V3.2,Always Defect,44,0.0,0.0,4,4,0.0
deepseek_v32__vs__always_defect__seed102,102,DeepSeek-V3.2,Always Defect,45,0.0,0.0,4,4,0.0
deepseek_v32__vs__always_defect__seed102,102,DeepSeek-V3.2,Always Defect,46,0.0,0.0,4,4,0.0
deepseek_v32__vs__always_defect__seed102,102,DeepSeek-V3.2,Always Defect,47,0.0,0.0,4,4,0.0
deepseek_v32__vs__always_defect__seed102,102,DeepSeek-V3.2,Always Defect,48,0.0,0.0,4,4,0.0
deepseek_v32__vs__always_defect__seed102,102,DeepSeek-V3.2,Always Defect,49,0.0,0.0,4,4,0.0
deepseek_v32__vs__always_defect__seed102,102,DeepSeek-V3.2,Always Defect,50,0.0,0.0,4,4,0.0
deepseek_v32__vs__always_defect__seed103,103,DeepSeek-V3.2,Always Defect,1,1.0,0.0,0,4,-8.0
deepseek_v32__vs__always_defect__seed103,103,DeepSeek-V3.2,Always Defect,2,0.0,0.0,4,4,0.0
deepseek_v32__vs__always_defect__seed103,103,DeepSeek-V3.2,Always Defect,3,0.0,0.0,4,4,0.0
deepseek_v32__vs__always_defect__seed103,103,DeepSeek-V3.2,Always Defect,4,0.0,0.0,4,4,0.0
deepseek_v32__vs__always_defect__seed103,103,DeepSeek-V3.2,Always Defect,5,0.0,0.0,4,4,0.0
deepseek_v32__vs__always_defect__seed103,103,DeepSeek-V3.2,Always Defect,6,0.0,0.0,4,4,0.0
deepseek_v32__vs__always_defect__seed103,103,DeepSeek-V3.2,Always Defect,7,0.0,0.0,4,4,0.0
deepseek_v32__vs__always_defect__seed103,103,DeepSeek-V3.2,Always Defect,8,1.0,0.0,0,4,-8.0
deepseek_v32__vs__always_defect__seed103,103,DeepSeek-V3.2,Always Defect,9,0.0,0.0,4,4,0.0
deepseek_v32__vs__always_defect__seed103,103,DeepSeek-V3.2,Always Defect,10,0.0,0.0,4,4,0.0
deepseek_v32__vs__always_defect__seed103,103,DeepSeek-V3.2,Always Defect,11,0.0,0.0,4,4,0.0
deepseek_v32__vs__always_defect__seed103,103,DeepSeek-V3.2,Always Defect,12,0.0,0.0,4,4,0.0
deepseek_v32__vs__always_defect__seed103,103,DeepSeek-V3.2,Always Defect,13,0.0,0.0,4,4,0.0
deepseek_v32__vs__always_defect__seed103,103,DeepSeek-V3.2,Always Defect,14,0.0,0.0,4,4,0.0
deepseek_v32__vs__always_defect__seed103,103,DeepSeek-V3.2,Always Defect,15,0.0,0.0,4,4,0.0
deepseek_v32__vs__always_defect__seed103,103,DeepSeek-V3.2,Always Defect,16,0.0,0.0,4,4,0.0
deepseek_v32__vs__always_defect__seed103,103,DeepSeek-V3.2,Always Defect,17,0.0,0.0,4,4,0.0
deepseek_v32__vs__always_defect__seed103,103,DeepSeek-V3.2,Always Defect,18,0.0,0.0,4,4,0.0
deepseek_v32__vs__always_defect__seed103,103,DeepSeek-V3.2,Always Defect,19,0.0,0.0,4,4,0.0
deepseek_v32__vs__always_defect__seed103,103,DeepSeek-V3.2,Always Defect,20,0.0,0.0,4,4,0.0
deepseek_v32__vs__always_defect__seed103,103,DeepSeek-V3.2,Always Defect,21,0.0,0.0,4,4,0.0
deepseek_v32__vs__always_defect__seed103,103,DeepSeek-V3.2,Always Defect,22,0.0,0.0,4,4,0.0
deepseek_v32__vs__always_defect__seed103,103,DeepSeek-V3.2,Always Defect,23,0.0,0.0,4,4,0.0
deepseek_v32__vs__always_defect__seed103,103,DeepSeek-V3.2,Always Defect,24,0.0,0.0,4,4,0.0
deepseek_v32__vs__always_defect__seed103,103,DeepSeek-V3.2,Always Defect,25,0.0,0.0,4,4,0.0
deepseek_v32__vs__always_defect__seed103,103,DeepSeek-V3.2,Always Defect,26,0.0,0.0,4,4,0.0
deepseek_v32__vs__always_defect__seed103,103,DeepSeek-V3.2,Always Defect,27,0.0,0.0,4,4,0.0
deepseek_v32__vs__always_defect__seed103,103,DeepSeek-V3.2,Always Defect,28,0.0,0.0,4,4,0.0
deepseek_v32__vs__always_defect__seed103,103,DeepSeek-V3.2,Always Defect,29,0.0,0.0,4,4,0.0
deepseek_v32__vs__always_defect__seed103,103,DeepSeek-V3.2,Always Defect,30,0.0,0.0,4,4,0.0
deepseek_v32__vs__always_defect__seed103,103,DeepSeek-V3.2,Always Defect,31,0.0,0.0,4,4,0.0
deepseek_v32__vs__always_defect__seed103,103,DeepSeek-V3.2,Always Defect,32,0.0,0.0,4,4,0.0
deepseek_v32__vs__always_defect__seed103,103,DeepSeek-V3.2,Always Defect,33,0.0,0.0,4,4,0.0
deepseek_v32__vs__always_defect__seed103,103,DeepSeek-V3.2,Always Defect,34,0.0,0.0,4,4,0.0
deepseek_v32__vs__always_defect__seed103,103,DeepSeek-V3.2,Always Defect,35,0.0,0.0,4,4,0.0
deepseek_v32__vs__always_defect__seed103,103,DeepSeek-V3.2,Always Defect,36,0.0,0.0,4,4,0.0
deepseek_v32__vs__always_defect__seed103,103,DeepSeek-V3.2,Always Defect,37,0.0,0.0,4,4,0.0
deepseek_v32__vs__always_defect__seed103,103,DeepSeek-V3.2,Always Defect,38,0.0,0.0,4,4,0.0
deepseek_v32__vs__always_defect__seed103,103,DeepSeek-V3.2,Always Defect,39,0.0,0.0,4,4,0.0
deepseek_v32__vs__always_defect__seed103,103,DeepSeek-V3.2,Always Defect,40,0.0,0.0,4,4,0.0
deepseek_v32__vs__always_defect__seed103,103,DeepSeek-V3.2,Always Defect,41,0.0,0.0,4,4,0.0
deepseek_v32__vs__always_defect__seed103,103,DeepSeek-V3.2,Always Defect,42,0.0,0.0,4,4,0.0
deepseek_v32__vs__always_defect__seed103,103,DeepSeek-V3.2,Always Defect,43,0.0,0.0,4,4,0.0
deepseek_v32__vs__always_defect__seed103,103,DeepSeek-V3.2,Always Defect,44,0.0,0.0,4,4,0.0
deepseek_v32__vs__always_defect__seed103,103,DeepSeek-V3.2,Always Defect,45,0.0,0.0,4,4,0.0
deepseek_v32__vs__always_defect__seed103,103,DeepSeek-V3.2,Always Defect,46,0.0,0.0,4,4,0.0
deepseek_v32__vs__always_defect__seed103,103,DeepSeek-V3.2,Always Defect,47,0.0,0.0,4,4,0.0
deepseek_v32__vs__always_defect__seed103,103,DeepSeek-V3.2,Always Defect,48,0.0,0.0,4,4,0.0
deepseek_v32__vs__always_defect__seed103,103,DeepSeek-V3.2,Always Defect,49,0.0,0.0,4,4,0.0
deepseek_v32__vs__always_defect__seed103,103,DeepSeek-V3.2,Always Defect,50,0.0,0.0,4,4,0.0
deepseek_v32__vs__always_defect__seed104,104,DeepSeek-V3.2,Always Defect,1,0.5,0.0,2,4,-4.0
deepseek_v32__vs__always_defect__seed104,104,DeepSeek-V3.2,Always Defect,2,1.0,0.0,0,4,-8.0
deepseek_v32__vs__always_defect__seed104,104,DeepSeek-V3.2,Always Defect,3,1.0,0.0,0,4,-8.0
deepseek_v32__vs__always_defect__seed104,104,DeepSeek-V3.2,Always Defect,4,0.75,0.0,1,4,-6.0
deepseek_v32__vs__always_defect__seed104,104,DeepSeek-V3.2,Always Defect,5,1.0,0.0,0,4,-8.0
deepseek_v32__vs__always_defect__seed104,104,DeepSeek-V3.2,Always Defect,6,0.0,0.0,4,4,0.0
deepseek_v32__vs__always_defect__seed104,104,DeepSeek-V3.2,Always Defect,7,0.0,0.0,4,4,0.0
deepseek_v32__vs__always_defect__seed104,104,DeepSeek-V3.2,Always Defect,8,0.0,0.0,4,4,0.0
deepseek_v32__vs__always_defect__seed104,104,DeepSeek-V3.2,Always Defect,9,0.0,0.0,4,4,0.0
deepseek_v32__vs__always_defect__seed104,104,DeepSeek-V3.2,Always Defect,10,0.0,0.0,4,4,0.0
deepseek_v32__vs__always_defect__seed104,104,DeepSeek-V3.2,Always Defect,11,0.0,0.0,4,4,0.0
deepseek_v32__vs__always_defect__seed104,104,DeepSeek-V3.2,Always Defect,12,0.0,0.0,4,4,0.0
deepseek_v32__vs__always_defect__seed104,104,DeepSeek-V3.2,Always Defect,13,0.0,0.0,4,4,0.0
deepseek_v32__vs__always_defect__seed104,104,DeepSeek-V3.2,Always Defect,14,0.0,0.0,4,4,0.0
deepseek_v32__vs__always_defect__seed104,104,DeepSeek-V3.2,Always Defect,15,0.0,0.0,4,4,0.0
deepseek_v32__vs__always_defect__seed104,104,DeepSeek-V3.2,Always Defect,16,0.0,0.0,4,4,0.0
deepseek_v32__vs__always_defect__seed104,104,DeepSeek-V3.2,Always Defect,17,0.0,0.0,4,4,0.0
deepseek_v32__vs__always_defect__seed104,104,DeepSeek-V3.2,Always Defect,18,0.0,0.0,4,4,0.0
deepseek_v32__vs__always_defect__seed104,104,DeepSeek-V3.2,Always Defect,19,0.0,0.0,4,4,0.0
deepseek_v32__vs__always_defect__seed104,104,DeepSeek-V3.2,Always Defect,20,0.0,0.0,4,4,0.0
deepseek_v32__vs__always_defect__seed104,104,DeepSeek-V3.2,Always Defect,21,0.0,0.0,4,4,0.0
deepseek_v32__vs__always_defect__seed104,104,DeepSeek-V3.2,Always Defect,22,0.0,0.0,4,4,0.0
deepseek_v32__vs__always_defect__seed104,104,DeepSeek-V3.2,Always Defect,23,0.0,0.0,4,4,0.0
deepseek_v32__vs__always_defect__seed104,104,DeepSeek-V3.2,Always Defect,24,0.0,0.0,4,4,0.0
deepseek_v32__vs__always_defect__seed104,104,DeepSeek-V3.2,Always Defect,25,0.0,0.0,4,4,0.0
deepseek_v32__vs__always_defect__seed104,104,DeepSeek-V3.2,Always Defect,26,0.0,0.0,4,4,0.0
deepseek_v32__vs__always_defect__seed104,104,DeepSeek-V3.2,Always Defect,27,0.0,0.0,4,4,0.0
deepseek_v32__vs__always_defect__seed104,104,DeepSeek-V3.2,Always Defect,28,0.0,0.0,4,4,0.0
deepseek_v32__vs__always_defect__seed104,104,DeepSeek-V3.2,Always Defect,29,0.0,0.0,4,4,0.0
deepseek_v32__vs__always_defect__seed104,104,DeepSeek-V3.2,Always Defect,30,1.0,0.0,0,4,-8.0
deepseek_v32__vs__always_defect__seed104,104,DeepSeek-V3.2,Always Defect,31,1.0,0.0,0,4,-8.0
deepseek_v32__vs__always_defect__seed104,104,DeepSeek-V3.2,Always Defect,32,0.0,0.0,4,4,0.0
deepseek_v32__vs__always_defect__seed104,104,DeepSeek-V3.2,Always Defect,33,0.0,0.0,4,4,0.0
deepseek_v32__vs__always_defect__seed104,104,DeepSeek-V3.2,Always Defect,34,0.0,0.0,4,4,0.0
deepseek_v32__vs__always_defect__seed104,104,DeepSeek-V3.2,Always Defect,35,0.0,0.0,4,4,0.0
deepseek_v32__vs__always_defect__seed104,104,DeepSeek-V3.2,Always Defect,36,0.0,0.0,4,4,0.0
deepseek_v32__vs__always_defect__seed104,104,DeepSeek-V3.2,Always Defect,37,0.0,0.0,4,4,0.0
deepseek_v32__vs__always_defect__seed104,104,DeepSeek-V3.2,Always Defect,38,0.0,0.0,4,4,0.0
deepseek_v32__vs__always_defect__seed104,104,DeepSeek-V3.2,Always Defect,39,0.0,0.0,4,4,0.0
deepseek_v32__vs__always_defect__seed104,104,DeepSeek-V3.2,Always Defect,40,0.0,0.0,4,4,0.0
deepseek_v32__vs__always_defect__seed104,104,DeepSeek-V3.2,Always Defect,41,0.0,0.0,4,4,0.0
deepseek_v32__vs__always_defect__seed104,104,DeepSeek-V3.2,Always Defect,42,0.0,0.0,4,4,0.0
deepseek_v32__vs__always_defect__seed104,104,DeepSeek-V3.2,Always Defect,43,0.0,0.0,4,4,0.0
deepseek_v32__vs__always_defect__seed104,104,DeepSeek-V3.2,Always Defect,44,0.0,0.0,4,4,0.0
deepseek_v32__vs__always_defect__seed104,104,DeepSeek-V3.2,Always Defect,45,0.0,0.0,4,4,0.0
deepseek_v32__vs__always_defect__seed104,104,DeepSeek-V3.2,Always Defect,46,0.0,0.0,4,4,0.0
deepseek_v32__vs__always_defect__seed104,104,DeepSeek-V3.2,Always Defect,47,0.0,0.0,4,4,0.0
deepseek_v32__vs__always_defect__seed104,104,DeepSeek-V3.2,Always Defect,48,0.0,0.0,4,4,0.0
deepseek_v32__vs__always_defect__seed104,104,DeepSeek-V3.2,Always Defect,49,0.0,0.0,4,4,0.0
deepseek_v32__vs__always_defect__seed104,104,DeepSeek-V3.2,Always Defect,50,0.0,0.0,4,4,0.0
deepseek_v32__vs__always_defect__seed105,105,DeepSeek-V3.2,Always Defect,1,1.0,0.0,0,4,-8.0
deepseek_v32__vs__always_defect__seed105,105,DeepSeek-V3.2,Always Defect,2,0.0,0.0,4,4,0.0
deepseek_v32__vs__always_defect__seed105,105,DeepSeek-V3.2,Always Defect,3,0.0,0.0,4,4,0.0
deepseek_v32__vs__always_defect__seed105,105,DeepSeek-V3.2,Always Defect,4,0.0,0.0,4,4,0.0
deepseek_v32__vs__always_defect__seed105,105,DeepSeek-V3.2,Always Defect,5,0.0,0.0,4,4,0.0
deepseek_v32__vs__always_defect__seed105,105,DeepSeek-V3.2,Always Defect,6,0.0,0.0,4,4,0.0
deepseek_v32__vs__always_defect__seed105,105,DeepSeek-V3.2,Always Defect,7,0.0,0.0,4,4,0.0
deepseek_v32__vs__always_defect__seed105,105,DeepSeek-V3.2,Always Defect,8,0.0,0.0,4,4,0.0
deepseek_v32__vs__always_defect__seed105,105,DeepSeek-V3.2,Always Defect,9,0.0,0.0,4,4,0.0
deepseek_v32__vs__always_defect__seed105,105,DeepSeek-V3.2,Always Defect,10,1.0,0.0,0,4,-8.0
deepseek_v32__vs__always_defect__seed105,105,DeepSeek-V3.2,Always Defect,11,0.0,0.0,4,4,0.0
deepseek_v32__vs__always_defect__seed105,105,DeepSeek-V3.2,Always Defect,12,0.0,0.0,4,4,0.0
deepseek_v32__vs__always_defect__seed105,105,DeepSeek-V3.2,Always Defect,13,0.0,0.0,4,4,0.0
deepseek_v32__vs__always_defect__seed105,105,DeepSeek-V3.2,Always Defect,14,0.0,0.0,4,4,0.0
deepseek_v32__vs__always_defect__seed105,105,DeepSeek-V3.2,Always Defect,15,0.0,0.0,4,4,0.0
deepseek_v32__vs__always_defect__seed105,105,DeepSeek-V3.2,Always Defect,16,0.0,0.0,4,4,0.0
deepseek_v32__vs__always_defect__seed105,105,DeepSeek-V3.2,Always Defect,17,0.0,0.0,4,4,0.0
deepseek_v32__vs__always_defect__seed105,105,DeepSeek-V3.2,Always Defect,18,0.0,0.0,4,4,0.0
deepseek_v32__vs__always_defect__seed105,105,DeepSeek-V3.2,Always Defect,19,0.0,0.0,4,4,0.0
deepseek_v32__vs__always_defect__seed105,105,DeepSeek-V3.2,Always Defect,20,1.0,0.0,0,4,-8.0
deepseek_v32__vs__always_defect__seed105,105,DeepSeek-V3.2,Always Defect,21,0.0,0.0,4,4,0.0
deepseek_v32__vs__always_defect__seed105,105,DeepSeek-V3.2,Always Defect,22,0.0,0.0,4,4,0.0
deepseek_v32__vs__always_defect__seed105,105,DeepSeek-V3.2,Always Defect,23,0.0,0.0,4,4,0.0
deepseek_v32__vs__always_defect__seed105,105,DeepSeek-V3.2,Always Defect,24,0.0,0.0,4,4,0.0
deepseek_v32__vs__always_defect__seed105,105,DeepSeek-V3.2,Always Defect,25,0.0,0.0,4,4,0.0
deepseek_v32__vs__always_defect__seed105,105,DeepSeek-V3.2,Always Defect,26,0.0,0.0,4,4,0.0
deepseek_v32__vs__always_defect__seed105,105,DeepSeek-V3.2,Always Defect,27,0.0,0.0,4,4,0.0
deepseek_v32__vs__always_defect__seed105,105,DeepSeek-V3.2,Always Defect,28,0.0,0.0,4,4,0.0
deepseek_v32__vs__always_defect__seed105,105,DeepSeek-V3.2,Always Defect,29,0.0,0.0,4,4,0.0
deepseek_v32__vs__always_defect__seed105,105,DeepSeek-V3.2,Always Defect,30,0.0,0.0,4,4,0.0
deepseek_v32__vs__always_defect__seed105,105,DeepSeek-V3.2,Always Defect,31,0.0,0.0,4,4,0.0
deepseek_v32__vs__always_defect__seed105,105,DeepSeek-V3.2,Always Defect,32,0.0,0.0,4,4,0.0
deepseek_v32__vs__always_defect__seed105,105,DeepSeek-V3.2,Always Defect,33,0.0,0.0,4,4,0.0
deepseek_v32__vs__always_defect__seed105,105,DeepSeek-V3.2,Always Defect,34,0.0,0.0,4,4,0.0
deepseek_v32__vs__always_defect__seed105,105,DeepSeek-V3.2,Always Defect,35,1.0,0.0,0,4,-8.0
deepseek_v32__vs__always_defect__seed105,105,DeepSeek-V3.2,Always Defect,36,0.0,0.0,4,4,0.0
deepseek_v32__vs__always_defect__seed105,105,DeepSeek-V3.2,Always Defect,37,0.0,0.0,4,4,0.0
deepseek_v32__vs__always_defect__seed105,105,DeepSeek-V3.2,Always Defect,38,0.0,0.0,4,4,0.0
deepseek_v32__vs__always_defect__seed105,105,DeepSeek-V3.2,Always Defect,39,0.0,0.0,4,4,0.0
deepseek_v32__vs__always_defect__seed105,105,DeepSeek-V3.2,Always Defect,40,0.0,0.0,4,4,0.0
deepseek_v32__vs__always_defect__seed105,105,DeepSeek-V3.2,Always Defect,41,0.0,0.0,4,4,0.0
deepseek_v32__vs__always_defect__seed105,105,DeepSeek-V3.2,Always Defect,42,0.0,0.0,4,4,0.0
deepseek_v32__vs__always_defect__seed105,105,DeepSeek-V3.2,Always Defect,43,0.0,0.0,4,4,0.0
deepseek_v32__vs__always_defect__seed105,105,DeepSeek-V3.2,Always Defect,44,0.0,0.0,4,4,0.0
deepseek_v32__vs__always_defect__seed105,105,DeepSeek-V3.2,Always Defect,45,0.0,0.0,4,4,0.0
deepseek_v32__vs__always_defect__seed105,105,DeepSeek-V3.2,Always Defect,46,0.0,0.0,4,4,0.0
deepseek_v32__vs__always_defect__seed105,105,DeepSeek-V3.2,Always Defect,47,0.0,0.0,4,4,0.0
deepseek_v32__vs__always_defect__seed105,105,DeepSeek-V3.2,Always Defect,48,0.0,0.0,4,4,0.0
deepseek_v32__vs__always_defect__seed105,105,DeepSeek-V3.2,Always Defect,49,0.0,0.0,4,4,0.0
deepseek_v32__vs__always_defect__seed105,105,DeepSeek-V3.2,Always Defect,50,0.0,0.0,4,4,0.0
deepseek_v32__vs__graded_tft__seed101,101,DeepSeek-V3.2,Graded TFT,1,1.0,1.0,0,0,4.0
deepseek_v32__vs__graded_tft__seed101,101,DeepSeek-V3.2,Graded TFT,2,1.0,1.0,0,0,4.901899659543274
deepseek_v32__vs__graded_tft__seed101,101,DeepSeek-V3.2,Graded TFT,3,1.0,1.0,0,0,5.737743197914256
deepseek_v32__vs__graded_tft__seed101,101,DeepSeek-V3.2,Graded TFT,4,1.0,1.0,0,0,6.452973827162612
deepseek_v32__vs__graded_tft__seed101,101,DeepSeek-V3.2,Graded TFT,5,1.0,1.0,0,0,7.03473354743033
deepseek_v32__vs__graded_tft__seed101,101,DeepSeek-V3.2,Graded TFT,6,1.0,1.0,0,0,7.499356761489178
deepseek_v32__vs__graded_tft__seed101,101,DeepSeek-V3.2,Graded TFT,7,1.0,1.0,0,0,7.874286035858203
deepseek_v32__vs__graded_tft__seed101,101,DeepSeek-V3.2,Graded TFT,8,1.0,1.0,0,0,8.186093248290184
deepseek_v32__vs__graded_tft__seed101,101,DeepSeek-V3.2,Graded TFT,9,1.0,1.0,0,0,8.455751427951338
deepseek_v32__vs__graded_tft__seed101,101,DeepSeek-V3.2,Graded TFT,10,1.0,1.0,0,0,8.698166348627016
deepseek_v32__vs__graded_tft__seed101,101,DeepSeek-V3.2,Graded TFT,11,1.0,1.0,0,0,8.923322274351424
deepseek_v32__vs__graded_tft__seed101,101,DeepSeek-V3.2,Graded TFT,12,1.0,1.0,0,0,9.137678416908237
deepseek_v32__vs__graded_tft__seed101,101,DeepSeek-V3.2,Graded TFT,13,1.0,1.0,0,0,9.345327632177181
deepseek_v32__vs__graded_tft__seed101,101,DeepSeek-V3.2,Graded TFT,14,1.0,1.0,0,0,9.548831071124255
deepseek_v32__vs__graded_tft__seed101,101,DeepSeek-V3.2,Graded TFT,15,1.0,1.0,0,0,9.749779258891781
deepseek_v32__vs__graded_tft__seed101,101,DeepSeek-V3.2,Graded TFT,16,1.0,1.0,0,0,9.949155358413602
deepseek_v32__vs__graded_tft__seed101,101,DeepSeek-V3.2,Graded TFT,17,1.0,1.0,0,0,10.147565358052827
deepseek_v32__vs__graded_tft__seed101,101,DeepSeek-V3.2,Graded TFT,18,1.0,0.5,0,2,-0.6721874999999953
deepseek_v32__vs__graded_tft__seed101,101,DeepSeek-V3.2,Graded TFT,19,1.0,0.75,0,1,3.7639795688891624
deepseek_v32__vs__graded_tft__seed101,101,DeepSeek-V3.2,Graded TFT,20,1.0,1.0,0,0,8.620863506439179
deepseek_v32__vs__graded_tft__seed101,101,DeepSeek-V3.2,Graded TFT,21,1.0,1.0,0,0,9.381808571452328
deepseek_v32__vs__graded_tft__seed101,101,DeepSeek-V3.2,Graded TFT,22,1.0,1.0,0,0,9.855978084834117
deepseek_v32__vs__graded_tft__seed101,101,DeepSeek-V3.2,Graded TFT,23,1.0,1.0,0,0,10.181063649840674
deepseek_v32__vs__graded_tft__seed101,101,DeepSeek-V3.2,Graded TFT,24,1.0,1.0,0,0,10.39430595116825
deepseek_v32__vs__graded_tft__seed101,101,DeepSeek-V3.2,Graded TFT,25,1.0,1.0,0,0,10.53015826936483
deepseek_v32__vs__graded_tft__seed101,101,DeepSeek-V3.2,Graded TFT,26,1.0,1.0,0,0,10.61510342528431
deepseek_v32__vs__graded_tft__seed101,101,DeepSeek-V3.2,Graded TFT,27,1.0,1.0,0,0,10.667597930270553
deepseek_v32__vs__graded_tft__seed101,101,DeepSeek-V3.2,Graded TFT,28,1.0,1.0,0,0,10.699803618067861
deepseek_v32__vs__graded_tft__seed101,101,DeepSeek-V3.2,Graded TFT,29,1.0,1.0,0,0,10.719473967130781
deepseek_v32__vs__graded_tft__seed101,101,DeepSeek-V3.2,Graded TFT,30,1.0,1.0,0,0,10.73145532632524
deepseek_v32__vs__graded_tft__seed101,101,DeepSeek-V3.2,Graded TFT,31,1.0,1.0,0,0,10.738741133074473
deepseek_v32__vs__graded_tft__seed101,101,DeepSeek-V3.2,Graded TFT,32,1.0,1.0,0,0,10.743167116041995
deepseek_v32__vs__graded_tft__seed101,101,DeepSeek-V3.2,Graded TFT,33,1.0,1.0,0,0,10.745854160223072
deepseek_v32__vs__graded_tft__seed101,101,DeepSeek-V3.2,Graded TFT,34,1.0,1.0,0,0,10.747484874021502
deepseek_v32__vs__graded_tft__seed101,101,DeepSeek-V3.2,Graded TFT,35,1.0,1.0,0,0,10.748474297664586
deepseek_v32__vs__graded_tft__seed101,101,DeepSeek-V3.2,Graded TFT,36,1.0,1.0,0,0,10.749074540680102
deepseek_v32__vs__graded_tft__seed101,101,DeepSeek-V3.2,Graded TFT,37,1.0,1.0,0,0,10.74943865329367
deepseek_v32__vs__graded_tft__seed101,101,DeepSeek-V3.2,Graded TFT,38,1.0,1.0,0,0,10.749659515984732
deepseek_v32__vs__graded_tft__seed101,101,DeepSeek-V3.2,Graded TFT,39,1.0,1.0,0,0,10.74979348231664
deepseek_v32__vs__graded_tft__seed101,101,DeepSeek-V3.2,Graded TFT,40,1.0,1.0,0,0,10.74987473933614
deepseek_v32__vs__graded_tft__seed101,101,DeepSeek-V3.2,Graded TFT,41,1.0,1.0,0,0,10.749924025067646
deepseek_v32__vs__graded_tft__seed101,101,DeepSeek-V3.2,Graded TFT,42,1.0,1.0,0,0,10.749953918690487
deepseek_v32__vs__graded_tft__seed101,101,DeepSeek-V3.2,Graded TFT,43,1.0,1.0,0,0,10.749972050205368
deepseek_v32__vs__graded_tft__seed101,101,DeepSeek-V3.2,Graded TFT,44,1.0,1.0,0,0,10.749983047567767
deepseek_v32__vs__graded_tft__seed101,101,DeepSeek-V3.2,Graded TFT,45,1.0,1.0,0,0,10.749989717820949
deepseek_v32__vs__graded_tft__seed101,101,DeepSeek-V3.2,Graded TFT,46,1.0,1.0,0,0,10.749993763539791
deepseek_v32__vs__graded_tft__seed101,101,DeepSeek-V3.2,Graded TFT,47,1.0,1.0,0,0,10.74999621739444
deepseek_v32__vs__graded_tft__seed101,101,DeepSeek-V3.2,Graded TFT,48,1.0,1.0,0,0,10.749997705733296
deepseek_v32__vs__graded_tft__seed101,101,DeepSeek-V3.2,Graded TFT,49,1.0,1.0,0,0,10.749998608456735
deepseek_v32__vs__graded_tft__seed101,101,DeepSeek-V3.2,Graded TFT,50,1.0,1.0,0,0,10.749999155986284
deepseek_v32__vs__graded_tft__seed102,102,DeepSeek-V3.2,Graded TFT,1,1.0,1.0,0,0,4.0
deepseek_v32__vs__graded_tft__seed102,102,DeepSeek-V3.2,Graded TFT,2,1.0,1.0,0,0,4.901899659543274
deepseek_v32__vs__graded_tft__seed102,102,DeepSeek-V3.2,Graded TFT,3,1.0,1.0,0,0,5.737743197914256
deepseek_v32__vs__graded_tft__seed102,102,DeepSeek-V3.2,Graded TFT,4,1.0,1.0,0,0,6.452973827162612
deepseek_v32__vs__graded_tft__seed102,102,DeepSeek-V3.2,Graded TFT,5,1.0,0.75,0,1,3.2565201845424596
deepseek_v32__vs__graded_tft__seed102,102,DeepSeek-V3.2,Graded TFT,6,1.0,1.0,0,0,7.441025848945937
deepseek_v32__vs__graded_tft__seed102,102,DeepSeek-V3.2,Graded TFT,7,1.0,1.0,0,0,7.788445941419415
deepseek_v32__vs__graded_tft__seed102,102,DeepSeek-V3.2,Graded TFT,8,1.0,1.0,0,0,8.076456478529767
deepseek_v32__vs__graded_tft__seed102,102,DeepSeek-V3.2,Graded TFT,9,1.0,1.0,0,0,8.325251796646995
deepseek_v32__vs__graded_tft__seed102,102,DeepSeek-V3.2,Graded TFT,10,1.0,1.0,0,0,8.546881023733775
deepseek_v32__vs__graded_tft__seed102,102,DeepSeek-V3.2,Graded TFT,11,1.0,1.0,0,0,8.751323038989394
deepseek_v32__vs__graded_tft__seed102,102,DeepSeek-V3.2,Graded TFT,12,1.0,1.0,0,0,8.945023830663171
deepseek_v32__vs__graded_tft__seed102,102,DeepSeek-V3.2,Graded TFT,13,1.0,1.0,0,0,9.145720561356015
deepseek_v32__vs__graded_tft__seed102,102,DeepSeek-V3.2,Graded TFT,14,1.0,1.0,0,0,9.349146360924916
deepseek_v32__vs__graded_tft__seed102,102,DeepSeek-V3.2,Graded TFT,15,1.0,1.0,0,0,9.550047384311448
deepseek_v32__vs__graded_tft__seed102,102,DeepSeek-V3.2,Graded TFT,16,1.0,1.0,0,0,9.749394850018714
deepseek_v32__vs__graded_tft__seed102,102,DeepSeek-V3.2,Graded TFT,17,1.0,1.0,0,0,9.947787472364023
deepseek_v32__vs__graded_tft__seed102,102,DeepSeek-V3.2,Graded TFT,18,1.0,1.0,0,0,10.145593671030312
deepseek_v32__vs__graded_tft__seed102,102,DeepSeek-V3.2,Graded TFT,19,1.0,1.0,0,0,10.343039895158501
deepseek_v32__vs__graded_tft__seed102,102,DeepSeek-V3.2,Graded TFT,20,1.0,1.0,0,0,10.540265228317864
deepseek_v32__vs__graded_tft__seed102,102,DeepSeek-V3.2,Graded TFT,21,1.0,1.0,0,0,10.73735505192737
deepseek_v32__vs__graded_tft__seed102,102,DeepSeek-V3.2,Graded TFT,22,1.0,1.0,0,0,10.74979348231664
deepseek_v32__vs__graded_tft__seed102,102,DeepSeek-V3.2,Graded TFT,23,1.0,1.0,0,0,10.74987473933614
deepseek_v32__vs__graded_tft__seed102,102,DeepSeek-V3.2,Graded TFT,24,1.0,1.0,0,0,10.749924025067646
deepseek_v32__vs__graded_tft__seed102,102,DeepSeek-V3.2,Graded TFT,25,1.0,1.0,0,0,10.749953918690487
deepseek_v32__vs__graded_tft__seed102,102,DeepSeek-V3.2,Graded TFT,26,1.0,1.0,0,0,10.749972050205368
deepseek_v32__vs__graded_tft__seed102,102,DeepSeek-V3.2,Graded TFT,27,1.0,1.0,0,0,10.749983047567767
deepseek_v32__vs__graded_tft__seed102,102,DeepSeek-V3.2,Graded TFT,28,1.0,1.0,0,0,10.749989717820949
deepseek_v32__vs__graded_tft__seed102,102,DeepSeek-V3.2,Graded TFT,29,1.0,1.0,0,0,10.749993763539791
deepseek_v32__vs__graded_tft__seed102,102,DeepSeek-V3.2,Graded TFT,30,1.0,1.0,0,0,10.74999621739444
deepseek_v32__vs__graded_tft__seed102,102,DeepSeek-V3.2,Graded TFT,31,1.0,1.0,0,0,10.749997705733296
deepseek_v32__vs__graded_tft__seed102,102,DeepSeek-V3.2,Graded TFT,32,1.0,1.0,0,0,10.749998608456735
deepseek_v32__vs__graded_tft__seed102,102,DeepSeek-V3.2,Graded TFT,33,1.0,1.0,0,0,10.749999155986284
deepseek_v32__vs__graded_tft__seed102,102,DeepSeek-V3.2,Graded TFT,34,1.0,1.0,0,0,10.74999948807978
deepseek_v32__vs__graded_tft__seed102,102,DeepSeek-V3.2,Graded TFT,35,1.0,1.0,0,0,10.749999689504683
deepseek_v32__vs__graded_tft__seed102,102,DeepSeek-V3.2,Graded TFT,36,1.0,1.0,0,0,10.749999811675067
deepseek_v32__vs__graded_tft__seed102,102,DeepSeek-V3.2,Graded TFT,37,1.0,1.0,0,0,10.749999885775154
deepseek_v32__vs__graded_tft__seed102,102,DeepSeek-V3.2,Graded TFT,38,1.0,1.0,0,0,10.749999930719127
deepseek_v32__vs__graded_tft__seed102,102,DeepSeek-V3.2,Graded TFT,39,1.0,1.0,0,0,10.749999957979028
deepseek_v32__vs__graded_tft__seed102,102,DeepSeek-V3.2,Graded TFT,40,1.0,1.0,0,0,10.749999974512992
deepseek_v32__vs__graded_tft__seed102,102,DeepSeek-V3.2,Graded TFT,41,1.0,1.0,0,0,10.74999998454135
deepseek_v32__vs__graded_tft__seed102,102,DeepSeek-V3.2,Graded TFT,42,1.0,1.0,0,0,10.749999990623852
deepseek_v32__vs__graded_tft__seed102,102,DeepSeek-V3.2,Graded TFT,43,1.0,1.0,0,0,10.749999994313079
deepseek_v32__vs__graded_tft__seed102,102,DeepSeek-V3.2,Graded TFT,44,1.0,1.0,0,0,10.74999999655071
deepseek_v32__vs__graded_tft__seed102,102,DeepSeek-V3.2,Graded TFT,45,1.0,1.0,0,0,10.7499999979079
deepseek_v32__vs__graded_tft__seed102,102,DeepSeek-V3.2,Graded TFT,46,1.0,1.0,0,0,10.749999998731074
deepseek_v32__vs__graded_tft__seed102,102,DeepSeek-V3.2,Graded TFT,47,1.0,1.0,0,0,10.749999999230358
deepseek_v32__vs__graded_tft__seed102,102,DeepSeek-V3.2,Graded TFT,48,1.0,1.0,0,0,10.749999999533191
deepseek_v32__vs__graded_tft__seed102,102,DeepSeek-V3.2,Graded TFT,49,1.0,1.0,0,0,10.749999999716866
deepseek_v32__vs__graded_tft__seed102,102,DeepSeek-V3.2,Graded TFT,50,1.0,1.0,0,0,10.749999999828269
deepseek_v32__vs__graded_tft__seed103,103,DeepSeek-V3.2,Graded TFT,1,1.0,1.0,0,0,4.0
deepseek_v32__vs__graded_tft__seed103,103,DeepSeek-V3.2,Graded TFT,2,1.0,1.0,0,0,4.901899659543274
deepseek_v32__vs__graded_tft__seed103,103,DeepSeek-V3.2,Graded TFT,3,1.0,1.0,0,0,5.737743197914256
deepseek_v32__vs__graded_tft__seed103,103,DeepSeek-V3.2,Graded TFT,4,1.0,1.0,0,0,6.452973827162612
deepseek_v32__vs__graded_tft__seed103,103,DeepSeek-V3.2,Graded TFT,5,1.0,1.0,0,0,7.03473354743033
deepseek_v32__vs__graded_tft__seed103,103,DeepSeek-V3.2,Graded TFT,6,1.0,1.0,0,0,7.499356761489178
deepseek_v32__vs__graded_tft__seed103,103,DeepSeek-V3.2,Graded TFT,7,1.0,1.0,0,0,7.874286035858203
deepseek_v32__vs__graded_tft__seed103,103,DeepSeek-V3.2,Graded TFT,8,1.0,1.0,0,0,8.186093248290184
deepseek_v32__vs__graded_tft__seed103,103,DeepSeek-V3.2,Graded TFT,9,1.0,1.0,0,0,8.448964671494203
deepseek_v32__vs__graded_tft__seed103,103,DeepSeek-V3.2,Graded TFT,10,1.0,1.0,0,0,8.684554558469525
deepseek_v32__vs__graded_tft__seed103,103,DeepSeek-V3.2,Graded TFT,11,1.0,1.0,0,0,8.90286936414416
deepseek_v32__vs__graded_tft__seed103,103,DeepSeek-V3.2,Graded TFT,12,1.0,1.0,0,0,9.110379184039502
deepseek_v32__vs__graded_tft__seed103,103,DeepSeek-V3.2,Graded TFT,13,1.0,1.0,0,0,9.3111817500719
deepseek_v32__vs__graded_tft__seed103,103,DeepSeek-V3.2,Graded TFT,14,1.0,1.0,0,0,9.50784007489565
deepseek_v32__vs__graded_tft__seed103,103,DeepSeek-V3.2,Graded TFT,15,1.0,1.0,0,0,9.701945134481047
deepseek_v32__vs__graded_tft__seed103,103,DeepSeek-V3.2,Graded TFT,16,1.0,1.0,0,0,9.894479950446282
deepseek_v32__vs__graded_tft__seed103,103,DeepSeek-V3.2,Graded TFT,17,1.0,1.0,0,0,10.092885193836924
deepseek_v32__vs__graded_tft__seed103,103,DeepSeek-V3.2,Graded TFT,18,1.0,1.0,0,0,10.290699050229954
deepseek_v32__vs__graded_tft__seed103,103,DeepSeek-V3.2,Graded TFT,19,1.0,1.0,0,0,10.488149919988981
deepseek_v32__vs__graded_tft__seed103,103,DeepSeek-V3.2,Graded TFT,20,1.0,1.0,0,0,10.68537807122826
deepseek_v32__vs__graded_tft__seed103,103,DeepSeek-V3.2,Graded TFT,21,1.0,1.0,0,0,10.749659515984732
deepseek_v32__vs__graded_tft__seed103,103,DeepSeek-V3.2,Graded TFT,22,1.0,0.75,0,1,6.06234511173748
deepseek_v32__vs__graded_tft__seed103,103,DeepSeek-V3.2,Graded TFT,23,1.0,1.0,0,0,10.74987473933614
deepseek_v32__vs__graded_tft__seed103,103,DeepSeek-V3.2,Graded TFT,24,1.0,1.0,0,0,10.749924025067646
deepseek_v32__vs__graded_tft__seed103,103,DeepSeek-V3.2,Graded TFT,25,1.0,1.0,0,0,10.749953918690487
deepseek_v32__vs__graded_tft__seed103,103,DeepSeek-V3.2,Graded TFT,26,1.0,1.0,0,0,10.749972050205368
deepseek_v32__vs__graded_tft__seed103,103,DeepSeek-V3.2,Graded TFT,27,1.0,1.0,0,0,10.749983047567767
deepseek_v32__vs__graded_tft__seed103,103,DeepSeek-V3.2,Graded TFT,28,1.0,1.0,0,0,10.749989717820949
deepseek_v32__vs__graded_tft__seed103,103,DeepSeek-V3.2,Graded TFT,29,1.0,1.0,0,0,10.749993763539791
deepseek_v32__vs__graded_tft__seed103,103,DeepSeek-V3.2,Graded TFT,30,1.0,0.5,0,2,-0.5
deepseek_v32__vs__graded_tft__seed103,103,DeepSeek-V3.2,Graded TFT,31,1.0,0.75,0,1,3.938833738010432
deepseek_v32__vs__graded_tft__seed103,103,DeepSeek-V3.2,Graded TFT,32,1.0,1.0,0,0,8.732939339725036
deepseek_v32__vs__graded_tft__seed103,103,DeepSeek-V3.2,Graded TFT,33,1.0,1.0,0,0,9.381808571452328
deepseek_v32__vs__graded_tft__seed103,103,DeepSeek-V3.2,Graded TFT,34,1.0,0.5,0,2,0.9279890424170585
deepseek_v32__vs__graded_tft__seed103,103,DeepSeek-V3.2,Graded TFT,35,1.0,0.75,0,1,5.635797737380505
deepseek_v32__vs__graded_tft__seed103,103,DeepSeek-V3.2,Graded TFT,36,1.0,1.0,0,0,10.39430595116825
deepseek_v32__vs__graded_tft__seed103,103,DeepSeek-V3.2,Graded TFT,37,1.0,1.0,0,0,10.53015826936483
deepseek_v32__vs__graded_tft__seed103,103,DeepSeek-V3.2,Graded TFT,38,1.0,1.0,0,0,10.61510342528431
deepseek_v32__vs__graded_tft__seed103,103,DeepSeek-V3.2,Graded TFT,39,1.0,1.0,0,0,10.667597930270553
deepseek_v32__vs__graded_tft__seed103,103,DeepSeek-V3.2,Graded TFT,40,1.0,1.0,0,0,10.699803618067861
deepseek_v32__vs__graded_tft__seed103,103,DeepSeek-V3.2,Graded TFT,41,1.0,1.0,0,0,10.719473967130781
deepseek_v32__vs__graded_tft__seed103,103,DeepSeek-V3.2,Graded TFT,42,1.0,1.0,0,0,10.73145532632524
deepseek_v32__vs__graded_tft__seed103,103,DeepSeek-V3.2,Graded TFT,43,1.0,1.0,0,0,10.738741133074473
deepseek_v32__vs__graded_tft__seed103,103,DeepSeek-V3.2,Graded TFT,44,1.0,1.0,0,0,10.743167116041995
deepseek_v32__vs__graded_tft__seed103,103,DeepSeek-V3.2,Graded TFT,45,1.0,1.0,0,0,10.745854160223072
deepseek_v32__vs__graded_tft__seed103,103,DeepSeek-V3.2,Graded TFT,46,1.0,0.5,0,2,-0.5
deepseek_v32__vs__graded_tft__seed103,103,DeepSeek-V3.2,Graded TFT,47,1.0,0.75,0,1,3.938833738010432
deepseek_v32__vs__graded_tft__seed103,103,DeepSeek-V3.2,Graded TFT,48,1.0,0.5,0,2,-0.5
deepseek_v32__vs__graded_tft__seed103,103,DeepSeek-V3.2,Graded TFT,49,1.0,0.75,0,1,3.938833738010432
deepseek_v32__vs__graded_tft__seed103,103,DeepSeek-V3.2,Graded TFT,50,1.0,1.0,0,0,8.732939339725036
deepseek_v32__vs__graded_tft__seed104,104,DeepSeek-V3.2,Graded TFT,1,1.0,1.0,0,0,4.0
deepseek_v32__vs__graded_tft__seed104,104,DeepSeek-V3.2,Graded TFT,2,1.0,1.0,0,0,4.901899659543274
deepseek_v32__vs__graded_tft__seed104,104,DeepSeek-V3.2,Graded TFT,3,1.0,0.75,0,1,2.266704093630043
deepseek_v32__vs__graded_tft__seed104,104,DeepSeek-V3.2,Graded TFT,4,1.0,0.75,0,1,2.7510107224551703
deepseek_v32__vs__graded_tft__seed104,104,DeepSeek-V3.2,Graded TFT,5,1.0,1.0,0,0,6.848113776474248
deepseek_v32__vs__graded_tft__seed104,104,DeepSeek-V3.2,Graded TFT,6,1.0,1.0,0,0,7.256311292559014
deepseek_v32__vs__graded_tft__seed104,104,DeepSeek-V3.2,Graded TFT,7,1.0,1.0,0,0,7.583681549476896
deepseek_v32__vs__graded_tft__seed104,104,DeepSeek-V3.2,Graded TFT,8,1.0,1.0,0,0,7.854737987570635
deepseek_v32__vs__graded_tft__seed104,104,DeepSeek-V3.2,Graded TFT,9,1.0,1.0,0,0,8.088943400387137
deepseek_v32__vs__graded_tft__seed104,104,DeepSeek-V3.2,Graded TFT,10,1.0,1.0,0,0,8.296294448739243
deepseek_v32__vs__graded_tft__seed104,104,DeepSeek-V3.2,Graded TFT,11,1.0,0.5,0,2,-1.393098958333332
deepseek_v32__vs__graded_tft__seed104,104,DeepSeek-V3.2,Graded TFT,12,1.0,0.75,0,1,2.6120479303063995
deepseek_v32__vs__graded_tft__seed104,104,DeepSeek-V3.2,Graded TFT,13,1.0,1.0,0,0,7.006367262090981
deepseek_v32__vs__graded_tft__seed104,104,DeepSeek-V3.2,Graded TFT,14,1.0,1.0,0,0,7.726432719029432
deepseek_v32__vs__graded_tft__seed104,104,DeepSeek-V3.2,Graded TFT,15,1.0,1.0,0,0,8.297361997769379
deepseek_v32__vs__graded_tft__seed104,104,DeepSeek-V3.2,Graded TFT,16,1.0,1.0,0,0,8.73857300956686
deepseek_v32__vs__graded_tft__seed104,104,DeepSeek-V3.2,Graded TFT,17,1.0,1.0,0,0,9.081093018314188
deepseek_v32__vs__graded_tft__seed104,104,DeepSeek-V3.2,Graded TFT,18,1.0,1.0,0,0,9.35452267249735
deepseek_v32__vs__graded_tft__seed104,104,DeepSeek-V3.2,Graded TFT,19,1.0,0.5,0,2,-0.9162239583333323
deepseek_v32__vs__graded_tft__seed104,104,DeepSeek-V3.2,Graded TFT,20,1.0,0.75,0,1,3.371158775481563
deepseek_v32__vs__graded_tft__seed104,104,DeepSeek-V3.2,Graded TFT,21,1.0,1.0,0,0,8.070303321775164
deepseek_v32__vs__graded_tft__seed104,104,DeepSeek-V3.2,Graded TFT,22,1.0,1.0,0,0,8.831626047364278
deepseek_v32__vs__graded_tft__seed104,104,DeepSeek-V3.2,Graded TFT,23,1.0,0.0,0,4,-8.0
deepseek_v32__vs__graded_tft__seed104,104,DeepSeek-V3.2,Graded TFT,24,1.0,0.5,0,2,-0.6728645833333324
deepseek_v32__vs__graded_tft__seed104,104,DeepSeek-V3.2,Graded TFT,25,1.0,0.75,0,1,3.6976112605052833
deepseek_v32__vs__graded_tft__seed104,104,DeepSeek-V3.2,Graded TFT,26,1.0,0.5,0,2,0.2120676341148826
deepseek_v32__vs__graded_tft__seed104,104,DeepSeek-V3.2,Graded TFT,27,1.0,0.75,0,1,4.828091581617237
deepseek_v32__vs__graded_tft__seed104,104,DeepSeek-V3.2,Graded TFT,28,1.0,1.0,0,0,9.621494372622859
deepseek_v32__vs__graded_tft__seed104,104,DeepSeek-V3.2,Graded TFT,29,1.0,1.0,0,0,10.0006418445933
deepseek_v32__vs__graded_tft__seed104,104,DeepSeek-V3.2,Graded TFT,30,1.0,1.0,0,0,10.264076819798696
deepseek_v32__vs__graded_tft__seed104,104,DeepSeek-V3.2,Graded TFT,31,1.0,1.0,0,0,10.50570875498164
deepseek_v32__vs__graded_tft__seed104,104,DeepSeek-V3.2,Graded TFT,32,1.0,1.0,0,0,10.61510342528431
deepseek_v32__vs__graded_tft__seed104,104,DeepSeek-V3.2,Graded TFT,33,1.0,1.0,0,0,10.667597930270553
deepseek_v32__vs__graded_tft__seed104,104,DeepSeek-V3.2,Graded TFT,34,1.0,1.0,0,0,10.699803618067861
deepseek_v32__vs__graded_tft__seed104,104,DeepSeek-V3.2,Graded TFT,35,1.0,1.0,0,0,10.719473967130781
deepseek_v32__vs__graded_tft__seed104,104,DeepSeek-V3.2,Graded TFT,36,1.0,1.0,0,0,10.73145532632524
deepseek_v32__vs__graded_tft__seed104,104,DeepSeek-V3.2,Graded TFT,37,1.0,1.0,0,0,10.738741133074473
deepseek_v32__vs__graded_tft__seed104,104,DeepSeek-V3.2,Graded TFT,38,1.0,1.0,0,0,10.743167116041995
deepseek_v32__vs__graded_tft__seed104,104,DeepSeek-V3.2,Graded TFT,39,1.0,1.0,0,0,10.745854160223072
deepseek_v32__vs__graded_tft__seed104,104,DeepSeek-V3.2,Graded TFT,40,1.0,1.0,0,0,10.747484874021502
deepseek_v32__vs__graded_tft__seed104,104,DeepSeek-V3.2,Graded TFT,41,1.0,0.75,0,1,6.06135572324844
deepseek_v32__vs__graded_tft__seed104,104,DeepSeek-V3.2,Graded TFT,42,1.0,1.0,0,0,10.749074540680102
deepseek_v32__vs__graded_tft__seed104,104,DeepSeek-V3.2,Graded TFT,43,1.0,1.0,0,0,10.74943865329367
deepseek_v32__vs__graded_tft__seed104,104,DeepSeek-V3.2,Graded TFT,44,1.0,1.0,0,0,10.749659515984732
deepseek_v32__vs__graded_tft__seed104,104,DeepSeek-V3.2,Graded TFT,45,1.0,1.0,0,0,10.74979348231664
deepseek_v32__vs__graded_tft__seed104,104,DeepSeek-V3.2,Graded TFT,46,1.0,1.0,0,0,10.74987473933614
deepseek_v32__vs__graded_tft__seed104,104,DeepSeek-V3.2,Graded TFT,47,1.0,1.0,0,0,10.749924025067646
deepseek_v32__vs__graded_tft__seed104,104,DeepSeek-V3.2,Graded TFT,48,1.0,1.0,0,0,10.749953918690487
deepseek_v32__vs__graded_tft__seed104,104,DeepSeek-V3.2,Graded TFT,49,1.0,1.0,0,0,10.749972050205368
deepseek_v32__vs__graded_tft__seed104,104,DeepSeek-V3.2,Graded TFT,50,1.0,0.5,0,2,1.3749915237838835
deepseek_v32__vs__graded_tft__seed105,105,DeepSeek-V3.2,Graded TFT,1,1.0,1.0,0,0,4.0
deepseek_v32__vs__graded_tft__seed105,105,DeepSeek-V3.2,Graded TFT,2,1.0,1.0,0,0,4.901899659543274
deepseek_v32__vs__graded_tft__seed105,105,DeepSeek-V3.2,Graded TFT,3,1.0,1.0,0,0,5.737743197914256
deepseek_v32__vs__graded_tft__seed105,105,DeepSeek-V3.2,Graded TFT,4,1.0,1.0,0,0,6.452973827162612
deepseek_v32__vs__graded_tft__seed105,105,DeepSeek-V3.2,Graded TFT,5,1.0,1.0,0,0,7.03473354743033
deepseek_v32__vs__graded_tft__seed105,105,DeepSeek-V3.2,Graded TFT,6,1.0,1.0,0,0,7.499356761489178
deepseek_v32__vs__graded_tft__seed105,105,DeepSeek-V3.2,Graded TFT,7,1.0,1.0,0,0,7.874286035858203
deepseek_v32__vs__graded_tft__seed105,105,DeepSeek-V3.2,Graded TFT,8,1.0,1.0,0,0,8.186093248290184
deepseek_v32__vs__graded_tft__seed105,105,DeepSeek-V3.2,Graded TFT,9,1.0,1.0,0,0,8.455751427951338
deepseek_v32__vs__graded_tft__seed105,105,DeepSeek-V3.2,Graded TFT,10,1.0,1.0,0,0,8.698166348627016
deepseek_v32__vs__graded_tft__seed105,105,DeepSeek-V3.2,Graded TFT,11,1.0,1.0,0,0,8.923322274351424
deepseek_v32__vs__graded_tft__seed105,105,DeepSeek-V3.2,Graded TFT,12,1.0,1.0,0,0,9.137678416908237
deepseek_v32__vs__graded_tft__seed105,105,DeepSeek-V3.2,Graded TFT,13,1.0,1.0,0,0,9.345327632177181
deepseek_v32__vs__graded_tft__seed105,105,DeepSeek-V3.2,Graded TFT,14,1.0,1.0,0,0,9.548831071124255
deepseek_v32__vs__graded_tft__seed105,105,DeepSeek-V3.2,Graded TFT,15,1.0,1.0,0,0,9.749779258891781
deepseek_v32__vs__graded_tft__seed105,105,DeepSeek-V3.2,Graded TFT,16,1.0,1.0,0,0,9.949155358413602
deepseek_v32__vs__graded_tft__seed105,105,DeepSeek-V3.2,Graded TFT,17,1.0,1.0,0,0,10.147565358052827
deepseek_v32__vs__graded_tft__seed105,105,DeepSeek-V3.2,Graded TFT,18,1.0,1.0,0,0,10.34538210026481
deepseek_v32__vs__graded_tft__seed105,105,DeepSeek-V3.2,Graded TFT,19,1.0,1.0,0,0,10.542834720732635
deepseek_v32__vs__graded_tft__seed105,105,DeepSeek-V3.2,Graded TFT,20,1.0,1.0,0,0,10.740063933967036
deepseek_v32__vs__graded_tft__seed105,105,DeepSeek-V3.2,Graded TFT,21,1.0,1.0,0,0,10.749659515984732
deepseek_v32__vs__graded_tft__seed105,105,DeepSeek-V3.2,Graded TFT,22,1.0,1.0,0,0,10.74979348231664
deepseek_v32__vs__graded_tft__seed105,105,DeepSeek-V3.2,Graded TFT,23,1.0,1.0,0,0,10.74987473933614
deepseek_v32__vs__graded_tft__seed105,105,DeepSeek-V3.2,Graded TFT,24,1.0,1.0,0,0,10.749924025067646
deepseek_v32__vs__graded_tft__seed105,105,DeepSeek-V3.2,Graded TFT,25,1.0,1.0,0,0,10.749953918690487
deepseek_v32__vs__graded_tft__seed105,105,DeepSeek-V3.2,Graded TFT,26,1.0,1.0,0,0,10.749972050205368
deepseek_v32__vs__graded_tft__seed105,105,DeepSeek-V3.2,Graded TFT,27,1.0,1.0,0,0,10.749983047567767
deepseek_v32__vs__graded_tft__seed105,105,DeepSeek-V3.2,Graded TFT,28,1.0,1.0,0,0,10.749989717820949
deepseek_v32__vs__graded_tft__seed105,105,DeepSeek-V3.2,Graded TFT,29,1.0,1.0,0,0,10.749993763539791
deepseek_v32__vs__graded_tft__seed105,105,DeepSeek-V3.2,Graded TFT,30,1.0,1.0,0,0,10.74999621739444
deepseek_v32__vs__graded_tft__seed105,105,DeepSeek-V3.2,Graded TFT,31,1.0,0.75,0,1,6.062498279299973
deepseek_v32__vs__graded_tft__seed105,105,DeepSeek-V3.2,Graded TFT,32,1.0,1.0,0,0,10.749998608456735
deepseek_v32__vs__graded_tft__seed105,105,DeepSeek-V3.2,Graded TFT,33,1.0,1.0,0,0,10.749999155986284
deepseek_v32__vs__graded_tft__seed105,105,DeepSeek-V3.2,Graded TFT,34,1.0,1.0,0,0,10.74999948807978
deepseek_v32__vs__graded_tft__seed105,105,DeepSeek-V3.2,Graded TFT,35,1.0,1.0,0,0,10.749999689504683
deepseek_v32__vs__graded_tft__seed105,105,DeepSeek-V3.2,Graded TFT,36,1.0,1.0,0,0,10.749999811675067
deepseek_v32__vs__graded_tft__seed105,105,DeepSeek-V3.2,Graded TFT,37,1.0,1.0,0,0,10.749999885775154
deepseek_v32__vs__graded_tft__seed105,105,DeepSeek-V3.2,Graded TFT,38,1.0,1.0,0,0,10.749999930719127
deepseek_v32__vs__graded_tft__seed105,105,DeepSeek-V3.2,Graded TFT,39,1.0,1.0,0,0,10.749999957979028
deepseek_v32__vs__graded_tft__seed105,105,DeepSeek-V3.2,Graded TFT,40,1.0,1.0,0,0,10.749999974512992
deepseek_v32__vs__graded_tft__seed105,105,DeepSeek-V3.2,Graded TFT,41,1.0,1.0,0,0,10.74999998454135
deepseek_v32__vs__graded_tft__seed105,105,DeepSeek-V3.2,Graded TFT,42,1.0,1.0,0,0,10.749999990623852
deepseek_v32__vs__graded_tft__seed105,105,DeepSeek-V3.2,Graded TFT,43,1.0,0.75,0,1,6.062499995734809
deepseek_v32__vs__graded_tft__seed105,105,DeepSeek-V3.2,Graded TFT,44,1.0,1.0,0,0,10.74999999655071
deepseek_v32__vs__graded_tft__seed105,105,DeepSeek-V3.2,Graded TFT,45,1.0,1.0,0,0,10.7499999979079
deepseek_v32__vs__graded_tft__seed105,105,DeepSeek-V3.2,Graded TFT,46,1.0,1.0,0,0,10.749999998731074
deepseek_v32__vs__graded_tft__seed105,105,DeepSeek-V3.2,Graded TFT,47,1.0,1.0,0,0,10.749999999230358
deepseek_v32__vs__graded_tft__seed105,105,DeepSeek-V3.2,Graded TFT,48,1.0,1.0,0,0,10.749999999533191
deepseek_v32__vs__graded_tft__seed105,105,DeepSeek-V3.2,Graded TFT,49,1.0,1.0,0,0,10.749999999716866
deepseek_v32__vs__graded_tft__seed105,105,DeepSeek-V3.2,Graded TFT,50,1.0,0.75,0,1,6.062499999871202
deepseek_v32__vs__grim_trigger__seed101,101,DeepSeek-V3.2,Grim Trigger,1,0.0,0.0,4,4,0.0
deepseek_v32__vs__grim_trigger__seed101,101,DeepSeek-V3.2,Grim Trigger,2,0.0,0.0,4,4,0.0
deepseek_v32__vs__grim_trigger__seed101,101,DeepSeek-V3.2,Grim Trigger,3,0.0,0.0,4,4,0.0
deepseek_v32__vs__grim_trigger__seed101,101,DeepSeek-V3.2,Grim Trigger,4,0.0,0.0,4,4,0.0
deepseek_v32__vs__grim_trigger__seed101,101,DeepSeek-V3.2,Grim Trigger,5,0.0,0.0,4,4,0.0
deepseek_v32__vs__grim_trigger__seed101,101,DeepSeek-V3.2,Grim Trigger,6,0.0,0.0,4,4,0.0
deepseek_v32__vs__grim_trigger__seed101,101,DeepSeek-V3.2,Grim Trigger,7,0.0,0.0,4,4,0.0
deepseek_v32__vs__grim_trigger__seed101,101,DeepSeek-V3.2,Grim Trigger,8,0.0,0.0,4,4,0.0
deepseek_v32__vs__grim_trigger__seed101,101,DeepSeek-V3.2,Grim Trigger,9,0.0,0.0,4,4,0.0
deepseek_v32__vs__grim_trigger__seed101,101,DeepSeek-V3.2,Grim Trigger,10,0.0,0.0,4,4,0.0
deepseek_v32__vs__grim_trigger__seed101,101,DeepSeek-V3.2,Grim Trigger,11,0.0,0.0,4,4,0.0
deepseek_v32__vs__grim_trigger__seed101,101,DeepSeek-V3.2,Grim Trigger,12,0.0,0.0,4,4,0.0
deepseek_v32__vs__grim_trigger__seed101,101,DeepSeek-V3.2,Grim Trigger,13,0.0,0.0,4,4,0.0
deepseek_v32__vs__grim_trigger__seed101,101,DeepSeek-V3.2,Grim Trigger,14,0.0,0.0,4,4,0.0
deepseek_v32__vs__grim_trigger__seed101,101,DeepSeek-V3.2,Grim Trigger,15,0.0,0.0,4,4,0.0
deepseek_v32__vs__grim_trigger__seed101,101,DeepSeek-V3.2,Grim Trigger,16,0.0,0.0,4,4,0.0
deepseek_v32__vs__grim_trigger__seed101,101,DeepSeek-V3.2,Grim Trigger,17,0.0,0.0,4,4,0.0
deepseek_v32__vs__grim_trigger__seed101,101,DeepSeek-V3.2,Grim Trigger,18,0.0,0.0,4,4,0.0
deepseek_v32__vs__grim_trigger__seed101,101,DeepSeek-V3.2,Grim Trigger,19,0.0,0.0,4,4,0.0
deepseek_v32__vs__grim_trigger__seed101,101,DeepSeek-V3.2,Grim Trigger,20,0.0,0.0,4,4,0.0
deepseek_v32__vs__grim_trigger__seed101,101,DeepSeek-V3.2,Grim Trigger,21,0.0,0.0,4,4,0.0
deepseek_v32__vs__grim_trigger__seed101,101,DeepSeek-V3.2,Grim Trigger,22,0.0,0.0,4,4,0.0
deepseek_v32__vs__grim_trigger__seed101,101,DeepSeek-V3.2,Grim Trigger,23,0.0,0.0,4,4,0.0
deepseek_v32__vs__grim_trigger__seed101,101,DeepSeek-V3.2,Grim Trigger,24,0.0,0.0,4,4,0.0
deepseek_v32__vs__grim_trigger__seed101,101,DeepSeek-V3.2,Grim Trigger,25,0.0,0.0,4,4,0.0
deepseek_v32__vs__grim_trigger__seed101,101,DeepSeek-V3.2,Grim Trigger,26,0.0,0.0,4,4,0.0
deepseek_v32__vs__grim_trigger__seed101,101,DeepSeek-V3.2,Grim Trigger,27,0.0,0.0,4,4,0.0
deepseek_v32__vs__grim_trigger__seed101,101,DeepSeek-V3.2,Grim Trigger,28,0.0,0.0,4,4,0.0
deepseek_v32__vs__grim_trigger__seed101,101,DeepSeek-V3.2,Grim Trigger,29,0.0,0.0,4,4,0.0
deepseek_v32__vs__grim_trigger__seed101,101,DeepSeek-V3.2,Grim Trigger,30,0.0,0.0,4,4,0.0
deepseek_v32__vs__grim_trigger__seed101,101,DeepSeek-V3.2,Grim Trigger,31,0.0,0.0,4,4,0.0
deepseek_v32__vs__grim_trigger__seed101,101,DeepSeek-V3.2,Grim Trigger,32,0.0,0.0,4,4,0.0
deepseek_v32__vs__grim_trigger__seed101,101,DeepSeek-V3.2,Grim Trigger,33,0.0,0.0,4,4,0.0
deepseek_v32__vs__grim_trigger__seed101,101,DeepSeek-V3.2,Grim Trigger,34,0.0,0.0,4,4,0.0
deepseek_v32__vs__grim_trigger__seed101,101,DeepSeek-V3.2,Grim Trigger,35,0.0,0.0,4,4,0.0
deepseek_v32__vs__grim_trigger__seed101,101,DeepSeek-V3.2,Grim Trigger,36,0.0,0.0,4,4,0.0
deepseek_v32__vs__grim_trigger__seed101,101,DeepSeek-V3.2,Grim Trigger,37,0.0,0.0,4,4,0.0
deepseek_v32__vs__grim_trigger__seed101,101,DeepSeek-V3.2,Grim Trigger,38,0.0,0.0,4,4,0.0
deepseek_v32__vs__grim_trigger__seed101,101,DeepSeek-V3.2,Grim Trigger,39,0.0,0.0,4,4,0.0
deepseek_v32__vs__grim_trigger__seed101,101,DeepSeek-V3.2,Grim Trigger,40,0.0,0.0,4,4,0.0
deepseek_v32__vs__grim_trigger__seed101,101,DeepSeek-V3.2,Grim Trigger,41,0.0,0.0,4,4,0.0
deepseek_v32__vs__grim_trigger__seed101,101,DeepSeek-V3.2,Grim Trigger,42,0.0,0.0,4,4,0.0
deepseek_v32__vs__grim_trigger__seed101,101,DeepSeek-V3.2,Grim Trigger,43,0.0,0.0,4,4,0.0
deepseek_v32__vs__grim_trigger__seed101,101,DeepSeek-V3.2,Grim Trigger,44,0.0,0.0,4,4,0.0
deepseek_v32__vs__grim_trigger__seed101,101,DeepSeek-V3.2,Grim Trigger,45,0.0,0.0,4,4,0.0
deepseek_v32__vs__grim_trigger__seed101,101,DeepSeek-V3.2,Grim Trigger,46,0.0,0.0,4,4,0.0
deepseek_v32__vs__grim_trigger__seed101,101,DeepSeek-V3.2,Grim Trigger,47,0.0,0.0,4,4,0.0
deepseek_v32__vs__grim_trigger__seed101,101,DeepSeek-V3.2,Grim Trigger,48,0.0,0.0,4,4,0.0
deepseek_v32__vs__grim_trigger__seed101,101,DeepSeek-V3.2,Grim Trigger,49,0.0,0.0,4,4,0.0
deepseek_v32__vs__grim_trigger__seed101,101,DeepSeek-V3.2,Grim Trigger,50,0.0,0.0,4,4,0.0
deepseek_v32__vs__grim_trigger__seed102,102,DeepSeek-V3.2,Grim Trigger,1,1.0,0.0,0,4,-8.0
deepseek_v32__vs__grim_trigger__seed102,102,DeepSeek-V3.2,Grim Trigger,2,0.0,0.0,4,4,0.0
deepseek_v32__vs__grim_trigger__seed102,102,DeepSeek-V3.2,Grim Trigger,3,0.0,0.0,4,4,0.0
deepseek_v32__vs__grim_trigger__seed102,102,DeepSeek-V3.2,Grim Trigger,4,0.0,0.0,4,4,0.0
deepseek_v32__vs__grim_trigger__seed102,102,DeepSeek-V3.2,Grim Trigger,5,0.0,0.0,4,4,0.0
deepseek_v32__vs__grim_trigger__seed102,102,DeepSeek-V3.2,Grim Trigger,6,0.0,0.0,4,4,0.0
deepseek_v32__vs__grim_trigger__seed102,102,DeepSeek-V3.2,Grim Trigger,7,0.0,0.0,4,4,0.0
deepseek_v32__vs__grim_trigger__seed102,102,DeepSeek-V3.2,Grim Trigger,8,0.0,0.0,4,4,0.0
deepseek_v32__vs__grim_trigger__seed102,102,DeepSeek-V3.2,Grim Trigger,9,1.0,0.0,0,4,-8.0
deepseek_v32__vs__grim_trigger__seed102,102,DeepSeek-V3.2,Grim Trigger,10,0.0,0.0,4,4,0.0
deepseek_v32__vs__grim_trigger__seed102,102,DeepSeek-V3.2,Grim Trigger,11,0.0,0.0,4,4,0.0
deepseek_v32__vs__grim_trigger__seed102,102,DeepSeek-V3.2,Grim Trigger,12,0.0,0.0,4,4,0.0
deepseek_v32__vs__grim_trigger__seed102,102,DeepSeek-V3.2,Grim Trigger,13,0.0,0.0,4,4,0.0
deepseek_v32__vs__grim_trigger__seed102,102,DeepSeek-V3.2,Grim Trigger,14,0.0,0.0,4,4,0.0
deepseek_v32__vs__grim_trigger__seed102,102,DeepSeek-V3.2,Grim Trigger,15,0.0,0.0,4,4,0.0
deepseek_v32__vs__grim_trigger__seed102,102,DeepSeek-V3.2,Grim Trigger,16,0.0,0.0,4,4,0.0
deepseek_v32__vs__grim_trigger__seed102,102,DeepSeek-V3.2,Grim Trigger,17,0.0,0.0,4,4,0.0
deepseek_v32__vs__grim_trigger__seed102,102,DeepSeek-V3.2,Grim Trigger,18,0.0,0.0,4,4,0.0
deepseek_v32__vs__grim_trigger__seed102,102,DeepSeek-V3.2,Grim Trigger,19,0.0,0.0,4,4,0.0
deepseek_v32__vs__grim_trigger__seed102,102,DeepSeek-V3.2,Grim Trigger,20,0.0,0.0,4,4,0.0
deepseek_v32__vs__grim_trigger__seed102,102,DeepSeek-V3.2,Grim Trigger,21,0.0,0.0,4,4,0.0
deepseek_v32__vs__grim_trigger__seed102,102,DeepSeek-V3.2,Grim Trigger,22,0.0,0.0,4,4,0.0
deepseek_v32__vs__grim_trigger__seed102,102,DeepSeek-V3.2,Grim Trigger,23,0.0,0.0,4,4,0.0
deepseek_v32__vs__grim_trigger__seed102,102,DeepSeek-V3.2,Grim Trigger,24,0.0,0.0,4,4,0.0
deepseek_v32__vs__grim_trigger__seed102,102,DeepSeek-V3.2,Grim Trigger,25,0.0,0.0,4,4,0.0
deepseek_v32__vs__grim_trigger__seed102,102,DeepSeek-V3.2,Grim Trigger,26,0.0,0.0,4,4,0.0
deepseek_v32__vs__grim_trigger__seed102,102,DeepSeek-V3.2,Grim Trigger,27,0.0,0.0,4,4,0.0
deepseek_v32__vs__grim_trigger__seed102,102,DeepSeek-V3.2,Grim Trigger,28,0.0,0.0,4,4,0.0
deepseek_v32__vs__grim_trigger__seed102,102,DeepSeek-V3.2,Grim Trigger,29,0.0,0.0,4,4,0.0
deepseek_v32__vs__grim_trigger__seed102,102,DeepSeek-V3.2,Grim Trigger,30,0.0,0.0,4,4,0.0
deepseek_v32__vs__grim_trigger__seed102,102,DeepSeek-V3.2,Grim Trigger,31,0.0,0.0,4,4,0.0
deepseek_v32__vs__grim_trigger__seed102,102,DeepSeek-V3.2,Grim Trigger,32,0.0,0.0,4,4,0.0
deepseek_v32__vs__grim_trigger__seed102,102,DeepSeek-V3.2,Grim Trigger,33,0.0,0.0,4,4,0.0
deepseek_v32__vs__grim_trigger__seed102,102,DeepSeek-V3.2,Grim Trigger,34,0.0,0.0,4,4,0.0
deepseek_v32__vs__grim_trigger__seed102,102,DeepSeek-V3.2,Grim Trigger,35,0.0,0.0,4,4,0.0
deepseek_v32__vs__grim_trigger__seed102,102,DeepSeek-V3.2,Grim Trigger,36,0.0,0.0,4,4,0.0
deepseek_v32__vs__grim_trigger__seed102,102,DeepSeek-V3.2,Grim Trigger,37,0.0,0.0,4,4,0.0
deepseek_v32__vs__grim_trigger__seed102,102,DeepSeek-V3.2,Grim Trigger,38,0.0,0.0,4,4,0.0
deepseek_v32__vs__grim_trigger__seed102,102,DeepSeek-V3.2,Grim Trigger,39,0.0,0.0,4,4,0.0
deepseek_v32__vs__grim_trigger__seed102,102,DeepSeek-V3.2,Grim Trigger,40,0.0,0.0,4,4,0.0
deepseek_v32__vs__grim_trigger__seed102,102,DeepSeek-V3.2,Grim Trigger,41,0.0,0.0,4,4,0.0
deepseek_v32__vs__grim_trigger__seed102,102,DeepSeek-V3.2,Grim Trigger,42,0.0,0.0,4,4,0.0
deepseek_v32__vs__grim_trigger__seed102,102,DeepSeek-V3.2,Grim Trigger,43,0.0,0.0,4,4,0.0
deepseek_v32__vs__grim_trigger__seed102,102,DeepSeek-V3.2,Grim Trigger,44,0.0,0.0,4,4,0.0
deepseek_v32__vs__grim_trigger__seed102,102,DeepSeek-V3.2,Grim Trigger,45,0.0,0.0,4,4,0.0
deepseek_v32__vs__grim_trigger__seed102,102,DeepSeek-V3.2,Grim Trigger,46,0.0,0.0,4,4,0.0
deepseek_v32__vs__grim_trigger__seed102,102,DeepSeek-V3.2,Grim Trigger,47,0.0,0.0,4,4,0.0
deepseek_v32__vs__grim_trigger__seed102,102,DeepSeek-V3.2,Grim Trigger,48,0.0,0.0,4,4,0.0
deepseek_v32__vs__grim_trigger__seed102,102,DeepSeek-V3.2,Grim Trigger,49,0.0,0.0,4,4,0.0
deepseek_v32__vs__grim_trigger__seed102,102,DeepSeek-V3.2,Grim Trigger,50,0.0,0.0,4,4,0.0
deepseek_v32__vs__grim_trigger__seed103,103,DeepSeek-V3.2,Grim Trigger,1,1.0,0.0,0,4,-8.0
deepseek_v32__vs__grim_trigger__seed103,103,DeepSeek-V3.2,Grim Trigger,2,1.0,0.0,0,4,-8.0
deepseek_v32__vs__grim_trigger__seed103,103,DeepSeek-V3.2,Grim Trigger,3,0.0,0.0,4,4,0.0
deepseek_v32__vs__grim_trigger__seed103,103,DeepSeek-V3.2,Grim Trigger,4,0.0,0.0,4,4,0.0
deepseek_v32__vs__grim_trigger__seed103,103,DeepSeek-V3.2,Grim Trigger,5,0.0,0.0,4,4,0.0
deepseek_v32__vs__grim_trigger__seed103,103,DeepSeek-V3.2,Grim Trigger,6,0.0,0.0,4,4,0.0
deepseek_v32__vs__grim_trigger__seed103,103,DeepSeek-V3.2,Grim Trigger,7,0.0,0.0,4,4,0.0
deepseek_v32__vs__grim_trigger__seed103,103,DeepSeek-V3.2,Grim Trigger,8,0.0,0.0,4,4,0.0
deepseek_v32__vs__grim_trigger__seed103,103,DeepSeek-V3.2,Grim Trigger,9,1.0,0.0,0,4,-8.0
deepseek_v32__vs__grim_trigger__seed103,103,DeepSeek-V3.2,Grim Trigger,10,0.0,0.0,4,4,0.0
deepseek_v32__vs__grim_trigger__seed103,103,DeepSeek-V3.2,Grim Trigger,11,0.0,0.0,4,4,0.0
deepseek_v32__vs__grim_trigger__seed103,103,DeepSeek-V3.2,Grim Trigger,12,0.0,0.0,4,4,0.0
deepseek_v32__vs__grim_trigger__seed103,103,DeepSeek-V3.2,Grim Trigger,13,0.0,0.0,4,4,0.0
deepseek_v32__vs__grim_trigger__seed103,103,DeepSeek-V3.2,Grim Trigger,14,0.0,0.0,4,4,0.0
deepseek_v32__vs__grim_trigger__seed103,103,DeepSeek-V3.2,Grim Trigger,15,0.0,0.0,4,4,0.0
deepseek_v32__vs__grim_trigger__seed103,103,DeepSeek-V3.2,Grim Trigger,16,0.0,0.0,4,4,0.0
deepseek_v32__vs__grim_trigger__seed103,103,DeepSeek-V3.2,Grim Trigger,17,0.0,0.0,4,4,0.0
deepseek_v32__vs__grim_trigger__seed103,103,DeepSeek-V3.2,Grim Trigger,18,0.0,0.0,4,4,0.0
deepseek_v32__vs__grim_trigger__seed103,103,DeepSeek-V3.2,Grim Trigger,19,1.0,0.0,0,4,-8.0
deepseek_v32__vs__grim_trigger__seed103,103,DeepSeek-V3.2,Grim Trigger,20,0.0,0.0,4,4,0.0
deepseek_v32__vs__grim_trigger__seed103,103,DeepSeek-V3.2,Grim Trigger,21,0.0,0.0,4,4,0.0
deepseek_v32__vs__grim_trigger__seed103,103,DeepSeek-V3.2,Grim Trigger,22,0.0,0.0,4,4,0.0
deepseek_v32__vs__grim_trigger__seed103,103,DeepSeek-V3.2,Grim Trigger,23,0.0,0.0,4,4,0.0
deepseek_v32__vs__grim_trigger__seed103,103,DeepSeek-V3.2,Grim Trigger,24,0.0,0.0,4,4,0.0
deepseek_v32__vs__grim_trigger__seed103,103,DeepSeek-V3.2,Grim Trigger,25,0.0,0.0,4,4,0.0
deepseek_v32__vs__grim_trigger__seed103,103,DeepSeek-V3.2,Grim Trigger,26,0.0,0.0,4,4,0.0
deepseek_v32__vs__grim_trigger__seed103,103,DeepSeek-V3.2,Grim Trigger,27,0.0,0.0,4,4,0.0
deepseek_v32__vs__grim_trigger__seed103,103,DeepSeek-V3.2,Grim Trigger,28,0.0,0.0,4,4,0.0
deepseek_v32__vs__grim_trigger__seed103,103,DeepSeek-V3.2,Grim Trigger,29,0.0,0.0,4,4,0.0
deepseek_v32__vs__grim_trigger__seed103,103,DeepSeek-V3.2,Grim Trigger,30,0.0,0.0,4,4,0.0
deepseek_v32__vs__grim_trigger__seed103,103,DeepSeek-V3.2,Grim Trigger,31,0.0,0.0,4,4,0.0
deepseek_v32__vs__grim_trigger__seed103,103,DeepSeek-V3.2,Grim Trigger,32,0.0,0.0,4,4,0.0
deepseek_v32__vs__grim_trigger__seed103,103,DeepSeek-V3.2,Grim Trigger,33,0.0,0.0,4,4,0.0
deepseek_v32__vs__grim_trigger__seed103,103,DeepSeek-V3.2,Grim Trigger,34,0.0,0.0,4,4,0.0
deepseek_v32__vs__grim_trigger__seed103,103,DeepSeek-V3.2,Grim Trigger,35,0.0,0.0,4,4,0.0
deepseek_v32__vs__grim_trigger__seed103,103,DeepSeek-V3.2,Grim Trigger,36,0.0,0.0,4,4,0.0
deepseek_v32__vs__grim_trigger__seed103,103,DeepSeek-V3.2,Grim Trigger,37,0.0,0.0,4,4,0.0
deepseek_v32__vs__grim_trigger__seed103,103,DeepSeek-V3.2,Grim Trigger,38,0.0,0.0,4,4,0.0
deepseek_v32__vs__grim_trigger__seed103,103,DeepSeek-V3.2,Grim Trigger,39,0.0,0.0,4,4,0.0
deepseek_v32__vs__grim_trigger__seed103,103,DeepSeek-V3.2,Grim Trigger,40,0.0,0.0,4,4,0.0
deepseek_v32__vs__grim_trigger__seed103,103,DeepSeek-V3.2,Grim Trigger,41,0.0,0.0,4,4,0.0
deepseek_v32__vs__grim_trigger__seed103,103,DeepSeek-V3.2,Grim Trigger,42,0.0,0.0,4,4,0.0
deepseek_v32__vs__grim_trigger__seed103,103,DeepSeek-V3.2,Grim Trigger,43,0.0,0.0,4,4,0.0
deepseek_v32__vs__grim_trigger__seed103,103,DeepSeek-V3.2,Grim Trigger,44,0.0,0.0,4,4,0.0
deepseek_v32__vs__grim_trigger__seed103,103,DeepSeek-V3.2,Grim Trigger,45,0.0,0.0,4,4,0.0
deepseek_v32__vs__grim_trigger__seed103,103,DeepSeek-V3.2,Grim Trigger,46,0.0,0.0,4,4,0.0
deepseek_v32__vs__grim_trigger__seed103,103,DeepSeek-V3.2,Grim Trigger,47,0.0,0.0,4,4,0.0
deepseek_v32__vs__grim_trigger__seed103,103,DeepSeek-V3.2,Grim Trigger,48,0.0,0.0,4,4,0.0
deepseek_v32__vs__grim_trigger__seed103,103,DeepSeek-V3.2,Grim Trigger,49,0.0,0.0,4,4,0.0
deepseek_v32__vs__grim_trigger__seed103,103,DeepSeek-V3.2,Grim Trigger,50,0.0,0.0,4,4,0.0
deepseek_v32__vs__grim_trigger__seed104,104,DeepSeek-V3.2,Grim Trigger,1,1.0,0.0,0,4,-8.0
deepseek_v32__vs__grim_trigger__seed104,104,DeepSeek-V3.2,Grim Trigger,2,1.0,0.0,0,4,-8.0
deepseek_v32__vs__grim_trigger__seed104,104,DeepSeek-V3.2,Grim Trigger,3,1.0,0.0,0,4,-8.0
deepseek_v32__vs__grim_trigger__seed104,104,DeepSeek-V3.2,Grim Trigger,4,1.0,0.0,0,4,-8.0
deepseek_v32__vs__grim_trigger__seed104,104,DeepSeek-V3.2,Grim Trigger,5,1.0,0.0,0,4,-8.0
deepseek_v32__vs__grim_trigger__seed104,104,DeepSeek-V3.2,Grim Trigger,6,0.0,0.0,4,4,0.0
deepseek_v32__vs__grim_trigger__seed104,104,DeepSeek-V3.2,Grim Trigger,7,0.0,0.0,4,4,0.0
deepseek_v32__vs__grim_trigger__seed104,104,DeepSeek-V3.2,Grim Trigger,8,1.0,0.0,0,4,-8.0
deepseek_v32__vs__grim_trigger__seed104,104,DeepSeek-V3.2,Grim Trigger,9,1.0,0.0,0,4,-8.0
deepseek_v32__vs__grim_trigger__seed104,104,DeepSeek-V3.2,Grim Trigger,10,0.0,0.0,4,4,0.0
deepseek_v32__vs__grim_trigger__seed104,104,DeepSeek-V3.2,Grim Trigger,11,1.0,0.0,0,4,-8.0
deepseek_v32__vs__grim_trigger__seed104,104,DeepSeek-V3.2,Grim Trigger,12,1.0,0.0,0,4,-8.0
deepseek_v32__vs__grim_trigger__seed104,104,DeepSeek-V3.2,Grim Trigger,13,0.0,0.0,4,4,0.0
deepseek_v32__vs__grim_trigger__seed104,104,DeepSeek-V3.2,Grim Trigger,14,0.0,0.0,4,4,0.0
deepseek_v32__vs__grim_trigger__seed104,104,DeepSeek-V3.2,Grim Trigger,15,0.0,0.0,4,4,0.0
deepseek_v32__vs__grim_trigger__seed104,104,DeepSeek-V3.2,Grim Trigger,16,0.0,0.0,4,4,0.0
deepseek_v32__vs__grim_trigger__seed104,104,DeepSeek-V3.2,Grim Trigger,17,0.0,0.0,4,4,0.0
deepseek_v32__vs__grim_trigger__seed104,104,DeepSeek-V3.2,Grim Trigger,18,0.0,0.0,4,4,0.0
deepseek_v32__vs__grim_trigger__seed104,104,DeepSeek-V3.2,Grim Trigger,19,0.0,0.0,4,4,0.0
deepseek_v32__vs__grim_trigger__seed104,104,DeepSeek-V3.2,Grim Trigger,20,0.0,0.0,4,4,0.0
deepseek_v32__vs__grim_trigger__seed104,104,DeepSeek-V3.2,Grim Trigger,21,0.0,0.0,4,4,0.0
deepseek_v32__vs__grim_trigger__seed104,104,DeepSeek-V3.2,Grim Trigger,22,0.0,0.0,4,4,0.0
deepseek_v32__vs__grim_trigger__seed104,104,DeepSeek-V3.2,Grim Trigger,23,0.0,0.0,4,4,0.0
deepseek_v32__vs__grim_trigger__seed104,104,DeepSeek-V3.2,Grim Trigger,24,0.0,0.0,4,4,0.0
deepseek_v32__vs__grim_trigger__seed104,104,DeepSeek-V3.2,Grim Trigger,25,0.0,0.0,4,4,0.0
deepseek_v32__vs__grim_trigger__seed104,104,DeepSeek-V3.2,Grim Trigger,26,0.0,0.0,4,4,0.0
deepseek_v32__vs__grim_trigger__seed104,104,DeepSeek-V3.2,Grim Trigger,27,0.0,0.0,4,4,0.0
deepseek_v32__vs__grim_trigger__seed104,104,DeepSeek-V3.2,Grim Trigger,28,0.0,0.0,4,4,0.0
deepseek_v32__vs__grim_trigger__seed104,104,DeepSeek-V3.2,Grim Trigger,29,0.0,0.0,4,4,0.0
deepseek_v32__vs__grim_trigger__seed104,104,DeepSeek-V3.2,Grim Trigger,30,1.0,0.0,0,4,-8.0
deepseek_v32__vs__grim_trigger__seed104,104,DeepSeek-V3.2,Grim Trigger,31,0.0,0.0,4,4,0.0
deepseek_v32__vs__grim_trigger__seed104,104,DeepSeek-V3.2,Grim Trigger,32,0.0,0.0,4,4,0.0
deepseek_v32__vs__grim_trigger__seed104,104,DeepSeek-V3.2,Grim Trigger,33,0.0,0.0,4,4,0.0
deepseek_v32__vs__grim_trigger__seed104,104,DeepSeek-V3.2,Grim Trigger,34,1.0,0.0,0,4,-8.0
deepseek_v32__vs__grim_trigger__seed104,104,DeepSeek-V3.2,Grim Trigger,35,0.0,0.0,4,4,0.0
deepseek_v32__vs__grim_trigger__seed104,104,DeepSeek-V3.2,Grim Trigger,36,0.0,0.0,4,4,0.0
deepseek_v32__vs__grim_trigger__seed104,104,DeepSeek-V3.2,Grim Trigger,37,0.0,0.0,4,4,0.0
deepseek_v32__vs__grim_trigger__seed104,104,DeepSeek-V3.2,Grim Trigger,38,0.0,0.0,4,4,0.0
deepseek_v32__vs__grim_trigger__seed104,104,DeepSeek-V3.2,Grim Trigger,39,0.0,0.0,4,4,0.0
deepseek_v32__vs__grim_trigger__seed104,104,DeepSeek-V3.2,Grim Trigger,40,0.0,0.0,4,4,0.0
deepseek_v32__vs__grim_trigger__seed104,104,DeepSeek-V3.2,Grim Trigger,41,1.0,0.0,0,4,-8.0
deepseek_v32__vs__grim_trigger__seed104,104,DeepSeek-V3.2,Grim Trigger,42,0.0,0.0,4,4,0.0
deepseek_v32__vs__grim_trigger__seed104,104,DeepSeek-V3.2,Grim Trigger,43,0.0,0.0,4,4,0.0
deepseek_v32__vs__grim_trigger__seed104,104,DeepSeek-V3.2,Grim Trigger,44,0.0,0.0,4,4,0.0
deepseek_v32__vs__grim_trigger__seed104,104,DeepSeek-V3.2,Grim Trigger,45,0.0,0.0,4,4,0.0
deepseek_v32__vs__grim_trigger__seed104,104,DeepSeek-V3.2,Grim Trigger,46,0.0,0.0,4,4,0.0
deepseek_v32__vs__grim_trigger__seed104,104,DeepSeek-V3.2,Grim Trigger,47,0.0,0.0,4,4,0.0
deepseek_v32__vs__grim_trigger__seed104,104,DeepSeek-V3.2,Grim Trigger,48,0.0,0.0,4,4,0.0
deepseek_v32__vs__grim_trigger__seed104,104,DeepSeek-V3.2,Grim Trigger,49,0.0,0.0,4,4,0.0
deepseek_v32__vs__grim_trigger__seed104,104,DeepSeek-V3.2,Grim Trigger,50,1.0,0.0,0,4,-8.0
deepseek_v32__vs__grim_trigger__seed105,105,DeepSeek-V3.2,Grim Trigger,1,1.0,0.0,0,4,-8.0
deepseek_v32__vs__grim_trigger__seed105,105,DeepSeek-V3.2,Grim Trigger,2,0.0,0.0,4,4,0.0
deepseek_v32__vs__grim_trigger__seed105,105,DeepSeek-V3.2,Grim Trigger,3,0.0,0.0,4,4,0.0
deepseek_v32__vs__grim_trigger__seed105,105,DeepSeek-V3.2,Grim Trigger,4,0.0,0.0,4,4,0.0
deepseek_v32__vs__grim_trigger__seed105,105,DeepSeek-V3.2,Grim Trigger,5,0.0,0.0,4,4,0.0
deepseek_v32__vs__grim_trigger__seed105,105,DeepSeek-V3.2,Grim Trigger,6,0.0,0.0,4,4,0.0
deepseek_v32__vs__grim_trigger__seed105,105,DeepSeek-V3.2,Grim Trigger,7,1.0,0.0,0,4,-8.0
deepseek_v32__vs__grim_trigger__seed105,105,DeepSeek-V3.2,Grim Trigger,8,0.0,0.0,4,4,0.0
deepseek_v32__vs__grim_trigger__seed105,105,DeepSeek-V3.2,Grim Trigger,9,0.0,0.0,4,4,0.0
deepseek_v32__vs__grim_trigger__seed105,105,DeepSeek-V3.2,Grim Trigger,10,0.0,0.0,4,4,0.0
deepseek_v32__vs__grim_trigger__seed105,105,DeepSeek-V3.2,Grim Trigger,11,0.0,0.0,4,4,0.0
deepseek_v32__vs__grim_trigger__seed105,105,DeepSeek-V3.2,Grim Trigger,12,0.0,0.0,4,4,0.0
deepseek_v32__vs__grim_trigger__seed105,105,DeepSeek-V3.2,Grim Trigger,13,0.0,0.0,4,4,0.0
deepseek_v32__vs__grim_trigger__seed105,105,DeepSeek-V3.2,Grim Trigger,14,0.0,0.0,4,4,0.0
deepseek_v32__vs__grim_trigger__seed105,105,DeepSeek-V3.2,Grim Trigger,15,0.0,0.0,4,4,0.0
deepseek_v32__vs__grim_trigger__seed105,105,DeepSeek-V3.2,Grim Trigger,16,0.0,0.0,4,4,0.0
deepseek_v32__vs__grim_trigger__seed105,105,DeepSeek-V3.2,Grim Trigger,17,1.0,0.0,0,4,-8.0
deepseek_v32__vs__grim_trigger__seed105,105,DeepSeek-V3.2,Grim Trigger,18,0.0,0.0,4,4,0.0
deepseek_v32__vs__grim_trigger__seed105,105,DeepSeek-V3.2,Grim Trigger,19,0.0,0.0,4,4,0.0
deepseek_v32__vs__grim_trigger__seed105,105,DeepSeek-V3.2,Grim Trigger,20,0.0,0.0,4,4,0.0
deepseek_v32__vs__grim_trigger__seed105,105,DeepSeek-V3.2,Grim Trigger,21,0.0,0.0,4,4,0.0
deepseek_v32__vs__grim_trigger__seed105,105,DeepSeek-V3.2,Grim Trigger,22,0.0,0.0,4,4,0.0
deepseek_v32__vs__grim_trigger__seed105,105,DeepSeek-V3.2,Grim Trigger,23,0.0,0.0,4,4,0.0
deepseek_v32__vs__grim_trigger__seed105,105,DeepSeek-V3.2,Grim Trigger,24,0.0,0.0,4,4,0.0
deepseek_v32__vs__grim_trigger__seed105,105,DeepSeek-V3.2,Grim Trigger,25,0.0,0.0,4,4,0.0
deepseek_v32__vs__grim_trigger__seed105,105,DeepSeek-V3.2,Grim Trigger,26,0.0,0.0,4,4,0.0
deepseek_v32__vs__grim_trigger__seed105,105,DeepSeek-V3.2,Grim Trigger,27,0.0,0.0,4,4,0.0
deepseek_v32__vs__grim_trigger__seed105,105,DeepSeek-V3.2,Grim Trigger,28,0.0,0.0,4,4,0.0
deepseek_v32__vs__grim_trigger__seed105,105,DeepSeek-V3.2,Grim Trigger,29,0.0,0.0,4,4,0.0
deepseek_v32__vs__grim_trigger__seed105,105,DeepSeek-V3.2,Grim Trigger,30,0.0,0.0,4,4,0.0
deepseek_v32__vs__grim_trigger__seed105,105,DeepSeek-V3.2,Grim Trigger,31,0.0,0.0,4,4,0.0
deepseek_v32__vs__grim_trigger__seed105,105,DeepSeek-V3.2,Grim Trigger,32,0.0,0.0,4,4,0.0
deepseek_v32__vs__grim_trigger__seed105,105,DeepSeek-V3.2,Grim Trigger,33,0.0,0.0,4,4,0.0
deepseek_v32__vs__grim_trigger__seed105,105,DeepSeek-V3.2,Grim Trigger,34,0.0,0.0,4,4,0.0
deepseek_v32__vs__grim_trigger__seed105,105,DeepSeek-V3.2,Grim Trigger,35,1.0,0.0,0,4,-8.0
deepseek_v32__vs__grim_trigger__seed105,105,DeepSeek-V3.2,Grim Trigger,36,0.0,0.0,4,4,0.0
deepseek_v32__vs__grim_trigger__seed105,105,DeepSeek-V3.2,Grim Trigger,37,0.0,0.0,4,4,0.0
deepseek_v32__vs__grim_trigger__seed105,105,DeepSeek-V3.2,Grim Trigger,38,0.0,0.0,4,4,0.0
deepseek_v32__vs__grim_trigger__seed105,105,DeepSeek-V3.2,Grim Trigger,39,0.0,0.0,4,4,0.0
deepseek_v32__vs__grim_trigger__seed105,105,DeepSeek-V3.2,Grim Trigger,40,0.0,0.0,4,4,0.0
deepseek_v32__vs__grim_trigger__seed105,105,DeepSeek-V3.2,Grim Trigger,41,1.0,0.0,0,4,-8.0
deepseek_v32__vs__grim_trigger__seed105,105,DeepSeek-V3.2,Grim Trigger,42,0.0,0.0,4,4,0.0
deepseek_v32__vs__grim_trigger__seed105,105,DeepSeek-V3.2,Grim Trigger,43,0.0,0.0,4,4,0.0
deepseek_v32__vs__grim_trigger__seed105,105,DeepSeek-V3.2,Grim Trigger,44,0.0,0.0,4,4,0.0
deepseek_v32__vs__grim_trigger__seed105,105,DeepSeek-V3.2,Grim Trigger,45,0.0,0.0,4,4,0.0
deepseek_v32__vs__grim_trigger__seed105,105,DeepSeek-V3.2,Grim Trigger,46,0.0,0.0,4,4,0.0
deepseek_v32__vs__grim_trigger__seed105,105,DeepSeek-V3.2,Grim Trigger,47,0.0,0.0,4,4,0.0
deepseek_v32__vs__grim_trigger__seed105,105,DeepSeek-V3.2,Grim Trigger,48,0.0,0.0,4,4,0.0
deepseek_v32__vs__grim_trigger__seed105,105,DeepSeek-V3.2,Grim Trigger,49,0.0,0.0,4,4,0.0
deepseek_v32__vs__grim_trigger__seed105,105,DeepSeek-V3.2,Grim Trigger,50,0.0,0.0,4,4,0.0
deepseek_v32__vs__random_uniform__seed101,101,DeepSeek-V3.2,Random,1,0.5,0.0,2,4,-4.0
deepseek_v32__vs__random_uniform__seed101,101,DeepSeek-V3.2,Random,2,1.0,0.5,0,2,-2.0525
deepseek_v32__vs__random_uniform__seed101,101,DeepSeek-V3.2,Random,3,0.5,0.5,2,2,2.302377676587507
deepseek_v32__vs__random_uniform__seed101,101,DeepSeek-V3.2,Random,4,0.5,1.0,2,0,7.859999999999999
deepseek_v32__vs__random_uniform__seed101,101,DeepSeek-V3.2,Random,5,0.5,1.0,2,0,8.590826713814
deepseek_v32__vs__random_uniform__seed101,101,DeepSeek-V3.2,Random,6,0.5,0.75,2,1,5.940934680859771
deepseek_v32__vs__random_uniform__seed101,101,DeepSeek-V3.2,Random,7,0.5,0.75,2,1,6.342900342037945
deepseek_v32__vs__random_uniform__seed101,101,DeepSeek-V3.2,Random,8,0.5,0.5,2,2,3.095271291765334
deepseek_v32__vs__random_uniform__seed101,101,DeepSeek-V3.2,Random,9,0.5,0.0,2,4,-4.0
deepseek_v32__vs__random_uniform__seed101,101,DeepSeek-V3.2,Random,10,0.5,0.75,2,1,4.963593749999999
deepseek_v32__vs__random_uniform__seed101,101,DeepSeek-V3.2,Random,11,0.5,0.5,2,2,2.3468443050237537
deepseek_v32__vs__random_uniform__seed101,101,DeepSeek-V3.2,Random,12,0.5,0.0,2,4,-4.0
deepseek_v32__vs__random_uniform__seed101,101,DeepSeek-V3.2,Random,13,0.5,1.0,2,0,7.959114583333333
deepseek_v32__vs__random_uniform__seed101,101,DeepSeek-V3.2,Random,14,0.5,0.5,2,2,2.339299625369872
deepseek_v32__vs__random_uniform__seed101,101,DeepSeek-V3.2,Random,15,0.5,0.75,2,1,4.9471875
deepseek_v32__vs__random_uniform__seed101,101,DeepSeek-V3.2,Random,16,0.5,1.0,2,0,8.641456212443712
deepseek_v32__vs__random_uniform__seed101,101,DeepSeek-V3.2,Random,17,0.5,0.25,2,3,-0.6797607014666776
deepseek_v32__vs__random_uniform__seed101,101,DeepSeek-V3.2,Random,18,0.5,0.75,2,1,4.924218750000001
deepseek_v32__vs__random_uniform__seed101,101,DeepSeek-V3.2,Random,19,0.5,0.5,2,2,2.310281626701098
deepseek_v32__vs__random_uniform__seed101,101,DeepSeek-V3.2,Random,20,0.5,0.5,2,2,1.942916666666668
deepseek_v32__vs__random_uniform__seed101,101,DeepSeek-V3.2,Random,21,0.5,1.0,2,0,7.8902083333333355
deepseek_v32__vs__random_uniform__seed101,101,DeepSeek-V3.2,Random,22,0.5,0.0,2,4,-4.0
deepseek_v32__vs__random_uniform__seed101,101,DeepSeek-V3.2,Random,23,1.0,1.0,0,0,3.8880208333333357
deepseek_v32__vs__random_uniform__seed101,101,DeepSeek-V3.2,Random,24,1.0,0.0,0,4,-8.0
deepseek_v32__vs__random_uniform__seed101,101,DeepSeek-V3.2,Random,25,0.5,0.25,2,3,-1.0258072916666663
deepseek_v32__vs__random_uniform__seed101,101,DeepSeek-V3.2,Random,26,0.5,0.75,2,1,4.925859375000002
deepseek_v32__vs__random_uniform__seed101,101,DeepSeek-V3.2,Random,27,0.5,1.0,2,0,8.634491892763206
deepseek_v32__vs__random_uniform__seed101,101,DeepSeek-V3.2,Random,28,0.5,1.0,2,0,9.298038736375926
deepseek_v32__vs__random_uniform__seed101,101,DeepSeek-V3.2,Random,29,0.5,1.0,2,0,9.844127699145906
deepseek_v32__vs__random_uniform__seed101,101,DeepSeek-V3.2,Random,30,0.5,0.25,2,3,-0.436740373293103
deepseek_v32__vs__random_uniform__seed101,101,DeepSeek-V3.2,Random,31,0.5,1.0,2,0,8.005052083333332
deepseek_v32__vs__random_uniform__seed101,101,DeepSeek-V3.2,Random,32,0.5,0.75,2,1,5.571628315179362
deepseek_v32__vs__random_uniform__seed101,101,DeepSeek-V3.2,Random,33,0.5,1.0,2,0,9.444451955598517
deepseek_v32__vs__random_uniform__seed101,101,DeepSeek-V3.2,Random,34,0.5,0.25,2,3,-0.4961925306822157
deepseek_v32__vs__random_uniform__seed101,101,DeepSeek-V3.2,Random,35,0.5,0.25,2,3,-0.968385416666667
deepseek_v32__vs__random_uniform__seed101,101,DeepSeek-V3.2,Random,36,0.5,0.25,2,3,-0.9645572916666669
deepseek_v32__vs__random_uniform__seed101,101,DeepSeek-V3.2,Random,37,0.5,0.5,2,2,2.0703385416666658
deepseek_v32__vs__random_uniform__seed101,101,DeepSeek-V3.2,Random,38,0.5,1.0,2,0,8.128645833333332
deepseek_v32__vs__random_uniform__seed101,101,DeepSeek-V3.2,Random,39,0.5,1.0,2,0,8.875921641687414
deepseek_v32__vs__random_uniform__seed101,101,DeepSeek-V3.2,Random,40,0.5,0.25,2,3,-0.6150948629766995
deepseek_v32__vs__random_uniform__seed101,101,DeepSeek-V3.2,Random,41,0.5,1.0,2,0,8.130833333333332
deepseek_v32__vs__random_uniform__seed101,101,DeepSeek-V3.2,Random,42,0.5,0.5,2,2,2.4333179410567034
deepseek_v32__vs__random_uniform__seed101,101,DeepSeek-V3.2,Random,43,0.5,0.0,2,4,-4.0
deepseek_v32__vs__random_uniform__seed101,101,DeepSeek-V3.2,Random,44,0.5,0.5,2,2,2.058307291666666
deepseek_v32__vs__random_uniform__seed101,101,DeepSeek-V3.2,Random,45,0.5,0.75,2,1,5.086640624999998
deepseek_v32__vs__random_uniform__seed101,101,DeepSeek-V3.2,Random,46,0.5,0.5,2,2,2.430996501163201
deepseek_v32__vs__random_uniform__seed101,101,DeepSeek-V3.2,Random,47,0.5,0.75,2,1,5.084999999999999
deepseek_v32__vs__random_uniform__seed101,101,DeepSeek-V3.2,Random,48,0.5,0.75,2,1,5.631695572423727
deepseek_v32__vs__random_uniform__seed101,101,DeepSeek-V3.2,Random,49,0.5,0.25,2,3,-0.6254657993382997
deepseek_v32__vs__random_uniform__seed101,101,DeepSeek-V3.2,Random,50,0.5,0.25,2,3,-0.9793229166666673
deepseek_v32__vs__random_uniform__seed102,102,DeepSeek-V3.2,Random,1,0.5,0.75,2,1,5.0
deepseek_v32__vs__random_uniform__seed102,102,DeepSeek-V3.2,Random,2,0.75,0.75,1,1,3.5719599494498624
deepseek_v32__vs__random_uniform__seed102,102,DeepSeek-V3.2,Random,3,0.75,0.75,1,1,4.101989222004624
deepseek_v32__vs__random_uniform__seed102,102,DeepSeek-V3.2,Random,4,0.75,0.5,1,2,1.0279238920532556
deepseek_v32__vs__random_uniform__seed102,102,DeepSeek-V3.2,Random,5,0.75,0.75,1,1,4.88219564396195
deepseek_v32__vs__random_uniform__seed102,102,DeepSeek-V3.2,Random,6,0.75,0.75,1,1,5.135996178567254
deepseek_v32__vs__random_uniform__seed102,102,DeepSeek-V3.2,Random,7,0.75,1.0,1,0,9.099042682957919
deepseek_v32__vs__random_uniform__seed102,102,DeepSeek-V3.2,Random,8,0.75,1.0,1,0,9.29703169632461
deepseek_v32__vs__random_uniform__seed102,102,DeepSeek-V3.2,Random,9,0.75,0.0,1,4,-6.0
deepseek_v32__vs__random_uniform__seed102,102,DeepSeek-V3.2,Random,10,1.0,0.0,0,4,-8.0
deepseek_v32__vs__random_uniform__seed102,102,DeepSeek-V3.2,Random,11,1.0,1.0,0,0,4.576406249999998
deepseek_v32__vs__random_uniform__seed102,102,DeepSeek-V3.2,Random,12,1.0,0.75,0,1,2.061203407005415
deepseek_v32__vs__random_uniform__seed102,102,DeepSeek-V3.2,Random,13,1.0,0.75,0,1,2.634567306926808
deepseek_v32__vs__random_uniform__seed102,102,DeepSeek-V3.2,Random,14,1.0,0.25,0,3,-4.29581890409464
deepseek_v32__vs__random_uniform__seed102,102,DeepSeek-V3.2,Random,15,1.0,0.0,0,4,-8.0
deepseek_v32__vs__random_uniform__seed102,102,DeepSeek-V3.2,Random,16,0.0,0.75,4,1,9.6825
deepseek_v32__vs__random_uniform__seed102,102,DeepSeek-V3.2,Random,17,1.0,0.0,0,4,-8.0
deepseek_v32__vs__random_uniform__seed102,102,DeepSeek-V3.2,Random,18,0.0,0.25,4,3,3.2447265624999995
deepseek_v32__vs__random_uniform__seed102,102,DeepSeek-V3.2,Random,19,1.0,0.0,0,4,-8.0
deepseek_v32__vs__random_uniform__seed102,102,DeepSeek-V3.2,Random,20,1.0,0.75,0,1,1.7489453124999983
deepseek_v32__vs__random_uniform__seed102,102,DeepSeek-V3.2,Random,21,1.0,0.75,0,1,2.344999433986036
deepseek_v32__vs__random_uniform__seed102,102,DeepSeek-V3.2,Random,22,1.0,0.5,0,2,-0.7510640861442246
deepseek_v32__vs__random_uniform__seed102,102,DeepSeek-V3.2,Random,23,1.0,0.0,0,4,-8.0
deepseek_v32__vs__random_uniform__seed102,102,DeepSeek-V3.2,Random,24,1.0,0.25,0,3,-4.748710937500001
deepseek_v32__vs__random_uniform__seed102,102,DeepSeek-V3.2,Random,25,1.0,1.0,0,0,5.817707697529819
deepseek_v32__vs__random_uniform__seed102,102,DeepSeek-V3.2,Random,26,1.0,0.0,0,4,-8.0
deepseek_v32__vs__random_uniform__seed102,102,DeepSeek-V3.2,Random,27,1.0,0.75,0,1,1.8334374999999952
deepseek_v32__vs__random_uniform__seed102,102,DeepSeek-V3.2,Random,28,1.0,0.25,0,3,-4.502916617574446
deepseek_v32__vs__random_uniform__seed102,102,DeepSeek-V3.2,Random,29,1.0,0.25,0,3,-4.307510901641615
deepseek_v32__vs__random_uniform__seed102,102,DeepSeek-V3.2,Random,30,1.0,0.25,0,3,-4.150382052688192
deepseek_v32__vs__random_uniform__seed102,102,DeepSeek-V3.2,Random,31,1.0,0.75,0,1,3.9019858923434487
deepseek_v32__vs__random_uniform__seed102,102,DeepSeek-V3.2,Random,32,1.0,0.25,0,3,-3.942545282290636
deepseek_v32__vs__random_uniform__seed102,102,DeepSeek-V3.2,Random,33,1.0,0.0,0,4,-8.0
deepseek_v32__vs__random_uniform__seed102,102,DeepSeek-V3.2,Random,34,1.0,0.75,0,1,2.114804687499996
deepseek_v32__vs__random_uniform__seed102,102,DeepSeek-V3.2,Random,35,1.0,1.0,0,0,6.369049672236548
deepseek_v32__vs__random_uniform__seed102,102,DeepSeek-V3.2,Random,36,1.0,0.75,0,1,3.377614394481469
deepseek_v32__vs__random_uniform__seed102,102,DeepSeek-V3.2,Random,37,1.0,0.0,0,4,-8.0
deepseek_v32__vs__random_uniform__seed102,102,DeepSeek-V3.2,Random,38,0.0,0.5,4,2,6.866796874999997
deepseek_v32__vs__random_uniform__seed102,102,DeepSeek-V3.2,Random,39,1.0,1.0,0,0,5.781718749999994
deepseek_v32__vs__random_uniform__seed102,102,DeepSeek-V3.2,Random,40,1.0,0.0,0,4,-8.0
deepseek_v32__vs__random_uniform__seed102,102,DeepSeek-V3.2,Random,41,1.0,0.0,0,4,-8.0
deepseek_v32__vs__random_uniform__seed102,102,DeepSeek-V3.2,Random,42,1.0,0.25,0,3,-4.517109375000001
deepseek_v32__vs__random_uniform__seed102,102,DeepSeek-V3.2,Random,43,1.0,0.0,0,4,-8.0
deepseek_v32__vs__random_uniform__seed102,102,DeepSeek-V3.2,Random,44,1.0,1.0,0,0,5.984062499999995
deepseek_v32__vs__random_uniform__seed102,102,DeepSeek-V3.2,Random,45,1.0,1.0,0,0,6.862355649605732
deepseek_v32__vs__random_uniform__seed102,102,DeepSeek-V3.2,Random,46,1.0,0.0,0,4,-8.0
deepseek_v32__vs__random_uniform__seed102,102,DeepSeek-V3.2,Random,47,1.0,0.25,0,3,-4.474726562500001
deepseek_v32__vs__random_uniform__seed102,102,DeepSeek-V3.2,Random,48,1.0,0.0,0,4,-8.0
deepseek_v32__vs__random_uniform__seed102,102,DeepSeek-V3.2,Random,49,1.0,0.5,0,2,-0.9122656250000025
deepseek_v32__vs__random_uniform__seed102,102,DeepSeek-V3.2,Random,50,1.0,0.5,0,2,-0.45275018052203286
deepseek_v32__vs__random_uniform__seed103,103,DeepSeek-V3.2,Random,1,1.0,1.0,0,0,4.0
deepseek_v32__vs__random_uniform__seed103,103,DeepSeek-V3.2,Random,2,1.0,0.0,0,4,-8.0
deepseek_v32__vs__random_uniform__seed103,103,DeepSeek-V3.2,Random,3,1.0,0.0,0,4,-8.0
deepseek_v32__vs__random_uniform__seed103,103,DeepSeek-V3.2,Random,4,0.0,0.5,4,2,6.134166666666667
deepseek_v32__vs__random_uniform__seed103,103,DeepSeek-V3.2,Random,5,1.0,1.0,0,0,4.272708333333334
deepseek_v32__vs__random_uniform__seed103,103,DeepSeek-V3.2,Random,6,1.0,0.0,0,4,-8.0
deepseek_v32__vs__random_uniform__seed103,103,DeepSeek-V3.2,Random,7,1.0,0.75,0,1,1.2504687499999996
deepseek_v32__vs__random_uniform__seed103,103,DeepSeek-V3.2,Random,8,1.0,1.0,0,0,5.130285127161139
deepseek_v32__vs__random_uniform__seed103,103,DeepSeek-V3.2,Random,9,1.0,0.5,0,2,-1.0720983094832865
deepseek_v32__vs__random_uniform__seed103,103,DeepSeek-V3.2,Random,10,1.0,1.0,0,0,6.436195553611
deepseek_v32__vs__random_uniform__seed103,103,DeepSeek-V3.2,Random,11,1.0,0.75,0,1,3.17523828430212
deepseek_v32__vs__random_uniform__seed103,103,DeepSeek-V3.2,Random,12,1.0,0.25,0,3,-4.1842334843163815
deepseek_v32__vs__random_uniform__seed103,103,DeepSeek-V3.2,Random,13,0.5,0.75,2,1,7.666061629305904
deepseek_v32__vs__random_uniform__seed103,103,DeepSeek-V3.2,Random,14,1.0,0.75,0,1,3.8221444646137748
deepseek_v32__vs__random_uniform__seed103,103,DeepSeek-V3.2,Random,15,1.0,0.25,0,3,-4.01271594565746
deepseek_v32__vs__random_uniform__seed103,103,DeepSeek-V3.2,Random,16,1.0,0.75,0,1,4.071129965806303
deepseek_v32__vs__random_uniform__seed103,103,DeepSeek-V3.2,Random,17,1.0,1.0,0,0,8.223508095894697
deepseek_v32__vs__random_uniform__seed103,103,DeepSeek-V3.2,Random,18,1.0,0.0,0,4,-8.0
deepseek_v32__vs__random_uniform__seed103,103,DeepSeek-V3.2,Random,19,1.0,0.5,0,2,-1.4122395833333332
deepseek_v32__vs__random_uniform__seed103,103,DeepSeek-V3.2,Random,20,1.0,0.25,0,3,-4.487315988766326
deepseek_v32__vs__random_uniform__seed103,103,DeepSeek-V3.2,Random,21,1.0,0.5,0,2,-0.5791738047672208
deepseek_v32__vs__random_uniform__seed103,103,DeepSeek-V3.2,Random,22,1.0,0.25,0,3,-4.659088541666667
deepseek_v32__vs__random_uniform__seed103,103,DeepSeek-V3.2,Random,23,1.0,0.75,0,1,2.674726807430952
deepseek_v32__vs__random_uniform__seed103,103,DeepSeek-V3.2,Random,24,1.0,0.5,0,2,-0.4864454325929106
deepseek_v32__vs__random_uniform__seed103,103,DeepSeek-V3.2,Random,25,1.0,0.25,0,3,-4.082016623315578
deepseek_v32__vs__random_uniform__seed103,103,DeepSeek-V3.2,Random,26,1.0,0.0,0,4,-8.0
deepseek_v32__vs__random_uniform__seed103,103,DeepSeek-V3.2,Random,27,1.0,1.0,0,0,5.598802083333332
deepseek_v32__vs__random_uniform__seed103,103,DeepSeek-V3.2,Random,28,1.0,0.0,0,4,-8.0
deepseek_v32__vs__random_uniform__seed103,103,DeepSeek-V3.2,Random,29,1.0,0.0,0,4,-8.0
deepseek_v32__vs__random_uniform__seed103,103,DeepSeek-V3.2,Random,30,0.0,0.5,4,2,6.855182291666667
deepseek_v32__vs__random_uniform__seed103,103,DeepSeek-V3.2,Random,31,1.0,0.0,0,4,-8.0
deepseek_v32__vs__random_uniform__seed103,103,DeepSeek-V3.2,Random,32,1.0,0.5,0,2,-1.1486458333333331
deepseek_v32__vs__random_uniform__seed103,103,DeepSeek-V3.2,Random,33,1.0,0.5,0,2,-0.7355236685019442
deepseek_v32__vs__random_uniform__seed103,103,DeepSeek-V3.2,Random,34,1.0,0.25,0,3,-4.583072916666667
deepseek_v32__vs__random_uniform__seed103,103,DeepSeek-V3.2,Random,35,1.0,0.5,0,2,-0.7569969875168381
deepseek_v32__vs__random_uniform__seed103,103,DeepSeek-V3.2,Random,36,1.0,0.5,0,2,-0.4022578315399201
deepseek_v32__vs__random_uniform__seed103,103,DeepSeek-V3.2,Random,37,1.0,0.0,0,4,-8.0
deepseek_v32__vs__random_uniform__seed103,103,DeepSeek-V3.2,Random,38,0.0,0.25,4,3,3.402161458333333
deepseek_v32__vs__random_uniform__seed103,103,DeepSeek-V3.2,Random,39,0.0,0.0,4,4,0.0
deepseek_v32__vs__random_uniform__seed103,103,DeepSeek-V3.2,Random,40,0.0,1.0,4,0,13.584583333333331
deepseek_v32__vs__random_uniform__seed103,103,DeepSeek-V3.2,Random,41,1.0,0.0,0,4,-8.0
deepseek_v32__vs__random_uniform__seed103,103,DeepSeek-V3.2,Random,42,1.0,0.5,0,2,-1.2388802083333346
deepseek_v32__vs__random_uniform__seed103,103,DeepSeek-V3.2,Random,43,1.0,0.75,0,1,2.7443700042360106
deepseek_v32__vs__random_uniform__seed103,103,DeepSeek-V3.2,Random,44,1.0,0.0,0,4,-8.0
deepseek_v32__vs__random_uniform__seed103,103,DeepSeek-V3.2,Random,45,1.0,1.0,0,0,5.45333333333333
deepseek_v32__vs__random_uniform__seed103,103,DeepSeek-V3.2,Random,46,1.0,0.75,0,1,2.068671874999996
deepseek_v32__vs__random_uniform__seed103,103,DeepSeek-V3.2,Random,47,1.0,0.5,0,2,-0.8742297021386936
deepseek_v32__vs__random_uniform__seed103,103,DeepSeek-V3.2,Random,48,0.0,0.0,4,4,0.0
deepseek_v32__vs__random_uniform__seed103,103,DeepSeek-V3.2,Random,49,0.0,0.25,4,3,3.364973958333332
deepseek_v32__vs__random_uniform__seed103,103,DeepSeek-V3.2,Random,50,1.0,1.0,0,0,5.4478645833333275
deepseek_v32__vs__random_uniform__seed104,104,DeepSeek-V3.2,Random,1,1.0,0.75,0,1,1.0
deepseek_v32__vs__random_uniform__seed104,104,DeepSeek-V3.2,Random,2,1.0,0.75,0,1,1.6416031462549245
deepseek_v32__vs__random_uniform__seed104,104,DeepSeek-V3.2,Random,3,1.0,1.0,0,0,5.615732181895426
deepseek_v32__vs__random_uniform__seed104,104,DeepSeek-V3.2,Random,4,1.0,0.25,0,3,-4.4395658574455314
deepseek_v32__vs__random_uniform__seed104,104,DeepSeek-V3.2,Random,5,1.0,1.0,0,0,6.713573941598934
deepseek_v32__vs__random_uniform__seed104,104,DeepSeek-V3.2,Random,6,1.0,0.75,0,1,3.315628875149276
deepseek_v32__vs__random_uniform__seed104,104,DeepSeek-V3.2,Random,7,1.0,0.75,0,1,3.532846616675176
deepseek_v32__vs__random_uniform__seed104,104,DeepSeek-V3.2,Random,8,1.0,1.0,0,0,7.608055255609713
deepseek_v32__vs__random_uniform__seed104,104,DeepSeek-V3.2,Random,9,1.0,0.25,0,3,-4.048200986561909
deepseek_v32__vs__random_uniform__seed104,104,DeepSeek-V3.2,Random,10,1.0,0.0,0,4,-8.0
deepseek_v32__vs__random_uniform__seed104,104,DeepSeek-V3.2,Random,11,1.0,0.0,0,4,-8.0
deepseek_v32__vs__random_uniform__seed104,104,DeepSeek-V3.2,Random,12,1.0,0.75,0,1,1.7023437500000007
deepseek_v32__vs__random_uniform__seed104,104,DeepSeek-V3.2,Random,13,1.0,0.0,0,4,-8.0
deepseek_v32__vs__random_uniform__seed104,104,DeepSeek-V3.2,Random,14,1.0,0.0,0,4,-8.0
deepseek_v32__vs__random_uniform__seed104,104,DeepSeek-V3.2,Random,15,1.0,0.0,0,4,-8.0
deepseek_v32__vs__random_uniform__seed104,104,DeepSeek-V3.2,Random,16,1.0,0.75,0,1,1.7933984375000005
deepseek_v32__vs__random_uniform__seed104,104,DeepSeek-V3.2,Random,17,1.0,0.5,0,2,-1.0718837273568633
deepseek_v32__vs__random_uniform__seed104,104,DeepSeek-V3.2,Random,18,1.0,0.75,0,1,2.9275680468234526
deepseek_v32__vs__random_uniform__seed104,104,DeepSeek-V3.2,Random,19,1.0,0.75,0,1,1.8114453125
deepseek_v32__vs__random_uniform__seed104,104,DeepSeek-V3.2,Random,20,1.0,1.0,0,0,5.922393582251081
deepseek_v32__vs__random_uniform__seed104,104,DeepSeek-V3.2,Random,21,1.0,0.75,0,1,3.011755647876445
deepseek_v32__vs__random_uniform__seed104,104,DeepSeek-V3.2,Random,22,1.0,0.0,0,4,-8.0
deepseek_v32__vs__random_uniform__seed104,104,DeepSeek-V3.2,Random,23,1.0,0.5,0,2,-1.3682552083333333
deepseek_v32__vs__random_uniform__seed104,104,DeepSeek-V3.2,Random,24,0.75,0.25,1,3,-2.4668790268467466
deepseek_v32__vs__random_uniform__seed104,104,DeepSeek-V3.2,Random,25,1.0,1.0,0,0,5.354270833333333
deepseek_v32__vs__random_uniform__seed104,104,DeepSeek-V3.2,Random,26,1.0,0.0,0,4,-8.0
deepseek_v32__vs__random_uniform__seed104,104,DeepSeek-V3.2,Random,27,1.0,0.5,0,2,-1.2829427083333336
deepseek_v32__vs__random_uniform__seed104,104,DeepSeek-V3.2,Random,28,1.0,0.25,0,3,-4.425963648723773
deepseek_v32__vs__random_uniform__seed104,104,DeepSeek-V3.2,Random,29,1.0,1.0,0,0,7.050814132212121
deepseek_v32__vs__random_uniform__seed104,104,DeepSeek-V3.2,Random,30,1.0,0.25,0,3,-4.085366242675701
deepseek_v32__vs__random_uniform__seed104,104,DeepSeek-V3.2,Random,31,0.0,0.75,4,1,12.102354146425617
deepseek_v32__vs__random_uniform__seed104,104,DeepSeek-V3.2,Random,32,1.0,0.25,0,3,-4.604557291666667
deepseek_v32__vs__random_uniform__seed104,104,DeepSeek-V3.2,Random,33,1.0,0.75,0,1,2.8352792486369047
deepseek_v32__vs__random_uniform__seed104,104,DeepSeek-V3.2,Random,34,1.0,0.25,0,3,-4.191542335939909
deepseek_v32__vs__random_uniform__seed104,104,DeepSeek-V3.2,Random,35,1.0,0.75,0,1,3.910250611816874
deepseek_v32__vs__random_uniform__seed104,104,DeepSeek-V3.2,Random,36,1.0,0.0,0,4,-8.0
deepseek_v32__vs__random_uniform__seed104,104,DeepSeek-V3.2,Random,37,1.0,0.5,0,2,-1.097005208333333
deepseek_v32__vs__random_uniform__seed104,104,DeepSeek-V3.2,Random,38,1.0,0.0,0,4,-8.0
deepseek_v32__vs__random_uniform__seed104,104,DeepSeek-V3.2,Random,39,0.0,0.25,4,3,3.4714583333333335
deepseek_v32__vs__random_uniform__seed104,104,DeepSeek-V3.2,Random,40,1.0,0.25,0,3,-4.521979166666666
deepseek_v32__vs__random_uniform__seed104,104,DeepSeek-V3.2,Random,41,1.0,0.25,0,3,-4.299154994541224
deepseek_v32__vs__random_uniform__seed104,104,DeepSeek-V3.2,Random,42,1.0,0.25,0,3,-4.1039994319463995
deepseek_v32__vs__random_uniform__seed104,104,DeepSeek-V3.2,Random,43,1.0,0.0,0,4,-8.0
deepseek_v32__vs__random_uniform__seed104,104,DeepSeek-V3.2,Random,44,1.0,0.0,0,4,-8.0
deepseek_v32__vs__random_uniform__seed104,104,DeepSeek-V3.2,Random,45,1.0,0.0,0,4,-8.0
deepseek_v32__vs__random_uniform__seed104,104,DeepSeek-V3.2,Random,46,1.0,1.0,0,0,5.993020833333334
deepseek_v32__vs__random_uniform__seed104,104,DeepSeek-V3.2,Random,47,1.0,0.25,0,3,-4.283485275260086
deepseek_v32__vs__random_uniform__seed104,104,DeepSeek-V3.2,Random,48,1.0,0.5,0,2,-0.16590506336630284
deepseek_v32__vs__random_uniform__seed104,104,DeepSeek-V3.2,Random,49,1.0,0.0,0,4,-8.0
deepseek_v32__vs__random_uniform__seed104,104,DeepSeek-V3.2,Random,50,1.0,0.75,0,1,4.601345033999456
deepseek_v32__vs__random_uniform__seed105,105,DeepSeek-V3.2,Random,1,0.5,0.25,2,3,-1.0
deepseek_v32__vs__random_uniform__seed105,105,DeepSeek-V3.2,Random,2,0.5,0.25,2,3,-1.0153124999999998
deepseek_v32__vs__random_uniform__seed105,105,DeepSeek-V3.2,Random,3,0.5,0.0,2,4,-4.0
deepseek_v32__vs__random_uniform__seed105,105,DeepSeek-V3.2,Random,4,0.0,1.0,4,0,11.801666666666668
deepseek_v32__vs__random_uniform__seed105,105,DeepSeek-V3.2,Random,5,1.0,0.0,0,4,-8.0
deepseek_v32__vs__random_uniform__seed105,105,DeepSeek-V3.2,Random,6,1.0,1.0,0,0,3.687916666666668
deepseek_v32__vs__random_uniform__seed105,105,DeepSeek-V3.2,Random,7,1.0,0.25,0,3,-4.903751905852461
deepseek_v32__vs__random_uniform__seed105,105,DeepSeek-V3.2,Random,8,1.0,0.75,0,1,1.7546064292538759
deepseek_v32__vs__random_uniform__seed105,105,DeepSeek-V3.2,Random,9,1.0,0.5,0,2,-1.2422183828280655
deepseek_v32__vs__random_uniform__seed105,105,DeepSeek-V3.2,Random,10,1.0,0.5,0,2,-1.0454995354624979
deepseek_v32__vs__random_uniform__seed105,105,DeepSeek-V3.2,Random,11,0.5,0.5,2,2,3.1036508985895725
deepseek_v32__vs__random_uniform__seed105,105,DeepSeek-V3.2,Random,12,0.5,1.0,2,0,7.769635416666668
deepseek_v32__vs__random_uniform__seed105,105,DeepSeek-V3.2,Random,13,1.0,0.25,0,3,-4.861758716350362
deepseek_v32__vs__random_uniform__seed105,105,DeepSeek-V3.2,Random,14,1.0,0.5,0,2,-1.3663772600239366
deepseek_v32__vs__random_uniform__seed105,105,DeepSeek-V3.2,Random,15,1.0,0.5,0,2,-1.0780870341820075
deepseek_v32__vs__random_uniform__seed105,105,DeepSeek-V3.2,Random,16,1.0,0.5,0,2,-0.8541057703656829
deepseek_v32__vs__random_uniform__seed105,105,DeepSeek-V3.2,Random,17,1.0,0.5,0,2,-0.6915280562301929
deepseek_v32__vs__random_uniform__seed105,105,DeepSeek-V3.2,Random,18,1.0,0.75,0,1,3.14057846189883
deepseek_v32__vs__random_uniform__seed105,105,DeepSeek-V3.2,Random,19,1.0,0.0,0,4,-8.0
deepseek_v32__vs__random_uniform__seed105,105,DeepSeek-V3.2,Random,20,1.0,0.5,0,2,-1.8844010416666679
deepseek_v32__vs__random_uniform__seed105,105,DeepSeek-V3.2,Random,21,1.0,0.0,0,4,-8.0
deepseek_v32__vs__random_uniform__seed105,105,DeepSeek-V3.2,Random,22,1.0,0.5,0,2,-1.8280729166666685
deepseek_v32__vs__random_uniform__seed105,105,DeepSeek-V3.2,Random,23,0.5,1.0,2,0,9.156539506909073
deepseek_v32__vs__random_uniform__seed105,105,DeepSeek-V3.2,Random,24,0.5,0.0,2,4,-4.0
deepseek_v32__vs__random_uniform__seed105,105,DeepSeek-V3.2,Random,25,0.5,0.0,2,4,-4.0
deepseek_v32__vs__random_uniform__seed105,105,DeepSeek-V3.2,Random,26,1.0,0.25,0,3,-4.876848958333335
deepseek_v32__vs__random_uniform__seed105,105,DeepSeek-V3.2,Random,27,1.0,0.5,0,2,-1.3718192888351703
deepseek_v32__vs__random_uniform__seed105,105,DeepSeek-V3.2,Random,28,1.0,0.5,0,2,-1.0271866354915984
deepseek_v32__vs__random_uniform__seed105,105,DeepSeek-V3.2,Random,29,1.0,0.75,0,1,2.8733623593526527
deepseek_v32__vs__random_uniform__seed105,105,DeepSeek-V3.2,Random,30,1.0,0.25,0,3,-4.268860079337516
deepseek_v32__vs__random_uniform__seed105,105,DeepSeek-V3.2,Random,31,1.0,0.25,0,3,-4.863177083333335
deepseek_v32__vs__random_uniform__seed105,105,DeepSeek-V3.2,Random,32,1.0,0.5,0,2,-1.3398994902995183
deepseek_v32__vs__random_uniform__seed105,105,DeepSeek-V3.2,Random,33,1.0,0.25,0,3,-4.492241389942505
deepseek_v32__vs__random_uniform__seed105,105,DeepSeek-V3.2,Random,34,1.0,0.75,0,1,2.96841912497778
deepseek_v32__vs__random_uniform__seed105,105,DeepSeek-V3.2,Random,35,1.0,0.75,0,1,3.3203646061843166
deepseek_v32__vs__random_uniform__seed105,105,DeepSeek-V3.2,Random,36,1.0,0.75,0,1,3.5851252665422173
deepseek_v32__vs__random_uniform__seed105,105,DeepSeek-V3.2,Random,37,1.0,0.75,0,1,3.785385108796415
deepseek_v32__vs__random_uniform__seed105,105,DeepSeek-V3.2,Random,38,1.0,1.0,0,0,7.916376500147191
deepseek_v32__vs__random_uniform__seed105,105,DeepSeek-V3.2,Random,39,1.0,0.0,0,4,-8.0
deepseek_v32__vs__random_uniform__seed105,105,DeepSeek-V3.2,Random,40,0.0,0.5,4,2,6.536692708333329
deepseek_v32__vs__random_uniform__seed105,105,DeepSeek-V3.2,Random,41,1.0,0.75,0,1,1.8575390624999937
deepseek_v32__vs__random_uniform__seed105,105,DeepSeek-V3.2,Random,42,1.0,0.25,0,3,-4.491489053336791
deepseek_v32__vs__random_uniform__seed105,105,DeepSeek-V3.2,Random,43,1.0,0.75,0,1,1.9584374999999934
deepseek_v32__vs__random_uniform__seed105,105,DeepSeek-V3.2,Random,44,1.0,0.5,0,2,-0.9261028292827831
deepseek_v32__vs__random_uniform__seed105,105,DeepSeek-V3.2,Random,45,1.0,0.25,0,3,-4.2686562030880015
deepseek_v32__vs__random_uniform__seed105,105,DeepSeek-V3.2,Random,46,1.0,0.5,0,2,-0.22637841418084914
deepseek_v32__vs__random_uniform__seed105,105,DeepSeek-V3.2,Random,47,1.0,0.25,0,3,-3.9993464101195526
deepseek_v32__vs__random_uniform__seed105,105,DeepSeek-V3.2,Random,48,1.0,0.0,0,4,-8.0
deepseek_v32__vs__random_uniform__seed105,105,DeepSeek-V3.2,Random,49,1.0,0.0,0,4,-8.0
deepseek_v32__vs__random_uniform__seed105,105,DeepSeek-V3.2,Random,50,1.0,0.75,0,1,2.7927886077290474
deepseek_v32__vs__wsls__seed101,101,DeepSeek-V3.2,WSLS,1,1.0,1.0,0,0,4.0
deepseek_v32__vs__wsls__seed101,101,DeepSeek-V3.2,WSLS,2,1.0,1.0,0,0,4.901899659543274
deepseek_v32__vs__wsls__seed101,101,DeepSeek-V3.2,WSLS,3,1.0,1.0,0,0,5.737743197914256
deepseek_v32__vs__wsls__seed101,101,DeepSeek-V3.2,WSLS,4,1.0,1.0,0,0,6.452973827162612
deepseek_v32__vs__wsls__seed101,101,DeepSeek-V3.2,WSLS,5,1.0,1.0,0,0,7.03473354743033
deepseek_v32__vs__wsls__seed101,101,DeepSeek-V3.2,WSLS,6,1.0,1.0,0,0,7.499356761489178
deepseek_v32__vs__wsls__seed101,101,DeepSeek-V3.2,WSLS,7,1.0,1.0,0,0,7.874286035858203
deepseek_v32__vs__wsls__seed101,101,DeepSeek-V3.2,WSLS,8,1.0,1.0,0,0,8.186093248290184
deepseek_v32__vs__wsls__seed101,101,DeepSeek-V3.2,WSLS,9,1.0,1.0,0,0,8.455751427951338
deepseek_v32__vs__wsls__seed101,101,DeepSeek-V3.2,WSLS,10,1.0,1.0,0,0,8.698166348627016
deepseek_v32__vs__wsls__seed101,101,DeepSeek-V3.2,WSLS,11,1.0,1.0,0,0,8.923322274351424
deepseek_v32__vs__wsls__seed101,101,DeepSeek-V3.2,WSLS,12,1.0,1.0,0,0,9.137678416908237
deepseek_v32__vs__wsls__seed101,101,DeepSeek-V3.2,WSLS,13,1.0,1.0,0,0,9.345327632177181
deepseek_v32__vs__wsls__seed101,101,DeepSeek-V3.2,WSLS,14,1.0,1.0,0,0,9.548831071124255
deepseek_v32__vs__wsls__seed101,101,DeepSeek-V3.2,WSLS,15,1.0,1.0,0,0,9.749779258891781
deepseek_v32__vs__wsls__seed101,101,DeepSeek-V3.2,WSLS,16,1.0,1.0,0,0,9.949155358413602
deepseek_v32__vs__wsls__seed101,101,DeepSeek-V3.2,WSLS,17,1.0,1.0,0,0,10.147565358052827
deepseek_v32__vs__wsls__seed101,101,DeepSeek-V3.2,WSLS,18,1.0,0.0,0,4,-8.0
deepseek_v32__vs__wsls__seed101,101,DeepSeek-V3.2,WSLS,19,1.0,0.0,0,4,-8.0
deepseek_v32__vs__wsls__seed101,101,DeepSeek-V3.2,WSLS,20,0.0,0.0,4,4,0.0
deepseek_v32__vs__wsls__seed101,101,DeepSeek-V3.2,WSLS,21,0.0,0.0,4,4,0.0
deepseek_v32__vs__wsls__seed101,101,DeepSeek-V3.2,WSLS,22,0.0,0.0,4,4,0.0
deepseek_v32__vs__wsls__seed101,101,DeepSeek-V3.2,WSLS,23,1.0,0.0,0,4,-8.0
deepseek_v32__vs__wsls__seed101,101,DeepSeek-V3.2,WSLS,24,0.0,0.0,4,4,0.0
deepseek_v32__vs__wsls__seed101,101,DeepSeek-V3.2,WSLS,25,0.0,0.0,4,4,0.0
deepseek_v32__vs__wsls__seed101,101,DeepSeek-V3.2,WSLS,26,0.0,0.0,4,4,0.0
deepseek_v32__vs__wsls__seed101,101,DeepSeek-V3.2,WSLS,27,1.0,0.0,0,4,-8.0
deepseek_v32__vs__wsls__seed101,101,DeepSeek-V3.2,WSLS,28,0.0,0.0,4,4,0.0
deepseek_v32__vs__wsls__seed101,101,DeepSeek-V3.2,WSLS,29,0.0,0.0,4,4,0.0
deepseek_v32__vs__wsls__seed101,101,DeepSeek-V3.2,WSLS,30,0.0,0.0,4,4,0.0
deepseek_v32__vs__wsls__seed101,101,DeepSeek-V3.2,WSLS,31,0.0,0.0,4,4,0.0
deepseek_v32__vs__wsls__seed101,101,DeepSeek-V3.2,WSLS,32,0.0,0.0,4,4,0.0
deepseek_v32__vs__wsls__seed101,101,DeepSeek-V3.2,WSLS,33,0.0,0.0,4,4,0.0
deepseek_v32__vs__wsls__seed101,101,DeepSeek-V3.2,WSLS,34,0.0,0.0,4,4,0.0
deepseek_v32__vs__wsls__seed101,101,DeepSeek-V3.2,WSLS,35,0.0,0.0,4,4,0.0
deepseek_v32__vs__wsls__seed101,101,DeepSeek-V3.2,WSLS,36,0.0,0.0,4,4,0.0
deepseek_v32__vs__wsls__seed101,101,DeepSeek-V3.2,WSLS,37,0.0,0.0,4,4,0.0
deepseek_v32__vs__wsls__seed101,101,DeepSeek-V3.2,WSLS,38,0.0,0.0,4,4,0.0
deepseek_v32__vs__wsls__seed101,101,DeepSeek-V3.2,WSLS,39,0.0,0.0,4,4,0.0
deepseek_v32__vs__wsls__seed101,101,DeepSeek-V3.2,WSLS,40,0.0,0.0,4,4,0.0
deepseek_v32__vs__wsls__seed101,101,DeepSeek-V3.2,WSLS,41,0.0,0.0,4,4,0.0
deepseek_v32__vs__wsls__seed101,101,DeepSeek-V3.2,WSLS,42,0.0,0.0,4,4,0.0
deepseek_v32__vs__wsls__seed101,101,DeepSeek-V3.2,WSLS,43,0.0,0.0,4,4,0.0
deepseek_v32__vs__wsls__seed101,101,DeepSeek-V3.2,WSLS,44,0.0,0.0,4,4,0.0
deepseek_v32__vs__wsls__seed101,101,DeepSeek-V3.2,WSLS,45,0.0,0.0,4,4,0.0
deepseek_v32__vs__wsls__seed101,101,DeepSeek-V3.2,WSLS,46,0.0,0.0,4,4,0.0
deepseek_v32__vs__wsls__seed101,101,DeepSeek-V3.2,WSLS,47,0.0,0.0,4,4,0.0
deepseek_v32__vs__wsls__seed101,101,DeepSeek-V3.2,WSLS,48,0.0,0.0,4,4,0.0
deepseek_v32__vs__wsls__seed101,101,DeepSeek-V3.2,WSLS,49,0.0,0.0,4,4,0.0
deepseek_v32__vs__wsls__seed101,101,DeepSeek-V3.2,WSLS,50,0.0,0.0,4,4,0.0
deepseek_v32__vs__wsls__seed102,102,DeepSeek-V3.2,WSLS,1,0.5,1.0,2,0,8.0
deepseek_v32__vs__wsls__seed102,102,DeepSeek-V3.2,WSLS,2,1.0,1.0,0,0,4.809042063803192
deepseek_v32__vs__wsls__seed102,102,DeepSeek-V3.2,WSLS,3,1.0,1.0,0,0,5.591329978691661
deepseek_v32__vs__wsls__seed102,102,DeepSeek-V3.2,WSLS,4,1.0,1.0,0,0,6.267085041051246
deepseek_v32__vs__wsls__seed102,102,DeepSeek-V3.2,WSLS,5,1.0,0.5,0,2,-0.6041530771399577
deepseek_v32__vs__wsls__seed102,102,DeepSeek-V3.2,WSLS,6,1.0,0.5,0,2,-0.40587071937071606
deepseek_v32__vs__wsls__seed102,102,DeepSeek-V3.2,WSLS,7,1.0,0.5,0,2,-0.2559971945581667
deepseek_v32__vs__wsls__seed102,102,DeepSeek-V3.2,WSLS,8,1.0,0.5,0,2,-0.14012453407775105
deepseek_v32__vs__wsls__seed102,102,DeepSeek-V3.2,WSLS,9,1.0,0.5,0,2,-0.04708487620197044
deepseek_v32__vs__wsls__seed102,102,DeepSeek-V3.2,WSLS,10,1.0,0.5,0,2,0.03251182607933423
deepseek_v32__vs__wsls__seed102,102,DeepSeek-V3.2,WSLS,11,1.0,0.5,0,2,0.096820177002364
deepseek_v32__vs__wsls__seed102,102,DeepSeek-V3.2,WSLS,12,1.0,0.5,0,2,0.14901600583710817
deepseek_v32__vs__wsls__seed102,102,DeepSeek-V3.2,WSLS,13,1.0,0.5,0,2,0.1979384951620311
deepseek_v32__vs__wsls__seed102,102,DeepSeek-V3.2,WSLS,14,1.0,0.5,0,2,0.24485090333263315
deepseek_v32__vs__wsls__seed102,102,DeepSeek-V3.2,WSLS,15,1.0,0.5,0,2,0.29053234633845193
deepseek_v32__vs__wsls__seed102,102,DeepSeek-V3.2,WSLS,16,1.0,0.5,0,2,0.33546121393169237
deepseek_v32__vs__wsls__seed102,102,DeepSeek-V3.2,WSLS,17,1.0,0.5,0,2,0.37993045238684076
deepseek_v32__vs__wsls__seed102,102,DeepSeek-V3.2,WSLS,18,1.0,0.5,0,2,0.42411915447668846
deepseek_v32__vs__wsls__seed102,102,DeepSeek-V3.2,WSLS,19,1.0,0.5,0,2,0.46813669801404956
deepseek_v32__vs__wsls__seed102,102,DeepSeek-V3.2,WSLS,20,1.0,0.5,0,2,0.5120498419426891
deepseek_v32__vs__wsls__seed102,102,DeepSeek-V3.2,WSLS,21,1.0,0.5,0,2,0.5558993168410762
deepseek_v32__vs__wsls__seed102,102,DeepSeek-V3.2,WSLS,22,1.0,0.5,0,2,0.5997099668737924
deepseek_v32__vs__wsls__seed102,102,DeepSeek-V3.2,WSLS,23,1.0,0.5,0,2,0.6434969436387608
deepseek_v32__vs__wsls__seed102,102,DeepSeek-V3.2,WSLS,24,1.0,0.5,0,2,0.6872694865727507
deepseek_v32__vs__wsls__seed102,102,DeepSeek-V3.2,WSLS,25,1.0,0.5,0,2,0.7310332294502189
deepseek_v32__vs__wsls__seed102,102,DeepSeek-V3.2,WSLS,26,1.0,0.5,0,2,0.7747916072872592
deepseek_v32__vs__wsls__seed102,102,DeepSeek-V3.2,WSLS,27,1.0,0.5,0,2,0.8185467143826308
deepseek_v32__vs__wsls__seed102,102,DeepSeek-V3.2,WSLS,28,1.0,0.5,0,2,0.8622998275638114
deepseek_v32__vs__wsls__seed102,102,DeepSeek-V3.2,WSLS,29,1.0,0.5,0,2,0.9060517252463676
deepseek_v32__vs__wsls__seed102,102,DeepSeek-V3.2,WSLS,30,1.0,0.5,0,2,0.9498028819756836
deepseek_v32__vs__wsls__seed102,102,DeepSeek-V3.2,WSLS,31,1.0,0.5,0,2,0.9935535870406405
deepseek_v32__vs__wsls__seed102,102,DeepSeek-V3.2,WSLS,32,1.0,0.5,0,2,1.037304016790646
deepseek_v32__vs__wsls__seed102,102,DeepSeek-V3.2,WSLS,33,1.0,0.5,0,2,1.0810542787248192
deepseek_v32__vs__wsls__seed102,102,DeepSeek-V3.2,WSLS,34,1.0,0.5,0,2,1.1248044383708304
deepseek_v32__vs__wsls__seed102,102,DeepSeek-V3.2,WSLS,35,1.0,0.5,0,2,1.1685545356710296
deepseek_v32__vs__wsls__seed102,102,DeepSeek-V3.2,WSLS,36,1.0,0.5,0,2,1.2123045949716502
deepseek_v32__vs__wsls__seed102,102,DeepSeek-V3.2,WSLS,37,1.0,0.5,0,2,1.256054631112196
deepseek_v32__vs__wsls__seed102,102,DeepSeek-V3.2,WSLS,38,1.0,0.5,0,2,1.2998046531374143
deepseek_v32__vs__wsls__seed102,102,DeepSeek-V3.2,WSLS,39,1.0,0.5,0,2,1.3435546665599905
deepseek_v32__vs__wsls__seed102,102,DeepSeek-V3.2,WSLS,40,1.0,0.5,0,2,1.374999987256496
deepseek_v32__vs__wsls__seed102,102,DeepSeek-V3.2,WSLS,41,1.0,0.5,0,2,1.3749999922706753
deepseek_v32__vs__wsls__seed102,102,DeepSeek-V3.2,WSLS,42,1.0,0.5,0,2,1.374999995311926
deepseek_v32__vs__wsls__seed102,102,DeepSeek-V3.2,WSLS,43,1.0,0.5,0,2,1.3749999971565394
deepseek_v32__vs__wsls__seed102,102,DeepSeek-V3.2,WSLS,44,1.0,0.5,0,2,1.3749999982753547
deepseek_v32__vs__wsls__seed102,102,DeepSeek-V3.2,WSLS,45,1.0,0.5,0,2,1.3749999989539496
deepseek_v32__vs__wsls__seed102,102,DeepSeek-V3.2,WSLS,46,1.0,0.5,0,2,1.3749999993655369
deepseek_v32__vs__wsls__seed102,102,DeepSeek-V3.2,WSLS,47,1.0,0.5,0,2,1.374999999615179
deepseek_v32__vs__wsls__seed102,102,DeepSeek-V3.2,WSLS,48,1.0,0.5,0,2,1.3749999997665956
deepseek_v32__vs__wsls__seed102,102,DeepSeek-V3.2,WSLS,49,1.0,0.5,0,2,1.3749999998584332
deepseek_v32__vs__wsls__seed102,102,DeepSeek-V3.2,WSLS,50,1.0,0.5,0,2,1.3749999999141345
deepseek_v32__vs__wsls__seed103,103,DeepSeek-V3.2,WSLS,1,1.0,1.0,0,0,4.0
deepseek_v32__vs__wsls__seed103,103,DeepSeek-V3.2,WSLS,2,1.0,1.0,0,0,4.901899659543274
deepseek_v32__vs__wsls__seed103,103,DeepSeek-V3.2,WSLS,3,1.0,1.0,0,0,5.737743197914256
deepseek_v32__vs__wsls__seed103,103,DeepSeek-V3.2,WSLS,4,1.0,1.0,0,0,6.452973827162612
deepseek_v32__vs__wsls__seed103,103,DeepSeek-V3.2,WSLS,5,1.0,1.0,0,0,7.03473354743033
deepseek_v32__vs__wsls__seed103,103,DeepSeek-V3.2,WSLS,6,1.0,1.0,0,0,7.499356761489178
deepseek_v32__vs__wsls__seed103,103,DeepSeek-V3.2,WSLS,7,1.0,1.0,0,0,7.874286035858203
deepseek_v32__vs__wsls__seed103,103,DeepSeek-V3.2,WSLS,8,1.0,1.0,0,0,8.186093248290184
deepseek_v32__vs__wsls__seed103,103,DeepSeek-V3.2,WSLS,9,1.0,1.0,0,0,8.448964671494203
deepseek_v32__vs__wsls__seed103,103,DeepSeek-V3.2,WSLS,10,1.0,1.0,0,0,8.684554558469525
deepseek_v32__vs__wsls__seed103,103,DeepSeek-V3.2,WSLS,11,1.0,1.0,0,0,8.90286936414416
deepseek_v32__vs__wsls__seed103,103,DeepSeek-V3.2,WSLS,12,1.0,1.0,0,0,9.110379184039502
deepseek_v32__vs__wsls__seed103,103,DeepSeek-V3.2,WSLS,13,1.0,1.0,0,0,9.3111817500719
deepseek_v32__vs__wsls__seed103,103,DeepSeek-V3.2,WSLS,14,1.0,1.0,0,0,9.50784007489565
deepseek_v32__vs__wsls__seed103,103,DeepSeek-V3.2,WSLS,15,1.0,1.0,0,0,9.701945134481047
deepseek_v32__vs__wsls__seed103,103,DeepSeek-V3.2,WSLS,16,1.0,1.0,0,0,9.894479950446282
deepseek_v32__vs__wsls__seed103,103,DeepSeek-V3.2,WSLS,17,1.0,1.0,0,0,10.092885193836924
deepseek_v32__vs__wsls__seed103,103,DeepSeek-V3.2,WSLS,18,1.0,1.0,0,0,10.290699050229954
deepseek_v32__vs__wsls__seed103,103,DeepSeek-V3.2,WSLS,19,1.0,1.0,0,0,10.488149919988981
deepseek_v32__vs__wsls__seed103,103,DeepSeek-V3.2,WSLS,20,1.0,1.0,0,0,10.68537807122826
deepseek_v32__vs__wsls__seed103,103,DeepSeek-V3.2,WSLS,21,1.0,1.0,0,0,10.749659515984732
deepseek_v32__vs__wsls__seed103,103,DeepSeek-V3.2,WSLS,22,1.0,1.0,0,0,10.74979348231664
deepseek_v32__vs__wsls__seed103,103,DeepSeek-V3.2,WSLS,23,1.0,1.0,0,0,10.74987473933614
deepseek_v32__vs__wsls__seed103,103,DeepSeek-V3.2,WSLS,24,1.0,1.0,0,0,10.749924025067646
deepseek_v32__vs__wsls__seed103,103,DeepSeek-V3.2,WSLS,25,1.0,1.0,0,0,10.749953918690487
deepseek_v32__vs__wsls__seed103,103,DeepSeek-V3.2,WSLS,26,1.0,1.0,0,0,10.749972050205368
deepseek_v32__vs__wsls__seed103,103,DeepSeek-V3.2,WSLS,27,1.0,1.0,0,0,10.749983047567767
deepseek_v32__vs__wsls__seed103,103,DeepSeek-V3.2,WSLS,28,1.0,1.0,0,0,10.749989717820949
deepseek_v32__vs__wsls__seed103,103,DeepSeek-V3.2,WSLS,29,1.0,1.0,0,0,10.749993763539791
deepseek_v32__vs__wsls__seed103,103,DeepSeek-V3.2,WSLS,30,1.0,1.0,0,0,7.0
deepseek_v32__vs__wsls__seed103,103,DeepSeek-V3.2,WSLS,31,1.0,1.0,0,0,7.9184449840139095
deepseek_v32__vs__wsls__seed103,103,DeepSeek-V3.2,WSLS,32,1.0,1.0,0,0,8.732939339725036
deepseek_v32__vs__wsls__seed103,103,DeepSeek-V3.2,WSLS,33,1.0,1.0,0,0,9.381808571452328
deepseek_v32__vs__wsls__seed103,103,DeepSeek-V3.2,WSLS,34,1.0,1.0,0,0,9.855978084834117
deepseek_v32__vs__wsls__seed103,103,DeepSeek-V3.2,WSLS,35,1.0,1.0,0,0,10.181063649840674
deepseek_v32__vs__wsls__seed103,103,DeepSeek-V3.2,WSLS,36,1.0,1.0,0,0,10.39430595116825
deepseek_v32__vs__wsls__seed103,103,DeepSeek-V3.2,WSLS,37,1.0,1.0,0,0,10.53015826936483
deepseek_v32__vs__wsls__seed103,103,DeepSeek-V3.2,WSLS,38,1.0,1.0,0,0,10.61510342528431
deepseek_v32__vs__wsls__seed103,103,DeepSeek-V3.2,WSLS,39,1.0,1.0,0,0,10.667597930270553
deepseek_v32__vs__wsls__seed103,103,DeepSeek-V3.2,WSLS,40,1.0,1.0,0,0,10.699803618067861
deepseek_v32__vs__wsls__seed103,103,DeepSeek-V3.2,WSLS,41,1.0,1.0,0,0,10.719473967130781
deepseek_v32__vs__wsls__seed103,103,DeepSeek-V3.2,WSLS,42,1.0,1.0,0,0,10.73145532632524
deepseek_v32__vs__wsls__seed103,103,DeepSeek-V3.2,WSLS,43,1.0,1.0,0,0,10.738741133074473
deepseek_v32__vs__wsls__seed103,103,DeepSeek-V3.2,WSLS,44,1.0,1.0,0,0,10.743167116041995
deepseek_v32__vs__wsls__seed103,103,DeepSeek-V3.2,WSLS,45,1.0,1.0,0,0,10.745854160223072
deepseek_v32__vs__wsls__seed103,103,DeepSeek-V3.2,WSLS,46,1.0,1.0,0,0,7.0
deepseek_v32__vs__wsls__seed103,103,DeepSeek-V3.2,WSLS,47,1.0,1.0,0,0,7.9184449840139095
deepseek_v32__vs__wsls__seed103,103,DeepSeek-V3.2,WSLS,48,1.0,0.0,0,4,-8.0
deepseek_v32__vs__wsls__seed103,103,DeepSeek-V3.2,WSLS,49,1.0,0.0,0,4,-8.0
deepseek_v32__vs__wsls__seed103,103,DeepSeek-V3.2,WSLS,50,1.0,0.0,0,4,-8.0
deepseek_v32__vs__wsls__seed104,104,DeepSeek-V3.2,WSLS,1,1.0,1.0,0,0,4.0
deepseek_v32__vs__wsls__seed104,104,DeepSeek-V3.2,WSLS,2,1.0,1.0,0,0,4.901899659543274
deepseek_v32__vs__wsls__seed104,104,DeepSeek-V3.2,WSLS,3,1.0,0.5,0,2,-1.1555306042466382
deepseek_v32__vs__wsls__seed104,104,DeepSeek-V3.2,WSLS,4,1.0,0.75,0,1,2.7636849578718543
deepseek_v32__vs__wsls__seed104,104,DeepSeek-V3.2,WSLS,5,1.0,0.75,0,1,3.1588703043910193
deepseek_v32__vs__wsls__seed104,104,DeepSeek-V3.2,WSLS,6,1.0,0.75,0,1,3.465433264180774
deepseek_v32__vs__wsls__seed104,104,DeepSeek-V3.2,WSLS,7,1.0,0.75,0,1,3.704526805552746
deepseek_v32__vs__wsls__seed104,104,DeepSeek-V3.2,WSLS,8,1.0,0.75,0,1,3.8963616089322173
deepseek_v32__vs__wsls__seed104,104,DeepSeek-V3.2,WSLS,9,1.0,0.75,0,1,4.056769799763831
deepseek_v32__vs__wsls__seed104,104,DeepSeek-V3.2,WSLS,10,1.0,0.75,0,1,4.191837376381461
deepseek_v32__vs__wsls__seed104,104,DeepSeek-V3.2,WSLS,11,1.0,0.75,0,1,1.8654296874999972
deepseek_v32__vs__wsls__seed104,104,DeepSeek-V3.2,WSLS,12,1.0,0.75,0,1,2.5426120049203966
deepseek_v32__vs__wsls__seed104,104,DeepSeek-V3.2,WSLS,13,1.0,0.75,0,1,3.1589096482677217
deepseek_v32__vs__wsls__seed104,104,DeepSeek-V3.2,WSLS,14,1.0,0.75,0,1,3.671477069591841
deepseek_v32__vs__wsls__seed104,104,DeepSeek-V3.2,WSLS,15,1.0,0.75,0,1,4.071896683806948
deepseek_v32__vs__wsls__seed104,104,DeepSeek-V3.2,WSLS,16,1.0,0.75,0,1,4.375196644471629
deepseek_v32__vs__wsls__seed104,104,DeepSeek-V3.2,WSLS,17,1.0,0.75,0,1,4.604841858553282
deepseek_v32__vs__wsls__seed104,104,DeepSeek-V3.2,WSLS,18,1.0,0.75,0,1,4.783058635493617
deepseek_v32__vs__wsls__seed104,104,DeepSeek-V3.2,WSLS,19,1.0,0.75,0,1,2.4166796874999967
deepseek_v32__vs__wsls__seed104,104,DeepSeek-V3.2,WSLS,20,1.0,0.75,0,1,3.1276148580829073
deepseek_v32__vs__wsls__seed104,104,DeepSeek-V3.2,WSLS,21,1.0,0.75,0,1,3.773845169002616
deepseek_v32__vs__wsls__seed104,104,DeepSeek-V3.2,WSLS,22,1.0,0.75,0,1,4.3102585345927125
deepseek_v32__vs__wsls__seed104,104,DeepSeek-V3.2,WSLS,23,1.0,0.0,0,4,-8.0
deepseek_v32__vs__wsls__seed104,104,DeepSeek-V3.2,WSLS,24,1.0,0.0,0,4,-8.0
deepseek_v32__vs__wsls__seed104,104,DeepSeek-V3.2,WSLS,25,0.75,0.0,1,4,-6.0
deepseek_v32__vs__wsls__seed104,104,DeepSeek-V3.2,WSLS,26,1.0,0.0,0,4,-8.0
deepseek_v32__vs__wsls__seed104,104,DeepSeek-V3.2,WSLS,27,0.0,0.0,4,4,0.0
deepseek_v32__vs__wsls__seed104,104,DeepSeek-V3.2,WSLS,28,1.0,0.0,0,4,-8.0
deepseek_v32__vs__wsls__seed104,104,DeepSeek-V3.2,WSLS,29,0.0,0.0,4,4,0.0
deepseek_v32__vs__wsls__seed104,104,DeepSeek-V3.2,WSLS,30,1.0,0.75,0,1,2.575820312499996
deepseek_v32__vs__wsls__seed104,104,DeepSeek-V3.2,WSLS,31,1.0,0.5,0,2,-0.5357416567147304
deepseek_v32__vs__wsls__seed104,104,DeepSeek-V3.2,WSLS,32,1.0,0.25,0,3,-4.083315659707019
deepseek_v32__vs__wsls__seed104,104,DeepSeek-V3.2,WSLS,33,0.0,0.0,4,4,0.0
deepseek_v32__vs__wsls__seed104,104,DeepSeek-V3.2,WSLS,34,1.0,0.75,0,1,2.515117187499996
deepseek_v32__vs__wsls__seed104,104,DeepSeek-V3.2,WSLS,35,1.0,0.5,0,2,-0.5554738958094978
deepseek_v32__vs__wsls__seed104,104,DeepSeek-V3.2,WSLS,36,1.0,0.5,0,2,-0.15076988733158903
deepseek_v32__vs__wsls__seed104,104,DeepSeek-V3.2,WSLS,37,1.0,0.5,0,2,0.18465911108261146
deepseek_v32__vs__wsls__seed104,104,DeepSeek-V3.2,WSLS,38,1.0,0.5,0,2,0.44634263355582604
deepseek_v32__vs__wsls__seed104,104,DeepSeek-V3.2,WSLS,39,1.0,0.5,0,2,0.6359105406344749
deepseek_v32__vs__wsls__seed104,104,DeepSeek-V3.2,WSLS,40,1.0,0.5,0,2,0.7734133129694492
deepseek_v32__vs__wsls__seed104,104,DeepSeek-V3.2,WSLS,41,1.0,0.75,0,1,5.322170427642952
deepseek_v32__vs__wsls__seed104,104,DeepSeek-V3.2,WSLS,42,1.0,0.75,0,1,5.463664413327894
deepseek_v32__vs__wsls__seed104,104,DeepSeek-V3.2,WSLS,43,1.0,0.75,0,1,5.582281740968954
deepseek_v32__vs__wsls__seed104,104,DeepSeek-V3.2,WSLS,44,1.0,0.75,0,1,5.69161636938829
deepseek_v32__vs__wsls__seed104,104,DeepSeek-V3.2,WSLS,45,1.0,0.75,0,1,5.797129789117587
deepseek_v32__vs__wsls__seed104,104,DeepSeek-V3.2,WSLS,46,1.0,0.75,0,1,5.90225200000701
deepseek_v32__vs__wsls__seed104,104,DeepSeek-V3.2,WSLS,47,1.0,0.75,0,1,6.009112150369491
deepseek_v32__vs__wsls__seed104,104,DeepSeek-V3.2,WSLS,48,1.0,0.75,0,1,6.057375337031496
deepseek_v32__vs__wsls__seed104,104,DeepSeek-V3.2,WSLS,49,1.0,0.75,0,1,6.059390620167303
deepseek_v32__vs__wsls__seed104,104,DeepSeek-V3.2,WSLS,50,1.0,0.25,0,3,-3.3131287814946244
deepseek_v32__vs__wsls__seed105,105,DeepSeek-V3.2,WSLS,1,0.5,1.0,2,0,8.0
deepseek_v32__vs__wsls__seed105,105,DeepSeek-V3.2,WSLS,2,1.0,1.0,0,0,4.809042063803192
deepseek_v32__vs__wsls__seed105,105,DeepSeek-V3.2,WSLS,3,1.0,1.0,0,0,5.591329978691661
deepseek_v32__vs__wsls__seed105,105,DeepSeek-V3.2,WSLS,4,1.0,1.0,0,0,6.267085041051246
deepseek_v32__vs__wsls__seed105,105,DeepSeek-V3.2,WSLS,5,1.0,1.0,0,0,6.817733813760466
deepseek_v32__vs__wsls__seed105,105,DeepSeek-V3.2,WSLS,6,1.0,1.0,0,0,7.257195094264214
deepseek_v32__vs__wsls__seed105,105,DeepSeek-V3.2,WSLS,7,1.0,1.0,0,0,7.61140074663942
deepseek_v32__vs__wsls__seed105,105,DeepSeek-V3.2,WSLS,8,1.0,1.0,0,0,7.905824604466034
deepseek_v32__vs__wsls__seed105,105,DeepSeek-V3.2,WSLS,9,1.0,1.0,0,0,8.160624475729637
deepseek_v32__vs__wsls__seed105,105,DeepSeek-V3.2,WSLS,10,1.0,1.0,0,0,8.402207139774177
deepseek_v32__vs__wsls__seed105,105,DeepSeek-V3.2,WSLS,11,1.0,1.0,0,0,8.626852471156631
deepseek_v32__vs__wsls__seed105,105,DeepSeek-V3.2,WSLS,12,1.0,1.0,0,0,8.840896756721012
deepseek_v32__vs__wsls__seed105,105,DeepSeek-V3.2,WSLS,13,1.0,1.0,0,0,9.048356017524391
deepseek_v32__vs__wsls__seed105,105,DeepSeek-V3.2,WSLS,14,1.0,1.0,0,0,9.25174394607696
deepseek_v32__vs__wsls__seed105,105,DeepSeek-V3.2,WSLS,15,1.0,1.0,0,0,9.45262196357286
deepseek_v32__vs__wsls__seed105,105,DeepSeek-V3.2,WSLS,16,1.0,1.0,0,0,9.651955462248392
deepseek_v32__vs__wsls__seed105,105,DeepSeek-V3.2,WSLS,17,1.0,1.0,0,0,9.85033960827927
deepseek_v32__vs__wsls__seed105,105,DeepSeek-V3.2,WSLS,18,1.0,1.0,0,0,10.048140664003913
deepseek_v32__vs__wsls__seed105,105,DeepSeek-V3.2,WSLS,19,1.0,1.0,0,0,10.24558376811893
deepseek_v32__vs__wsls__seed105,105,DeepSeek-V3.2,WSLS,20,1.0,1.0,0,0,10.44280720865127
deepseek_v32__vs__wsls__seed105,105,DeepSeek-V3.2,WSLS,21,1.0,1.0,0,0,10.639895884234914
deepseek_v32__vs__wsls__seed105,105,DeepSeek-V3.2,WSLS,22,1.0,1.0,0,0,10.74979348231664
deepseek_v32__vs__wsls__seed105,105,DeepSeek-V3.2,WSLS,23,1.0,1.0,0,0,10.74987473933614
deepseek_v32__vs__wsls__seed105,105,DeepSeek-V3.2,WSLS,24,1.0,1.0,0,0,10.749924025067646
deepseek_v32__vs__wsls__seed105,105,DeepSeek-V3.2,WSLS,25,1.0,1.0,0,0,10.749953918690487
deepseek_v32__vs__wsls__seed105,105,DeepSeek-V3.2,WSLS,26,1.0,1.0,0,0,10.749972050205368
deepseek_v32__vs__wsls__seed105,105,DeepSeek-V3.2,WSLS,27,1.0,1.0,0,0,10.749983047567767
deepseek_v32__vs__wsls__seed105,105,DeepSeek-V3.2,WSLS,28,1.0,1.0,0,0,10.749989717820949
deepseek_v32__vs__wsls__seed105,105,DeepSeek-V3.2,WSLS,29,1.0,1.0,0,0,10.749993763539791
deepseek_v32__vs__wsls__seed105,105,DeepSeek-V3.2,WSLS,30,1.0,1.0,0,0,10.74999621739444
deepseek_v32__vs__wsls__seed105,105,DeepSeek-V3.2,WSLS,31,1.0,1.0,0,0,10.749997705733296
deepseek_v32__vs__wsls__seed105,105,DeepSeek-V3.2,WSLS,32,1.0,1.0,0,0,10.749998608456735
deepseek_v32__vs__wsls__seed105,105,DeepSeek-V3.2,WSLS,33,1.0,1.0,0,0,10.749999155986284
deepseek_v32__vs__wsls__seed105,105,DeepSeek-V3.2,WSLS,34,1.0,1.0,0,0,10.74999948807978
deepseek_v32__vs__wsls__seed105,105,DeepSeek-V3.2,WSLS,35,1.0,0.75,0,1,6.062499767128513
deepseek_v32__vs__wsls__seed105,105,DeepSeek-V3.2,WSLS,36,1.0,0.75,0,1,6.062499858756301
deepseek_v32__vs__wsls__seed105,105,DeepSeek-V3.2,WSLS,37,1.0,0.75,0,1,6.062499914331365
deepseek_v32__vs__wsls__seed105,105,DeepSeek-V3.2,WSLS,38,1.0,0.75,0,1,6.0624999480393456
deepseek_v32__vs__wsls__seed105,105,DeepSeek-V3.2,WSLS,39,1.0,0.75,0,1,6.062499968484271
deepseek_v32__vs__wsls__seed105,105,DeepSeek-V3.2,WSLS,40,1.0,0.75,0,1,6.062499980884745
deepseek_v32__vs__wsls__seed105,105,DeepSeek-V3.2,WSLS,41,1.0,0.75,0,1,6.062499988406014
deepseek_v32__vs__wsls__seed105,105,DeepSeek-V3.2,WSLS,42,1.0,0.75,0,1,6.06249999296789
deepseek_v32__vs__wsls__seed105,105,DeepSeek-V3.2,WSLS,43,1.0,0.75,0,1,6.062499995734809
deepseek_v32__vs__wsls__seed105,105,DeepSeek-V3.2,WSLS,44,1.0,0.75,0,1,6.062499997413031
deepseek_v32__vs__wsls__seed105,105,DeepSeek-V3.2,WSLS,45,1.0,0.75,0,1,6.0624999984309245
deepseek_v32__vs__wsls__seed105,105,DeepSeek-V3.2,WSLS,46,0.75,0.75,1,1,8.062499999048306
deepseek_v32__vs__wsls__seed105,105,DeepSeek-V3.2,WSLS,47,0.75,0.75,1,1,8.06249999942277
deepseek_v32__vs__wsls__seed105,105,DeepSeek-V3.2,WSLS,48,0.75,0.75,1,1,8.062499999649894
deepseek_v32__vs__wsls__seed105,105,DeepSeek-V3.2,WSLS,49,0.75,0.75,1,1,8.06249999978765
deepseek_v32__vs__wsls__seed105,105,DeepSeek-V3.2,WSLS,50,0.75,0.5,1,2,3.3749999999141345
gemma3_27b__vs__always_cooperate__seed101,101,Gemma-3-27B,Always Cooperate,1,0.0,1.0,4,0,12.0
gemma3_27b__vs__always_cooperate__seed101,101,Gemma-3-27B,Always Cooperate,2,0.0,1.0,4,0,11.9825
gemma3_27b__vs__always_cooperate__seed101,101,Gemma-3-27B,Always Cooperate,3,0.0,1.0,4,0,11.965
gemma3_27b__vs__always_cooperate__seed101,101,Gemma-3-27B,Always Cooperate,4,0.0,1.0,4,0,11.9475
gemma3_27b__vs__always_cooperate__seed101,101,Gemma-3-27B,Always Cooperate,5,0.0,1.0,4,0,11.93
gemma3_27b__vs__always_cooperate__seed101,101,Gemma-3-27B,Always Cooperate,6,0.0,1.0,4,0,11.9125
gemma3_27b__vs__always_cooperate__seed101,101,Gemma-3-27B,Always Cooperate,7,0.0,1.0,4,0,11.895
gemma3_27b__vs__always_cooperate__seed101,101,Gemma-3-27B,Always Cooperate,8,0.0,1.0,4,0,11.8775
gemma3_27b__vs__always_cooperate__seed101,101,Gemma-3-27B,Always Cooperate,9,0.0,1.0,4,0,11.86
gemma3_27b__vs__always_cooperate__seed101,101,Gemma-3-27B,Always Cooperate,10,0.0,1.0,4,0,11.8425
gemma3_27b__vs__always_cooperate__seed101,101,Gemma-3-27B,Always Cooperate,11,0.0,1.0,4,0,11.825
gemma3_27b__vs__always_cooperate__seed101,101,Gemma-3-27B,Always Cooperate,12,0.0,1.0,4,0,11.8075
gemma3_27b__vs__always_cooperate__seed101,101,Gemma-3-27B,Always Cooperate,13,0.0,1.0,4,0,11.79
gemma3_27b__vs__always_cooperate__seed101,101,Gemma-3-27B,Always Cooperate,14,0.0,1.0,4,0,11.772499999999999
gemma3_27b__vs__always_cooperate__seed101,101,Gemma-3-27B,Always Cooperate,15,0.0,1.0,4,0,11.754999999999999
gemma3_27b__vs__always_cooperate__seed101,101,Gemma-3-27B,Always Cooperate,16,0.0,1.0,4,0,11.737499999999999
gemma3_27b__vs__always_cooperate__seed101,101,Gemma-3-27B,Always Cooperate,17,0.0,1.0,4,0,11.719999999999999
gemma3_27b__vs__always_cooperate__seed101,101,Gemma-3-27B,Always Cooperate,18,0.0,1.0,4,0,11.680625
gemma3_27b__vs__always_cooperate__seed101,101,Gemma-3-27B,Always Cooperate,19,0.0,1.0,4,0,11.64125
gemma3_27b__vs__always_cooperate__seed101,101,Gemma-3-27B,Always Cooperate,20,0.0,1.0,4,0,11.601875
gemma3_27b__vs__always_cooperate__seed101,101,Gemma-3-27B,Always Cooperate,21,0.0,1.0,4,0,11.5625
gemma3_27b__vs__always_cooperate__seed101,101,Gemma-3-27B,Always Cooperate,22,0.0,1.0,4,0,11.523125
gemma3_27b__vs__always_cooperate__seed101,101,Gemma-3-27B,Always Cooperate,23,0.0,1.0,4,0,11.48375
gemma3_27b__vs__always_cooperate__seed101,101,Gemma-3-27B,Always Cooperate,24,0.0,1.0,4,0,11.444375
gemma3_27b__vs__always_cooperate__seed101,101,Gemma-3-27B,Always Cooperate,25,0.0,1.0,4,0,11.405000000000001
gemma3_27b__vs__always_cooperate__seed101,101,Gemma-3-27B,Always Cooperate,26,0.0,1.0,4,0,11.387500000000001
gemma3_27b__vs__always_cooperate__seed101,101,Gemma-3-27B,Always Cooperate,27,0.0,1.0,4,0,11.370000000000001
gemma3_27b__vs__always_cooperate__seed101,101,Gemma-3-27B,Always Cooperate,28,0.0,1.0,4,0,11.352500000000001
gemma3_27b__vs__always_cooperate__seed101,101,Gemma-3-27B,Always Cooperate,29,0.0,1.0,4,0,11.335
gemma3_27b__vs__always_cooperate__seed101,101,Gemma-3-27B,Always Cooperate,30,0.0,1.0,4,0,11.3175
gemma3_27b__vs__always_cooperate__seed101,101,Gemma-3-27B,Always Cooperate,31,0.0,1.0,4,0,11.3
gemma3_27b__vs__always_cooperate__seed101,101,Gemma-3-27B,Always Cooperate,32,0.0,1.0,4,0,11.2825
gemma3_27b__vs__always_cooperate__seed101,101,Gemma-3-27B,Always Cooperate,33,0.0,1.0,4,0,11.265
gemma3_27b__vs__always_cooperate__seed101,101,Gemma-3-27B,Always Cooperate,34,0.0,1.0,4,0,11.2475
gemma3_27b__vs__always_cooperate__seed101,101,Gemma-3-27B,Always Cooperate,35,0.0,1.0,4,0,11.23
gemma3_27b__vs__always_cooperate__seed101,101,Gemma-3-27B,Always Cooperate,36,0.0,1.0,4,0,11.2125
gemma3_27b__vs__always_cooperate__seed101,101,Gemma-3-27B,Always Cooperate,37,0.0,1.0,4,0,11.195
gemma3_27b__vs__always_cooperate__seed101,101,Gemma-3-27B,Always Cooperate,38,0.0,1.0,4,0,11.1775
gemma3_27b__vs__always_cooperate__seed101,101,Gemma-3-27B,Always Cooperate,39,0.0,1.0,4,0,11.16
gemma3_27b__vs__always_cooperate__seed101,101,Gemma-3-27B,Always Cooperate,40,0.0,1.0,4,0,11.1425
gemma3_27b__vs__always_cooperate__seed101,101,Gemma-3-27B,Always Cooperate,41,0.0,1.0,4,0,11.125
gemma3_27b__vs__always_cooperate__seed101,101,Gemma-3-27B,Always Cooperate,42,0.0,1.0,4,0,11.1075
gemma3_27b__vs__always_cooperate__seed101,101,Gemma-3-27B,Always Cooperate,43,0.0,1.0,4,0,11.09
gemma3_27b__vs__always_cooperate__seed101,101,Gemma-3-27B,Always Cooperate,44,0.0,1.0,4,0,11.0725
gemma3_27b__vs__always_cooperate__seed101,101,Gemma-3-27B,Always Cooperate,45,0.0,1.0,4,0,11.055
gemma3_27b__vs__always_cooperate__seed101,101,Gemma-3-27B,Always Cooperate,46,0.0,1.0,4,0,11.0375
gemma3_27b__vs__always_cooperate__seed101,101,Gemma-3-27B,Always Cooperate,47,0.0,1.0,4,0,11.02
gemma3_27b__vs__always_cooperate__seed101,101,Gemma-3-27B,Always Cooperate,48,0.0,1.0,4,0,11.0025
gemma3_27b__vs__always_cooperate__seed101,101,Gemma-3-27B,Always Cooperate,49,0.0,1.0,4,0,10.985
gemma3_27b__vs__always_cooperate__seed101,101,Gemma-3-27B,Always Cooperate,50,0.0,1.0,4,0,10.9675
gemma3_27b__vs__always_cooperate__seed102,102,Gemma-3-27B,Always Cooperate,1,0.0,1.0,4,0,12.0
gemma3_27b__vs__always_cooperate__seed102,102,Gemma-3-27B,Always Cooperate,2,0.0,1.0,4,0,11.9825
gemma3_27b__vs__always_cooperate__seed102,102,Gemma-3-27B,Always Cooperate,3,0.0,1.0,4,0,11.965
gemma3_27b__vs__always_cooperate__seed102,102,Gemma-3-27B,Always Cooperate,4,0.0,1.0,4,0,11.9475
gemma3_27b__vs__always_cooperate__seed102,102,Gemma-3-27B,Always Cooperate,5,0.0,1.0,4,0,11.908125
gemma3_27b__vs__always_cooperate__seed102,102,Gemma-3-27B,Always Cooperate,6,0.0,1.0,4,0,11.873125
gemma3_27b__vs__always_cooperate__seed102,102,Gemma-3-27B,Always Cooperate,7,0.0,1.0,4,0,11.841041666666667
gemma3_27b__vs__always_cooperate__seed102,102,Gemma-3-27B,Always Cooperate,8,0.0,1.0,4,0,11.811041666666668
gemma3_27b__vs__always_cooperate__seed102,102,Gemma-3-27B,Always Cooperate,9,0.0,1.0,4,0,11.782604166666667
gemma3_27b__vs__always_cooperate__seed102,102,Gemma-3-27B,Always Cooperate,10,0.0,1.0,4,0,11.754166666666666
gemma3_27b__vs__always_cooperate__seed102,102,Gemma-3-27B,Always Cooperate,11,0.0,1.0,4,0,11.725729166666666
gemma3_27b__vs__always_cooperate__seed102,102,Gemma-3-27B,Always Cooperate,12,0.0,1.0,4,0,11.697291666666665
gemma3_27b__vs__always_cooperate__seed102,102,Gemma-3-27B,Always Cooperate,13,0.0,1.0,4,0,11.679791666666665
gemma3_27b__vs__always_cooperate__seed102,102,Gemma-3-27B,Always Cooperate,14,0.0,1.0,4,0,11.662291666666665
gemma3_27b__vs__always_cooperate__seed102,102,Gemma-3-27B,Always Cooperate,15,0.0,1.0,4,0,11.644791666666665
gemma3_27b__vs__always_cooperate__seed102,102,Gemma-3-27B,Always Cooperate,16,0.0,1.0,4,0,11.627291666666665
gemma3_27b__vs__always_cooperate__seed102,102,Gemma-3-27B,Always Cooperate,17,0.0,1.0,4,0,11.609791666666665
gemma3_27b__vs__always_cooperate__seed102,102,Gemma-3-27B,Always Cooperate,18,0.0,1.0,4,0,11.592291666666664
gemma3_27b__vs__always_cooperate__seed102,102,Gemma-3-27B,Always Cooperate,19,0.0,1.0,4,0,11.574791666666664
gemma3_27b__vs__always_cooperate__seed102,102,Gemma-3-27B,Always Cooperate,20,0.0,1.0,4,0,11.557291666666664
gemma3_27b__vs__always_cooperate__seed102,102,Gemma-3-27B,Always Cooperate,21,0.0,1.0,4,0,11.539791666666664
gemma3_27b__vs__always_cooperate__seed102,102,Gemma-3-27B,Always Cooperate,22,0.0,1.0,4,0,11.522291666666664
gemma3_27b__vs__always_cooperate__seed102,102,Gemma-3-27B,Always Cooperate,23,0.0,1.0,4,0,11.504791666666664
gemma3_27b__vs__always_cooperate__seed102,102,Gemma-3-27B,Always Cooperate,24,0.0,1.0,4,0,11.487291666666664
gemma3_27b__vs__always_cooperate__seed102,102,Gemma-3-27B,Always Cooperate,25,0.0,1.0,4,0,11.469791666666664
gemma3_27b__vs__always_cooperate__seed102,102,Gemma-3-27B,Always Cooperate,26,0.0,1.0,4,0,11.452291666666664
gemma3_27b__vs__always_cooperate__seed102,102,Gemma-3-27B,Always Cooperate,27,0.0,1.0,4,0,11.434791666666664
gemma3_27b__vs__always_cooperate__seed102,102,Gemma-3-27B,Always Cooperate,28,0.0,1.0,4,0,11.417291666666664
gemma3_27b__vs__always_cooperate__seed102,102,Gemma-3-27B,Always Cooperate,29,0.0,1.0,4,0,11.399791666666664
gemma3_27b__vs__always_cooperate__seed102,102,Gemma-3-27B,Always Cooperate,30,0.0,1.0,4,0,11.382291666666664
gemma3_27b__vs__always_cooperate__seed102,102,Gemma-3-27B,Always Cooperate,31,0.0,1.0,4,0,11.364791666666664
gemma3_27b__vs__always_cooperate__seed102,102,Gemma-3-27B,Always Cooperate,32,0.0,1.0,4,0,11.347291666666663
gemma3_27b__vs__always_cooperate__seed102,102,Gemma-3-27B,Always Cooperate,33,0.0,1.0,4,0,11.329791666666663
gemma3_27b__vs__always_cooperate__seed102,102,Gemma-3-27B,Always Cooperate,34,0.0,1.0,4,0,11.312291666666663
gemma3_27b__vs__always_cooperate__seed102,102,Gemma-3-27B,Always Cooperate,35,0.0,1.0,4,0,11.294791666666663
gemma3_27b__vs__always_cooperate__seed102,102,Gemma-3-27B,Always Cooperate,36,0.0,1.0,4,0,11.277291666666663
gemma3_27b__vs__always_cooperate__seed102,102,Gemma-3-27B,Always Cooperate,37,0.0,1.0,4,0,11.259791666666663
gemma3_27b__vs__always_cooperate__seed102,102,Gemma-3-27B,Always Cooperate,38,0.0,1.0,4,0,11.242291666666663
gemma3_27b__vs__always_cooperate__seed102,102,Gemma-3-27B,Always Cooperate,39,0.0,1.0,4,0,11.224791666666663
gemma3_27b__vs__always_cooperate__seed102,102,Gemma-3-27B,Always Cooperate,40,0.0,1.0,4,0,11.207291666666663
gemma3_27b__vs__always_cooperate__seed102,102,Gemma-3-27B,Always Cooperate,41,0.0,1.0,4,0,11.189791666666663
gemma3_27b__vs__always_cooperate__seed102,102,Gemma-3-27B,Always Cooperate,42,0.0,1.0,4,0,11.172291666666663
gemma3_27b__vs__always_cooperate__seed102,102,Gemma-3-27B,Always Cooperate,43,0.0,1.0,4,0,11.154791666666663
gemma3_27b__vs__always_cooperate__seed102,102,Gemma-3-27B,Always Cooperate,44,0.0,1.0,4,0,11.137291666666663
gemma3_27b__vs__always_cooperate__seed102,102,Gemma-3-27B,Always Cooperate,45,0.0,1.0,4,0,11.119791666666663
gemma3_27b__vs__always_cooperate__seed102,102,Gemma-3-27B,Always Cooperate,46,0.0,1.0,4,0,11.102291666666662
gemma3_27b__vs__always_cooperate__seed102,102,Gemma-3-27B,Always Cooperate,47,0.0,1.0,4,0,11.084791666666662
gemma3_27b__vs__always_cooperate__seed102,102,Gemma-3-27B,Always Cooperate,48,0.0,1.0,4,0,11.067291666666662
gemma3_27b__vs__always_cooperate__seed102,102,Gemma-3-27B,Always Cooperate,49,0.0,1.0,4,0,11.049791666666662
gemma3_27b__vs__always_cooperate__seed102,102,Gemma-3-27B,Always Cooperate,50,0.0,1.0,4,0,11.032291666666662
gemma3_27b__vs__always_cooperate__seed103,103,Gemma-3-27B,Always Cooperate,1,0.0,1.0,4,0,12.0
gemma3_27b__vs__always_cooperate__seed103,103,Gemma-3-27B,Always Cooperate,2,0.0,1.0,4,0,11.9825
gemma3_27b__vs__always_cooperate__seed103,103,Gemma-3-27B,Always Cooperate,3,0.0,1.0,4,0,11.965
gemma3_27b__vs__always_cooperate__seed103,103,Gemma-3-27B,Always Cooperate,4,0.0,1.0,4,0,11.9475
gemma3_27b__vs__always_cooperate__seed103,103,Gemma-3-27B,Always Cooperate,5,0.0,1.0,4,0,11.93
gemma3_27b__vs__always_cooperate__seed103,103,Gemma-3-27B,Always Cooperate,6,0.0,1.0,4,0,11.9125
gemma3_27b__vs__always_cooperate__seed103,103,Gemma-3-27B,Always Cooperate,7,0.0,1.0,4,0,11.895
gemma3_27b__vs__always_cooperate__seed103,103,Gemma-3-27B,Always Cooperate,8,0.0,1.0,4,0,11.8775
gemma3_27b__vs__always_cooperate__seed103,103,Gemma-3-27B,Always Cooperate,9,0.0,1.0,4,0,12.609398232962016
gemma3_27b__vs__always_cooperate__seed103,103,Gemma-3-27B,Always Cooperate,10,0.0,1.0,4,0,11.886249999999999
gemma3_27b__vs__always_cooperate__seed103,103,Gemma-3-27B,Always Cooperate,11,0.0,1.0,4,0,11.890624999999998
gemma3_27b__vs__always_cooperate__seed103,103,Gemma-3-27B,Always Cooperate,12,0.0,1.0,4,0,11.894999999999998
gemma3_27b__vs__always_cooperate__seed103,103,Gemma-3-27B,Always Cooperate,13,0.0,1.0,4,0,11.899374999999997
gemma3_27b__vs__always_cooperate__seed103,103,Gemma-3-27B,Always Cooperate,14,0.0,1.0,4,0,11.903749999999997
gemma3_27b__vs__always_cooperate__seed103,103,Gemma-3-27B,Always Cooperate,15,0.0,1.0,4,0,11.908124999999997
gemma3_27b__vs__always_cooperate__seed103,103,Gemma-3-27B,Always Cooperate,16,0.0,1.0,4,0,11.912499999999996
gemma3_27b__vs__always_cooperate__seed103,103,Gemma-3-27B,Always Cooperate,17,0.0,1.0,4,0,11.894999999999996
gemma3_27b__vs__always_cooperate__seed103,103,Gemma-3-27B,Always Cooperate,18,0.0,1.0,4,0,11.877499999999996
gemma3_27b__vs__always_cooperate__seed103,103,Gemma-3-27B,Always Cooperate,19,0.0,1.0,4,0,11.859999999999996
gemma3_27b__vs__always_cooperate__seed103,103,Gemma-3-27B,Always Cooperate,20,0.0,1.0,4,0,11.842499999999996
gemma3_27b__vs__always_cooperate__seed103,103,Gemma-3-27B,Always Cooperate,21,0.0,1.0,4,0,11.824999999999996
gemma3_27b__vs__always_cooperate__seed103,103,Gemma-3-27B,Always Cooperate,22,0.0,1.0,4,0,12.547880075784208
gemma3_27b__vs__always_cooperate__seed103,103,Gemma-3-27B,Always Cooperate,23,0.0,1.0,4,0,11.822812499999994
gemma3_27b__vs__always_cooperate__seed103,103,Gemma-3-27B,Always Cooperate,24,0.0,1.0,4,0,11.821718749999993
gemma3_27b__vs__always_cooperate__seed103,103,Gemma-3-27B,Always Cooperate,25,0.0,1.0,4,0,11.820624999999993
gemma3_27b__vs__always_cooperate__seed103,103,Gemma-3-27B,Always Cooperate,26,0.0,1.0,4,0,11.819531249999992
gemma3_27b__vs__always_cooperate__seed103,103,Gemma-3-27B,Always Cooperate,27,0.0,1.0,4,0,11.818437499999991
gemma3_27b__vs__always_cooperate__seed103,103,Gemma-3-27B,Always Cooperate,28,0.0,1.0,4,0,11.81734374999999
gemma3_27b__vs__always_cooperate__seed103,103,Gemma-3-27B,Always Cooperate,29,0.0,1.0,4,0,11.81624999999999
gemma3_27b__vs__always_cooperate__seed103,103,Gemma-3-27B,Always Cooperate,30,0.0,1.0,4,0,12.526987116742685
gemma3_27b__vs__always_cooperate__seed103,103,Gemma-3-27B,Always Cooperate,31,0.0,1.0,4,0,11.79218749999999
gemma3_27b__vs__always_cooperate__seed103,103,Gemma-3-27B,Always Cooperate,32,0.0,1.0,4,0,11.78015624999999
gemma3_27b__vs__always_cooperate__seed103,103,Gemma-3-27B,Always Cooperate,33,0.0,1.0,4,0,11.76812499999999
gemma3_27b__vs__always_cooperate__seed103,103,Gemma-3-27B,Always Cooperate,34,0.0,1.0,4,0,12.48752263855315
gemma3_27b__vs__always_cooperate__seed103,103,Gemma-3-27B,Always Cooperate,35,0.0,1.0,4,0,11.765937499999989
gemma3_27b__vs__always_cooperate__seed103,103,Gemma-3-27B,Always Cooperate,36,0.0,1.0,4,0,11.764843749999988
gemma3_27b__vs__always_cooperate__seed103,103,Gemma-3-27B,Always Cooperate,37,0.0,1.0,4,0,11.763749999999987
gemma3_27b__vs__always_cooperate__seed103,103,Gemma-3-27B,Always Cooperate,38,0.0,1.0,4,0,11.757187499999988
gemma3_27b__vs__always_cooperate__seed103,103,Gemma-3-27B,Always Cooperate,39,0.0,1.0,4,0,11.750624999999989
gemma3_27b__vs__always_cooperate__seed103,103,Gemma-3-27B,Always Cooperate,40,0.0,1.0,4,0,11.74406249999999
gemma3_27b__vs__always_cooperate__seed103,103,Gemma-3-27B,Always Cooperate,41,0.0,1.0,4,0,11.73749999999999
gemma3_27b__vs__always_cooperate__seed103,103,Gemma-3-27B,Always Cooperate,42,0.0,1.0,4,0,11.71999999999999
gemma3_27b__vs__always_cooperate__seed103,103,Gemma-3-27B,Always Cooperate,43,0.0,1.0,4,0,11.70249999999999
gemma3_27b__vs__always_cooperate__seed103,103,Gemma-3-27B,Always Cooperate,44,0.0,1.0,4,0,11.68499999999999
gemma3_27b__vs__always_cooperate__seed103,103,Gemma-3-27B,Always Cooperate,45,0.0,1.0,4,0,11.66749999999999
gemma3_27b__vs__always_cooperate__seed103,103,Gemma-3-27B,Always Cooperate,46,0.0,1.0,4,0,12.369129203984548
gemma3_27b__vs__always_cooperate__seed103,103,Gemma-3-27B,Always Cooperate,47,0.0,1.0,4,0,11.64343749999999
gemma3_27b__vs__always_cooperate__seed103,103,Gemma-3-27B,Always Cooperate,48,0.0,1.0,4,0,11.609531249999991
gemma3_27b__vs__always_cooperate__seed103,103,Gemma-3-27B,Always Cooperate,49,0.0,1.0,4,0,11.575624999999992
gemma3_27b__vs__always_cooperate__seed103,103,Gemma-3-27B,Always Cooperate,50,0.0,1.0,4,0,11.541718749999992
gemma3_27b__vs__always_cooperate__seed104,104,Gemma-3-27B,Always Cooperate,1,0.0,1.0,4,0,12.0
gemma3_27b__vs__always_cooperate__seed104,104,Gemma-3-27B,Always Cooperate,2,0.0,1.0,4,0,11.9825
gemma3_27b__vs__always_cooperate__seed104,104,Gemma-3-27B,Always Cooperate,3,0.0,1.0,4,0,11.92125
gemma3_27b__vs__always_cooperate__seed104,104,Gemma-3-27B,Always Cooperate,4,0.0,1.0,4,0,11.845416666666667
gemma3_27b__vs__always_cooperate__seed104,104,Gemma-3-27B,Always Cooperate,5,0.0,1.0,4,0,11.784166666666668
gemma3_27b__vs__always_cooperate__seed104,104,Gemma-3-27B,Always Cooperate,6,0.0,1.0,4,0,11.731666666666667
gemma3_27b__vs__always_cooperate__seed104,104,Gemma-3-27B,Always Cooperate,7,0.0,1.0,4,0,11.685
gemma3_27b__vs__always_cooperate__seed104,104,Gemma-3-27B,Always Cooperate,8,0.0,1.0,4,0,11.6425
gemma3_27b__vs__always_cooperate__seed104,104,Gemma-3-27B,Always Cooperate,9,0.0,1.0,4,0,11.603125
gemma3_27b__vs__always_cooperate__seed104,104,Gemma-3-27B,Always Cooperate,10,0.0,1.0,4,0,11.56375
gemma3_27b__vs__always_cooperate__seed104,104,Gemma-3-27B,Always Cooperate,11,0.0,1.0,4,0,12.247419426710952
gemma3_27b__vs__always_cooperate__seed104,104,Gemma-3-27B,Always Cooperate,12,0.0,1.0,4,0,11.52875
gemma3_27b__vs__always_cooperate__seed104,104,Gemma-3-27B,Always Cooperate,13,0.0,1.0,4,0,11.51671875
gemma3_27b__vs__always_cooperate__seed104,104,Gemma-3-27B,Always Cooperate,14,0.0,1.0,4,0,11.504687500000001
gemma3_27b__vs__always_cooperate__seed104,104,Gemma-3-27B,Always Cooperate,15,0.0,1.0,4,0,11.492656250000001
gemma3_27b__vs__always_cooperate__seed104,104,Gemma-3-27B,Always Cooperate,16,0.0,1.0,4,0,11.480625000000002
gemma3_27b__vs__always_cooperate__seed104,104,Gemma-3-27B,Always Cooperate,17,0.0,1.0,4,0,11.468593750000002
gemma3_27b__vs__always_cooperate__seed104,104,Gemma-3-27B,Always Cooperate,18,0.0,1.0,4,0,11.456562500000002
gemma3_27b__vs__always_cooperate__seed104,104,Gemma-3-27B,Always Cooperate,19,0.0,1.0,4,0,12.145276071396864
gemma3_27b__vs__always_cooperate__seed104,104,Gemma-3-27B,Always Cooperate,20,0.0,1.0,4,0,11.432500000000003
gemma3_27b__vs__always_cooperate__seed104,104,Gemma-3-27B,Always Cooperate,21,0.0,1.0,4,0,11.420468750000003
gemma3_27b__vs__always_cooperate__seed104,104,Gemma-3-27B,Always Cooperate,22,0.0,1.0,4,0,11.408437500000003
gemma3_27b__vs__always_cooperate__seed104,104,Gemma-3-27B,Always Cooperate,23,0.0,1.0,4,0,11.380000000000003
gemma3_27b__vs__always_cooperate__seed104,104,Gemma-3-27B,Always Cooperate,24,0.0,1.0,4,0,11.351562500000002
gemma3_27b__vs__always_cooperate__seed104,104,Gemma-3-27B,Always Cooperate,25,0.0,1.0,4,0,11.323125000000001
gemma3_27b__vs__always_cooperate__seed104,104,Gemma-3-27B,Always Cooperate,26,0.0,1.0,4,0,12.003668237893239
gemma3_27b__vs__always_cooperate__seed104,104,Gemma-3-27B,Always Cooperate,27,0.0,1.0,4,0,11.293593750000001
gemma3_27b__vs__always_cooperate__seed104,104,Gemma-3-27B,Always Cooperate,28,0.0,1.0,4,0,11.276093750000001
gemma3_27b__vs__always_cooperate__seed104,104,Gemma-3-27B,Always Cooperate,29,0.0,1.0,4,0,11.258593750000001
gemma3_27b__vs__always_cooperate__seed104,104,Gemma-3-27B,Always Cooperate,30,0.0,1.0,4,0,11.235625
gemma3_27b__vs__always_cooperate__seed104,104,Gemma-3-27B,Always Cooperate,31,0.0,1.0,4,0,11.229062500000001
gemma3_27b__vs__always_cooperate__seed104,104,Gemma-3-27B,Always Cooperate,32,0.0,1.0,4,0,11.222500000000002
gemma3_27b__vs__always_cooperate__seed104,104,Gemma-3-27B,Always Cooperate,33,0.0,1.0,4,0,11.215937500000003
gemma3_27b__vs__always_cooperate__seed104,104,Gemma-3-27B,Always Cooperate,34,0.0,1.0,4,0,11.187500000000002
gemma3_27b__vs__always_cooperate__seed104,104,Gemma-3-27B,Always Cooperate,35,0.0,1.0,4,0,11.159062500000001
gemma3_27b__vs__always_cooperate__seed104,104,Gemma-3-27B,Always Cooperate,36,0.0,1.0,4,0,11.130625
gemma3_27b__vs__always_cooperate__seed104,104,Gemma-3-27B,Always Cooperate,37,0.0,1.0,4,0,11.1021875
gemma3_27b__vs__always_cooperate__seed104,104,Gemma-3-27B,Always Cooperate,38,0.0,1.0,4,0,11.079218749999999
gemma3_27b__vs__always_cooperate__seed104,104,Gemma-3-27B,Always Cooperate,39,0.0,1.0,4,0,11.056249999999999
gemma3_27b__vs__always_cooperate__seed104,104,Gemma-3-27B,Always Cooperate,40,0.0,1.0,4,0,11.033281249999998
gemma3_27b__vs__always_cooperate__seed104,104,Gemma-3-27B,Always Cooperate,41,0.0,1.0,4,0,10.999374999999999
gemma3_27b__vs__always_cooperate__seed104,104,Gemma-3-27B,Always Cooperate,42,0.0,1.0,4,0,10.970937499999998
gemma3_27b__vs__always_cooperate__seed104,104,Gemma-3-27B,Always Cooperate,43,0.0,1.0,4,0,10.942499999999997
gemma3_27b__vs__always_cooperate__seed104,104,Gemma-3-27B,Always Cooperate,44,0.0,1.0,4,0,10.914062499999996
gemma3_27b__vs__always_cooperate__seed104,104,Gemma-3-27B,Always Cooperate,45,0.0,1.0,4,0,10.885624999999996
gemma3_27b__vs__always_cooperate__seed104,104,Gemma-3-27B,Always Cooperate,46,0.0,1.0,4,0,10.857187499999995
gemma3_27b__vs__always_cooperate__seed104,104,Gemma-3-27B,Always Cooperate,47,0.0,1.0,4,0,10.828749999999994
gemma3_27b__vs__always_cooperate__seed104,104,Gemma-3-27B,Always Cooperate,48,0.0,1.0,4,0,10.800312499999993
gemma3_27b__vs__always_cooperate__seed104,104,Gemma-3-27B,Always Cooperate,49,0.0,1.0,4,0,10.782812499999993
gemma3_27b__vs__always_cooperate__seed104,104,Gemma-3-27B,Always Cooperate,50,0.0,1.0,4,0,10.748906249999994
gemma3_27b__vs__always_cooperate__seed105,105,Gemma-3-27B,Always Cooperate,1,0.0,1.0,4,0,12.0
gemma3_27b__vs__always_cooperate__seed105,105,Gemma-3-27B,Always Cooperate,2,0.0,1.0,4,0,11.9825
gemma3_27b__vs__always_cooperate__seed105,105,Gemma-3-27B,Always Cooperate,3,0.0,1.0,4,0,11.965
gemma3_27b__vs__always_cooperate__seed105,105,Gemma-3-27B,Always Cooperate,4,0.0,1.0,4,0,11.9475
gemma3_27b__vs__always_cooperate__seed105,105,Gemma-3-27B,Always Cooperate,5,0.0,1.0,4,0,11.93
gemma3_27b__vs__always_cooperate__seed105,105,Gemma-3-27B,Always Cooperate,6,0.0,1.0,4,0,11.9125
gemma3_27b__vs__always_cooperate__seed105,105,Gemma-3-27B,Always Cooperate,7,0.0,1.0,4,0,11.895
gemma3_27b__vs__always_cooperate__seed105,105,Gemma-3-27B,Always Cooperate,8,0.0,1.0,4,0,11.8775
gemma3_27b__vs__always_cooperate__seed105,105,Gemma-3-27B,Always Cooperate,9,0.0,1.0,4,0,11.86
gemma3_27b__vs__always_cooperate__seed105,105,Gemma-3-27B,Always Cooperate,10,0.0,1.0,4,0,11.8425
gemma3_27b__vs__always_cooperate__seed105,105,Gemma-3-27B,Always Cooperate,11,0.0,1.0,4,0,11.825
gemma3_27b__vs__always_cooperate__seed105,105,Gemma-3-27B,Always Cooperate,12,0.0,1.0,4,0,11.8075
gemma3_27b__vs__always_cooperate__seed105,105,Gemma-3-27B,Always Cooperate,13,0.0,1.0,4,0,11.79
gemma3_27b__vs__always_cooperate__seed105,105,Gemma-3-27B,Always Cooperate,14,0.0,1.0,4,0,11.772499999999999
gemma3_27b__vs__always_cooperate__seed105,105,Gemma-3-27B,Always Cooperate,15,0.0,1.0,4,0,11.754999999999999
gemma3_27b__vs__always_cooperate__seed105,105,Gemma-3-27B,Always Cooperate,16,0.0,1.0,4,0,11.737499999999999
gemma3_27b__vs__always_cooperate__seed105,105,Gemma-3-27B,Always Cooperate,17,0.0,1.0,4,0,11.719999999999999
gemma3_27b__vs__always_cooperate__seed105,105,Gemma-3-27B,Always Cooperate,18,0.0,1.0,4,0,11.702499999999999
gemma3_27b__vs__always_cooperate__seed105,105,Gemma-3-27B,Always Cooperate,19,0.0,1.0,4,0,11.684999999999999
gemma3_27b__vs__always_cooperate__seed105,105,Gemma-3-27B,Always Cooperate,20,0.0,1.0,4,0,11.667499999999999
gemma3_27b__vs__always_cooperate__seed105,105,Gemma-3-27B,Always Cooperate,21,0.0,1.0,4,0,11.649999999999999
gemma3_27b__vs__always_cooperate__seed105,105,Gemma-3-27B,Always Cooperate,22,0.0,1.0,4,0,11.632499999999999
gemma3_27b__vs__always_cooperate__seed105,105,Gemma-3-27B,Always Cooperate,23,0.0,1.0,4,0,11.614999999999998
gemma3_27b__vs__always_cooperate__seed105,105,Gemma-3-27B,Always Cooperate,24,0.0,1.0,4,0,11.597499999999998
gemma3_27b__vs__always_cooperate__seed105,105,Gemma-3-27B,Always Cooperate,25,0.0,1.0,4,0,11.579999999999998
gemma3_27b__vs__always_cooperate__seed105,105,Gemma-3-27B,Always Cooperate,26,0.0,1.0,4,0,11.562499999999998
gemma3_27b__vs__always_cooperate__seed105,105,Gemma-3-27B,Always Cooperate,27,0.0,1.0,4,0,11.544999999999998
gemma3_27b__vs__always_cooperate__seed105,105,Gemma-3-27B,Always Cooperate,28,0.0,1.0,4,0,11.527499999999998
gemma3_27b__vs__always_cooperate__seed105,105,Gemma-3-27B,Always Cooperate,29,0.0,1.0,4,0,11.509999999999998
gemma3_27b__vs__always_cooperate__seed105,105,Gemma-3-27B,Always Cooperate,30,0.0,1.0,4,0,11.492499999999998
gemma3_27b__vs__always_cooperate__seed105,105,Gemma-3-27B,Always Cooperate,31,0.0,1.0,4,0,12.195021211971902
gemma3_27b__vs__always_cooperate__seed105,105,Gemma-3-27B,Always Cooperate,32,0.0,1.0,4,0,11.490312499999996
gemma3_27b__vs__always_cooperate__seed105,105,Gemma-3-27B,Always Cooperate,33,0.0,1.0,4,0,11.489218749999996
gemma3_27b__vs__always_cooperate__seed105,105,Gemma-3-27B,Always Cooperate,34,0.0,1.0,4,0,11.488124999999995
gemma3_27b__vs__always_cooperate__seed105,105,Gemma-3-27B,Always Cooperate,35,0.0,1.0,4,0,11.481562499999995
gemma3_27b__vs__always_cooperate__seed105,105,Gemma-3-27B,Always Cooperate,36,0.0,1.0,4,0,11.474999999999996
gemma3_27b__vs__always_cooperate__seed105,105,Gemma-3-27B,Always Cooperate,37,0.0,1.0,4,0,11.468437499999997
gemma3_27b__vs__always_cooperate__seed105,105,Gemma-3-27B,Always Cooperate,38,0.0,1.0,4,0,11.461874999999997
gemma3_27b__vs__always_cooperate__seed105,105,Gemma-3-27B,Always Cooperate,39,0.0,1.0,4,0,11.438906249999997
gemma3_27b__vs__always_cooperate__seed105,105,Gemma-3-27B,Always Cooperate,40,0.0,1.0,4,0,11.415937499999997
gemma3_27b__vs__always_cooperate__seed105,105,Gemma-3-27B,Always Cooperate,41,0.0,1.0,4,0,11.392968749999996
gemma3_27b__vs__always_cooperate__seed105,105,Gemma-3-27B,Always Cooperate,42,0.0,1.0,4,0,11.369999999999996
gemma3_27b__vs__always_cooperate__seed105,105,Gemma-3-27B,Always Cooperate,43,0.0,1.0,4,0,12.065020577935787
gemma3_27b__vs__always_cooperate__seed105,105,Gemma-3-27B,Always Cooperate,44,0.0,1.0,4,0,11.367812499999994
gemma3_27b__vs__always_cooperate__seed105,105,Gemma-3-27B,Always Cooperate,45,0.0,1.0,4,0,11.366718749999993
gemma3_27b__vs__always_cooperate__seed105,105,Gemma-3-27B,Always Cooperate,46,0.0,1.0,4,0,11.365624999999993
gemma3_27b__vs__always_cooperate__seed105,105,Gemma-3-27B,Always Cooperate,47,0.0,1.0,4,0,11.364531249999992
gemma3_27b__vs__always_cooperate__seed105,105,Gemma-3-27B,Always Cooperate,48,0.0,1.0,4,0,11.363437499999991
gemma3_27b__vs__always_cooperate__seed105,105,Gemma-3-27B,Always Cooperate,49,0.0,1.0,4,0,11.36234374999999
gemma3_27b__vs__always_cooperate__seed105,105,Gemma-3-27B,Always Cooperate,50,0.0,1.0,4,0,11.35031249999999
gemma3_27b__vs__always_defect__seed101,101,Gemma-3-27B,Always Defect,1,0.0,0.0,4,4,0.0
gemma3_27b__vs__always_defect__seed101,101,Gemma-3-27B,Always Defect,2,0.0,0.0,4,4,0.0
gemma3_27b__vs__always_defect__seed101,101,Gemma-3-27B,Always Defect,3,0.0,0.0,4,4,0.0
gemma3_27b__vs__always_defect__seed101,101,Gemma-3-27B,Always Defect,4,0.0,0.0,4,4,0.0
gemma3_27b__vs__always_defect__seed101,101,Gemma-3-27B,Always Defect,5,0.0,0.0,4,4,0.0
gemma3_27b__vs__always_defect__seed101,101,Gemma-3-27B,Always Defect,6,0.0,0.0,4,4,0.0
gemma3_27b__vs__always_defect__seed101,101,Gemma-3-27B,Always Defect,7,0.0,0.0,4,4,0.0
gemma3_27b__vs__always_defect__seed101,101,Gemma-3-27B,Always Defect,8,0.0,0.0,4,4,0.0
gemma3_27b__vs__always_defect__seed101,101,Gemma-3-27B,Always Defect,9,0.0,0.0,4,4,0.0
gemma3_27b__vs__always_defect__seed101,101,Gemma-3-27B,Always Defect,10,0.0,0.0,4,4,0.0
gemma3_27b__vs__always_defect__seed101,101,Gemma-3-27B,Always Defect,11,0.0,0.0,4,4,0.0
gemma3_27b__vs__always_defect__seed101,101,Gemma-3-27B,Always Defect,12,0.0,0.0,4,4,0.0
gemma3_27b__vs__always_defect__seed101,101,Gemma-3-27B,Always Defect,13,0.0,0.0,4,4,0.0
gemma3_27b__vs__always_defect__seed101,101,Gemma-3-27B,Always Defect,14,0.0,0.0,4,4,0.0
gemma3_27b__vs__always_defect__seed101,101,Gemma-3-27B,Always Defect,15,0.0,0.0,4,4,0.0
gemma3_27b__vs__always_defect__seed101,101,Gemma-3-27B,Always Defect,16,0.0,0.0,4,4,0.0
gemma3_27b__vs__always_defect__seed101,101,Gemma-3-27B,Always Defect,17,0.0,0.0,4,4,0.0
gemma3_27b__vs__always_defect__seed101,101,Gemma-3-27B,Always Defect,18,0.0,0.0,4,4,0.0
gemma3_27b__vs__always_defect__seed101,101,Gemma-3-27B,Always Defect,19,0.0,0.0,4,4,0.0
gemma3_27b__vs__always_defect__seed101,101,Gemma-3-27B,Always Defect,20,0.0,0.0,4,4,0.0
gemma3_27b__vs__always_defect__seed101,101,Gemma-3-27B,Always Defect,21,0.0,0.0,4,4,0.0
gemma3_27b__vs__always_defect__seed101,101,Gemma-3-27B,Always Defect,22,0.0,0.0,4,4,0.0
gemma3_27b__vs__always_defect__seed101,101,Gemma-3-27B,Always Defect,23,0.0,0.0,4,4,0.0
gemma3_27b__vs__always_defect__seed101,101,Gemma-3-27B,Always Defect,24,0.0,0.0,4,4,0.0
gemma3_27b__vs__always_defect__seed101,101,Gemma-3-27B,Always Defect,25,0.0,0.0,4,4,0.0
gemma3_27b__vs__always_defect__seed101,101,Gemma-3-27B,Always Defect,26,0.0,0.0,4,4,0.0
gemma3_27b__vs__always_defect__seed101,101,Gemma-3-27B,Always Defect,27,0.0,0.0,4,4,0.0
gemma3_27b__vs__always_defect__seed101,101,Gemma-3-27B,Always Defect,28,0.0,0.0,4,4,0.0
gemma3_27b__vs__always_defect__seed101,101,Gemma-3-27B,Always Defect,29,0.0,0.0,4,4,0.0
gemma3_27b__vs__always_defect__seed101,101,Gemma-3-27B,Always Defect,30,0.0,0.0,4,4,0.0
gemma3_27b__vs__always_defect__seed101,101,Gemma-3-27B,Always Defect,31,0.0,0.0,4,4,0.0
gemma3_27b__vs__always_defect__seed101,101,Gemma-3-27B,Always Defect,32,0.0,0.0,4,4,0.0
gemma3_27b__vs__always_defect__seed101,101,Gemma-3-27B,Always Defect,33,0.0,0.0,4,4,0.0
gemma3_27b__vs__always_defect__seed101,101,Gemma-3-27B,Always Defect,34,0.0,0.0,4,4,0.0
gemma3_27b__vs__always_defect__seed101,101,Gemma-3-27B,Always Defect,35,0.0,0.0,4,4,0.0
gemma3_27b__vs__always_defect__seed101,101,Gemma-3-27B,Always Defect,36,0.0,0.0,4,4,0.0
gemma3_27b__vs__always_defect__seed101,101,Gemma-3-27B,Always Defect,37,0.0,0.0,4,4,0.0
gemma3_27b__vs__always_defect__seed101,101,Gemma-3-27B,Always Defect,38,0.0,0.0,4,4,0.0
gemma3_27b__vs__always_defect__seed101,101,Gemma-3-27B,Always Defect,39,0.0,0.0,4,4,0.0
gemma3_27b__vs__always_defect__seed101,101,Gemma-3-27B,Always Defect,40,0.0,0.0,4,4,0.0
gemma3_27b__vs__always_defect__seed101,101,Gemma-3-27B,Always Defect,41,0.0,0.0,4,4,0.0
gemma3_27b__vs__always_defect__seed101,101,Gemma-3-27B,Always Defect,42,0.0,0.0,4,4,0.0
gemma3_27b__vs__always_defect__seed101,101,Gemma-3-27B,Always Defect,43,0.0,0.0,4,4,0.0
gemma3_27b__vs__always_defect__seed101,101,Gemma-3-27B,Always Defect,44,0.0,0.0,4,4,0.0
gemma3_27b__vs__always_defect__seed101,101,Gemma-3-27B,Always Defect,45,0.0,0.0,4,4,0.0
gemma3_27b__vs__always_defect__seed101,101,Gemma-3-27B,Always Defect,46,0.0,0.0,4,4,0.0
gemma3_27b__vs__always_defect__seed101,101,Gemma-3-27B,Always Defect,47,0.0,0.0,4,4,0.0
gemma3_27b__vs__always_defect__seed101,101,Gemma-3-27B,Always Defect,48,0.0,0.0,4,4,0.0
gemma3_27b__vs__always_defect__seed101,101,Gemma-3-27B,Always Defect,49,0.0,0.0,4,4,0.0
gemma3_27b__vs__always_defect__seed101,101,Gemma-3-27B,Always Defect,50,0.0,0.0,4,4,0.0
gemma3_27b__vs__always_defect__seed102,102,Gemma-3-27B,Always Defect,1,0.0,0.0,4,4,0.0
gemma3_27b__vs__always_defect__seed102,102,Gemma-3-27B,Always Defect,2,0.0,0.0,4,4,0.0
gemma3_27b__vs__always_defect__seed102,102,Gemma-3-27B,Always Defect,3,0.0,0.0,4,4,0.0
gemma3_27b__vs__always_defect__seed102,102,Gemma-3-27B,Always Defect,4,0.0,0.0,4,4,0.0
gemma3_27b__vs__always_defect__seed102,102,Gemma-3-27B,Always Defect,5,0.0,0.0,4,4,0.0
gemma3_27b__vs__always_defect__seed102,102,Gemma-3-27B,Always Defect,6,0.0,0.0,4,4,0.0
gemma3_27b__vs__always_defect__seed102,102,Gemma-3-27B,Always Defect,7,0.0,0.0,4,4,0.0
gemma3_27b__vs__always_defect__seed102,102,Gemma-3-27B,Always Defect,8,0.0,0.0,4,4,0.0
gemma3_27b__vs__always_defect__seed102,102,Gemma-3-27B,Always Defect,9,0.0,0.0,4,4,0.0
gemma3_27b__vs__always_defect__seed102,102,Gemma-3-27B,Always Defect,10,0.0,0.0,4,4,0.0
gemma3_27b__vs__always_defect__seed102,102,Gemma-3-27B,Always Defect,11,0.0,0.0,4,4,0.0
gemma3_27b__vs__always_defect__seed102,102,Gemma-3-27B,Always Defect,12,0.0,0.0,4,4,0.0
gemma3_27b__vs__always_defect__seed102,102,Gemma-3-27B,Always Defect,13,0.0,0.0,4,4,0.0
gemma3_27b__vs__always_defect__seed102,102,Gemma-3-27B,Always Defect,14,0.0,0.0,4,4,0.0
gemma3_27b__vs__always_defect__seed102,102,Gemma-3-27B,Always Defect,15,0.0,0.0,4,4,0.0
gemma3_27b__vs__always_defect__seed102,102,Gemma-3-27B,Always Defect,16,0.0,0.0,4,4,0.0
gemma3_27b__vs__always_defect__seed102,102,Gemma-3-27B,Always Defect,17,0.0,0.0,4,4,0.0
gemma3_27b__vs__always_defect__seed102,102,Gemma-3-27B,Always Defect,18,0.0,0.0,4,4,0.0
gemma3_27b__vs__always_defect__seed102,102,Gemma-3-27B,Always Defect,19,0.0,0.0,4,4,0.0
gemma3_27b__vs__always_defect__seed102,102,Gemma-3-27B,Always Defect,20,0.0,0.0,4,4,0.0
gemma3_27b__vs__always_defect__seed102,102,Gemma-3-27B,Always Defect,21,0.0,0.0,4,4,0.0
gemma3_27b__vs__always_defect__seed102,102,Gemma-3-27B,Always Defect,22,0.0,0.0,4,4,0.0
gemma3_27b__vs__always_defect__seed102,102,Gemma-3-27B,Always Defect,23,0.0,0.0,4,4,0.0
gemma3_27b__vs__always_defect__seed102,102,Gemma-3-27B,Always Defect,24,0.0,0.0,4,4,0.0
gemma3_27b__vs__always_defect__seed102,102,Gemma-3-27B,Always Defect,25,0.0,0.0,4,4,0.0
gemma3_27b__vs__always_defect__seed102,102,Gemma-3-27B,Always Defect,26,0.0,0.0,4,4,0.0
gemma3_27b__vs__always_defect__seed102,102,Gemma-3-27B,Always Defect,27,0.0,0.0,4,4,0.0
gemma3_27b__vs__always_defect__seed102,102,Gemma-3-27B,Always Defect,28,0.0,0.0,4,4,0.0
gemma3_27b__vs__always_defect__seed102,102,Gemma-3-27B,Always Defect,29,0.0,0.0,4,4,0.0
gemma3_27b__vs__always_defect__seed102,102,Gemma-3-27B,Always Defect,30,0.0,0.0,4,4,0.0
gemma3_27b__vs__always_defect__seed102,102,Gemma-3-27B,Always Defect,31,0.0,0.0,4,4,0.0
gemma3_27b__vs__always_defect__seed102,102,Gemma-3-27B,Always Defect,32,0.0,0.0,4,4,0.0
gemma3_27b__vs__always_defect__seed102,102,Gemma-3-27B,Always Defect,33,0.0,0.0,4,4,0.0
gemma3_27b__vs__always_defect__seed102,102,Gemma-3-27B,Always Defect,34,0.0,0.0,4,4,0.0
gemma3_27b__vs__always_defect__seed102,102,Gemma-3-27B,Always Defect,35,0.0,0.0,4,4,0.0
gemma3_27b__vs__always_defect__seed102,102,Gemma-3-27B,Always Defect,36,0.0,0.0,4,4,0.0
gemma3_27b__vs__always_defect__seed102,102,Gemma-3-27B,Always Defect,37,0.0,0.0,4,4,0.0
gemma3_27b__vs__always_defect__seed102,102,Gemma-3-27B,Always Defect,38,0.0,0.0,4,4,0.0
gemma3_27b__vs__always_defect__seed102,102,Gemma-3-27B,Always Defect,39,0.0,0.0,4,4,0.0
gemma3_27b__vs__always_defect__seed102,102,Gemma-3-27B,Always Defect,40,0.0,0.0,4,4,0.0
gemma3_27b__vs__always_defect__seed102,102,Gemma-3-27B,Always Defect,41,0.0,0.0,4,4,0.0
gemma3_27b__vs__always_defect__seed102,102,Gemma-3-27B,Always Defect,42,0.0,0.0,4,4,0.0
gemma3_27b__vs__always_defect__seed102,102,Gemma-3-27B,Always Defect,43,0.0,0.0,4,4,0.0
gemma3_27b__vs__always_defect__seed102,102,Gemma-3-27B,Always Defect,44,0.0,0.0,4,4,0.0
gemma3_27b__vs__always_defect__seed102,102,Gemma-3-27B,Always Defect,45,0.0,0.0,4,4,0.0
gemma3_27b__vs__always_defect__seed102,102,Gemma-3-27B,Always Defect,46,0.0,0.0,4,4,0.0
gemma3_27b__vs__always_defect__seed102,102,Gemma-3-27B,Always Defect,47,0.0,0.0,4,4,0.0
gemma3_27b__vs__always_defect__seed102,102,Gemma-3-27B,Always Defect,48,0.0,0.0,4,4,0.0
gemma3_27b__vs__always_defect__seed102,102,Gemma-3-27B,Always Defect,49,0.0,0.0,4,4,0.0
gemma3_27b__vs__always_defect__seed102,102,Gemma-3-27B,Always Defect,50,0.0,0.0,4,4,0.0
gemma3_27b__vs__always_defect__seed103,103,Gemma-3-27B,Always Defect,1,0.0,0.0,4,4,0.0
gemma3_27b__vs__always_defect__seed103,103,Gemma-3-27B,Always Defect,2,0.0,0.0,4,4,0.0
gemma3_27b__vs__always_defect__seed103,103,Gemma-3-27B,Always Defect,3,0.0,0.0,4,4,0.0
gemma3_27b__vs__always_defect__seed103,103,Gemma-3-27B,Always Defect,4,0.0,0.0,4,4,0.0
gemma3_27b__vs__always_defect__seed103,103,Gemma-3-27B,Always Defect,5,0.0,0.0,4,4,0.0
gemma3_27b__vs__always_defect__seed103,103,Gemma-3-27B,Always Defect,6,0.0,0.0,4,4,0.0
gemma3_27b__vs__always_defect__seed103,103,Gemma-3-27B,Always Defect,7,0.0,0.0,4,4,0.0
gemma3_27b__vs__always_defect__seed103,103,Gemma-3-27B,Always Defect,8,0.0,0.0,4,4,0.0
gemma3_27b__vs__always_defect__seed103,103,Gemma-3-27B,Always Defect,9,0.0,0.0,4,4,0.0
gemma3_27b__vs__always_defect__seed103,103,Gemma-3-27B,Always Defect,10,0.0,0.0,4,4,0.0
gemma3_27b__vs__always_defect__seed103,103,Gemma-3-27B,Always Defect,11,0.0,0.0,4,4,0.0
gemma3_27b__vs__always_defect__seed103,103,Gemma-3-27B,Always Defect,12,0.0,0.0,4,4,0.0
gemma3_27b__vs__always_defect__seed103,103,Gemma-3-27B,Always Defect,13,0.0,0.0,4,4,0.0
gemma3_27b__vs__always_defect__seed103,103,Gemma-3-27B,Always Defect,14,0.0,0.0,4,4,0.0
gemma3_27b__vs__always_defect__seed103,103,Gemma-3-27B,Always Defect,15,0.0,0.0,4,4,0.0
gemma3_27b__vs__always_defect__seed103,103,Gemma-3-27B,Always Defect,16,0.0,0.0,4,4,0.0
gemma3_27b__vs__always_defect__seed103,103,Gemma-3-27B,Always Defect,17,0.0,0.0,4,4,0.0
gemma3_27b__vs__always_defect__seed103,103,Gemma-3-27B,Always Defect,18,0.0,0.0,4,4,0.0
gemma3_27b__vs__always_defect__seed103,103,Gemma-3-27B,Always Defect,19,0.0,0.0,4,4,0.0
gemma3_27b__vs__always_defect__seed103,103,Gemma-3-27B,Always Defect,20,0.0,0.0,4,4,0.0
gemma3_27b__vs__always_defect__seed103,103,Gemma-3-27B,Always Defect,21,0.0,0.0,4,4,0.0
gemma3_27b__vs__always_defect__seed103,103,Gemma-3-27B,Always Defect,22,0.0,0.0,4,4,0.0
gemma3_27b__vs__always_defect__seed103,103,Gemma-3-27B,Always Defect,23,0.0,0.0,4,4,0.0
gemma3_27b__vs__always_defect__seed103,103,Gemma-3-27B,Always Defect,24,0.0,0.0,4,4,0.0
gemma3_27b__vs__always_defect__seed103,103,Gemma-3-27B,Always Defect,25,0.0,0.0,4,4,0.0
gemma3_27b__vs__always_defect__seed103,103,Gemma-3-27B,Always Defect,26,0.0,0.0,4,4,0.0
gemma3_27b__vs__always_defect__seed103,103,Gemma-3-27B,Always Defect,27,0.0,0.0,4,4,0.0
gemma3_27b__vs__always_defect__seed103,103,Gemma-3-27B,Always Defect,28,0.0,0.0,4,4,0.0
gemma3_27b__vs__always_defect__seed103,103,Gemma-3-27B,Always Defect,29,0.0,0.0,4,4,0.0
gemma3_27b__vs__always_defect__seed103,103,Gemma-3-27B,Always Defect,30,0.0,0.0,4,4,0.0
gemma3_27b__vs__always_defect__seed103,103,Gemma-3-27B,Always Defect,31,0.0,0.0,4,4,0.0
gemma3_27b__vs__always_defect__seed103,103,Gemma-3-27B,Always Defect,32,0.0,0.0,4,4,0.0
gemma3_27b__vs__always_defect__seed103,103,Gemma-3-27B,Always Defect,33,0.0,0.0,4,4,0.0
gemma3_27b__vs__always_defect__seed103,103,Gemma-3-27B,Always Defect,34,0.0,0.0,4,4,0.0
gemma3_27b__vs__always_defect__seed103,103,Gemma-3-27B,Always Defect,35,0.0,0.0,4,4,0.0
gemma3_27b__vs__always_defect__seed103,103,Gemma-3-27B,Always Defect,36,0.0,0.0,4,4,0.0
gemma3_27b__vs__always_defect__seed103,103,Gemma-3-27B,Always Defect,37,0.0,0.0,4,4,0.0
gemma3_27b__vs__always_defect__seed103,103,Gemma-3-27B,Always Defect,38,0.0,0.0,4,4,0.0
gemma3_27b__vs__always_defect__seed103,103,Gemma-3-27B,Always Defect,39,0.0,0.0,4,4,0.0
gemma3_27b__vs__always_defect__seed103,103,Gemma-3-27B,Always Defect,40,0.0,0.0,4,4,0.0
gemma3_27b__vs__always_defect__seed103,103,Gemma-3-27B,Always Defect,41,0.0,0.0,4,4,0.0
gemma3_27b__vs__always_defect__seed103,103,Gemma-3-27B,Always Defect,42,0.0,0.0,4,4,0.0
gemma3_27b__vs__always_defect__seed103,103,Gemma-3-27B,Always Defect,43,0.0,0.0,4,4,0.0
gemma3_27b__vs__always_defect__seed103,103,Gemma-3-27B,Always Defect,44,0.0,0.0,4,4,0.0
gemma3_27b__vs__always_defect__seed103,103,Gemma-3-27B,Always Defect,45,0.0,0.0,4,4,0.0
gemma3_27b__vs__always_defect__seed103,103,Gemma-3-27B,Always Defect,46,0.0,0.0,4,4,0.0
gemma3_27b__vs__always_defect__seed103,103,Gemma-3-27B,Always Defect,47,0.0,0.0,4,4,0.0
gemma3_27b__vs__always_defect__seed103,103,Gemma-3-27B,Always Defect,48,0.0,0.0,4,4,0.0
gemma3_27b__vs__always_defect__seed103,103,Gemma-3-27B,Always Defect,49,0.0,0.0,4,4,0.0
gemma3_27b__vs__always_defect__seed103,103,Gemma-3-27B,Always Defect,50,0.0,0.0,4,4,0.0
gemma3_27b__vs__always_defect__seed104,104,Gemma-3-27B,Always Defect,1,0.0,0.0,4,4,0.0
gemma3_27b__vs__always_defect__seed104,104,Gemma-3-27B,Always Defect,2,0.0,0.0,4,4,0.0
gemma3_27b__vs__always_defect__seed104,104,Gemma-3-27B,Always Defect,3,0.0,0.0,4,4,0.0
gemma3_27b__vs__always_defect__seed104,104,Gemma-3-27B,Always Defect,4,0.0,0.0,4,4,0.0
gemma3_27b__vs__always_defect__seed104,104,Gemma-3-27B,Always Defect,5,0.0,0.0,4,4,0.0
gemma3_27b__vs__always_defect__seed104,104,Gemma-3-27B,Always Defect,6,0.0,0.0,4,4,0.0
gemma3_27b__vs__always_defect__seed104,104,Gemma-3-27B,Always Defect,7,0.0,0.0,4,4,0.0
gemma3_27b__vs__always_defect__seed104,104,Gemma-3-27B,Always Defect,8,0.0,0.0,4,4,0.0
gemma3_27b__vs__always_defect__seed104,104,Gemma-3-27B,Always Defect,9,0.0,0.0,4,4,0.0
gemma3_27b__vs__always_defect__seed104,104,Gemma-3-27B,Always Defect,10,0.0,0.0,4,4,0.0
gemma3_27b__vs__always_defect__seed104,104,Gemma-3-27B,Always Defect,11,0.0,0.0,4,4,0.0
gemma3_27b__vs__always_defect__seed104,104,Gemma-3-27B,Always Defect,12,0.0,0.0,4,4,0.0
gemma3_27b__vs__always_defect__seed104,104,Gemma-3-27B,Always Defect,13,0.0,0.0,4,4,0.0
gemma3_27b__vs__always_defect__seed104,104,Gemma-3-27B,Always Defect,14,0.0,0.0,4,4,0.0
gemma3_27b__vs__always_defect__seed104,104,Gemma-3-27B,Always Defect,15,0.0,0.0,4,4,0.0
gemma3_27b__vs__always_defect__seed104,104,Gemma-3-27B,Always Defect,16,0.0,0.0,4,4,0.0
gemma3_27b__vs__always_defect__seed104,104,Gemma-3-27B,Always Defect,17,0.0,0.0,4,4,0.0
gemma3_27b__vs__always_defect__seed104,104,Gemma-3-27B,Always Defect,18,0.0,0.0,4,4,0.0
gemma3_27b__vs__always_defect__seed104,104,Gemma-3-27B,Always Defect,19,0.0,0.0,4,4,0.0
gemma3_27b__vs__always_defect__seed104,104,Gemma-3-27B,Always Defect,20,0.0,0.0,4,4,0.0
gemma3_27b__vs__always_defect__seed104,104,Gemma-3-27B,Always Defect,21,0.0,0.0,4,4,0.0
gemma3_27b__vs__always_defect__seed104,104,Gemma-3-27B,Always Defect,22,0.0,0.0,4,4,0.0
gemma3_27b__vs__always_defect__seed104,104,Gemma-3-27B,Always Defect,23,0.0,0.0,4,4,0.0
gemma3_27b__vs__always_defect__seed104,104,Gemma-3-27B,Always Defect,24,0.0,0.0,4,4,0.0
gemma3_27b__vs__always_defect__seed104,104,Gemma-3-27B,Always Defect,25,0.0,0.0,4,4,0.0
gemma3_27b__vs__always_defect__seed104,104,Gemma-3-27B,Always Defect,26,0.0,0.0,4,4,0.0
gemma3_27b__vs__always_defect__seed104,104,Gemma-3-27B,Always Defect,27,0.0,0.0,4,4,0.0
gemma3_27b__vs__always_defect__seed104,104,Gemma-3-27B,Always Defect,28,0.0,0.0,4,4,0.0
gemma3_27b__vs__always_defect__seed104,104,Gemma-3-27B,Always Defect,29,0.0,0.0,4,4,0.0
gemma3_27b__vs__always_defect__seed104,104,Gemma-3-27B,Always Defect,30,0.0,0.0,4,4,0.0
gemma3_27b__vs__always_defect__seed104,104,Gemma-3-27B,Always Defect,31,0.0,0.0,4,4,0.0
gemma3_27b__vs__always_defect__seed104,104,Gemma-3-27B,Always Defect,32,0.0,0.0,4,4,0.0
gemma3_27b__vs__always_defect__seed104,104,Gemma-3-27B,Always Defect,33,0.0,0.0,4,4,0.0
gemma3_27b__vs__always_defect__seed104,104,Gemma-3-27B,Always Defect,34,0.0,0.0,4,4,0.0
gemma3_27b__vs__always_defect__seed104,104,Gemma-3-27B,Always Defect,35,0.0,0.0,4,4,0.0
gemma3_27b__vs__always_defect__seed104,104,Gemma-3-27B,Always Defect,36,0.0,0.0,4,4,0.0
gemma3_27b__vs__always_defect__seed104,104,Gemma-3-27B,Always Defect,37,0.0,0.0,4,4,0.0
gemma3_27b__vs__always_defect__seed104,104,Gemma-3-27B,Always Defect,38,0.0,0.0,4,4,0.0
gemma3_27b__vs__always_defect__seed104,104,Gemma-3-27B,Always Defect,39,0.0,0.0,4,4,0.0
gemma3_27b__vs__always_defect__seed104,104,Gemma-3-27B,Always Defect,40,0.0,0.0,4,4,0.0
gemma3_27b__vs__always_defect__seed104,104,Gemma-3-27B,Always Defect,41,0.0,0.0,4,4,0.0
gemma3_27b__vs__always_defect__seed104,104,Gemma-3-27B,Always Defect,42,0.0,0.0,4,4,0.0
gemma3_27b__vs__always_defect__seed104,104,Gemma-3-27B,Always Defect,43,0.0,0.0,4,4,0.0
gemma3_27b__vs__always_defect__seed104,104,Gemma-3-27B,Always Defect,44,0.0,0.0,4,4,0.0
gemma3_27b__vs__always_defect__seed104,104,Gemma-3-27B,Always Defect,45,0.0,0.0,4,4,0.0
gemma3_27b__vs__always_defect__seed104,104,Gemma-3-27B,Always Defect,46,0.0,0.0,4,4,0.0
gemma3_27b__vs__always_defect__seed104,104,Gemma-3-27B,Always Defect,47,0.0,0.0,4,4,0.0
gemma3_27b__vs__always_defect__seed104,104,Gemma-3-27B,Always Defect,48,0.0,0.0,4,4,0.0
gemma3_27b__vs__always_defect__seed104,104,Gemma-3-27B,Always Defect,49,0.0,0.0,4,4,0.0
gemma3_27b__vs__always_defect__seed104,104,Gemma-3-27B,Always Defect,50,0.0,0.0,4,4,0.0
gemma3_27b__vs__always_defect__seed105,105,Gemma-3-27B,Always Defect,1,0.0,0.0,4,4,0.0
gemma3_27b__vs__always_defect__seed105,105,Gemma-3-27B,Always Defect,2,0.0,0.0,4,4,0.0
gemma3_27b__vs__always_defect__seed105,105,Gemma-3-27B,Always Defect,3,0.0,0.0,4,4,0.0
gemma3_27b__vs__always_defect__seed105,105,Gemma-3-27B,Always Defect,4,0.0,0.0,4,4,0.0
gemma3_27b__vs__always_defect__seed105,105,Gemma-3-27B,Always Defect,5,0.0,0.0,4,4,0.0
gemma3_27b__vs__always_defect__seed105,105,Gemma-3-27B,Always Defect,6,0.0,0.0,4,4,0.0
gemma3_27b__vs__always_defect__seed105,105,Gemma-3-27B,Always Defect,7,0.0,0.0,4,4,0.0
gemma3_27b__vs__always_defect__seed105,105,Gemma-3-27B,Always Defect,8,0.0,0.0,4,4,0.0
gemma3_27b__vs__always_defect__seed105,105,Gemma-3-27B,Always Defect,9,0.0,0.0,4,4,0.0
gemma3_27b__vs__always_defect__seed105,105,Gemma-3-27B,Always Defect,10,0.0,0.0,4,4,0.0
gemma3_27b__vs__always_defect__seed105,105,Gemma-3-27B,Always Defect,11,0.0,0.0,4,4,0.0
gemma3_27b__vs__always_defect__seed105,105,Gemma-3-27B,Always Defect,12,0.0,0.0,4,4,0.0
gemma3_27b__vs__always_defect__seed105,105,Gemma-3-27B,Always Defect,13,0.0,0.0,4,4,0.0
gemma3_27b__vs__always_defect__seed105,105,Gemma-3-27B,Always Defect,14,0.0,0.0,4,4,0.0
gemma3_27b__vs__always_defect__seed105,105,Gemma-3-27B,Always Defect,15,0.0,0.0,4,4,0.0
gemma3_27b__vs__always_defect__seed105,105,Gemma-3-27B,Always Defect,16,0.0,0.0,4,4,0.0
gemma3_27b__vs__always_defect__seed105,105,Gemma-3-27B,Always Defect,17,0.0,0.0,4,4,0.0
gemma3_27b__vs__always_defect__seed105,105,Gemma-3-27B,Always Defect,18,0.0,0.0,4,4,0.0
gemma3_27b__vs__always_defect__seed105,105,Gemma-3-27B,Always Defect,19,0.0,0.0,4,4,0.0
gemma3_27b__vs__always_defect__seed105,105,Gemma-3-27B,Always Defect,20,0.0,0.0,4,4,0.0
gemma3_27b__vs__always_defect__seed105,105,Gemma-3-27B,Always Defect,21,0.0,0.0,4,4,0.0
gemma3_27b__vs__always_defect__seed105,105,Gemma-3-27B,Always Defect,22,0.0,0.0,4,4,0.0
gemma3_27b__vs__always_defect__seed105,105,Gemma-3-27B,Always Defect,23,0.0,0.0,4,4,0.0
gemma3_27b__vs__always_defect__seed105,105,Gemma-3-27B,Always Defect,24,0.0,0.0,4,4,0.0
gemma3_27b__vs__always_defect__seed105,105,Gemma-3-27B,Always Defect,25,0.0,0.0,4,4,0.0
gemma3_27b__vs__always_defect__seed105,105,Gemma-3-27B,Always Defect,26,0.0,0.0,4,4,0.0
gemma3_27b__vs__always_defect__seed105,105,Gemma-3-27B,Always Defect,27,0.0,0.0,4,4,0.0
gemma3_27b__vs__always_defect__seed105,105,Gemma-3-27B,Always Defect,28,0.0,0.0,4,4,0.0
gemma3_27b__vs__always_defect__seed105,105,Gemma-3-27B,Always Defect,29,0.0,0.0,4,4,0.0
gemma3_27b__vs__always_defect__seed105,105,Gemma-3-27B,Always Defect,30,0.0,0.0,4,4,0.0
gemma3_27b__vs__always_defect__seed105,105,Gemma-3-27B,Always Defect,31,0.0,0.0,4,4,0.0
gemma3_27b__vs__always_defect__seed105,105,Gemma-3-27B,Always Defect,32,0.0,0.0,4,4,0.0
gemma3_27b__vs__always_defect__seed105,105,Gemma-3-27B,Always Defect,33,0.0,0.0,4,4,0.0
gemma3_27b__vs__always_defect__seed105,105,Gemma-3-27B,Always Defect,34,0.0,0.0,4,4,0.0
gemma3_27b__vs__always_defect__seed105,105,Gemma-3-27B,Always Defect,35,0.0,0.0,4,4,0.0
gemma3_27b__vs__always_defect__seed105,105,Gemma-3-27B,Always Defect,36,0.0,0.0,4,4,0.0
gemma3_27b__vs__always_defect__seed105,105,Gemma-3-27B,Always Defect,37,0.0,0.0,4,4,0.0
gemma3_27b__vs__always_defect__seed105,105,Gemma-3-27B,Always Defect,38,0.0,0.0,4,4,0.0
gemma3_27b__vs__always_defect__seed105,105,Gemma-3-27B,Always Defect,39,0.0,0.0,4,4,0.0
gemma3_27b__vs__always_defect__seed105,105,Gemma-3-27B,Always Defect,40,0.0,0.0,4,4,0.0
gemma3_27b__vs__always_defect__seed105,105,Gemma-3-27B,Always Defect,41,0.0,0.0,4,4,0.0
gemma3_27b__vs__always_defect__seed105,105,Gemma-3-27B,Always Defect,42,0.0,0.0,4,4,0.0
gemma3_27b__vs__always_defect__seed105,105,Gemma-3-27B,Always Defect,43,0.0,0.0,4,4,0.0
gemma3_27b__vs__always_defect__seed105,105,Gemma-3-27B,Always Defect,44,0.0,0.0,4,4,0.0
gemma3_27b__vs__always_defect__seed105,105,Gemma-3-27B,Always Defect,45,0.0,0.0,4,4,0.0
gemma3_27b__vs__always_defect__seed105,105,Gemma-3-27B,Always Defect,46,0.0,0.0,4,4,0.0
gemma3_27b__vs__always_defect__seed105,105,Gemma-3-27B,Always Defect,47,0.0,0.0,4,4,0.0
gemma3_27b__vs__always_defect__seed105,105,Gemma-3-27B,Always Defect,48,0.0,0.0,4,4,0.0
gemma3_27b__vs__always_defect__seed105,105,Gemma-3-27B,Always Defect,49,0.0,0.0,4,4,0.0
gemma3_27b__vs__always_defect__seed105,105,Gemma-3-27B,Always Defect,50,0.0,0.0,4,4,0.0
gemma3_27b__vs__graded_tft__seed101,101,Gemma-3-27B,Graded TFT,1,0.0,1.0,4,0,12.0
gemma3_27b__vs__graded_tft__seed101,101,Gemma-3-27B,Graded TFT,2,0.0,0.5,4,2,5.99125
gemma3_27b__vs__graded_tft__seed101,101,Gemma-3-27B,Graded TFT,3,0.0,0.25,4,3,2.9803125
gemma3_27b__vs__graded_tft__seed101,101,Gemma-3-27B,Graded TFT,4,0.0,0.0,4,4,0.0
gemma3_27b__vs__graded_tft__seed101,101,Gemma-3-27B,Graded TFT,5,0.0,0.0,4,4,0.0
gemma3_27b__vs__graded_tft__seed101,101,Gemma-3-27B,Graded TFT,6,0.0,0.0,4,4,0.0
gemma3_27b__vs__graded_tft__seed101,101,Gemma-3-27B,Graded TFT,7,0.0,0.0,4,4,0.0
gemma3_27b__vs__graded_tft__seed101,101,Gemma-3-27B,Graded TFT,8,0.0,0.0,4,4,0.0
gemma3_27b__vs__graded_tft__seed101,101,Gemma-3-27B,Graded TFT,9,0.0,0.0,4,4,0.0
gemma3_27b__vs__graded_tft__seed101,101,Gemma-3-27B,Graded TFT,10,0.0,0.0,4,4,0.0
gemma3_27b__vs__graded_tft__seed101,101,Gemma-3-27B,Graded TFT,11,0.0,0.0,4,4,0.0
gemma3_27b__vs__graded_tft__seed101,101,Gemma-3-27B,Graded TFT,12,0.0,0.0,4,4,0.0
gemma3_27b__vs__graded_tft__seed101,101,Gemma-3-27B,Graded TFT,13,0.0,0.0,4,4,0.0
gemma3_27b__vs__graded_tft__seed101,101,Gemma-3-27B,Graded TFT,14,0.0,0.0,4,4,0.0
gemma3_27b__vs__graded_tft__seed101,101,Gemma-3-27B,Graded TFT,15,0.0,0.0,4,4,0.0
gemma3_27b__vs__graded_tft__seed101,101,Gemma-3-27B,Graded TFT,16,0.0,0.0,4,4,0.0
gemma3_27b__vs__graded_tft__seed101,101,Gemma-3-27B,Graded TFT,17,0.0,0.0,4,4,0.0
gemma3_27b__vs__graded_tft__seed101,101,Gemma-3-27B,Graded TFT,18,0.0,0.0,4,4,0.0
gemma3_27b__vs__graded_tft__seed101,101,Gemma-3-27B,Graded TFT,19,0.0,0.0,4,4,0.0
gemma3_27b__vs__graded_tft__seed101,101,Gemma-3-27B,Graded TFT,20,0.0,0.0,4,4,0.0
gemma3_27b__vs__graded_tft__seed101,101,Gemma-3-27B,Graded TFT,21,0.0,0.0,4,4,0.0
gemma3_27b__vs__graded_tft__seed101,101,Gemma-3-27B,Graded TFT,22,0.0,0.0,4,4,0.0
gemma3_27b__vs__graded_tft__seed101,101,Gemma-3-27B,Graded TFT,23,0.0,0.0,4,4,0.0
gemma3_27b__vs__graded_tft__seed101,101,Gemma-3-27B,Graded TFT,24,0.0,0.0,4,4,0.0
gemma3_27b__vs__graded_tft__seed101,101,Gemma-3-27B,Graded TFT,25,0.0,0.0,4,4,0.0
gemma3_27b__vs__graded_tft__seed101,101,Gemma-3-27B,Graded TFT,26,0.0,0.0,4,4,0.0
gemma3_27b__vs__graded_tft__seed101,101,Gemma-3-27B,Graded TFT,27,0.0,0.0,4,4,0.0
gemma3_27b__vs__graded_tft__seed101,101,Gemma-3-27B,Graded TFT,28,0.0,0.0,4,4,0.0
gemma3_27b__vs__graded_tft__seed101,101,Gemma-3-27B,Graded TFT,29,0.0,0.0,4,4,0.0
gemma3_27b__vs__graded_tft__seed101,101,Gemma-3-27B,Graded TFT,30,0.0,0.0,4,4,0.0
gemma3_27b__vs__graded_tft__seed101,101,Gemma-3-27B,Graded TFT,31,0.0,0.0,4,4,0.0
gemma3_27b__vs__graded_tft__seed101,101,Gemma-3-27B,Graded TFT,32,0.0,0.0,4,4,0.0
gemma3_27b__vs__graded_tft__seed101,101,Gemma-3-27B,Graded TFT,33,0.0,0.0,4,4,0.0
gemma3_27b__vs__graded_tft__seed101,101,Gemma-3-27B,Graded TFT,34,0.0,0.0,4,4,0.0
gemma3_27b__vs__graded_tft__seed101,101,Gemma-3-27B,Graded TFT,35,0.0,0.0,4,4,0.0
gemma3_27b__vs__graded_tft__seed101,101,Gemma-3-27B,Graded TFT,36,0.0,0.0,4,4,0.0
gemma3_27b__vs__graded_tft__seed101,101,Gemma-3-27B,Graded TFT,37,0.0,0.0,4,4,0.0
gemma3_27b__vs__graded_tft__seed101,101,Gemma-3-27B,Graded TFT,38,0.0,0.0,4,4,0.0
gemma3_27b__vs__graded_tft__seed101,101,Gemma-3-27B,Graded TFT,39,0.0,0.0,4,4,0.0
gemma3_27b__vs__graded_tft__seed101,101,Gemma-3-27B,Graded TFT,40,0.0,0.0,4,4,0.0
gemma3_27b__vs__graded_tft__seed101,101,Gemma-3-27B,Graded TFT,41,0.0,0.0,4,4,0.0
gemma3_27b__vs__graded_tft__seed101,101,Gemma-3-27B,Graded TFT,42,0.0,0.0,4,4,0.0
gemma3_27b__vs__graded_tft__seed101,101,Gemma-3-27B,Graded TFT,43,0.0,0.0,4,4,0.0
gemma3_27b__vs__graded_tft__seed101,101,Gemma-3-27B,Graded TFT,44,0.0,0.0,4,4,0.0
gemma3_27b__vs__graded_tft__seed101,101,Gemma-3-27B,Graded TFT,45,0.0,0.0,4,4,0.0
gemma3_27b__vs__graded_tft__seed101,101,Gemma-3-27B,Graded TFT,46,0.0,0.0,4,4,0.0
gemma3_27b__vs__graded_tft__seed101,101,Gemma-3-27B,Graded TFT,47,0.0,0.0,4,4,0.0
gemma3_27b__vs__graded_tft__seed101,101,Gemma-3-27B,Graded TFT,48,0.0,0.0,4,4,0.0
gemma3_27b__vs__graded_tft__seed101,101,Gemma-3-27B,Graded TFT,49,0.0,0.0,4,4,0.0
gemma3_27b__vs__graded_tft__seed101,101,Gemma-3-27B,Graded TFT,50,0.0,0.0,4,4,0.0
gemma3_27b__vs__graded_tft__seed102,102,Gemma-3-27B,Graded TFT,1,0.0,1.0,4,0,12.0
gemma3_27b__vs__graded_tft__seed102,102,Gemma-3-27B,Graded TFT,2,0.0,0.5,4,2,5.99125
gemma3_27b__vs__graded_tft__seed102,102,Gemma-3-27B,Graded TFT,3,0.0,0.25,4,3,2.9803125
gemma3_27b__vs__graded_tft__seed102,102,Gemma-3-27B,Graded TFT,4,0.0,0.0,4,4,0.0
gemma3_27b__vs__graded_tft__seed102,102,Gemma-3-27B,Graded TFT,5,0.0,0.5,4,2,5.873854166666667
gemma3_27b__vs__graded_tft__seed102,102,Gemma-3-27B,Graded TFT,6,0.0,0.25,4,3,2.9150520833333333
gemma3_27b__vs__graded_tft__seed102,102,Gemma-3-27B,Graded TFT,7,0.0,0.0,4,4,0.0
gemma3_27b__vs__graded_tft__seed102,102,Gemma-3-27B,Graded TFT,8,0.0,0.0,4,4,0.0
gemma3_27b__vs__graded_tft__seed102,102,Gemma-3-27B,Graded TFT,9,0.0,0.0,4,4,0.0
gemma3_27b__vs__graded_tft__seed102,102,Gemma-3-27B,Graded TFT,10,0.0,0.0,4,4,0.0
gemma3_27b__vs__graded_tft__seed102,102,Gemma-3-27B,Graded TFT,11,0.0,0.0,4,4,0.0
gemma3_27b__vs__graded_tft__seed102,102,Gemma-3-27B,Graded TFT,12,0.0,0.0,4,4,0.0
gemma3_27b__vs__graded_tft__seed102,102,Gemma-3-27B,Graded TFT,13,0.0,0.0,4,4,0.0
gemma3_27b__vs__graded_tft__seed102,102,Gemma-3-27B,Graded TFT,14,0.0,0.0,4,4,0.0
gemma3_27b__vs__graded_tft__seed102,102,Gemma-3-27B,Graded TFT,15,0.0,0.0,4,4,0.0
gemma3_27b__vs__graded_tft__seed102,102,Gemma-3-27B,Graded TFT,16,0.0,0.0,4,4,0.0
gemma3_27b__vs__graded_tft__seed102,102,Gemma-3-27B,Graded TFT,17,0.0,0.0,4,4,0.0
gemma3_27b__vs__graded_tft__seed102,102,Gemma-3-27B,Graded TFT,18,0.0,0.0,4,4,0.0
gemma3_27b__vs__graded_tft__seed102,102,Gemma-3-27B,Graded TFT,19,0.0,0.0,4,4,0.0
gemma3_27b__vs__graded_tft__seed102,102,Gemma-3-27B,Graded TFT,20,0.0,0.0,4,4,0.0
gemma3_27b__vs__graded_tft__seed102,102,Gemma-3-27B,Graded TFT,21,0.0,0.0,4,4,0.0
gemma3_27b__vs__graded_tft__seed102,102,Gemma-3-27B,Graded TFT,22,0.0,0.0,4,4,0.0
gemma3_27b__vs__graded_tft__seed102,102,Gemma-3-27B,Graded TFT,23,0.0,0.0,4,4,0.0
gemma3_27b__vs__graded_tft__seed102,102,Gemma-3-27B,Graded TFT,24,0.0,0.0,4,4,0.0
gemma3_27b__vs__graded_tft__seed102,102,Gemma-3-27B,Graded TFT,25,0.0,0.0,4,4,0.0
gemma3_27b__vs__graded_tft__seed102,102,Gemma-3-27B,Graded TFT,26,0.0,0.0,4,4,0.0
gemma3_27b__vs__graded_tft__seed102,102,Gemma-3-27B,Graded TFT,27,0.0,0.0,4,4,0.0
gemma3_27b__vs__graded_tft__seed102,102,Gemma-3-27B,Graded TFT,28,0.0,0.0,4,4,0.0
gemma3_27b__vs__graded_tft__seed102,102,Gemma-3-27B,Graded TFT,29,0.0,0.0,4,4,0.0
gemma3_27b__vs__graded_tft__seed102,102,Gemma-3-27B,Graded TFT,30,0.0,0.0,4,4,0.0
gemma3_27b__vs__graded_tft__seed102,102,Gemma-3-27B,Graded TFT,31,0.0,0.0,4,4,0.0
gemma3_27b__vs__graded_tft__seed102,102,Gemma-3-27B,Graded TFT,32,0.0,0.0,4,4,0.0
gemma3_27b__vs__graded_tft__seed102,102,Gemma-3-27B,Graded TFT,33,0.0,0.0,4,4,0.0
gemma3_27b__vs__graded_tft__seed102,102,Gemma-3-27B,Graded TFT,34,0.0,0.0,4,4,0.0
gemma3_27b__vs__graded_tft__seed102,102,Gemma-3-27B,Graded TFT,35,0.0,0.0,4,4,0.0
gemma3_27b__vs__graded_tft__seed102,102,Gemma-3-27B,Graded TFT,36,0.0,0.0,4,4,0.0
gemma3_27b__vs__graded_tft__seed102,102,Gemma-3-27B,Graded TFT,37,0.0,0.0,4,4,0.0
gemma3_27b__vs__graded_tft__seed102,102,Gemma-3-27B,Graded TFT,38,0.0,0.0,4,4,0.0
gemma3_27b__vs__graded_tft__seed102,102,Gemma-3-27B,Graded TFT,39,0.0,0.0,4,4,0.0
gemma3_27b__vs__graded_tft__seed102,102,Gemma-3-27B,Graded TFT,40,0.0,0.0,4,4,0.0
gemma3_27b__vs__graded_tft__seed102,102,Gemma-3-27B,Graded TFT,41,0.0,0.0,4,4,0.0
gemma3_27b__vs__graded_tft__seed102,102,Gemma-3-27B,Graded TFT,42,0.0,0.0,4,4,0.0
gemma3_27b__vs__graded_tft__seed102,102,Gemma-3-27B,Graded TFT,43,0.0,0.0,4,4,0.0
gemma3_27b__vs__graded_tft__seed102,102,Gemma-3-27B,Graded TFT,44,0.0,0.0,4,4,0.0
gemma3_27b__vs__graded_tft__seed102,102,Gemma-3-27B,Graded TFT,45,0.0,0.0,4,4,0.0
gemma3_27b__vs__graded_tft__seed102,102,Gemma-3-27B,Graded TFT,46,0.0,0.0,4,4,0.0
gemma3_27b__vs__graded_tft__seed102,102,Gemma-3-27B,Graded TFT,47,0.0,0.0,4,4,0.0
gemma3_27b__vs__graded_tft__seed102,102,Gemma-3-27B,Graded TFT,48,0.0,0.0,4,4,0.0
gemma3_27b__vs__graded_tft__seed102,102,Gemma-3-27B,Graded TFT,49,0.0,0.0,4,4,0.0
gemma3_27b__vs__graded_tft__seed102,102,Gemma-3-27B,Graded TFT,50,0.0,0.0,4,4,0.0
gemma3_27b__vs__graded_tft__seed103,103,Gemma-3-27B,Graded TFT,1,0.0,1.0,4,0,12.0
gemma3_27b__vs__graded_tft__seed103,103,Gemma-3-27B,Graded TFT,2,0.0,0.5,4,2,5.99125
gemma3_27b__vs__graded_tft__seed103,103,Gemma-3-27B,Graded TFT,3,0.0,0.25,4,3,2.9803125
gemma3_27b__vs__graded_tft__seed103,103,Gemma-3-27B,Graded TFT,4,0.0,0.0,4,4,0.0
gemma3_27b__vs__graded_tft__seed103,103,Gemma-3-27B,Graded TFT,5,0.0,0.0,4,4,0.0
gemma3_27b__vs__graded_tft__seed103,103,Gemma-3-27B,Graded TFT,6,0.0,0.0,4,4,0.0
gemma3_27b__vs__graded_tft__seed103,103,Gemma-3-27B,Graded TFT,7,0.0,0.0,4,4,0.0
gemma3_27b__vs__graded_tft__seed103,103,Gemma-3-27B,Graded TFT,8,0.0,0.0,4,4,0.0
gemma3_27b__vs__graded_tft__seed103,103,Gemma-3-27B,Graded TFT,9,0.0,0.5,4,2,5.580546875000001
gemma3_27b__vs__graded_tft__seed103,103,Gemma-3-27B,Graded TFT,10,0.0,0.25,4,3,2.754453125000001
gemma3_27b__vs__graded_tft__seed103,103,Gemma-3-27B,Graded TFT,11,0.0,0.0,4,4,0.0
gemma3_27b__vs__graded_tft__seed103,103,Gemma-3-27B,Graded TFT,12,0.0,0.0,4,4,0.0
gemma3_27b__vs__graded_tft__seed103,103,Gemma-3-27B,Graded TFT,13,0.0,0.0,4,4,0.0
gemma3_27b__vs__graded_tft__seed103,103,Gemma-3-27B,Graded TFT,14,0.0,0.0,4,4,0.0
gemma3_27b__vs__graded_tft__seed103,103,Gemma-3-27B,Graded TFT,15,0.0,0.0,4,4,0.0
gemma3_27b__vs__graded_tft__seed103,103,Gemma-3-27B,Graded TFT,16,0.0,0.0,4,4,0.0
gemma3_27b__vs__graded_tft__seed103,103,Gemma-3-27B,Graded TFT,17,0.0,0.0,4,4,0.0
gemma3_27b__vs__graded_tft__seed103,103,Gemma-3-27B,Graded TFT,18,0.0,0.0,4,4,0.0
gemma3_27b__vs__graded_tft__seed103,103,Gemma-3-27B,Graded TFT,19,0.0,0.0,4,4,0.0
gemma3_27b__vs__graded_tft__seed103,103,Gemma-3-27B,Graded TFT,20,0.0,0.0,4,4,0.0
gemma3_27b__vs__graded_tft__seed103,103,Gemma-3-27B,Graded TFT,21,0.0,0.0,4,4,0.0
gemma3_27b__vs__graded_tft__seed103,103,Gemma-3-27B,Graded TFT,22,0.0,0.5,4,2,4.5
gemma3_27b__vs__graded_tft__seed103,103,Gemma-3-27B,Graded TFT,23,0.0,0.25,4,3,2.25
gemma3_27b__vs__graded_tft__seed103,103,Gemma-3-27B,Graded TFT,24,0.0,0.0,4,4,0.0
gemma3_27b__vs__graded_tft__seed103,103,Gemma-3-27B,Graded TFT,25,0.0,0.0,4,4,0.0
gemma3_27b__vs__graded_tft__seed103,103,Gemma-3-27B,Graded TFT,26,0.0,0.0,4,4,0.0
gemma3_27b__vs__graded_tft__seed103,103,Gemma-3-27B,Graded TFT,27,0.0,0.0,4,4,0.0
gemma3_27b__vs__graded_tft__seed103,103,Gemma-3-27B,Graded TFT,28,0.0,0.0,4,4,0.0
gemma3_27b__vs__graded_tft__seed103,103,Gemma-3-27B,Graded TFT,29,0.0,0.0,4,4,0.0
gemma3_27b__vs__graded_tft__seed103,103,Gemma-3-27B,Graded TFT,30,0.0,0.0,4,4,0.0
gemma3_27b__vs__graded_tft__seed103,103,Gemma-3-27B,Graded TFT,31,0.0,0.0,4,4,0.0
gemma3_27b__vs__graded_tft__seed103,103,Gemma-3-27B,Graded TFT,32,0.0,0.0,4,4,0.0
gemma3_27b__vs__graded_tft__seed103,103,Gemma-3-27B,Graded TFT,33,0.0,0.0,4,4,0.0
gemma3_27b__vs__graded_tft__seed103,103,Gemma-3-27B,Graded TFT,34,0.0,0.25,4,3,2.25
gemma3_27b__vs__graded_tft__seed103,103,Gemma-3-27B,Graded TFT,35,0.0,0.0,4,4,0.0
gemma3_27b__vs__graded_tft__seed103,103,Gemma-3-27B,Graded TFT,36,0.0,0.0,4,4,0.0
gemma3_27b__vs__graded_tft__seed103,103,Gemma-3-27B,Graded TFT,37,0.0,0.0,4,4,0.0
gemma3_27b__vs__graded_tft__seed103,103,Gemma-3-27B,Graded TFT,38,0.0,0.0,4,4,0.0
gemma3_27b__vs__graded_tft__seed103,103,Gemma-3-27B,Graded TFT,39,0.0,0.0,4,4,0.0
gemma3_27b__vs__graded_tft__seed103,103,Gemma-3-27B,Graded TFT,40,0.0,0.0,4,4,0.0
gemma3_27b__vs__graded_tft__seed103,103,Gemma-3-27B,Graded TFT,41,0.0,0.0,4,4,0.0
gemma3_27b__vs__graded_tft__seed103,103,Gemma-3-27B,Graded TFT,42,0.0,0.0,4,4,0.0
gemma3_27b__vs__graded_tft__seed103,103,Gemma-3-27B,Graded TFT,43,0.0,0.0,4,4,0.0
gemma3_27b__vs__graded_tft__seed103,103,Gemma-3-27B,Graded TFT,44,0.0,0.0,4,4,0.0
gemma3_27b__vs__graded_tft__seed103,103,Gemma-3-27B,Graded TFT,45,0.0,0.0,4,4,0.0
gemma3_27b__vs__graded_tft__seed103,103,Gemma-3-27B,Graded TFT,46,0.0,0.0,4,4,0.0
gemma3_27b__vs__graded_tft__seed103,103,Gemma-3-27B,Graded TFT,47,0.0,0.0,4,4,0.0
gemma3_27b__vs__graded_tft__seed103,103,Gemma-3-27B,Graded TFT,48,0.0,0.0,4,4,0.0
gemma3_27b__vs__graded_tft__seed103,103,Gemma-3-27B,Graded TFT,49,0.0,0.0,4,4,0.0
gemma3_27b__vs__graded_tft__seed103,103,Gemma-3-27B,Graded TFT,50,0.0,0.0,4,4,0.0
gemma3_27b__vs__graded_tft__seed104,104,Gemma-3-27B,Graded TFT,1,0.0,1.0,4,0,12.0
gemma3_27b__vs__graded_tft__seed104,104,Gemma-3-27B,Graded TFT,2,0.0,0.5,4,2,5.99125
gemma3_27b__vs__graded_tft__seed104,104,Gemma-3-27B,Graded TFT,3,0.0,0.5,4,2,5.9715625
gemma3_27b__vs__graded_tft__seed104,104,Gemma-3-27B,Graded TFT,4,0.0,0.5,4,2,5.948229166666667
gemma3_27b__vs__graded_tft__seed104,104,Gemma-3-27B,Graded TFT,5,0.0,0.25,4,3,2.9588020833333335
gemma3_27b__vs__graded_tft__seed104,104,Gemma-3-27B,Graded TFT,6,0.0,0.0,4,4,0.0
gemma3_27b__vs__graded_tft__seed104,104,Gemma-3-27B,Graded TFT,7,0.0,0.0,4,4,0.0
gemma3_27b__vs__graded_tft__seed104,104,Gemma-3-27B,Graded TFT,8,0.0,0.0,4,4,0.0
gemma3_27b__vs__graded_tft__seed104,104,Gemma-3-27B,Graded TFT,9,0.0,0.0,4,4,0.0
gemma3_27b__vs__graded_tft__seed104,104,Gemma-3-27B,Graded TFT,10,0.0,0.0,4,4,0.0
gemma3_27b__vs__graded_tft__seed104,104,Gemma-3-27B,Graded TFT,11,0.0,0.0,4,4,0.0
gemma3_27b__vs__graded_tft__seed104,104,Gemma-3-27B,Graded TFT,12,0.0,0.0,4,4,0.0
gemma3_27b__vs__graded_tft__seed104,104,Gemma-3-27B,Graded TFT,13,0.0,0.0,4,4,0.0
gemma3_27b__vs__graded_tft__seed104,104,Gemma-3-27B,Graded TFT,14,0.0,0.0,4,4,0.0
gemma3_27b__vs__graded_tft__seed104,104,Gemma-3-27B,Graded TFT,15,0.0,0.0,4,4,0.0
gemma3_27b__vs__graded_tft__seed104,104,Gemma-3-27B,Graded TFT,16,0.0,0.0,4,4,0.0
gemma3_27b__vs__graded_tft__seed104,104,Gemma-3-27B,Graded TFT,17,0.0,0.0,4,4,0.0
gemma3_27b__vs__graded_tft__seed104,104,Gemma-3-27B,Graded TFT,18,0.0,0.0,4,4,0.0
gemma3_27b__vs__graded_tft__seed104,104,Gemma-3-27B,Graded TFT,19,0.0,0.0,4,4,0.0
gemma3_27b__vs__graded_tft__seed104,104,Gemma-3-27B,Graded TFT,20,0.0,0.0,4,4,0.0
gemma3_27b__vs__graded_tft__seed104,104,Gemma-3-27B,Graded TFT,21,0.0,0.0,4,4,0.0
gemma3_27b__vs__graded_tft__seed104,104,Gemma-3-27B,Graded TFT,22,0.0,0.0,4,4,0.0
gemma3_27b__vs__graded_tft__seed104,104,Gemma-3-27B,Graded TFT,23,0.0,0.25,4,3,2.25
gemma3_27b__vs__graded_tft__seed104,104,Gemma-3-27B,Graded TFT,24,0.0,0.0,4,4,0.0
gemma3_27b__vs__graded_tft__seed104,104,Gemma-3-27B,Graded TFT,25,0.0,0.0,4,4,0.0
gemma3_27b__vs__graded_tft__seed104,104,Gemma-3-27B,Graded TFT,26,0.0,0.5,4,2,4.5
gemma3_27b__vs__graded_tft__seed104,104,Gemma-3-27B,Graded TFT,27,0.0,0.25,4,3,2.25
gemma3_27b__vs__graded_tft__seed104,104,Gemma-3-27B,Graded TFT,28,0.0,0.0,4,4,0.0
gemma3_27b__vs__graded_tft__seed104,104,Gemma-3-27B,Graded TFT,29,0.0,0.0,4,4,0.0
gemma3_27b__vs__graded_tft__seed104,104,Gemma-3-27B,Graded TFT,30,0.0,0.5,4,2,4.5
gemma3_27b__vs__graded_tft__seed104,104,Gemma-3-27B,Graded TFT,31,0.0,0.25,4,3,2.25
gemma3_27b__vs__graded_tft__seed104,104,Gemma-3-27B,Graded TFT,32,0.0,0.0,4,4,0.0
gemma3_27b__vs__graded_tft__seed104,104,Gemma-3-27B,Graded TFT,33,0.0,0.0,4,4,0.0
gemma3_27b__vs__graded_tft__seed104,104,Gemma-3-27B,Graded TFT,34,0.0,0.5,4,2,4.5
gemma3_27b__vs__graded_tft__seed104,104,Gemma-3-27B,Graded TFT,35,0.0,0.25,4,3,2.25
gemma3_27b__vs__graded_tft__seed104,104,Gemma-3-27B,Graded TFT,36,0.0,0.0,4,4,0.0
gemma3_27b__vs__graded_tft__seed104,104,Gemma-3-27B,Graded TFT,37,0.0,0.0,4,4,0.0
gemma3_27b__vs__graded_tft__seed104,104,Gemma-3-27B,Graded TFT,38,0.0,0.0,4,4,0.0
gemma3_27b__vs__graded_tft__seed104,104,Gemma-3-27B,Graded TFT,39,0.0,0.0,4,4,0.0
gemma3_27b__vs__graded_tft__seed104,104,Gemma-3-27B,Graded TFT,40,0.0,0.0,4,4,0.0
gemma3_27b__vs__graded_tft__seed104,104,Gemma-3-27B,Graded TFT,41,0.0,0.5,4,2,4.5
gemma3_27b__vs__graded_tft__seed104,104,Gemma-3-27B,Graded TFT,42,0.0,0.25,4,3,2.25
gemma3_27b__vs__graded_tft__seed104,104,Gemma-3-27B,Graded TFT,43,0.0,0.0,4,4,0.0
gemma3_27b__vs__graded_tft__seed104,104,Gemma-3-27B,Graded TFT,44,0.0,0.0,4,4,0.0
gemma3_27b__vs__graded_tft__seed104,104,Gemma-3-27B,Graded TFT,45,0.0,0.0,4,4,0.0
gemma3_27b__vs__graded_tft__seed104,104,Gemma-3-27B,Graded TFT,46,0.0,0.0,4,4,0.0
gemma3_27b__vs__graded_tft__seed104,104,Gemma-3-27B,Graded TFT,47,0.0,0.0,4,4,0.0
gemma3_27b__vs__graded_tft__seed104,104,Gemma-3-27B,Graded TFT,48,0.0,0.0,4,4,0.0
gemma3_27b__vs__graded_tft__seed104,104,Gemma-3-27B,Graded TFT,49,0.0,0.0,4,4,0.0
gemma3_27b__vs__graded_tft__seed104,104,Gemma-3-27B,Graded TFT,50,0.0,0.25,4,3,2.25
gemma3_27b__vs__graded_tft__seed105,105,Gemma-3-27B,Graded TFT,1,0.0,1.0,4,0,12.0
gemma3_27b__vs__graded_tft__seed105,105,Gemma-3-27B,Graded TFT,2,0.0,0.5,4,2,5.99125
gemma3_27b__vs__graded_tft__seed105,105,Gemma-3-27B,Graded TFT,3,0.0,0.25,4,3,2.9803125
gemma3_27b__vs__graded_tft__seed105,105,Gemma-3-27B,Graded TFT,4,0.0,0.0,4,4,0.0
gemma3_27b__vs__graded_tft__seed105,105,Gemma-3-27B,Graded TFT,5,0.0,0.0,4,4,0.0
gemma3_27b__vs__graded_tft__seed105,105,Gemma-3-27B,Graded TFT,6,0.0,0.0,4,4,0.0
gemma3_27b__vs__graded_tft__seed105,105,Gemma-3-27B,Graded TFT,7,0.0,0.0,4,4,0.0
gemma3_27b__vs__graded_tft__seed105,105,Gemma-3-27B,Graded TFT,8,0.0,0.0,4,4,0.0
gemma3_27b__vs__graded_tft__seed105,105,Gemma-3-27B,Graded TFT,9,0.0,0.0,4,4,0.0
gemma3_27b__vs__graded_tft__seed105,105,Gemma-3-27B,Graded TFT,10,0.0,0.0,4,4,0.0
gemma3_27b__vs__graded_tft__seed105,105,Gemma-3-27B,Graded TFT,11,0.0,0.0,4,4,0.0
gemma3_27b__vs__graded_tft__seed105,105,Gemma-3-27B,Graded TFT,12,0.0,0.0,4,4,0.0
gemma3_27b__vs__graded_tft__seed105,105,Gemma-3-27B,Graded TFT,13,0.0,0.0,4,4,0.0
gemma3_27b__vs__graded_tft__seed105,105,Gemma-3-27B,Graded TFT,14,0.0,0.0,4,4,0.0
gemma3_27b__vs__graded_tft__seed105,105,Gemma-3-27B,Graded TFT,15,0.0,0.0,4,4,0.0
gemma3_27b__vs__graded_tft__seed105,105,Gemma-3-27B,Graded TFT,16,0.0,0.0,4,4,0.0
gemma3_27b__vs__graded_tft__seed105,105,Gemma-3-27B,Graded TFT,17,0.0,0.0,4,4,0.0
gemma3_27b__vs__graded_tft__seed105,105,Gemma-3-27B,Graded TFT,18,0.0,0.0,4,4,0.0
gemma3_27b__vs__graded_tft__seed105,105,Gemma-3-27B,Graded TFT,19,0.0,0.0,4,4,0.0
gemma3_27b__vs__graded_tft__seed105,105,Gemma-3-27B,Graded TFT,20,0.0,0.0,4,4,0.0
gemma3_27b__vs__graded_tft__seed105,105,Gemma-3-27B,Graded TFT,21,0.0,0.0,4,4,0.0
gemma3_27b__vs__graded_tft__seed105,105,Gemma-3-27B,Graded TFT,22,0.0,0.0,4,4,0.0
gemma3_27b__vs__graded_tft__seed105,105,Gemma-3-27B,Graded TFT,23,0.0,0.0,4,4,0.0
gemma3_27b__vs__graded_tft__seed105,105,Gemma-3-27B,Graded TFT,24,0.0,0.0,4,4,0.0
gemma3_27b__vs__graded_tft__seed105,105,Gemma-3-27B,Graded TFT,25,0.0,0.0,4,4,0.0
gemma3_27b__vs__graded_tft__seed105,105,Gemma-3-27B,Graded TFT,26,0.0,0.0,4,4,0.0
gemma3_27b__vs__graded_tft__seed105,105,Gemma-3-27B,Graded TFT,27,0.0,0.0,4,4,0.0
gemma3_27b__vs__graded_tft__seed105,105,Gemma-3-27B,Graded TFT,28,0.0,0.0,4,4,0.0
gemma3_27b__vs__graded_tft__seed105,105,Gemma-3-27B,Graded TFT,29,0.0,0.0,4,4,0.0
gemma3_27b__vs__graded_tft__seed105,105,Gemma-3-27B,Graded TFT,30,0.0,0.0,4,4,0.0
gemma3_27b__vs__graded_tft__seed105,105,Gemma-3-27B,Graded TFT,31,0.0,0.5,4,2,4.5
gemma3_27b__vs__graded_tft__seed105,105,Gemma-3-27B,Graded TFT,32,0.0,0.25,4,3,2.25
gemma3_27b__vs__graded_tft__seed105,105,Gemma-3-27B,Graded TFT,33,0.0,0.0,4,4,0.0
gemma3_27b__vs__graded_tft__seed105,105,Gemma-3-27B,Graded TFT,34,0.0,0.0,4,4,0.0
gemma3_27b__vs__graded_tft__seed105,105,Gemma-3-27B,Graded TFT,35,0.0,0.5,4,2,4.5
gemma3_27b__vs__graded_tft__seed105,105,Gemma-3-27B,Graded TFT,36,0.0,0.25,4,3,2.25
gemma3_27b__vs__graded_tft__seed105,105,Gemma-3-27B,Graded TFT,37,0.0,0.0,4,4,0.0
gemma3_27b__vs__graded_tft__seed105,105,Gemma-3-27B,Graded TFT,38,0.0,0.0,4,4,0.0
gemma3_27b__vs__graded_tft__seed105,105,Gemma-3-27B,Graded TFT,39,0.0,0.0,4,4,0.0
gemma3_27b__vs__graded_tft__seed105,105,Gemma-3-27B,Graded TFT,40,0.0,0.0,4,4,0.0
gemma3_27b__vs__graded_tft__seed105,105,Gemma-3-27B,Graded TFT,41,0.0,0.0,4,4,0.0
gemma3_27b__vs__graded_tft__seed105,105,Gemma-3-27B,Graded TFT,42,0.0,0.0,4,4,0.0
gemma3_27b__vs__graded_tft__seed105,105,Gemma-3-27B,Graded TFT,43,0.0,0.5,4,2,4.5
gemma3_27b__vs__graded_tft__seed105,105,Gemma-3-27B,Graded TFT,44,0.0,0.25,4,3,2.25
gemma3_27b__vs__graded_tft__seed105,105,Gemma-3-27B,Graded TFT,45,0.0,0.0,4,4,0.0
gemma3_27b__vs__graded_tft__seed105,105,Gemma-3-27B,Graded TFT,46,0.0,0.0,4,4,0.0
gemma3_27b__vs__graded_tft__seed105,105,Gemma-3-27B,Graded TFT,47,0.0,0.0,4,4,0.0
gemma3_27b__vs__graded_tft__seed105,105,Gemma-3-27B,Graded TFT,48,0.0,0.0,4,4,0.0
gemma3_27b__vs__graded_tft__seed105,105,Gemma-3-27B,Graded TFT,49,0.0,0.0,4,4,0.0
gemma3_27b__vs__graded_tft__seed105,105,Gemma-3-27B,Graded TFT,50,0.0,0.5,4,2,4.5
gemma3_27b__vs__grim_trigger__seed101,101,Gemma-3-27B,Grim Trigger,1,0.0,0.0,4,4,0.0
gemma3_27b__vs__grim_trigger__seed101,101,Gemma-3-27B,Grim Trigger,2,0.0,0.0,4,4,0.0
gemma3_27b__vs__grim_trigger__seed101,101,Gemma-3-27B,Grim Trigger,3,0.0,0.0,4,4,0.0
gemma3_27b__vs__grim_trigger__seed101,101,Gemma-3-27B,Grim Trigger,4,0.0,0.0,4,4,0.0
gemma3_27b__vs__grim_trigger__seed101,101,Gemma-3-27B,Grim Trigger,5,0.0,0.0,4,4,0.0
gemma3_27b__vs__grim_trigger__seed101,101,Gemma-3-27B,Grim Trigger,6,0.0,0.0,4,4,0.0
gemma3_27b__vs__grim_trigger__seed101,101,Gemma-3-27B,Grim Trigger,7,0.0,0.0,4,4,0.0
gemma3_27b__vs__grim_trigger__seed101,101,Gemma-3-27B,Grim Trigger,8,0.0,0.0,4,4,0.0
gemma3_27b__vs__grim_trigger__seed101,101,Gemma-3-27B,Grim Trigger,9,0.0,0.0,4,4,0.0
gemma3_27b__vs__grim_trigger__seed101,101,Gemma-3-27B,Grim Trigger,10,0.0,0.0,4,4,0.0
gemma3_27b__vs__grim_trigger__seed101,101,Gemma-3-27B,Grim Trigger,11,0.0,0.0,4,4,0.0
gemma3_27b__vs__grim_trigger__seed101,101,Gemma-3-27B,Grim Trigger,12,0.0,0.0,4,4,0.0
gemma3_27b__vs__grim_trigger__seed101,101,Gemma-3-27B,Grim Trigger,13,0.0,0.0,4,4,0.0
gemma3_27b__vs__grim_trigger__seed101,101,Gemma-3-27B,Grim Trigger,14,0.0,0.0,4,4,0.0
gemma3_27b__vs__grim_trigger__seed101,101,Gemma-3-27B,Grim Trigger,15,0.0,0.0,4,4,0.0
gemma3_27b__vs__grim_trigger__seed101,101,Gemma-3-27B,Grim Trigger,16,0.0,0.0,4,4,0.0
gemma3_27b__vs__grim_trigger__seed101,101,Gemma-3-27B,Grim Trigger,17,0.0,0.0,4,4,0.0
gemma3_27b__vs__grim_trigger__seed101,101,Gemma-3-27B,Grim Trigger,18,0.0,0.0,4,4,0.0
gemma3_27b__vs__grim_trigger__seed101,101,Gemma-3-27B,Grim Trigger,19,0.0,0.0,4,4,0.0
gemma3_27b__vs__grim_trigger__seed101,101,Gemma-3-27B,Grim Trigger,20,0.0,0.0,4,4,0.0
gemma3_27b__vs__grim_trigger__seed101,101,Gemma-3-27B,Grim Trigger,21,0.0,0.0,4,4,0.0
gemma3_27b__vs__grim_trigger__seed101,101,Gemma-3-27B,Grim Trigger,22,0.0,0.0,4,4,0.0
gemma3_27b__vs__grim_trigger__seed101,101,Gemma-3-27B,Grim Trigger,23,0.0,0.0,4,4,0.0
gemma3_27b__vs__grim_trigger__seed101,101,Gemma-3-27B,Grim Trigger,24,0.0,0.0,4,4,0.0
gemma3_27b__vs__grim_trigger__seed101,101,Gemma-3-27B,Grim Trigger,25,0.0,0.0,4,4,0.0
gemma3_27b__vs__grim_trigger__seed101,101,Gemma-3-27B,Grim Trigger,26,0.0,0.0,4,4,0.0
gemma3_27b__vs__grim_trigger__seed101,101,Gemma-3-27B,Grim Trigger,27,0.0,0.0,4,4,0.0
gemma3_27b__vs__grim_trigger__seed101,101,Gemma-3-27B,Grim Trigger,28,0.0,0.0,4,4,0.0
gemma3_27b__vs__grim_trigger__seed101,101,Gemma-3-27B,Grim Trigger,29,0.0,0.0,4,4,0.0
gemma3_27b__vs__grim_trigger__seed101,101,Gemma-3-27B,Grim Trigger,30,0.0,0.0,4,4,0.0
gemma3_27b__vs__grim_trigger__seed101,101,Gemma-3-27B,Grim Trigger,31,0.0,0.0,4,4,0.0
gemma3_27b__vs__grim_trigger__seed101,101,Gemma-3-27B,Grim Trigger,32,0.0,0.0,4,4,0.0
gemma3_27b__vs__grim_trigger__seed101,101,Gemma-3-27B,Grim Trigger,33,0.0,0.0,4,4,0.0
gemma3_27b__vs__grim_trigger__seed101,101,Gemma-3-27B,Grim Trigger,34,0.0,0.0,4,4,0.0
gemma3_27b__vs__grim_trigger__seed101,101,Gemma-3-27B,Grim Trigger,35,0.0,0.0,4,4,0.0
gemma3_27b__vs__grim_trigger__seed101,101,Gemma-3-27B,Grim Trigger,36,0.0,0.0,4,4,0.0
gemma3_27b__vs__grim_trigger__seed101,101,Gemma-3-27B,Grim Trigger,37,0.0,0.0,4,4,0.0
gemma3_27b__vs__grim_trigger__seed101,101,Gemma-3-27B,Grim Trigger,38,0.0,0.0,4,4,0.0
gemma3_27b__vs__grim_trigger__seed101,101,Gemma-3-27B,Grim Trigger,39,0.0,0.0,4,4,0.0
gemma3_27b__vs__grim_trigger__seed101,101,Gemma-3-27B,Grim Trigger,40,0.0,0.0,4,4,0.0
gemma3_27b__vs__grim_trigger__seed101,101,Gemma-3-27B,Grim Trigger,41,0.0,0.0,4,4,0.0
gemma3_27b__vs__grim_trigger__seed101,101,Gemma-3-27B,Grim Trigger,42,0.0,0.0,4,4,0.0
gemma3_27b__vs__grim_trigger__seed101,101,Gemma-3-27B,Grim Trigger,43,0.0,0.0,4,4,0.0
gemma3_27b__vs__grim_trigger__seed101,101,Gemma-3-27B,Grim Trigger,44,0.0,0.0,4,4,0.0
gemma3_27b__vs__grim_trigger__seed101,101,Gemma-3-27B,Grim Trigger,45,0.0,0.0,4,4,0.0
gemma3_27b__vs__grim_trigger__seed101,101,Gemma-3-27B,Grim Trigger,46,0.0,0.0,4,4,0.0
gemma3_27b__vs__grim_trigger__seed101,101,Gemma-3-27B,Grim Trigger,47,0.0,0.0,4,4,0.0
gemma3_27b__vs__grim_trigger__seed101,101,Gemma-3-27B,Grim Trigger,48,0.0,0.0,4,4,0.0
gemma3_27b__vs__grim_trigger__seed101,101,Gemma-3-27B,Grim Trigger,49,0.0,0.0,4,4,0.0
gemma3_27b__vs__grim_trigger__seed101,101,Gemma-3-27B,Grim Trigger,50,0.0,0.0,4,4,0.0
gemma3_27b__vs__grim_trigger__seed102,102,Gemma-3-27B,Grim Trigger,1,0.0,0.0,4,4,0.0
gemma3_27b__vs__grim_trigger__seed102,102,Gemma-3-27B,Grim Trigger,2,0.0,0.0,4,4,0.0
gemma3_27b__vs__grim_trigger__seed102,102,Gemma-3-27B,Grim Trigger,3,0.0,0.0,4,4,0.0
gemma3_27b__vs__grim_trigger__seed102,102,Gemma-3-27B,Grim Trigger,4,0.0,0.0,4,4,0.0
gemma3_27b__vs__grim_trigger__seed102,102,Gemma-3-27B,Grim Trigger,5,0.0,0.0,4,4,0.0
gemma3_27b__vs__grim_trigger__seed102,102,Gemma-3-27B,Grim Trigger,6,0.0,0.0,4,4,0.0
gemma3_27b__vs__grim_trigger__seed102,102,Gemma-3-27B,Grim Trigger,7,0.0,0.0,4,4,0.0
gemma3_27b__vs__grim_trigger__seed102,102,Gemma-3-27B,Grim Trigger,8,0.0,0.0,4,4,0.0
gemma3_27b__vs__grim_trigger__seed102,102,Gemma-3-27B,Grim Trigger,9,0.0,0.0,4,4,0.0
gemma3_27b__vs__grim_trigger__seed102,102,Gemma-3-27B,Grim Trigger,10,0.0,0.0,4,4,0.0
gemma3_27b__vs__grim_trigger__seed102,102,Gemma-3-27B,Grim Trigger,11,0.0,0.0,4,4,0.0
gemma3_27b__vs__grim_trigger__seed102,102,Gemma-3-27B,Grim Trigger,12,0.0,0.0,4,4,0.0
gemma3_27b__vs__grim_trigger__seed102,102,Gemma-3-27B,Grim Trigger,13,0.0,0.0,4,4,0.0
gemma3_27b__vs__grim_trigger__seed102,102,Gemma-3-27B,Grim Trigger,14,0.0,0.0,4,4,0.0
gemma3_27b__vs__grim_trigger__seed102,102,Gemma-3-27B,Grim Trigger,15,0.0,0.0,4,4,0.0
gemma3_27b__vs__grim_trigger__seed102,102,Gemma-3-27B,Grim Trigger,16,0.0,0.0,4,4,0.0
gemma3_27b__vs__grim_trigger__seed102,102,Gemma-3-27B,Grim Trigger,17,0.0,0.0,4,4,0.0
gemma3_27b__vs__grim_trigger__seed102,102,Gemma-3-27B,Grim Trigger,18,0.0,0.0,4,4,0.0
gemma3_27b__vs__grim_trigger__seed102,102,Gemma-3-27B,Grim Trigger,19,0.0,0.0,4,4,0.0
gemma3_27b__vs__grim_trigger__seed102,102,Gemma-3-27B,Grim Trigger,20,0.0,0.0,4,4,0.0
gemma3_27b__vs__grim_trigger__seed102,102,Gemma-3-27B,Grim Trigger,21,0.0,0.0,4,4,0.0
gemma3_27b__vs__grim_trigger__seed102,102,Gemma-3-27B,Grim Trigger,22,0.0,0.0,4,4,0.0
gemma3_27b__vs__grim_trigger__seed102,102,Gemma-3-27B,Grim Trigger,23,0.0,0.0,4,4,0.0
gemma3_27b__vs__grim_trigger__seed102,102,Gemma-3-27B,Grim Trigger,24,0.0,0.0,4,4,0.0
gemma3_27b__vs__grim_trigger__seed102,102,Gemma-3-27B,Grim Trigger,25,0.0,0.0,4,4,0.0
gemma3_27b__vs__grim_trigger__seed102,102,Gemma-3-27B,Grim Trigger,26,0.0,0.0,4,4,0.0
gemma3_27b__vs__grim_trigger__seed102,102,Gemma-3-27B,Grim Trigger,27,0.0,0.0,4,4,0.0
gemma3_27b__vs__grim_trigger__seed102,102,Gemma-3-27B,Grim Trigger,28,0.0,0.0,4,4,0.0
gemma3_27b__vs__grim_trigger__seed102,102,Gemma-3-27B,Grim Trigger,29,0.0,0.0,4,4,0.0
gemma3_27b__vs__grim_trigger__seed102,102,Gemma-3-27B,Grim Trigger,30,0.0,0.0,4,4,0.0
gemma3_27b__vs__grim_trigger__seed102,102,Gemma-3-27B,Grim Trigger,31,0.0,0.0,4,4,0.0
gemma3_27b__vs__grim_trigger__seed102,102,Gemma-3-27B,Grim Trigger,32,0.0,0.0,4,4,0.0
gemma3_27b__vs__grim_trigger__seed102,102,Gemma-3-27B,Grim Trigger,33,0.0,0.0,4,4,0.0
gemma3_27b__vs__grim_trigger__seed102,102,Gemma-3-27B,Grim Trigger,34,0.0,0.0,4,4,0.0
gemma3_27b__vs__grim_trigger__seed102,102,Gemma-3-27B,Grim Trigger,35,0.0,0.0,4,4,0.0
gemma3_27b__vs__grim_trigger__seed102,102,Gemma-3-27B,Grim Trigger,36,0.0,0.0,4,4,0.0
gemma3_27b__vs__grim_trigger__seed102,102,Gemma-3-27B,Grim Trigger,37,0.0,0.0,4,4,0.0
gemma3_27b__vs__grim_trigger__seed102,102,Gemma-3-27B,Grim Trigger,38,0.0,0.0,4,4,0.0
gemma3_27b__vs__grim_trigger__seed102,102,Gemma-3-27B,Grim Trigger,39,0.0,0.0,4,4,0.0
gemma3_27b__vs__grim_trigger__seed102,102,Gemma-3-27B,Grim Trigger,40,0.0,0.0,4,4,0.0
gemma3_27b__vs__grim_trigger__seed102,102,Gemma-3-27B,Grim Trigger,41,0.0,0.0,4,4,0.0
gemma3_27b__vs__grim_trigger__seed102,102,Gemma-3-27B,Grim Trigger,42,0.0,0.0,4,4,0.0
gemma3_27b__vs__grim_trigger__seed102,102,Gemma-3-27B,Grim Trigger,43,0.0,0.0,4,4,0.0
gemma3_27b__vs__grim_trigger__seed102,102,Gemma-3-27B,Grim Trigger,44,0.0,0.0,4,4,0.0
gemma3_27b__vs__grim_trigger__seed102,102,Gemma-3-27B,Grim Trigger,45,0.0,0.0,4,4,0.0
gemma3_27b__vs__grim_trigger__seed102,102,Gemma-3-27B,Grim Trigger,46,0.0,0.0,4,4,0.0
gemma3_27b__vs__grim_trigger__seed102,102,Gemma-3-27B,Grim Trigger,47,0.0,0.0,4,4,0.0
gemma3_27b__vs__grim_trigger__seed102,102,Gemma-3-27B,Grim Trigger,48,0.0,0.0,4,4,0.0
gemma3_27b__vs__grim_trigger__seed102,102,Gemma-3-27B,Grim Trigger,49,0.0,0.0,4,4,0.0
gemma3_27b__vs__grim_trigger__seed102,102,Gemma-3-27B,Grim Trigger,50,0.0,0.0,4,4,0.0
gemma3_27b__vs__grim_trigger__seed103,103,Gemma-3-27B,Grim Trigger,1,0.0,0.0,4,4,0.0
gemma3_27b__vs__grim_trigger__seed103,103,Gemma-3-27B,Grim Trigger,2,0.0,0.0,4,4,0.0
gemma3_27b__vs__grim_trigger__seed103,103,Gemma-3-27B,Grim Trigger,3,0.0,0.0,4,4,0.0
gemma3_27b__vs__grim_trigger__seed103,103,Gemma-3-27B,Grim Trigger,4,0.0,0.0,4,4,0.0
gemma3_27b__vs__grim_trigger__seed103,103,Gemma-3-27B,Grim Trigger,5,0.0,0.0,4,4,0.0
gemma3_27b__vs__grim_trigger__seed103,103,Gemma-3-27B,Grim Trigger,6,0.0,0.0,4,4,0.0
gemma3_27b__vs__grim_trigger__seed103,103,Gemma-3-27B,Grim Trigger,7,0.0,0.0,4,4,0.0
gemma3_27b__vs__grim_trigger__seed103,103,Gemma-3-27B,Grim Trigger,8,0.0,0.0,4,4,0.0
gemma3_27b__vs__grim_trigger__seed103,103,Gemma-3-27B,Grim Trigger,9,0.0,0.0,4,4,0.0
gemma3_27b__vs__grim_trigger__seed103,103,Gemma-3-27B,Grim Trigger,10,0.0,0.0,4,4,0.0
gemma3_27b__vs__grim_trigger__seed103,103,Gemma-3-27B,Grim Trigger,11,0.0,0.0,4,4,0.0
gemma3_27b__vs__grim_trigger__seed103,103,Gemma-3-27B,Grim Trigger,12,0.0,0.0,4,4,0.0
gemma3_27b__vs__grim_trigger__seed103,103,Gemma-3-27B,Grim Trigger,13,0.0,0.0,4,4,0.0
gemma3_27b__vs__grim_trigger__seed103,103,Gemma-3-27B,Grim Trigger,14,0.0,0.0,4,4,0.0
gemma3_27b__vs__grim_trigger__seed103,103,Gemma-3-27B,Grim Trigger,15,0.0,0.0,4,4,0.0
gemma3_27b__vs__grim_trigger__seed103,103,Gemma-3-27B,Grim Trigger,16,0.0,0.0,4,4,0.0
gemma3_27b__vs__grim_trigger__seed103,103,Gemma-3-27B,Grim Trigger,17,0.0,0.0,4,4,0.0
gemma3_27b__vs__grim_trigger__seed103,103,Gemma-3-27B,Grim Trigger,18,0.0,0.0,4,4,0.0
gemma3_27b__vs__grim_trigger__seed103,103,Gemma-3-27B,Grim Trigger,19,0.0,0.0,4,4,0.0
gemma3_27b__vs__grim_trigger__seed103,103,Gemma-3-27B,Grim Trigger,20,0.0,0.0,4,4,0.0
gemma3_27b__vs__grim_trigger__seed103,103,Gemma-3-27B,Grim Trigger,21,0.0,0.0,4,4,0.0
gemma3_27b__vs__grim_trigger__seed103,103,Gemma-3-27B,Grim Trigger,22,0.0,0.0,4,4,0.0
gemma3_27b__vs__grim_trigger__seed103,103,Gemma-3-27B,Grim Trigger,23,0.0,0.0,4,4,0.0
gemma3_27b__vs__grim_trigger__seed103,103,Gemma-3-27B,Grim Trigger,24,0.0,0.0,4,4,0.0
gemma3_27b__vs__grim_trigger__seed103,103,Gemma-3-27B,Grim Trigger,25,0.0,0.0,4,4,0.0
gemma3_27b__vs__grim_trigger__seed103,103,Gemma-3-27B,Grim Trigger,26,0.0,0.0,4,4,0.0
gemma3_27b__vs__grim_trigger__seed103,103,Gemma-3-27B,Grim Trigger,27,0.0,0.0,4,4,0.0
gemma3_27b__vs__grim_trigger__seed103,103,Gemma-3-27B,Grim Trigger,28,0.0,0.0,4,4,0.0
gemma3_27b__vs__grim_trigger__seed103,103,Gemma-3-27B,Grim Trigger,29,0.0,0.0,4,4,0.0
gemma3_27b__vs__grim_trigger__seed103,103,Gemma-3-27B,Grim Trigger,30,0.0,0.0,4,4,0.0
gemma3_27b__vs__grim_trigger__seed103,103,Gemma-3-27B,Grim Trigger,31,0.0,0.0,4,4,0.0
gemma3_27b__vs__grim_trigger__seed103,103,Gemma-3-27B,Grim Trigger,32,0.0,0.0,4,4,0.0
gemma3_27b__vs__grim_trigger__seed103,103,Gemma-3-27B,Grim Trigger,33,0.0,0.0,4,4,0.0
gemma3_27b__vs__grim_trigger__seed103,103,Gemma-3-27B,Grim Trigger,34,0.0,0.0,4,4,0.0
gemma3_27b__vs__grim_trigger__seed103,103,Gemma-3-27B,Grim Trigger,35,0.0,0.0,4,4,0.0
gemma3_27b__vs__grim_trigger__seed103,103,Gemma-3-27B,Grim Trigger,36,0.0,0.0,4,4,0.0
gemma3_27b__vs__grim_trigger__seed103,103,Gemma-3-27B,Grim Trigger,37,0.0,0.0,4,4,0.0
gemma3_27b__vs__grim_trigger__seed103,103,Gemma-3-27B,Grim Trigger,38,0.0,0.0,4,4,0.0
gemma3_27b__vs__grim_trigger__seed103,103,Gemma-3-27B,Grim Trigger,39,0.0,0.0,4,4,0.0
gemma3_27b__vs__grim_trigger__seed103,103,Gemma-3-27B,Grim Trigger,40,0.0,0.0,4,4,0.0
gemma3_27b__vs__grim_trigger__seed103,103,Gemma-3-27B,Grim Trigger,41,0.0,0.0,4,4,0.0
gemma3_27b__vs__grim_trigger__seed103,103,Gemma-3-27B,Grim Trigger,42,0.0,0.0,4,4,0.0
gemma3_27b__vs__grim_trigger__seed103,103,Gemma-3-27B,Grim Trigger,43,0.0,0.0,4,4,0.0
gemma3_27b__vs__grim_trigger__seed103,103,Gemma-3-27B,Grim Trigger,44,0.0,0.0,4,4,0.0
gemma3_27b__vs__grim_trigger__seed103,103,Gemma-3-27B,Grim Trigger,45,0.0,0.0,4,4,0.0
gemma3_27b__vs__grim_trigger__seed103,103,Gemma-3-27B,Grim Trigger,46,0.0,0.0,4,4,0.0
gemma3_27b__vs__grim_trigger__seed103,103,Gemma-3-27B,Grim Trigger,47,0.0,0.0,4,4,0.0
gemma3_27b__vs__grim_trigger__seed103,103,Gemma-3-27B,Grim Trigger,48,0.0,0.0,4,4,0.0
gemma3_27b__vs__grim_trigger__seed103,103,Gemma-3-27B,Grim Trigger,49,0.0,0.0,4,4,0.0
gemma3_27b__vs__grim_trigger__seed103,103,Gemma-3-27B,Grim Trigger,50,0.0,0.0,4,4,0.0
gemma3_27b__vs__grim_trigger__seed104,104,Gemma-3-27B,Grim Trigger,1,0.0,0.0,4,4,0.0
gemma3_27b__vs__grim_trigger__seed104,104,Gemma-3-27B,Grim Trigger,2,0.0,0.0,4,4,0.0
gemma3_27b__vs__grim_trigger__seed104,104,Gemma-3-27B,Grim Trigger,3,0.0,0.0,4,4,0.0
gemma3_27b__vs__grim_trigger__seed104,104,Gemma-3-27B,Grim Trigger,4,0.0,0.0,4,4,0.0
gemma3_27b__vs__grim_trigger__seed104,104,Gemma-3-27B,Grim Trigger,5,0.0,0.0,4,4,0.0
gemma3_27b__vs__grim_trigger__seed104,104,Gemma-3-27B,Grim Trigger,6,0.0,0.0,4,4,0.0
gemma3_27b__vs__grim_trigger__seed104,104,Gemma-3-27B,Grim Trigger,7,0.0,0.0,4,4,0.0
gemma3_27b__vs__grim_trigger__seed104,104,Gemma-3-27B,Grim Trigger,8,0.0,0.0,4,4,0.0
gemma3_27b__vs__grim_trigger__seed104,104,Gemma-3-27B,Grim Trigger,9,0.0,0.0,4,4,0.0
gemma3_27b__vs__grim_trigger__seed104,104,Gemma-3-27B,Grim Trigger,10,0.0,0.0,4,4,0.0
gemma3_27b__vs__grim_trigger__seed104,104,Gemma-3-27B,Grim Trigger,11,0.0,0.0,4,4,0.0
gemma3_27b__vs__grim_trigger__seed104,104,Gemma-3-27B,Grim Trigger,12,0.0,0.0,4,4,0.0
gemma3_27b__vs__grim_trigger__seed104,104,Gemma-3-27B,Grim Trigger,13,0.0,0.0,4,4,0.0
gemma3_27b__vs__grim_trigger__seed104,104,Gemma-3-27B,Grim Trigger,14,0.0,0.0,4,4,0.0
gemma3_27b__vs__grim_trigger__seed104,104,Gemma-3-27B,Grim Trigger,15,0.0,0.0,4,4,0.0
gemma3_27b__vs__grim_trigger__seed104,104,Gemma-3-27B,Grim Trigger,16,0.0,0.0,4,4,0.0
gemma3_27b__vs__grim_trigger__seed104,104,Gemma-3-27B,Grim Trigger,17,0.0,0.0,4,4,0.0
gemma3_27b__vs__grim_trigger__seed104,104,Gemma-3-27B,Grim Trigger,18,0.0,0.0,4,4,0.0
gemma3_27b__vs__grim_trigger__seed104,104,Gemma-3-27B,Grim Trigger,19,0.0,0.0,4,4,0.0
gemma3_27b__vs__grim_trigger__seed104,104,Gemma-3-27B,Grim Trigger,20,0.0,0.0,4,4,0.0
gemma3_27b__vs__grim_trigger__seed104,104,Gemma-3-27B,Grim Trigger,21,0.0,0.0,4,4,0.0
gemma3_27b__vs__grim_trigger__seed104,104,Gemma-3-27B,Grim Trigger,22,0.0,0.0,4,4,0.0
gemma3_27b__vs__grim_trigger__seed104,104,Gemma-3-27B,Grim Trigger,23,0.0,0.0,4,4,0.0
gemma3_27b__vs__grim_trigger__seed104,104,Gemma-3-27B,Grim Trigger,24,0.0,0.0,4,4,0.0
gemma3_27b__vs__grim_trigger__seed104,104,Gemma-3-27B,Grim Trigger,25,0.0,0.0,4,4,0.0
gemma3_27b__vs__grim_trigger__seed104,104,Gemma-3-27B,Grim Trigger,26,0.0,0.0,4,4,0.0
gemma3_27b__vs__grim_trigger__seed104,104,Gemma-3-27B,Grim Trigger,27,0.0,0.0,4,4,0.0
gemma3_27b__vs__grim_trigger__seed104,104,Gemma-3-27B,Grim Trigger,28,0.0,0.0,4,4,0.0
gemma3_27b__vs__grim_trigger__seed104,104,Gemma-3-27B,Grim Trigger,29,0.0,0.0,4,4,0.0
gemma3_27b__vs__grim_trigger__seed104,104,Gemma-3-27B,Grim Trigger,30,0.0,0.0,4,4,0.0
gemma3_27b__vs__grim_trigger__seed104,104,Gemma-3-27B,Grim Trigger,31,0.0,0.0,4,4,0.0
gemma3_27b__vs__grim_trigger__seed104,104,Gemma-3-27B,Grim Trigger,32,0.0,0.0,4,4,0.0
gemma3_27b__vs__grim_trigger__seed104,104,Gemma-3-27B,Grim Trigger,33,0.0,0.0,4,4,0.0
gemma3_27b__vs__grim_trigger__seed104,104,Gemma-3-27B,Grim Trigger,34,0.0,0.0,4,4,0.0
gemma3_27b__vs__grim_trigger__seed104,104,Gemma-3-27B,Grim Trigger,35,0.0,0.0,4,4,0.0
gemma3_27b__vs__grim_trigger__seed104,104,Gemma-3-27B,Grim Trigger,36,0.0,0.0,4,4,0.0
gemma3_27b__vs__grim_trigger__seed104,104,Gemma-3-27B,Grim Trigger,37,0.0,0.0,4,4,0.0
gemma3_27b__vs__grim_trigger__seed104,104,Gemma-3-27B,Grim Trigger,38,0.0,0.0,4,4,0.0
gemma3_27b__vs__grim_trigger__seed104,104,Gemma-3-27B,Grim Trigger,39,0.0,0.0,4,4,0.0
gemma3_27b__vs__grim_trigger__seed104,104,Gemma-3-27B,Grim Trigger,40,0.0,0.0,4,4,0.0
gemma3_27b__vs__grim_trigger__seed104,104,Gemma-3-27B,Grim Trigger,41,0.0,0.0,4,4,0.0
gemma3_27b__vs__grim_trigger__seed104,104,Gemma-3-27B,Grim Trigger,42,0.0,0.0,4,4,0.0
gemma3_27b__vs__grim_trigger__seed104,104,Gemma-3-27B,Grim Trigger,43,0.0,0.0,4,4,0.0
gemma3_27b__vs__grim_trigger__seed104,104,Gemma-3-27B,Grim Trigger,44,0.0,0.0,4,4,0.0
gemma3_27b__vs__grim_trigger__seed104,104,Gemma-3-27B,Grim Trigger,45,0.0,0.0,4,4,0.0
gemma3_27b__vs__grim_trigger__seed104,104,Gemma-3-27B,Grim Trigger,46,0.0,0.0,4,4,0.0
gemma3_27b__vs__grim_trigger__seed104,104,Gemma-3-27B,Grim Trigger,47,0.0,0.0,4,4,0.0
gemma3_27b__vs__grim_trigger__seed104,104,Gemma-3-27B,Grim Trigger,48,0.0,0.0,4,4,0.0
gemma3_27b__vs__grim_trigger__seed104,104,Gemma-3-27B,Grim Trigger,49,0.0,0.0,4,4,0.0
gemma3_27b__vs__grim_trigger__seed104,104,Gemma-3-27B,Grim Trigger,50,0.0,0.0,4,4,0.0
gemma3_27b__vs__grim_trigger__seed105,105,Gemma-3-27B,Grim Trigger,1,0.0,0.0,4,4,0.0
gemma3_27b__vs__grim_trigger__seed105,105,Gemma-3-27B,Grim Trigger,2,0.0,0.0,4,4,0.0
gemma3_27b__vs__grim_trigger__seed105,105,Gemma-3-27B,Grim Trigger,3,0.0,0.0,4,4,0.0
gemma3_27b__vs__grim_trigger__seed105,105,Gemma-3-27B,Grim Trigger,4,0.0,0.0,4,4,0.0
gemma3_27b__vs__grim_trigger__seed105,105,Gemma-3-27B,Grim Trigger,5,0.0,0.0,4,4,0.0
gemma3_27b__vs__grim_trigger__seed105,105,Gemma-3-27B,Grim Trigger,6,0.0,0.0,4,4,0.0
gemma3_27b__vs__grim_trigger__seed105,105,Gemma-3-27B,Grim Trigger,7,0.0,0.0,4,4,0.0
gemma3_27b__vs__grim_trigger__seed105,105,Gemma-3-27B,Grim Trigger,8,0.0,0.0,4,4,0.0
gemma3_27b__vs__grim_trigger__seed105,105,Gemma-3-27B,Grim Trigger,9,0.0,0.0,4,4,0.0
gemma3_27b__vs__grim_trigger__seed105,105,Gemma-3-27B,Grim Trigger,10,0.0,0.0,4,4,0.0
gemma3_27b__vs__grim_trigger__seed105,105,Gemma-3-27B,Grim Trigger,11,0.0,0.0,4,4,0.0
gemma3_27b__vs__grim_trigger__seed105,105,Gemma-3-27B,Grim Trigger,12,0.0,0.0,4,4,0.0
gemma3_27b__vs__grim_trigger__seed105,105,Gemma-3-27B,Grim Trigger,13,0.0,0.0,4,4,0.0
gemma3_27b__vs__grim_trigger__seed105,105,Gemma-3-27B,Grim Trigger,14,0.0,0.0,4,4,0.0
gemma3_27b__vs__grim_trigger__seed105,105,Gemma-3-27B,Grim Trigger,15,0.0,0.0,4,4,0.0
gemma3_27b__vs__grim_trigger__seed105,105,Gemma-3-27B,Grim Trigger,16,0.0,0.0,4,4,0.0
gemma3_27b__vs__grim_trigger__seed105,105,Gemma-3-27B,Grim Trigger,17,0.0,0.0,4,4,0.0
gemma3_27b__vs__grim_trigger__seed105,105,Gemma-3-27B,Grim Trigger,18,0.0,0.0,4,4,0.0
gemma3_27b__vs__grim_trigger__seed105,105,Gemma-3-27B,Grim Trigger,19,0.0,0.0,4,4,0.0
gemma3_27b__vs__grim_trigger__seed105,105,Gemma-3-27B,Grim Trigger,20,0.0,0.0,4,4,0.0
gemma3_27b__vs__grim_trigger__seed105,105,Gemma-3-27B,Grim Trigger,21,0.0,0.0,4,4,0.0
gemma3_27b__vs__grim_trigger__seed105,105,Gemma-3-27B,Grim Trigger,22,0.0,0.0,4,4,0.0
gemma3_27b__vs__grim_trigger__seed105,105,Gemma-3-27B,Grim Trigger,23,0.0,0.0,4,4,0.0
gemma3_27b__vs__grim_trigger__seed105,105,Gemma-3-27B,Grim Trigger,24,0.0,0.0,4,4,0.0
gemma3_27b__vs__grim_trigger__seed105,105,Gemma-3-27B,Grim Trigger,25,0.0,0.0,4,4,0.0
gemma3_27b__vs__grim_trigger__seed105,105,Gemma-3-27B,Grim Trigger,26,0.0,0.0,4,4,0.0
gemma3_27b__vs__grim_trigger__seed105,105,Gemma-3-27B,Grim Trigger,27,0.0,0.0,4,4,0.0
gemma3_27b__vs__grim_trigger__seed105,105,Gemma-3-27B,Grim Trigger,28,0.0,0.0,4,4,0.0
gemma3_27b__vs__grim_trigger__seed105,105,Gemma-3-27B,Grim Trigger,29,0.0,0.0,4,4,0.0
gemma3_27b__vs__grim_trigger__seed105,105,Gemma-3-27B,Grim Trigger,30,0.0,0.0,4,4,0.0
gemma3_27b__vs__grim_trigger__seed105,105,Gemma-3-27B,Grim Trigger,31,0.0,0.0,4,4,0.0
gemma3_27b__vs__grim_trigger__seed105,105,Gemma-3-27B,Grim Trigger,32,0.0,0.0,4,4,0.0
gemma3_27b__vs__grim_trigger__seed105,105,Gemma-3-27B,Grim Trigger,33,0.0,0.0,4,4,0.0
gemma3_27b__vs__grim_trigger__seed105,105,Gemma-3-27B,Grim Trigger,34,0.0,0.0,4,4,0.0
gemma3_27b__vs__grim_trigger__seed105,105,Gemma-3-27B,Grim Trigger,35,0.0,0.0,4,4,0.0
gemma3_27b__vs__grim_trigger__seed105,105,Gemma-3-27B,Grim Trigger,36,0.0,0.0,4,4,0.0
gemma3_27b__vs__grim_trigger__seed105,105,Gemma-3-27B,Grim Trigger,37,0.0,0.0,4,4,0.0
gemma3_27b__vs__grim_trigger__seed105,105,Gemma-3-27B,Grim Trigger,38,0.0,0.0,4,4,0.0
gemma3_27b__vs__grim_trigger__seed105,105,Gemma-3-27B,Grim Trigger,39,0.0,0.0,4,4,0.0
gemma3_27b__vs__grim_trigger__seed105,105,Gemma-3-27B,Grim Trigger,40,0.0,0.0,4,4,0.0
gemma3_27b__vs__grim_trigger__seed105,105,Gemma-3-27B,Grim Trigger,41,0.0,0.0,4,4,0.0
gemma3_27b__vs__grim_trigger__seed105,105,Gemma-3-27B,Grim Trigger,42,0.0,0.0,4,4,0.0
gemma3_27b__vs__grim_trigger__seed105,105,Gemma-3-27B,Grim Trigger,43,0.0,0.0,4,4,0.0
gemma3_27b__vs__grim_trigger__seed105,105,Gemma-3-27B,Grim Trigger,44,0.0,0.0,4,4,0.0
gemma3_27b__vs__grim_trigger__seed105,105,Gemma-3-27B,Grim Trigger,45,0.0,0.0,4,4,0.0
gemma3_27b__vs__grim_trigger__seed105,105,Gemma-3-27B,Grim Trigger,46,0.0,0.0,4,4,0.0
gemma3_27b__vs__grim_trigger__seed105,105,Gemma-3-27B,Grim Trigger,47,0.0,0.0,4,4,0.0
gemma3_27b__vs__grim_trigger__seed105,105,Gemma-3-27B,Grim Trigger,48,0.0,0.0,4,4,0.0
gemma3_27b__vs__grim_trigger__seed105,105,Gemma-3-27B,Grim Trigger,49,0.0,0.0,4,4,0.0
gemma3_27b__vs__grim_trigger__seed105,105,Gemma-3-27B,Grim Trigger,50,0.0,0.0,4,4,0.0
gemma3_27b__vs__random_uniform__seed101,101,Gemma-3-27B,Random,1,0.0,0.0,4,4,0.0
gemma3_27b__vs__random_uniform__seed101,101,Gemma-3-27B,Random,2,0.0,0.5,4,2,5.90375
gemma3_27b__vs__random_uniform__seed101,101,Gemma-3-27B,Random,3,0.0,0.5,4,2,5.829375
gemma3_27b__vs__random_uniform__seed101,101,Gemma-3-27B,Random,4,0.0,1.0,4,0,11.524583333333332
gemma3_27b__vs__random_uniform__seed101,101,Gemma-3-27B,Random,5,0.0,1.0,4,0,11.419583333333332
gemma3_27b__vs__random_uniform__seed101,101,Gemma-3-27B,Random,6,0.0,0.75,4,1,8.499062499999999
gemma3_27b__vs__random_uniform__seed101,101,Gemma-3-27B,Random,7,0.0,0.75,4,1,8.436718749999997
gemma3_27b__vs__random_uniform__seed101,101,Gemma-3-27B,Random,8,0.0,0.5,4,2,5.584479166666665
gemma3_27b__vs__random_uniform__seed101,101,Gemma-3-27B,Random,9,0.0,0.0,4,4,0.0
gemma3_27b__vs__random_uniform__seed101,101,Gemma-3-27B,Random,10,0.0,0.75,4,1,8.252031249999996
gemma3_27b__vs__random_uniform__seed101,101,Gemma-3-27B,Random,11,0.0,0.5,4,2,5.462526041666664
gemma3_27b__vs__random_uniform__seed101,101,Gemma-3-27B,Random,12,0.0,0.0,4,4,0.0
gemma3_27b__vs__random_uniform__seed101,101,Gemma-3-27B,Random,13,0.0,1.0,4,0,10.747864583333328
gemma3_27b__vs__random_uniform__seed101,101,Gemma-3-27B,Random,14,0.0,0.5,4,2,5.324166666666664
gemma3_27b__vs__random_uniform__seed101,101,Gemma-3-27B,Random,15,0.0,0.75,4,1,7.907499999999995
gemma3_27b__vs__random_uniform__seed101,101,Gemma-3-27B,Random,16,0.0,1.0,4,0,10.438333333333327
gemma3_27b__vs__random_uniform__seed101,101,Gemma-3-27B,Random,17,0.0,0.25,4,3,2.586067708333332
gemma3_27b__vs__random_uniform__seed101,101,Gemma-3-27B,Random,18,0.0,0.75,4,1,7.687656249999996
gemma3_27b__vs__random_uniform__seed101,101,Gemma-3-27B,Random,19,0.0,0.5,4,2,5.078072916666664
gemma3_27b__vs__random_uniform__seed101,101,Gemma-3-27B,Random,20,0.0,0.5,4,2,5.031041666666664
gemma3_27b__vs__random_uniform__seed101,101,Gemma-3-27B,Random,21,0.0,1.0,4,0,9.978958333333328
gemma3_27b__vs__random_uniform__seed101,101,Gemma-3-27B,Random,22,0.0,0.0,4,4,0.0
gemma3_27b__vs__random_uniform__seed101,101,Gemma-3-27B,Random,23,0.0,1.0,4,0,9.801770833333327
gemma3_27b__vs__random_uniform__seed101,101,Gemma-3-27B,Random,24,0.0,0.0,4,4,0.0
gemma3_27b__vs__random_uniform__seed101,101,Gemma-3-27B,Random,25,0.0,0.25,4,3,2.4006770833333317
gemma3_27b__vs__random_uniform__seed101,101,Gemma-3-27B,Random,26,0.0,0.75,4,1,7.1232812499999945
gemma3_27b__vs__random_uniform__seed101,101,Gemma-3-27B,Random,27,0.0,1.0,4,0,9.392708333333326
gemma3_27b__vs__random_uniform__seed101,101,Gemma-3-27B,Random,28,0.0,1.0,4,0,9.298645833333326
gemma3_27b__vs__random_uniform__seed101,101,Gemma-3-27B,Random,29,0.0,1.0,4,0,9.215520833333326
gemma3_27b__vs__random_uniform__seed101,101,Gemma-3-27B,Random,30,0.0,0.25,4,3,2.283098958333331
gemma3_27b__vs__random_uniform__seed101,101,Gemma-3-27B,Random,31,0.0,1.0,4,0,9.054739583333324
gemma3_27b__vs__random_uniform__seed101,101,Gemma-3-27B,Random,32,0.0,0.75,4,1,6.75
gemma3_27b__vs__random_uniform__seed101,101,Gemma-3-27B,Random,33,0.0,1.0,4,0,9.0
gemma3_27b__vs__random_uniform__seed101,101,Gemma-3-27B,Random,34,0.0,0.25,4,3,2.25
gemma3_27b__vs__random_uniform__seed101,101,Gemma-3-27B,Random,35,0.0,0.25,4,3,2.25
gemma3_27b__vs__random_uniform__seed101,101,Gemma-3-27B,Random,36,0.0,0.25,4,3,2.25
gemma3_27b__vs__random_uniform__seed101,101,Gemma-3-27B,Random,37,0.0,0.5,4,2,4.5
gemma3_27b__vs__random_uniform__seed101,101,Gemma-3-27B,Random,38,0.0,1.0,4,0,9.0
gemma3_27b__vs__random_uniform__seed101,101,Gemma-3-27B,Random,39,0.0,1.0,4,0,9.0
gemma3_27b__vs__random_uniform__seed101,101,Gemma-3-27B,Random,40,0.0,0.25,4,3,2.25
gemma3_27b__vs__random_uniform__seed101,101,Gemma-3-27B,Random,41,0.0,1.0,4,0,9.0
gemma3_27b__vs__random_uniform__seed101,101,Gemma-3-27B,Random,42,0.0,0.5,4,2,4.5
gemma3_27b__vs__random_uniform__seed101,101,Gemma-3-27B,Random,43,0.0,0.0,4,4,0.0
gemma3_27b__vs__random_uniform__seed101,101,Gemma-3-27B,Random,44,0.0,0.5,4,2,4.5
gemma3_27b__vs__random_uniform__seed101,101,Gemma-3-27B,Random,45,0.0,0.75,4,1,6.75
gemma3_27b__vs__random_uniform__seed101,101,Gemma-3-27B,Random,46,0.0,0.5,4,2,4.5
gemma3_27b__vs__random_uniform__seed101,101,Gemma-3-27B,Random,47,0.0,0.75,4,1,6.75
gemma3_27b__vs__random_uniform__seed101,101,Gemma-3-27B,Random,48,0.0,0.75,4,1,6.75
gemma3_27b__vs__random_uniform__seed101,101,Gemma-3-27B,Random,49,0.0,0.25,4,3,2.25
gemma3_27b__vs__random_uniform__seed101,101,Gemma-3-27B,Random,50,0.0,0.25,4,3,2.25
gemma3_27b__vs__random_uniform__seed102,102,Gemma-3-27B,Random,1,0.0,0.75,4,1,9.0
gemma3_27b__vs__random_uniform__seed102,102,Gemma-3-27B,Random,2,0.0,0.75,4,1,8.954062500000001
gemma3_27b__vs__random_uniform__seed102,102,Gemma-3-27B,Random,3,0.0,0.75,4,1,8.908125000000002
gemma3_27b__vs__random_uniform__seed102,102,Gemma-3-27B,Random,4,0.0,0.5,4,2,5.908125000000001
gemma3_27b__vs__random_uniform__seed102,102,Gemma-3-27B,Random,5,0.0,0.75,4,1,8.816250000000002
gemma3_27b__vs__random_uniform__seed102,102,Gemma-3-27B,Random,6,0.0,0.75,4,1,8.770312500000003
gemma3_27b__vs__random_uniform__seed102,102,Gemma-3-27B,Random,7,0.0,1.0,4,0,11.632500000000004
gemma3_27b__vs__random_uniform__seed102,102,Gemma-3-27B,Random,8,0.0,1.0,4,0,11.577500000000004
gemma3_27b__vs__random_uniform__seed102,102,Gemma-3-27B,Random,9,0.0,0.0,4,4,0.0
gemma3_27b__vs__random_uniform__seed102,102,Gemma-3-27B,Random,10,0.0,0.0,4,4,0.0
gemma3_27b__vs__random_uniform__seed102,102,Gemma-3-27B,Random,11,0.0,1.0,4,0,11.377343750000003
gemma3_27b__vs__random_uniform__seed102,102,Gemma-3-27B,Random,12,0.0,0.75,4,1,8.474765625000002
gemma3_27b__vs__random_uniform__seed102,102,Gemma-3-27B,Random,13,0.0,0.75,4,1,8.416523437500002
gemma3_27b__vs__random_uniform__seed102,102,Gemma-3-27B,Random,14,0.0,0.25,4,3,2.7860937500000005
gemma3_27b__vs__random_uniform__seed102,102,Gemma-3-27B,Random,15,0.0,0.0,4,4,0.0
gemma3_27b__vs__random_uniform__seed102,102,Gemma-3-27B,Random,16,0.0,0.75,4,1,8.208984375000002
gemma3_27b__vs__random_uniform__seed102,102,Gemma-3-27B,Random,17,0.0,0.0,4,4,0.0
gemma3_27b__vs__random_uniform__seed102,102,Gemma-3-27B,Random,18,0.0,0.25,4,3,2.6783593750000008
gemma3_27b__vs__random_uniform__seed102,102,Gemma-3-27B,Random,19,0.0,0.0,4,4,0.0
gemma3_27b__vs__random_uniform__seed102,102,Gemma-3-27B,Random,20,0.0,0.75,4,1,7.852968750000001
gemma3_27b__vs__random_uniform__seed102,102,Gemma-3-27B,Random,21,0.0,0.75,4,1,7.753710937500001
gemma3_27b__vs__random_uniform__seed102,102,Gemma-3-27B,Random,22,0.0,0.5,4,2,5.1029687500000005
gemma3_27b__vs__random_uniform__seed102,102,Gemma-3-27B,Random,23,0.0,0.0,4,4,0.0
gemma3_27b__vs__random_uniform__seed102,102,Gemma-3-27B,Random,24,0.0,0.25,4,3,2.488046875
gemma3_27b__vs__random_uniform__seed102,102,Gemma-3-27B,Random,25,0.0,1.0,4,0,9.814375
gemma3_27b__vs__random_uniform__seed102,102,Gemma-3-27B,Random,26,0.0,0.0,4,4,0.0
gemma3_27b__vs__random_uniform__seed102,102,Gemma-3-27B,Random,27,0.0,0.75,4,1,7.182773437500001
gemma3_27b__vs__random_uniform__seed102,102,Gemma-3-27B,Random,28,0.0,0.25,4,3,2.3680078125
gemma3_27b__vs__random_uniform__seed102,102,Gemma-3-27B,Random,29,0.0,0.25,4,3,2.3390234375000003
gemma3_27b__vs__random_uniform__seed102,102,Gemma-3-27B,Random,30,0.0,0.25,4,3,2.3073046875000003
gemma3_27b__vs__random_uniform__seed102,102,Gemma-3-27B,Random,31,0.0,0.75,4,1,6.8226562500000005
gemma3_27b__vs__random_uniform__seed102,102,Gemma-3-27B,Random,32,0.0,0.25,4,3,2.25
gemma3_27b__vs__random_uniform__seed102,102,Gemma-3-27B,Random,33,0.0,0.0,4,4,0.0
gemma3_27b__vs__random_uniform__seed102,102,Gemma-3-27B,Random,34,0.0,0.75,4,1,6.75
gemma3_27b__vs__random_uniform__seed102,102,Gemma-3-27B,Random,35,0.0,1.0,4,0,9.0
gemma3_27b__vs__random_uniform__seed102,102,Gemma-3-27B,Random,36,0.0,0.75,4,1,6.75
gemma3_27b__vs__random_uniform__seed102,102,Gemma-3-27B,Random,37,0.0,0.0,4,4,0.0
gemma3_27b__vs__random_uniform__seed102,102,Gemma-3-27B,Random,38,0.0,0.5,4,2,4.5
gemma3_27b__vs__random_uniform__seed102,102,Gemma-3-27B,Random,39,0.0,1.0,4,0,9.0
gemma3_27b__vs__random_uniform__seed102,102,Gemma-3-27B,Random,40,0.0,0.0,4,4,0.0
gemma3_27b__vs__random_uniform__seed102,102,Gemma-3-27B,Random,41,0.0,0.0,4,4,0.0
gemma3_27b__vs__random_uniform__seed102,102,Gemma-3-27B,Random,42,0.0,0.25,4,3,2.25
gemma3_27b__vs__random_uniform__seed102,102,Gemma-3-27B,Random,43,0.0,0.0,4,4,0.0
gemma3_27b__vs__random_uniform__seed102,102,Gemma-3-27B,Random,44,0.0,1.0,4,0,9.0
gemma3_27b__vs__random_uniform__seed102,102,Gemma-3-27B,Random,45,0.0,1.0,4,0,9.0
gemma3_27b__vs__random_uniform__seed102,102,Gemma-3-27B,Random,46,0.0,0.0,4,4,0.0
gemma3_27b__vs__random_uniform__seed102,102,Gemma-3-27B,Random,47,0.0,0.25,4,3,2.25
gemma3_27b__vs__random_uniform__seed102,102,Gemma-3-27B,Random,48,0.0,0.0,4,4,0.0
gemma3_27b__vs__random_uniform__seed102,102,Gemma-3-27B,Random,49,0.0,0.5,4,2,4.5
gemma3_27b__vs__random_uniform__seed102,102,Gemma-3-27B,Random,50,0.0,0.5,4,2,4.5
gemma3_27b__vs__random_uniform__seed103,103,Gemma-3-27B,Random,1,0.0,1.0,4,0,12.0
gemma3_27b__vs__random_uniform__seed103,103,Gemma-3-27B,Random,2,0.0,0.0,4,4,0.0
gemma3_27b__vs__random_uniform__seed103,103,Gemma-3-27B,Random,3,0.0,0.0,4,4,0.0
gemma3_27b__vs__random_uniform__seed103,103,Gemma-3-27B,Random,4,0.0,0.5,4,2,5.871666666666666
gemma3_27b__vs__random_uniform__seed103,103,Gemma-3-27B,Random,5,0.0,1.0,4,0,11.616458333333332
gemma3_27b__vs__random_uniform__seed103,103,Gemma-3-27B,Random,6,0.0,0.0,4,4,0.0
gemma3_27b__vs__random_uniform__seed103,103,Gemma-3-27B,Random,7,0.0,0.75,4,1,8.54390625
gemma3_27b__vs__random_uniform__seed103,103,Gemma-3-27B,Random,8,0.0,1.0,4,0,11.280624999999999
gemma3_27b__vs__random_uniform__seed103,103,Gemma-3-27B,Random,9,0.0,0.5,4,2,5.944461390150068
gemma3_27b__vs__random_uniform__seed103,103,Gemma-3-27B,Random,10,0.0,1.0,4,0,11.114374999999999
gemma3_27b__vs__random_uniform__seed103,103,Gemma-3-27B,Random,11,0.0,0.75,4,1,8.285742187499999
gemma3_27b__vs__random_uniform__seed103,103,Gemma-3-27B,Random,12,0.0,0.25,4,3,2.7493359374999997
gemma3_27b__vs__random_uniform__seed103,103,Gemma-3-27B,Random,13,0.0,0.75,4,1,8.206171874999999
gemma3_27b__vs__random_uniform__seed103,103,Gemma-3-27B,Random,14,0.0,0.75,4,1,8.160234374999998
gemma3_27b__vs__random_uniform__seed103,103,Gemma-3-27B,Random,15,0.0,0.25,4,3,2.7088671874999997
gemma3_27b__vs__random_uniform__seed103,103,Gemma-3-27B,Random,16,0.0,0.75,4,1,8.084765625
gemma3_27b__vs__random_uniform__seed103,103,Gemma-3-27B,Random,17,0.0,1.0,4,0,10.696562499999997
gemma3_27b__vs__random_uniform__seed103,103,Gemma-3-27B,Random,18,0.0,0.0,4,4,0.0
gemma3_27b__vs__random_uniform__seed103,103,Gemma-3-27B,Random,19,0.0,0.5,4,2,5.265156249999999
gemma3_27b__vs__random_uniform__seed103,103,Gemma-3-27B,Random,20,0.0,0.25,4,3,2.6076953124999993
gemma3_27b__vs__random_uniform__seed103,103,Gemma-3-27B,Random,21,0.0,0.5,4,2,5.165624999999999
gemma3_27b__vs__random_uniform__seed103,103,Gemma-3-27B,Random,22,0.0,0.25,4,3,2.717452666763186
gemma3_27b__vs__random_uniform__seed103,103,Gemma-3-27B,Random,23,0.0,0.75,4,1,7.607343749999998
gemma3_27b__vs__random_uniform__seed103,103,Gemma-3-27B,Random,24,0.0,0.5,4,2,5.027265624999999
gemma3_27b__vs__random_uniform__seed103,103,Gemma-3-27B,Random,25,0.0,0.25,4,3,2.4901171874999997
gemma3_27b__vs__random_uniform__seed103,103,Gemma-3-27B,Random,26,0.0,0.0,4,4,0.0
gemma3_27b__vs__random_uniform__seed103,103,Gemma-3-27B,Random,27,0.0,1.0,4,0,9.739531249999997
gemma3_27b__vs__random_uniform__seed103,103,Gemma-3-27B,Random,28,0.0,0.0,4,4,0.0
gemma3_27b__vs__random_uniform__seed103,103,Gemma-3-27B,Random,29,0.0,0.0,4,4,0.0
gemma3_27b__vs__random_uniform__seed103,103,Gemma-3-27B,Random,30,0.0,0.5,4,2,4.704062499999998
gemma3_27b__vs__random_uniform__seed103,103,Gemma-3-27B,Random,31,0.0,0.0,4,4,0.0
gemma3_27b__vs__random_uniform__seed103,103,Gemma-3-27B,Random,32,0.0,0.5,4,2,4.574453124999998
gemma3_27b__vs__random_uniform__seed103,103,Gemma-3-27B,Random,33,0.0,0.5,4,2,4.505546874999998
gemma3_27b__vs__random_uniform__seed103,103,Gemma-3-27B,Random,34,0.0,0.25,4,3,2.25
gemma3_27b__vs__random_uniform__seed103,103,Gemma-3-27B,Random,35,0.0,0.5,4,2,4.5
gemma3_27b__vs__random_uniform__seed103,103,Gemma-3-27B,Random,36,0.0,0.5,4,2,4.5
gemma3_27b__vs__random_uniform__seed103,103,Gemma-3-27B,Random,37,0.0,0.0,4,4,0.0
gemma3_27b__vs__random_uniform__seed103,103,Gemma-3-27B,Random,38,0.0,0.25,4,3,2.25
gemma3_27b__vs__random_uniform__seed103,103,Gemma-3-27B,Random,39,0.0,0.0,4,4,0.0
gemma3_27b__vs__random_uniform__seed103,103,Gemma-3-27B,Random,40,0.0,1.0,4,0,9.0
gemma3_27b__vs__random_uniform__seed103,103,Gemma-3-27B,Random,41,0.0,0.0,4,4,0.0
gemma3_27b__vs__random_uniform__seed103,103,Gemma-3-27B,Random,42,0.0,0.5,4,2,4.5
gemma3_27b__vs__random_uniform__seed103,103,Gemma-3-27B,Random,43,0.0,0.75,4,1,6.75
gemma3_27b__vs__random_uniform__seed103,103,Gemma-3-27B,Random,44,0.0,0.0,4,4,0.0
gemma3_27b__vs__random_uniform__seed103,103,Gemma-3-27B,Random,45,0.0,1.0,4,0,9.0
gemma3_27b__vs__random_uniform__seed103,103,Gemma-3-27B,Random,46,0.0,0.75,4,1,7.163300242806258
gemma3_27b__vs__random_uniform__seed103,103,Gemma-3-27B,Random,47,0.0,0.5,4,2,4.5
gemma3_27b__vs__random_uniform__seed103,103,Gemma-3-27B,Random,48,0.0,0.0,4,4,0.0
gemma3_27b__vs__random_uniform__seed103,103,Gemma-3-27B,Random,49,0.0,0.25,4,3,2.25
gemma3_27b__vs__random_uniform__seed103,103,Gemma-3-27B,Random,50,0.0,1.0,4,0,9.0
gemma3_27b__vs__random_uniform__seed104,104,Gemma-3-27B,Random,1,0.0,0.75,4,1,9.0
gemma3_27b__vs__random_uniform__seed104,104,Gemma-3-27B,Random,2,0.0,0.75,4,1,8.954062500000001
gemma3_27b__vs__random_uniform__seed104,104,Gemma-3-27B,Random,3,0.0,1.0,4,0,11.855625
gemma3_27b__vs__random_uniform__seed104,104,Gemma-3-27B,Random,4,0.0,0.25,4,3,2.9413020833333334
gemma3_27b__vs__random_uniform__seed104,104,Gemma-3-27B,Random,5,0.0,1.0,4,0,11.660208333333333
gemma3_27b__vs__random_uniform__seed104,104,Gemma-3-27B,Random,6,0.0,0.75,4,1,8.67953125
gemma3_27b__vs__random_uniform__seed104,104,Gemma-3-27B,Random,7,0.0,0.75,4,1,8.6171875
gemma3_27b__vs__random_uniform__seed104,104,Gemma-3-27B,Random,8,0.0,1.0,4,0,11.409583333333332
gemma3_27b__vs__random_uniform__seed104,104,Gemma-3-27B,Random,9,0.0,0.25,4,3,2.834348958333333
gemma3_27b__vs__random_uniform__seed104,104,Gemma-3-27B,Random,10,0.0,0.0,4,4,0.0
gemma3_27b__vs__random_uniform__seed104,104,Gemma-3-27B,Random,11,0.0,0.0,4,4,0.0
gemma3_27b__vs__random_uniform__seed104,104,Gemma-3-27B,Random,12,0.0,0.75,4,1,8.299609375
gemma3_27b__vs__random_uniform__seed104,104,Gemma-3-27B,Random,13,0.0,0.0,4,4,0.0
gemma3_27b__vs__random_uniform__seed104,104,Gemma-3-27B,Random,14,0.0,0.0,4,4,0.0
gemma3_27b__vs__random_uniform__seed104,104,Gemma-3-27B,Random,15,0.0,0.0,4,4,0.0
gemma3_27b__vs__random_uniform__seed104,104,Gemma-3-27B,Random,16,0.0,0.75,4,1,7.947695312499999
gemma3_27b__vs__random_uniform__seed104,104,Gemma-3-27B,Random,17,0.0,0.5,4,2,5.224088541666666
gemma3_27b__vs__random_uniform__seed104,104,Gemma-3-27B,Random,18,0.0,0.75,4,1,7.728671875
gemma3_27b__vs__random_uniform__seed104,104,Gemma-3-27B,Random,19,0.0,0.75,4,1,7.633515624999999
gemma3_27b__vs__random_uniform__seed104,104,Gemma-3-27B,Random,20,0.0,1.0,4,0,10.067552083333332
gemma3_27b__vs__random_uniform__seed104,104,Gemma-3-27B,Random,21,0.0,0.75,4,1,7.471914062499999
gemma3_27b__vs__random_uniform__seed104,104,Gemma-3-27B,Random,22,0.0,0.0,4,4,0.0
gemma3_27b__vs__random_uniform__seed104,104,Gemma-3-27B,Random,23,0.0,0.5,4,2,4.898151041666666
gemma3_27b__vs__random_uniform__seed104,104,Gemma-3-27B,Random,24,0.0,0.25,4,3,2.432395833333333
gemma3_27b__vs__random_uniform__seed104,104,Gemma-3-27B,Random,25,0.0,1.0,4,0,9.651927083333332
gemma3_27b__vs__random_uniform__seed104,104,Gemma-3-27B,Random,26,0.0,0.0,4,4,0.0
gemma3_27b__vs__random_uniform__seed104,104,Gemma-3-27B,Random,27,0.0,0.5,4,2,4.764713541666666
gemma3_27b__vs__random_uniform__seed104,104,Gemma-3-27B,Random,28,0.0,0.25,4,3,2.3629427083333328
gemma3_27b__vs__random_uniform__seed104,104,Gemma-3-27B,Random,29,0.0,1.0,4,0,9.357708333333331
gemma3_27b__vs__random_uniform__seed104,104,Gemma-3-27B,Random,30,0.0,0.25,4,3,2.315911458333333
gemma3_27b__vs__random_uniform__seed104,104,Gemma-3-27B,Random,31,0.0,0.75,4,1,6.873085937499999
gemma3_27b__vs__random_uniform__seed104,104,Gemma-3-27B,Random,32,0.0,0.25,4,3,2.267513020833333
gemma3_27b__vs__random_uniform__seed104,104,Gemma-3-27B,Random,33,0.0,0.75,4,1,6.75
gemma3_27b__vs__random_uniform__seed104,104,Gemma-3-27B,Random,34,0.0,0.25,4,3,2.25
gemma3_27b__vs__random_uniform__seed104,104,Gemma-3-27B,Random,35,0.0,0.75,4,1,6.75
gemma3_27b__vs__random_uniform__seed104,104,Gemma-3-27B,Random,36,0.0,0.0,4,4,0.0
gemma3_27b__vs__random_uniform__seed104,104,Gemma-3-27B,Random,37,0.0,0.5,4,2,4.5
gemma3_27b__vs__random_uniform__seed104,104,Gemma-3-27B,Random,38,0.0,0.0,4,4,0.0
gemma3_27b__vs__random_uniform__seed104,104,Gemma-3-27B,Random,39,0.0,0.25,4,3,2.25
gemma3_27b__vs__random_uniform__seed104,104,Gemma-3-27B,Random,40,0.0,0.25,4,3,2.25
gemma3_27b__vs__random_uniform__seed104,104,Gemma-3-27B,Random,41,0.0,0.25,4,3,2.25
gemma3_27b__vs__random_uniform__seed104,104,Gemma-3-27B,Random,42,0.0,0.25,4,3,2.25
gemma3_27b__vs__random_uniform__seed104,104,Gemma-3-27B,Random,43,0.0,0.0,4,4,0.0
gemma3_27b__vs__random_uniform__seed104,104,Gemma-3-27B,Random,44,0.0,0.0,4,4,0.0
gemma3_27b__vs__random_uniform__seed104,104,Gemma-3-27B,Random,45,0.0,0.0,4,4,0.0
gemma3_27b__vs__random_uniform__seed104,104,Gemma-3-27B,Random,46,0.0,1.0,4,0,9.0
gemma3_27b__vs__random_uniform__seed104,104,Gemma-3-27B,Random,47,0.0,0.25,4,3,2.25
gemma3_27b__vs__random_uniform__seed104,104,Gemma-3-27B,Random,48,0.0,0.5,4,2,4.5
gemma3_27b__vs__random_uniform__seed104,104,Gemma-3-27B,Random,49,0.0,0.0,4,4,0.0
gemma3_27b__vs__random_uniform__seed104,104,Gemma-3-27B,Random,50,0.0,0.75,4,1,6.75
gemma3_27b__vs__random_uniform__seed105,105,Gemma-3-27B,Random,1,0.0,0.25,4,3,3.0
gemma3_27b__vs__random_uniform__seed105,105,Gemma-3-27B,Random,2,0.0,0.25,4,3,2.9628125
gemma3_27b__vs__random_uniform__seed105,105,Gemma-3-27B,Random,3,0.0,0.0,4,4,0.0
gemma3_27b__vs__random_uniform__seed105,105,Gemma-3-27B,Random,4,0.0,1.0,4,0,11.539166666666667
gemma3_27b__vs__random_uniform__seed105,105,Gemma-3-27B,Random,5,0.0,0.0,4,4,0.0
gemma3_27b__vs__random_uniform__seed105,105,Gemma-3-27B,Random,6,0.0,1.0,4,0,11.272291666666666
gemma3_27b__vs__random_uniform__seed105,105,Gemma-3-27B,Random,7,0.0,0.25,4,3,2.7881770833333333
gemma3_27b__vs__random_uniform__seed105,105,Gemma-3-27B,Random,8,0.0,0.75,4,1,8.27171875
gemma3_27b__vs__random_uniform__seed105,105,Gemma-3-27B,Random,9,0.0,0.5,4,2,5.456510416666667
gemma3_27b__vs__random_uniform__seed105,105,Gemma-3-27B,Random,10,0.0,0.5,4,2,5.401276041666667
gemma3_27b__vs__random_uniform__seed105,105,Gemma-3-27B,Random,11,0.0,0.5,4,2,5.3487760416666665
gemma3_27b__vs__random_uniform__seed105,105,Gemma-3-27B,Random,12,0.0,1.0,4,0,10.603489583333333
gemma3_27b__vs__random_uniform__seed105,105,Gemma-3-27B,Random,13,0.0,0.25,4,3,2.6273567708333334
gemma3_27b__vs__random_uniform__seed105,105,Gemma-3-27B,Random,14,0.0,0.5,4,2,5.210416666666667
gemma3_27b__vs__random_uniform__seed105,105,Gemma-3-27B,Random,15,0.0,0.5,4,2,5.160651041666667
gemma3_27b__vs__random_uniform__seed105,105,Gemma-3-27B,Random,16,0.0,0.5,4,2,5.113619791666667
gemma3_27b__vs__random_uniform__seed105,105,Gemma-3-27B,Random,17,0.0,0.5,4,2,5.063854166666667
gemma3_27b__vs__random_uniform__seed105,105,Gemma-3-27B,Random,18,0.0,0.75,4,1,7.521132812500001
gemma3_27b__vs__random_uniform__seed105,105,Gemma-3-27B,Random,19,0.0,0.0,4,4,0.0
gemma3_27b__vs__random_uniform__seed105,105,Gemma-3-27B,Random,20,0.0,0.5,4,2,4.914557291666667
gemma3_27b__vs__random_uniform__seed105,105,Gemma-3-27B,Random,21,0.0,0.0,4,4,0.0
gemma3_27b__vs__random_uniform__seed105,105,Gemma-3-27B,Random,22,0.0,0.5,4,2,4.795885416666668
gemma3_27b__vs__random_uniform__seed105,105,Gemma-3-27B,Random,23,0.0,1.0,4,0,9.470364583333335
gemma3_27b__vs__random_uniform__seed105,105,Gemma-3-27B,Random,24,0.0,0.0,4,4,0.0
gemma3_27b__vs__random_uniform__seed105,105,Gemma-3-27B,Random,25,0.0,0.0,4,4,0.0
gemma3_27b__vs__random_uniform__seed105,105,Gemma-3-27B,Random,26,0.0,0.25,4,3,2.2765364583333336
gemma3_27b__vs__random_uniform__seed105,105,Gemma-3-27B,Random,27,0.0,0.5,4,2,4.5
gemma3_27b__vs__random_uniform__seed105,105,Gemma-3-27B,Random,28,0.0,0.5,4,2,4.5
gemma3_27b__vs__random_uniform__seed105,105,Gemma-3-27B,Random,29,0.0,0.75,4,1,6.75
gemma3_27b__vs__random_uniform__seed105,105,Gemma-3-27B,Random,30,0.0,0.25,4,3,2.25
gemma3_27b__vs__random_uniform__seed105,105,Gemma-3-27B,Random,31,0.0,0.25,4,3,2.25
gemma3_27b__vs__random_uniform__seed105,105,Gemma-3-27B,Random,32,0.0,0.5,4,2,4.5
gemma3_27b__vs__random_uniform__seed105,105,Gemma-3-27B,Random,33,0.0,0.25,4,3,2.25
gemma3_27b__vs__random_uniform__seed105,105,Gemma-3-27B,Random,34,0.0,0.75,4,1,6.75
gemma3_27b__vs__random_uniform__seed105,105,Gemma-3-27B,Random,35,0.0,0.75,4,1,6.75
gemma3_27b__vs__random_uniform__seed105,105,Gemma-3-27B,Random,36,0.0,0.75,4,1,6.75
gemma3_27b__vs__random_uniform__seed105,105,Gemma-3-27B,Random,37,0.0,0.75,4,1,6.75
gemma3_27b__vs__random_uniform__seed105,105,Gemma-3-27B,Random,38,0.0,1.0,4,0,9.0
gemma3_27b__vs__random_uniform__seed105,105,Gemma-3-27B,Random,39,0.0,0.0,4,4,0.0
gemma3_27b__vs__random_uniform__seed105,105,Gemma-3-27B,Random,40,0.0,0.5,4,2,4.5
gemma3_27b__vs__random_uniform__seed105,105,Gemma-3-27B,Random,41,0.0,0.75,4,1,6.75
gemma3_27b__vs__random_uniform__seed105,105,Gemma-3-27B,Random,42,0.0,0.25,4,3,2.25
gemma3_27b__vs__random_uniform__seed105,105,Gemma-3-27B,Random,43,0.0,0.75,4,1,6.75
gemma3_27b__vs__random_uniform__seed105,105,Gemma-3-27B,Random,44,0.0,0.5,4,2,4.5
gemma3_27b__vs__random_uniform__seed105,105,Gemma-3-27B,Random,45,0.0,0.25,4,3,2.25
gemma3_27b__vs__random_uniform__seed105,105,Gemma-3-27B,Random,46,0.0,0.5,4,2,4.5
gemma3_27b__vs__random_uniform__seed105,105,Gemma-3-27B,Random,47,0.0,0.25,4,3,2.25
gemma3_27b__vs__random_uniform__seed105,105,Gemma-3-27B,Random,48,0.0,0.0,4,4,0.0
gemma3_27b__vs__random_uniform__seed105,105,Gemma-3-27B,Random,49,0.0,0.0,4,4,0.0
gemma3_27b__vs__random_uniform__seed105,105,Gemma-3-27B,Random,50,0.0,0.75,4,1,6.75
gemma3_27b__vs__wsls__seed101,101,Gemma-3-27B,WSLS,1,0.0,1.0,4,0,12.0
gemma3_27b__vs__wsls__seed101,101,Gemma-3-27B,WSLS,2,0.0,0.75,4,1,8.986875
gemma3_27b__vs__wsls__seed101,101,Gemma-3-27B,WSLS,3,0.0,0.5,4,2,5.9715625
gemma3_27b__vs__wsls__seed101,101,Gemma-3-27B,WSLS,4,0.0,0.25,4,3,2.97046875
gemma3_27b__vs__wsls__seed101,101,Gemma-3-27B,WSLS,5,0.0,0.0,4,4,0.0
gemma3_27b__vs__wsls__seed101,101,Gemma-3-27B,WSLS,6,0.0,0.0,4,4,0.0
gemma3_27b__vs__wsls__seed101,101,Gemma-3-27B,WSLS,7,0.0,0.0,4,4,0.0
gemma3_27b__vs__wsls__seed101,101,Gemma-3-27B,WSLS,8,0.0,0.0,4,4,0.0
gemma3_27b__vs__wsls__seed101,101,Gemma-3-27B,WSLS,9,0.0,0.0,4,4,0.0
gemma3_27b__vs__wsls__seed101,101,Gemma-3-27B,WSLS,10,0.0,0.0,4,4,0.0
gemma3_27b__vs__wsls__seed101,101,Gemma-3-27B,WSLS,11,0.0,0.0,4,4,0.0
gemma3_27b__vs__wsls__seed101,101,Gemma-3-27B,WSLS,12,0.0,0.0,4,4,0.0
gemma3_27b__vs__wsls__seed101,101,Gemma-3-27B,WSLS,13,0.0,0.0,4,4,0.0
gemma3_27b__vs__wsls__seed101,101,Gemma-3-27B,WSLS,14,0.0,0.0,4,4,0.0
gemma3_27b__vs__wsls__seed101,101,Gemma-3-27B,WSLS,15,0.0,0.0,4,4,0.0
gemma3_27b__vs__wsls__seed101,101,Gemma-3-27B,WSLS,16,0.0,0.0,4,4,0.0
gemma3_27b__vs__wsls__seed101,101,Gemma-3-27B,WSLS,17,0.0,0.0,4,4,0.0
gemma3_27b__vs__wsls__seed101,101,Gemma-3-27B,WSLS,18,0.0,0.0,4,4,0.0
gemma3_27b__vs__wsls__seed101,101,Gemma-3-27B,WSLS,19,0.0,0.0,4,4,0.0
gemma3_27b__vs__wsls__seed101,101,Gemma-3-27B,WSLS,20,0.0,0.0,4,4,0.0
gemma3_27b__vs__wsls__seed101,101,Gemma-3-27B,WSLS,21,0.0,0.0,4,4,0.0
gemma3_27b__vs__wsls__seed101,101,Gemma-3-27B,WSLS,22,0.0,0.0,4,4,0.0
gemma3_27b__vs__wsls__seed101,101,Gemma-3-27B,WSLS,23,0.0,0.0,4,4,0.0
gemma3_27b__vs__wsls__seed101,101,Gemma-3-27B,WSLS,24,0.0,0.0,4,4,0.0
gemma3_27b__vs__wsls__seed101,101,Gemma-3-27B,WSLS,25,0.0,0.0,4,4,0.0
gemma3_27b__vs__wsls__seed101,101,Gemma-3-27B,WSLS,26,0.0,0.0,4,4,0.0
gemma3_27b__vs__wsls__seed101,101,Gemma-3-27B,WSLS,27,0.0,0.0,4,4,0.0
gemma3_27b__vs__wsls__seed101,101,Gemma-3-27B,WSLS,28,0.0,0.0,4,4,0.0
gemma3_27b__vs__wsls__seed101,101,Gemma-3-27B,WSLS,29,0.0,0.0,4,4,0.0
gemma3_27b__vs__wsls__seed101,101,Gemma-3-27B,WSLS,30,0.0,0.0,4,4,0.0
gemma3_27b__vs__wsls__seed101,101,Gemma-3-27B,WSLS,31,0.0,0.0,4,4,0.0
gemma3_27b__vs__wsls__seed101,101,Gemma-3-27B,WSLS,32,0.0,0.0,4,4,0.0
gemma3_27b__vs__wsls__seed101,101,Gemma-3-27B,WSLS,33,0.0,0.0,4,4,0.0
gemma3_27b__vs__wsls__seed101,101,Gemma-3-27B,WSLS,34,0.0,0.0,4,4,0.0
gemma3_27b__vs__wsls__seed101,101,Gemma-3-27B,WSLS,35,0.0,0.0,4,4,0.0
gemma3_27b__vs__wsls__seed101,101,Gemma-3-27B,WSLS,36,0.0,0.0,4,4,0.0
gemma3_27b__vs__wsls__seed101,101,Gemma-3-27B,WSLS,37,0.0,0.0,4,4,0.0
gemma3_27b__vs__wsls__seed101,101,Gemma-3-27B,WSLS,38,0.0,0.0,4,4,0.0
gemma3_27b__vs__wsls__seed101,101,Gemma-3-27B,WSLS,39,0.0,0.0,4,4,0.0
gemma3_27b__vs__wsls__seed101,101,Gemma-3-27B,WSLS,40,0.0,0.0,4,4,0.0
gemma3_27b__vs__wsls__seed101,101,Gemma-3-27B,WSLS,41,0.0,0.0,4,4,0.0
gemma3_27b__vs__wsls__seed101,101,Gemma-3-27B,WSLS,42,0.0,0.0,4,4,0.0
gemma3_27b__vs__wsls__seed101,101,Gemma-3-27B,WSLS,43,0.0,0.0,4,4,0.0
gemma3_27b__vs__wsls__seed101,101,Gemma-3-27B,WSLS,44,0.0,0.0,4,4,0.0
gemma3_27b__vs__wsls__seed101,101,Gemma-3-27B,WSLS,45,0.0,0.0,4,4,0.0
gemma3_27b__vs__wsls__seed101,101,Gemma-3-27B,WSLS,46,0.0,0.0,4,4,0.0
gemma3_27b__vs__wsls__seed101,101,Gemma-3-27B,WSLS,47,0.0,0.0,4,4,0.0
gemma3_27b__vs__wsls__seed101,101,Gemma-3-27B,WSLS,48,0.0,0.0,4,4,0.0
gemma3_27b__vs__wsls__seed101,101,Gemma-3-27B,WSLS,49,0.0,0.0,4,4,0.0
gemma3_27b__vs__wsls__seed101,101,Gemma-3-27B,WSLS,50,0.0,0.0,4,4,0.0
gemma3_27b__vs__wsls__seed102,102,Gemma-3-27B,WSLS,1,0.0,1.0,4,0,12.0
gemma3_27b__vs__wsls__seed102,102,Gemma-3-27B,WSLS,2,0.0,0.75,4,1,8.986875
gemma3_27b__vs__wsls__seed102,102,Gemma-3-27B,WSLS,3,0.0,0.5,4,2,5.9715625
gemma3_27b__vs__wsls__seed102,102,Gemma-3-27B,WSLS,4,0.0,0.25,4,3,2.97046875
gemma3_27b__vs__wsls__seed102,102,Gemma-3-27B,WSLS,5,0.0,0.5,4,2,5.910312500000001
gemma3_27b__vs__wsls__seed102,102,Gemma-3-27B,WSLS,6,0.0,0.25,4,3,2.9376562500000003
gemma3_27b__vs__wsls__seed102,102,Gemma-3-27B,WSLS,7,0.0,0.0,4,4,0.0
gemma3_27b__vs__wsls__seed102,102,Gemma-3-27B,WSLS,8,0.0,0.0,4,4,0.0
gemma3_27b__vs__wsls__seed102,102,Gemma-3-27B,WSLS,9,0.0,0.0,4,4,0.0
gemma3_27b__vs__wsls__seed102,102,Gemma-3-27B,WSLS,10,0.0,0.0,4,4,0.0
gemma3_27b__vs__wsls__seed102,102,Gemma-3-27B,WSLS,11,0.0,0.0,4,4,0.0
gemma3_27b__vs__wsls__seed102,102,Gemma-3-27B,WSLS,12,0.0,0.0,4,4,0.0
gemma3_27b__vs__wsls__seed102,102,Gemma-3-27B,WSLS,13,0.0,0.0,4,4,0.0
gemma3_27b__vs__wsls__seed102,102,Gemma-3-27B,WSLS,14,0.0,0.0,4,4,0.0
gemma3_27b__vs__wsls__seed102,102,Gemma-3-27B,WSLS,15,0.0,0.0,4,4,0.0
gemma3_27b__vs__wsls__seed102,102,Gemma-3-27B,WSLS,16,0.0,0.0,4,4,0.0
gemma3_27b__vs__wsls__seed102,102,Gemma-3-27B,WSLS,17,0.0,0.0,4,4,0.0
gemma3_27b__vs__wsls__seed102,102,Gemma-3-27B,WSLS,18,0.0,0.0,4,4,0.0
gemma3_27b__vs__wsls__seed102,102,Gemma-3-27B,WSLS,19,0.0,0.0,4,4,0.0
gemma3_27b__vs__wsls__seed102,102,Gemma-3-27B,WSLS,20,0.0,0.0,4,4,0.0
gemma3_27b__vs__wsls__seed102,102,Gemma-3-27B,WSLS,21,0.0,0.0,4,4,0.0
gemma3_27b__vs__wsls__seed102,102,Gemma-3-27B,WSLS,22,0.0,0.0,4,4,0.0
gemma3_27b__vs__wsls__seed102,102,Gemma-3-27B,WSLS,23,0.0,0.0,4,4,0.0
gemma3_27b__vs__wsls__seed102,102,Gemma-3-27B,WSLS,24,0.0,0.0,4,4,0.0
gemma3_27b__vs__wsls__seed102,102,Gemma-3-27B,WSLS,25,0.0,0.0,4,4,0.0
gemma3_27b__vs__wsls__seed102,102,Gemma-3-27B,WSLS,26,0.0,0.0,4,4,0.0
gemma3_27b__vs__wsls__seed102,102,Gemma-3-27B,WSLS,27,0.0,0.0,4,4,0.0
gemma3_27b__vs__wsls__seed102,102,Gemma-3-27B,WSLS,28,0.0,0.0,4,4,0.0
gemma3_27b__vs__wsls__seed102,102,Gemma-3-27B,WSLS,29,0.0,0.0,4,4,0.0
gemma3_27b__vs__wsls__seed102,102,Gemma-3-27B,WSLS,30,0.0,0.0,4,4,0.0
gemma3_27b__vs__wsls__seed102,102,Gemma-3-27B,WSLS,31,0.0,0.0,4,4,0.0
gemma3_27b__vs__wsls__seed102,102,Gemma-3-27B,WSLS,32,0.0,0.0,4,4,0.0
gemma3_27b__vs__wsls__seed102,102,Gemma-3-27B,WSLS,33,0.0,0.0,4,4,0.0
gemma3_27b__vs__wsls__seed102,102,Gemma-3-27B,WSLS,34,0.0,0.0,4,4,0.0
gemma3_27b__vs__wsls__seed102,102,Gemma-3-27B,WSLS,35,0.0,0.0,4,4,0.0
gemma3_27b__vs__wsls__seed102,102,Gemma-3-27B,WSLS,36,0.0,0.0,4,4,0.0
gemma3_27b__vs__wsls__seed102,102,Gemma-3-27B,WSLS,37,0.0,0.0,4,4,0.0
gemma3_27b__vs__wsls__seed102,102,Gemma-3-27B,WSLS,38,0.0,0.0,4,4,0.0
gemma3_27b__vs__wsls__seed102,102,Gemma-3-27B,WSLS,39,0.0,0.0,4,4,0.0
gemma3_27b__vs__wsls__seed102,102,Gemma-3-27B,WSLS,40,0.0,0.0,4,4,0.0
gemma3_27b__vs__wsls__seed102,102,Gemma-3-27B,WSLS,41,0.0,0.0,4,4,0.0
gemma3_27b__vs__wsls__seed102,102,Gemma-3-27B,WSLS,42,0.0,0.0,4,4,0.0
gemma3_27b__vs__wsls__seed102,102,Gemma-3-27B,WSLS,43,0.0,0.0,4,4,0.0
gemma3_27b__vs__wsls__seed102,102,Gemma-3-27B,WSLS,44,0.0,0.0,4,4,0.0
gemma3_27b__vs__wsls__seed102,102,Gemma-3-27B,WSLS,45,0.0,0.0,4,4,0.0
gemma3_27b__vs__wsls__seed102,102,Gemma-3-27B,WSLS,46,0.0,0.0,4,4,0.0
gemma3_27b__vs__wsls__seed102,102,Gemma-3-27B,WSLS,47,0.0,0.0,4,4,0.0
gemma3_27b__vs__wsls__seed102,102,Gemma-3-27B,WSLS,48,0.0,0.0,4,4,0.0
gemma3_27b__vs__wsls__seed102,102,Gemma-3-27B,WSLS,49,0.0,0.0,4,4,0.0
gemma3_27b__vs__wsls__seed102,102,Gemma-3-27B,WSLS,50,0.0,0.0,4,4,0.0
gemma3_27b__vs__wsls__seed103,103,Gemma-3-27B,WSLS,1,0.0,1.0,4,0,12.0
gemma3_27b__vs__wsls__seed103,103,Gemma-3-27B,WSLS,2,0.0,0.75,4,1,8.986875
gemma3_27b__vs__wsls__seed103,103,Gemma-3-27B,WSLS,3,0.0,0.5,4,2,5.9715625
gemma3_27b__vs__wsls__seed103,103,Gemma-3-27B,WSLS,4,0.0,0.25,4,3,2.97046875
gemma3_27b__vs__wsls__seed103,103,Gemma-3-27B,WSLS,5,0.0,0.0,4,4,0.0
gemma3_27b__vs__wsls__seed103,103,Gemma-3-27B,WSLS,6,0.0,0.0,4,4,0.0
gemma3_27b__vs__wsls__seed103,103,Gemma-3-27B,WSLS,7,0.0,0.0,4,4,0.0
gemma3_27b__vs__wsls__seed103,103,Gemma-3-27B,WSLS,8,0.0,0.0,4,4,0.0
gemma3_27b__vs__wsls__seed103,103,Gemma-3-27B,WSLS,9,0.0,0.0,4,4,0.0
gemma3_27b__vs__wsls__seed103,103,Gemma-3-27B,WSLS,10,0.0,0.0,4,4,0.0
gemma3_27b__vs__wsls__seed103,103,Gemma-3-27B,WSLS,11,0.0,0.0,4,4,0.0
gemma3_27b__vs__wsls__seed103,103,Gemma-3-27B,WSLS,12,0.0,0.0,4,4,0.0
gemma3_27b__vs__wsls__seed103,103,Gemma-3-27B,WSLS,13,0.0,0.0,4,4,0.0
gemma3_27b__vs__wsls__seed103,103,Gemma-3-27B,WSLS,14,0.0,0.0,4,4,0.0
gemma3_27b__vs__wsls__seed103,103,Gemma-3-27B,WSLS,15,0.0,0.0,4,4,0.0
gemma3_27b__vs__wsls__seed103,103,Gemma-3-27B,WSLS,16,0.0,0.0,4,4,0.0
gemma3_27b__vs__wsls__seed103,103,Gemma-3-27B,WSLS,17,0.0,0.0,4,4,0.0
gemma3_27b__vs__wsls__seed103,103,Gemma-3-27B,WSLS,18,0.0,0.0,4,4,0.0
gemma3_27b__vs__wsls__seed103,103,Gemma-3-27B,WSLS,19,0.0,0.0,4,4,0.0
gemma3_27b__vs__wsls__seed103,103,Gemma-3-27B,WSLS,20,0.0,0.0,4,4,0.0
gemma3_27b__vs__wsls__seed103,103,Gemma-3-27B,WSLS,21,0.0,0.0,4,4,0.0
gemma3_27b__vs__wsls__seed103,103,Gemma-3-27B,WSLS,22,0.0,0.0,4,4,0.0
gemma3_27b__vs__wsls__seed103,103,Gemma-3-27B,WSLS,23,0.0,0.0,4,4,0.0
gemma3_27b__vs__wsls__seed103,103,Gemma-3-27B,WSLS,24,0.0,0.0,4,4,0.0
gemma3_27b__vs__wsls__seed103,103,Gemma-3-27B,WSLS,25,0.0,0.0,4,4,0.0
gemma3_27b__vs__wsls__seed103,103,Gemma-3-27B,WSLS,26,0.0,0.0,4,4,0.0
gemma3_27b__vs__wsls__seed103,103,Gemma-3-27B,WSLS,27,0.0,0.0,4,4,0.0
gemma3_27b__vs__wsls__seed103,103,Gemma-3-27B,WSLS,28,0.0,0.0,4,4,0.0
gemma3_27b__vs__wsls__seed103,103,Gemma-3-27B,WSLS,29,0.0,0.0,4,4,0.0
gemma3_27b__vs__wsls__seed103,103,Gemma-3-27B,WSLS,30,0.0,0.0,4,4,0.0
gemma3_27b__vs__wsls__seed103,103,Gemma-3-27B,WSLS,31,0.0,0.0,4,4,0.0
gemma3_27b__vs__wsls__seed103,103,Gemma-3-27B,WSLS,32,0.0,0.0,4,4,0.0
gemma3_27b__vs__wsls__seed103,103,Gemma-3-27B,WSLS,33,0.0,0.0,4,4,0.0
gemma3_27b__vs__wsls__seed103,103,Gemma-3-27B,WSLS,34,0.0,0.0,4,4,0.0
gemma3_27b__vs__wsls__seed103,103,Gemma-3-27B,WSLS,35,0.0,0.0,4,4,0.0
gemma3_27b__vs__wsls__seed103,103,Gemma-3-27B,WSLS,36,0.0,0.0,4,4,0.0
gemma3_27b__vs__wsls__seed103,103,Gemma-3-27B,WSLS,37,0.0,0.0,4,4,0.0
gemma3_27b__vs__wsls__seed103,103,Gemma-3-27B,WSLS,38,0.0,0.0,4,4,0.0
gemma3_27b__vs__wsls__seed103,103,Gemma-3-27B,WSLS,39,0.0,0.0,4,4,0.0
gemma3_27b__vs__wsls__seed103,103,Gemma-3-27B,WSLS,40,0.0,0.0,4,4,0.0
gemma3_27b__vs__wsls__seed103,103,Gemma-3-27B,WSLS,41,0.0,0.0,4,4,0.0
gemma3_27b__vs__wsls__seed103,103,Gemma-3-27B,WSLS,42,0.0,0.0,4,4,0.0
gemma3_27b__vs__wsls__seed103,103,Gemma-3-27B,WSLS,43,0.0,0.0,4,4,0.0
gemma3_27b__vs__wsls__seed103,103,Gemma-3-27B,WSLS,44,0.0,0.0,4,4,0.0
gemma3_27b__vs__wsls__seed103,103,Gemma-3-27B,WSLS,45,0.0,0.0,4,4,0.0
gemma3_27b__vs__wsls__seed103,103,Gemma-3-27B,WSLS,46,0.0,0.0,4,4,0.0
gemma3_27b__vs__wsls__seed103,103,Gemma-3-27B,WSLS,47,0.0,0.0,4,4,0.0
gemma3_27b__vs__wsls__seed103,103,Gemma-3-27B,WSLS,48,0.0,0.0,4,4,0.0
gemma3_27b__vs__wsls__seed103,103,Gemma-3-27B,WSLS,49,0.0,0.0,4,4,0.0
gemma3_27b__vs__wsls__seed103,103,Gemma-3-27B,WSLS,50,0.0,0.0,4,4,0.0
gemma3_27b__vs__wsls__seed104,104,Gemma-3-27B,WSLS,1,0.0,1.0,4,0,12.0
gemma3_27b__vs__wsls__seed104,104,Gemma-3-27B,WSLS,2,0.0,0.75,4,1,8.986875
gemma3_27b__vs__wsls__seed104,104,Gemma-3-27B,WSLS,3,0.0,0.25,4,3,2.9803125
gemma3_27b__vs__wsls__seed104,104,Gemma-3-27B,WSLS,4,0.0,0.5,4,2,5.930000000000001
gemma3_27b__vs__wsls__seed104,104,Gemma-3-27B,WSLS,5,0.0,0.25,4,3,2.9469531250000003
gemma3_27b__vs__wsls__seed104,104,Gemma-3-27B,WSLS,6,0.0,0.0,4,4,0.0
gemma3_27b__vs__wsls__seed104,104,Gemma-3-27B,WSLS,7,0.0,0.0,4,4,0.0
gemma3_27b__vs__wsls__seed104,104,Gemma-3-27B,WSLS,8,0.0,0.0,4,4,0.0
gemma3_27b__vs__wsls__seed104,104,Gemma-3-27B,WSLS,9,0.0,0.0,4,4,0.0
gemma3_27b__vs__wsls__seed104,104,Gemma-3-27B,WSLS,10,0.0,0.0,4,4,0.0
gemma3_27b__vs__wsls__seed104,104,Gemma-3-27B,WSLS,11,0.0,0.0,4,4,0.0
gemma3_27b__vs__wsls__seed104,104,Gemma-3-27B,WSLS,12,0.0,0.0,4,4,0.0
gemma3_27b__vs__wsls__seed104,104,Gemma-3-27B,WSLS,13,0.0,0.0,4,4,0.0
gemma3_27b__vs__wsls__seed104,104,Gemma-3-27B,WSLS,14,0.0,0.0,4,4,0.0
gemma3_27b__vs__wsls__seed104,104,Gemma-3-27B,WSLS,15,0.0,0.0,4,4,0.0
gemma3_27b__vs__wsls__seed104,104,Gemma-3-27B,WSLS,16,0.0,0.0,4,4,0.0
gemma3_27b__vs__wsls__seed104,104,Gemma-3-27B,WSLS,17,0.0,0.0,4,4,0.0
gemma3_27b__vs__wsls__seed104,104,Gemma-3-27B,WSLS,18,0.0,0.0,4,4,0.0
gemma3_27b__vs__wsls__seed104,104,Gemma-3-27B,WSLS,19,0.0,0.0,4,4,0.0
gemma3_27b__vs__wsls__seed104,104,Gemma-3-27B,WSLS,20,0.0,0.0,4,4,0.0
gemma3_27b__vs__wsls__seed104,104,Gemma-3-27B,WSLS,21,0.0,0.0,4,4,0.0
gemma3_27b__vs__wsls__seed104,104,Gemma-3-27B,WSLS,22,0.0,0.0,4,4,0.0
gemma3_27b__vs__wsls__seed104,104,Gemma-3-27B,WSLS,23,0.0,0.0,4,4,0.0
gemma3_27b__vs__wsls__seed104,104,Gemma-3-27B,WSLS,24,0.0,0.0,4,4,0.0
gemma3_27b__vs__wsls__seed104,104,Gemma-3-27B,WSLS,25,0.0,0.0,4,4,0.0
gemma3_27b__vs__wsls__seed104,104,Gemma-3-27B,WSLS,26,0.0,0.0,4,4,0.0
gemma3_27b__vs__wsls__seed104,104,Gemma-3-27B,WSLS,27,0.0,0.0,4,4,0.0
gemma3_27b__vs__wsls__seed104,104,Gemma-3-27B,WSLS,28,0.0,0.0,4,4,0.0
gemma3_27b__vs__wsls__seed104,104,Gemma-3-27B,WSLS,29,0.0,0.0,4,4,0.0
gemma3_27b__vs__wsls__seed104,104,Gemma-3-27B,WSLS,30,0.0,0.75,4,1,6.75
gemma3_27b__vs__wsls__seed104,104,Gemma-3-27B,WSLS,31,0.0,0.5,4,2,4.5
gemma3_27b__vs__wsls__seed104,104,Gemma-3-27B,WSLS,32,0.0,0.25,4,3,2.25
gemma3_27b__vs__wsls__seed104,104,Gemma-3-27B,WSLS,33,0.0,0.0,4,4,0.0
gemma3_27b__vs__wsls__seed104,104,Gemma-3-27B,WSLS,34,0.0,0.75,4,1,6.75
gemma3_27b__vs__wsls__seed104,104,Gemma-3-27B,WSLS,35,0.0,0.5,4,2,4.5
gemma3_27b__vs__wsls__seed104,104,Gemma-3-27B,WSLS,36,0.0,0.25,4,3,2.25
gemma3_27b__vs__wsls__seed104,104,Gemma-3-27B,WSLS,37,0.0,0.0,4,4,0.0
gemma3_27b__vs__wsls__seed104,104,Gemma-3-27B,WSLS,38,0.0,0.0,4,4,0.0
gemma3_27b__vs__wsls__seed104,104,Gemma-3-27B,WSLS,39,0.0,0.0,4,4,0.0
gemma3_27b__vs__wsls__seed104,104,Gemma-3-27B,WSLS,40,0.0,0.0,4,4,0.0
gemma3_27b__vs__wsls__seed104,104,Gemma-3-27B,WSLS,41,0.0,0.5,4,2,4.5
gemma3_27b__vs__wsls__seed104,104,Gemma-3-27B,WSLS,42,0.0,0.25,4,3,2.25
gemma3_27b__vs__wsls__seed104,104,Gemma-3-27B,WSLS,43,0.0,0.0,4,4,0.0
gemma3_27b__vs__wsls__seed104,104,Gemma-3-27B,WSLS,44,0.0,0.0,4,4,0.0
gemma3_27b__vs__wsls__seed104,104,Gemma-3-27B,WSLS,45,0.0,0.0,4,4,0.0
gemma3_27b__vs__wsls__seed104,104,Gemma-3-27B,WSLS,46,0.0,0.0,4,4,0.0
gemma3_27b__vs__wsls__seed104,104,Gemma-3-27B,WSLS,47,0.0,0.0,4,4,0.0
gemma3_27b__vs__wsls__seed104,104,Gemma-3-27B,WSLS,48,0.0,0.0,4,4,0.0
gemma3_27b__vs__wsls__seed104,104,Gemma-3-27B,WSLS,49,0.0,0.0,4,4,0.0
gemma3_27b__vs__wsls__seed104,104,Gemma-3-27B,WSLS,50,0.0,0.25,4,3,2.25
gemma3_27b__vs__wsls__seed105,105,Gemma-3-27B,WSLS,1,0.0,1.0,4,0,12.0
gemma3_27b__vs__wsls__seed105,105,Gemma-3-27B,WSLS,2,0.0,0.75,4,1,8.986875
gemma3_27b__vs__wsls__seed105,105,Gemma-3-27B,WSLS,3,0.0,0.5,4,2,5.9715625
gemma3_27b__vs__wsls__seed105,105,Gemma-3-27B,WSLS,4,0.0,0.25,4,3,2.97046875
gemma3_27b__vs__wsls__seed105,105,Gemma-3-27B,WSLS,5,0.0,0.0,4,4,0.0
gemma3_27b__vs__wsls__seed105,105,Gemma-3-27B,WSLS,6,0.0,0.0,4,4,0.0
gemma3_27b__vs__wsls__seed105,105,Gemma-3-27B,WSLS,7,0.0,0.0,4,4,0.0
gemma3_27b__vs__wsls__seed105,105,Gemma-3-27B,WSLS,8,0.0,0.0,4,4,0.0
gemma3_27b__vs__wsls__seed105,105,Gemma-3-27B,WSLS,9,0.0,0.0,4,4,0.0
gemma3_27b__vs__wsls__seed105,105,Gemma-3-27B,WSLS,10,0.0,0.0,4,4,0.0
gemma3_27b__vs__wsls__seed105,105,Gemma-3-27B,WSLS,11,0.0,0.0,4,4,0.0
gemma3_27b__vs__wsls__seed105,105,Gemma-3-27B,WSLS,12,0.0,0.0,4,4,0.0
gemma3_27b__vs__wsls__seed105,105,Gemma-3-27B,WSLS,13,0.0,0.0,4,4,0.0
gemma3_27b__vs__wsls__seed105,105,Gemma-3-27B,WSLS,14,0.0,0.0,4,4,0.0
gemma3_27b__vs__wsls__seed105,105,Gemma-3-27B,WSLS,15,0.0,0.0,4,4,0.0
gemma3_27b__vs__wsls__seed105,105,Gemma-3-27B,WSLS,16,0.0,0.0,4,4,0.0
gemma3_27b__vs__wsls__seed105,105,Gemma-3-27B,WSLS,17,0.0,0.0,4,4,0.0
gemma3_27b__vs__wsls__seed105,105,Gemma-3-27B,WSLS,18,0.0,0.0,4,4,0.0
gemma3_27b__vs__wsls__seed105,105,Gemma-3-27B,WSLS,19,0.0,0.0,4,4,0.0
gemma3_27b__vs__wsls__seed105,105,Gemma-3-27B,WSLS,20,0.0,0.0,4,4,0.0
gemma3_27b__vs__wsls__seed105,105,Gemma-3-27B,WSLS,21,0.0,0.0,4,4,0.0
gemma3_27b__vs__wsls__seed105,105,Gemma-3-27B,WSLS,22,0.0,0.0,4,4,0.0
gemma3_27b__vs__wsls__seed105,105,Gemma-3-27B,WSLS,23,0.0,0.0,4,4,0.0
gemma3_27b__vs__wsls__seed105,105,Gemma-3-27B,WSLS,24,0.0,0.0,4,4,0.0
gemma3_27b__vs__wsls__seed105,105,Gemma-3-27B,WSLS,25,0.0,0.0,4,4,0.0
gemma3_27b__vs__wsls__seed105,105,Gemma-3-27B,WSLS,26,0.0,0.0,4,4,0.0
gemma3_27b__vs__wsls__seed105,105,Gemma-3-27B,WSLS,27,0.0,0.0,4,4,0.0
gemma3_27b__vs__wsls__seed105,105,Gemma-3-27B,WSLS,28,0.0,0.0,4,4,0.0
gemma3_27b__vs__wsls__seed105,105,Gemma-3-27B,WSLS,29,0.0,0.0,4,4,0.0
gemma3_27b__vs__wsls__seed105,105,Gemma-3-27B,WSLS,30,0.0,0.0,4,4,0.0
gemma3_27b__vs__wsls__seed105,105,Gemma-3-27B,WSLS,31,0.0,0.0,4,4,0.0
gemma3_27b__vs__wsls__seed105,105,Gemma-3-27B,WSLS,32,0.0,0.0,4,4,0.0
gemma3_27b__vs__wsls__seed105,105,Gemma-3-27B,WSLS,33,0.0,0.0,4,4,0.0
gemma3_27b__vs__wsls__seed105,105,Gemma-3-27B,WSLS,34,0.0,0.0,4,4,0.0
gemma3_27b__vs__wsls__seed105,105,Gemma-3-27B,WSLS,35,0.0,0.75,4,1,6.75
gemma3_27b__vs__wsls__seed105,105,Gemma-3-27B,WSLS,36,0.0,0.5,4,2,4.5
gemma3_27b__vs__wsls__seed105,105,Gemma-3-27B,WSLS,37,0.0,0.25,4,3,2.25
gemma3_27b__vs__wsls__seed105,105,Gemma-3-27B,WSLS,38,0.0,0.0,4,4,0.0
gemma3_27b__vs__wsls__seed105,105,Gemma-3-27B,WSLS,39,0.0,0.0,4,4,0.0
gemma3_27b__vs__wsls__seed105,105,Gemma-3-27B,WSLS,40,0.0,0.0,4,4,0.0
gemma3_27b__vs__wsls__seed105,105,Gemma-3-27B,WSLS,41,0.0,0.0,4,4,0.0
gemma3_27b__vs__wsls__seed105,105,Gemma-3-27B,WSLS,42,0.0,0.0,4,4,0.0
gemma3_27b__vs__wsls__seed105,105,Gemma-3-27B,WSLS,43,0.0,0.0,4,4,0.0
gemma3_27b__vs__wsls__seed105,105,Gemma-3-27B,WSLS,44,0.0,0.0,4,4,0.0
gemma3_27b__vs__wsls__seed105,105,Gemma-3-27B,WSLS,45,0.0,0.0,4,4,0.0
gemma3_27b__vs__wsls__seed105,105,Gemma-3-27B,WSLS,46,0.0,0.0,4,4,0.0
gemma3_27b__vs__wsls__seed105,105,Gemma-3-27B,WSLS,47,0.0,0.0,4,4,0.0
gemma3_27b__vs__wsls__seed105,105,Gemma-3-27B,WSLS,48,0.0,0.0,4,4,0.0
gemma3_27b__vs__wsls__seed105,105,Gemma-3-27B,WSLS,49,0.0,0.0,4,4,0.0
gemma3_27b__vs__wsls__seed105,105,Gemma-3-27B,WSLS,50,0.0,0.5,4,2,4.5
gpt_oss_20b__vs__always_cooperate__seed101,101,GPT-OSS-20B,Always Cooperate,1,0.0,1.0,4,0,12.0
gpt_oss_20b__vs__always_cooperate__seed101,101,GPT-OSS-20B,Always Cooperate,2,0.0,1.0,4,0,11.9825
gpt_oss_20b__vs__always_cooperate__seed101,101,GPT-OSS-20B,Always Cooperate,3,0.0,1.0,4,0,11.965
gpt_oss_20b__vs__always_cooperate__seed101,101,GPT-OSS-20B,Always Cooperate,4,0.0,1.0,4,0,11.9475
gpt_oss_20b__vs__always_cooperate__seed101,101,GPT-OSS-20B,Always Cooperate,5,0.0,1.0,4,0,11.93
gpt_oss_20b__vs__always_cooperate__seed101,101,GPT-OSS-20B,Always Cooperate,6,0.0,1.0,4,0,11.9125
gpt_oss_20b__vs__always_cooperate__seed101,101,GPT-OSS-20B,Always Cooperate,7,0.0,1.0,4,0,11.895
gpt_oss_20b__vs__always_cooperate__seed101,101,GPT-OSS-20B,Always Cooperate,8,0.0,1.0,4,0,11.8775
gpt_oss_20b__vs__always_cooperate__seed101,101,GPT-OSS-20B,Always Cooperate,9,0.0,1.0,4,0,11.86
gpt_oss_20b__vs__always_cooperate__seed101,101,GPT-OSS-20B,Always Cooperate,10,0.0,1.0,4,0,11.8425
gpt_oss_20b__vs__always_cooperate__seed101,101,GPT-OSS-20B,Always Cooperate,11,0.0,1.0,4,0,11.825
gpt_oss_20b__vs__always_cooperate__seed101,101,GPT-OSS-20B,Always Cooperate,12,0.0,1.0,4,0,11.8075
gpt_oss_20b__vs__always_cooperate__seed101,101,GPT-OSS-20B,Always Cooperate,13,0.0,1.0,4,0,11.79
gpt_oss_20b__vs__always_cooperate__seed101,101,GPT-OSS-20B,Always Cooperate,14,0.0,1.0,4,0,11.772499999999999
gpt_oss_20b__vs__always_cooperate__seed101,101,GPT-OSS-20B,Always Cooperate,15,0.0,1.0,4,0,11.754999999999999
gpt_oss_20b__vs__always_cooperate__seed101,101,GPT-OSS-20B,Always Cooperate,16,0.0,1.0,4,0,11.737499999999999
gpt_oss_20b__vs__always_cooperate__seed101,101,GPT-OSS-20B,Always Cooperate,17,0.0,1.0,4,0,11.719999999999999
gpt_oss_20b__vs__always_cooperate__seed101,101,GPT-OSS-20B,Always Cooperate,18,0.0,1.0,4,0,11.680625
gpt_oss_20b__vs__always_cooperate__seed101,101,GPT-OSS-20B,Always Cooperate,19,0.0,1.0,4,0,11.64125
gpt_oss_20b__vs__always_cooperate__seed101,101,GPT-OSS-20B,Always Cooperate,20,0.0,1.0,4,0,11.601875
gpt_oss_20b__vs__always_cooperate__seed101,101,GPT-OSS-20B,Always Cooperate,21,0.0,1.0,4,0,11.5625
gpt_oss_20b__vs__always_cooperate__seed101,101,GPT-OSS-20B,Always Cooperate,22,0.0,1.0,4,0,11.523125
gpt_oss_20b__vs__always_cooperate__seed101,101,GPT-OSS-20B,Always Cooperate,23,0.0,1.0,4,0,11.48375
gpt_oss_20b__vs__always_cooperate__seed101,101,GPT-OSS-20B,Always Cooperate,24,0.0,1.0,4,0,11.444375
gpt_oss_20b__vs__always_cooperate__seed101,101,GPT-OSS-20B,Always Cooperate,25,0.0,1.0,4,0,11.405000000000001
gpt_oss_20b__vs__always_cooperate__seed101,101,GPT-OSS-20B,Always Cooperate,26,0.0,1.0,4,0,11.387500000000001
gpt_oss_20b__vs__always_cooperate__seed101,101,GPT-OSS-20B,Always Cooperate,27,0.0,1.0,4,0,11.370000000000001
gpt_oss_20b__vs__always_cooperate__seed101,101,GPT-OSS-20B,Always Cooperate,28,0.0,1.0,4,0,11.352500000000001
gpt_oss_20b__vs__always_cooperate__seed101,101,GPT-OSS-20B,Always Cooperate,29,0.0,1.0,4,0,11.335
gpt_oss_20b__vs__always_cooperate__seed101,101,GPT-OSS-20B,Always Cooperate,30,0.0,1.0,4,0,11.3175
gpt_oss_20b__vs__always_cooperate__seed101,101,GPT-OSS-20B,Always Cooperate,31,0.0,1.0,4,0,11.3
gpt_oss_20b__vs__always_cooperate__seed101,101,GPT-OSS-20B,Always Cooperate,32,0.0,1.0,4,0,11.2825
gpt_oss_20b__vs__always_cooperate__seed101,101,GPT-OSS-20B,Always Cooperate,33,0.0,1.0,4,0,11.265
gpt_oss_20b__vs__always_cooperate__seed101,101,GPT-OSS-20B,Always Cooperate,34,0.0,1.0,4,0,11.2475
gpt_oss_20b__vs__always_cooperate__seed101,101,GPT-OSS-20B,Always Cooperate,35,0.0,1.0,4,0,11.23
gpt_oss_20b__vs__always_cooperate__seed101,101,GPT-OSS-20B,Always Cooperate,36,0.0,1.0,4,0,11.2125
gpt_oss_20b__vs__always_cooperate__seed101,101,GPT-OSS-20B,Always Cooperate,37,0.0,1.0,4,0,11.195
gpt_oss_20b__vs__always_cooperate__seed101,101,GPT-OSS-20B,Always Cooperate,38,0.0,1.0,4,0,11.1775
gpt_oss_20b__vs__always_cooperate__seed101,101,GPT-OSS-20B,Always Cooperate,39,0.0,1.0,4,0,11.16
gpt_oss_20b__vs__always_cooperate__seed101,101,GPT-OSS-20B,Always Cooperate,40,0.0,1.0,4,0,11.1425
gpt_oss_20b__vs__always_cooperate__seed101,101,GPT-OSS-20B,Always Cooperate,41,0.0,1.0,4,0,11.125
gpt_oss_20b__vs__always_cooperate__seed101,101,GPT-OSS-20B,Always Cooperate,42,0.0,1.0,4,0,11.1075
gpt_oss_20b__vs__always_cooperate__seed101,101,GPT-OSS-20B,Always Cooperate,43,1.0,1.0,0,0,3.09
gpt_oss_20b__vs__always_cooperate__seed101,101,GPT-OSS-20B,Always Cooperate,44,0.0,1.0,4,0,11.773679871301287
gpt_oss_20b__vs__always_cooperate__seed101,101,GPT-OSS-20B,Always Cooperate,45,0.0,1.0,4,0,11.098749999999999
gpt_oss_20b__vs__always_cooperate__seed101,101,GPT-OSS-20B,Always Cooperate,46,1.0,1.0,0,0,3.1031249999999986
gpt_oss_20b__vs__always_cooperate__seed101,101,GPT-OSS-20B,Always Cooperate,47,0.0,1.0,4,0,11.810822909597317
gpt_oss_20b__vs__always_cooperate__seed101,101,GPT-OSS-20B,Always Cooperate,48,0.0,1.0,4,0,11.155624999999997
gpt_oss_20b__vs__always_cooperate__seed101,101,GPT-OSS-20B,Always Cooperate,49,0.0,1.0,4,0,11.181874999999996
gpt_oss_20b__vs__always_cooperate__seed101,101,GPT-OSS-20B,Always Cooperate,50,0.0,1.0,4,0,11.208124999999995
gpt_oss_20b__vs__always_cooperate__seed102,102,GPT-OSS-20B,Always Cooperate,1,1.0,1.0,0,0,4.0
gpt_oss_20b__vs__always_cooperate__seed102,102,GPT-OSS-20B,Always Cooperate,2,0.0,1.0,4,0,12.901899659543274
gpt_oss_20b__vs__always_cooperate__seed102,102,GPT-OSS-20B,Always Cooperate,3,1.0,1.0,0,0,4.227500000000001
gpt_oss_20b__vs__always_cooperate__seed102,102,GPT-OSS-20B,Always Cooperate,4,0.0,1.0,4,0,13.081424344640764
gpt_oss_20b__vs__always_cooperate__seed102,102,GPT-OSS-20B,Always Cooperate,5,0.0,1.0,4,0,12.374791666666669
gpt_oss_20b__vs__always_cooperate__seed102,102,GPT-OSS-20B,Always Cooperate,6,0.0,1.0,4,0,12.409791666666669
gpt_oss_20b__vs__always_cooperate__seed102,102,GPT-OSS-20B,Always Cooperate,7,0.0,1.0,4,0,12.436041666666668
gpt_oss_20b__vs__always_cooperate__seed102,102,GPT-OSS-20B,Always Cooperate,8,0.0,1.0,4,0,12.456041666666668
gpt_oss_20b__vs__always_cooperate__seed102,102,GPT-OSS-20B,Always Cooperate,9,0.0,1.0,4,0,12.471354166666668
gpt_oss_20b__vs__always_cooperate__seed102,102,GPT-OSS-20B,Always Cooperate,10,0.0,1.0,4,0,12.464791666666668
gpt_oss_20b__vs__always_cooperate__seed102,102,GPT-OSS-20B,Always Cooperate,11,1.0,1.0,0,0,4.458229166666669
gpt_oss_20b__vs__always_cooperate__seed102,102,GPT-OSS-20B,Always Cooperate,12,0.0,1.0,4,0,13.214078052840883
gpt_oss_20b__vs__always_cooperate__seed102,102,GPT-OSS-20B,Always Cooperate,13,0.0,1.0,4,0,12.45604166666667
gpt_oss_20b__vs__always_cooperate__seed102,102,GPT-OSS-20B,Always Cooperate,14,0.0,1.0,4,0,12.460416666666669
gpt_oss_20b__vs__always_cooperate__seed102,102,GPT-OSS-20B,Always Cooperate,15,0.0,1.0,4,0,12.464791666666668
gpt_oss_20b__vs__always_cooperate__seed102,102,GPT-OSS-20B,Always Cooperate,16,0.0,1.0,4,0,12.469166666666668
gpt_oss_20b__vs__always_cooperate__seed102,102,GPT-OSS-20B,Always Cooperate,17,0.0,1.0,4,0,12.473541666666668
gpt_oss_20b__vs__always_cooperate__seed102,102,GPT-OSS-20B,Always Cooperate,18,0.0,1.0,4,0,12.477916666666667
gpt_oss_20b__vs__always_cooperate__seed102,102,GPT-OSS-20B,Always Cooperate,19,0.0,1.0,4,0,12.482291666666667
gpt_oss_20b__vs__always_cooperate__seed102,102,GPT-OSS-20B,Always Cooperate,20,0.0,1.0,4,0,12.464791666666667
gpt_oss_20b__vs__always_cooperate__seed102,102,GPT-OSS-20B,Always Cooperate,21,0.0,1.0,4,0,12.447291666666667
gpt_oss_20b__vs__always_cooperate__seed102,102,GPT-OSS-20B,Always Cooperate,22,0.0,1.0,4,0,12.429791666666667
gpt_oss_20b__vs__always_cooperate__seed102,102,GPT-OSS-20B,Always Cooperate,23,0.0,1.0,4,0,12.412291666666667
gpt_oss_20b__vs__always_cooperate__seed102,102,GPT-OSS-20B,Always Cooperate,24,0.0,1.0,4,0,12.394791666666666
gpt_oss_20b__vs__always_cooperate__seed102,102,GPT-OSS-20B,Always Cooperate,25,1.0,1.0,0,0,4.377291666666666
gpt_oss_20b__vs__always_cooperate__seed102,102,GPT-OSS-20B,Always Cooperate,26,0.0,1.0,4,0,13.139791976248814
gpt_oss_20b__vs__always_cooperate__seed102,102,GPT-OSS-20B,Always Cooperate,27,0.0,1.0,4,0,12.386041666666666
gpt_oss_20b__vs__always_cooperate__seed102,102,GPT-OSS-20B,Always Cooperate,28,0.0,1.0,4,0,12.390416666666665
gpt_oss_20b__vs__always_cooperate__seed102,102,GPT-OSS-20B,Always Cooperate,29,0.0,1.0,4,0,12.394791666666665
gpt_oss_20b__vs__always_cooperate__seed102,102,GPT-OSS-20B,Always Cooperate,30,0.0,1.0,4,0,12.399166666666664
gpt_oss_20b__vs__always_cooperate__seed102,102,GPT-OSS-20B,Always Cooperate,31,0.0,1.0,4,0,12.403541666666664
gpt_oss_20b__vs__always_cooperate__seed102,102,GPT-OSS-20B,Always Cooperate,32,0.0,1.0,4,0,12.407916666666663
gpt_oss_20b__vs__always_cooperate__seed102,102,GPT-OSS-20B,Always Cooperate,33,0.0,1.0,4,0,12.412291666666663
gpt_oss_20b__vs__always_cooperate__seed102,102,GPT-OSS-20B,Always Cooperate,34,0.0,1.0,4,0,12.394791666666663
gpt_oss_20b__vs__always_cooperate__seed102,102,GPT-OSS-20B,Always Cooperate,35,0.0,1.0,4,0,12.377291666666663
gpt_oss_20b__vs__always_cooperate__seed102,102,GPT-OSS-20B,Always Cooperate,36,0.0,1.0,4,0,12.359791666666663
gpt_oss_20b__vs__always_cooperate__seed102,102,GPT-OSS-20B,Always Cooperate,37,0.0,1.0,4,0,12.342291666666663
gpt_oss_20b__vs__always_cooperate__seed102,102,GPT-OSS-20B,Always Cooperate,38,0.0,1.0,4,0,12.324791666666663
gpt_oss_20b__vs__always_cooperate__seed102,102,GPT-OSS-20B,Always Cooperate,39,1.0,1.0,0,0,4.3072916666666625
gpt_oss_20b__vs__always_cooperate__seed102,102,GPT-OSS-20B,Always Cooperate,40,0.0,1.0,4,0,13.065505899656744
gpt_oss_20b__vs__always_cooperate__seed102,102,GPT-OSS-20B,Always Cooperate,41,0.0,1.0,4,0,12.316041666666662
gpt_oss_20b__vs__always_cooperate__seed102,102,GPT-OSS-20B,Always Cooperate,42,0.0,1.0,4,0,12.320416666666661
gpt_oss_20b__vs__always_cooperate__seed102,102,GPT-OSS-20B,Always Cooperate,43,0.0,1.0,4,0,12.32479166666666
gpt_oss_20b__vs__always_cooperate__seed102,102,GPT-OSS-20B,Always Cooperate,44,0.0,1.0,4,0,12.32916666666666
gpt_oss_20b__vs__always_cooperate__seed102,102,GPT-OSS-20B,Always Cooperate,45,0.0,1.0,4,0,12.33354166666666
gpt_oss_20b__vs__always_cooperate__seed102,102,GPT-OSS-20B,Always Cooperate,46,0.0,1.0,4,0,12.33791666666666
gpt_oss_20b__vs__always_cooperate__seed102,102,GPT-OSS-20B,Always Cooperate,47,0.0,1.0,4,0,12.342291666666659
gpt_oss_20b__vs__always_cooperate__seed102,102,GPT-OSS-20B,Always Cooperate,48,0.0,1.0,4,0,12.324791666666659
gpt_oss_20b__vs__always_cooperate__seed102,102,GPT-OSS-20B,Always Cooperate,49,0.0,1.0,4,0,12.307291666666659
gpt_oss_20b__vs__always_cooperate__seed102,102,GPT-OSS-20B,Always Cooperate,50,0.0,1.0,4,0,12.289791666666659
gpt_oss_20b__vs__always_cooperate__seed103,103,GPT-OSS-20B,Always Cooperate,1,0.0,1.0,4,0,12.0
gpt_oss_20b__vs__always_cooperate__seed103,103,GPT-OSS-20B,Always Cooperate,2,0.0,1.0,4,0,11.9825
gpt_oss_20b__vs__always_cooperate__seed103,103,GPT-OSS-20B,Always Cooperate,3,1.0,1.0,0,0,3.965
gpt_oss_20b__vs__always_cooperate__seed103,103,GPT-OSS-20B,Always Cooperate,4,0.0,1.0,4,0,12.7409464935938
gpt_oss_20b__vs__always_cooperate__seed103,103,GPT-OSS-20B,Always Cooperate,5,0.0,1.0,4,0,12.032083333333333
gpt_oss_20b__vs__always_cooperate__seed103,103,GPT-OSS-20B,Always Cooperate,6,0.0,1.0,4,0,12.049583333333333
gpt_oss_20b__vs__always_cooperate__seed103,103,GPT-OSS-20B,Always Cooperate,7,0.0,1.0,4,0,12.06125
gpt_oss_20b__vs__always_cooperate__seed103,103,GPT-OSS-20B,Always Cooperate,8,0.0,1.0,4,0,12.06875
gpt_oss_20b__vs__always_cooperate__seed103,103,GPT-OSS-20B,Always Cooperate,9,0.0,1.0,4,0,12.835572805443213
gpt_oss_20b__vs__always_cooperate__seed103,103,GPT-OSS-20B,Always Cooperate,10,0.0,1.0,4,0,12.121249999999998
gpt_oss_20b__vs__always_cooperate__seed103,103,GPT-OSS-20B,Always Cooperate,11,0.0,1.0,4,0,12.147499999999997
gpt_oss_20b__vs__always_cooperate__seed103,103,GPT-OSS-20B,Always Cooperate,12,0.0,1.0,4,0,12.151874999999997
gpt_oss_20b__vs__always_cooperate__seed103,103,GPT-OSS-20B,Always Cooperate,13,0.0,1.0,4,0,12.156249999999996
gpt_oss_20b__vs__always_cooperate__seed103,103,GPT-OSS-20B,Always Cooperate,14,0.0,1.0,4,0,12.160624999999996
gpt_oss_20b__vs__always_cooperate__seed103,103,GPT-OSS-20B,Always Cooperate,15,0.0,1.0,4,0,12.164999999999996
gpt_oss_20b__vs__always_cooperate__seed103,103,GPT-OSS-20B,Always Cooperate,16,0.0,1.0,4,0,12.169374999999995
gpt_oss_20b__vs__always_cooperate__seed103,103,GPT-OSS-20B,Always Cooperate,17,0.0,1.0,4,0,12.151874999999995
gpt_oss_20b__vs__always_cooperate__seed103,103,GPT-OSS-20B,Always Cooperate,18,0.0,1.0,4,0,12.134374999999995
gpt_oss_20b__vs__always_cooperate__seed103,103,GPT-OSS-20B,Always Cooperate,19,0.0,1.0,4,0,12.116874999999995
gpt_oss_20b__vs__always_cooperate__seed103,103,GPT-OSS-20B,Always Cooperate,20,0.0,1.0,4,0,12.099374999999995
gpt_oss_20b__vs__always_cooperate__seed103,103,GPT-OSS-20B,Always Cooperate,21,0.0,1.0,4,0,12.081874999999995
gpt_oss_20b__vs__always_cooperate__seed103,103,GPT-OSS-20B,Always Cooperate,22,0.0,1.0,4,0,12.820483446135446
gpt_oss_20b__vs__always_cooperate__seed103,103,GPT-OSS-20B,Always Cooperate,23,0.0,1.0,4,0,12.079687499999993
gpt_oss_20b__vs__always_cooperate__seed103,103,GPT-OSS-20B,Always Cooperate,24,0.0,1.0,4,0,12.078593749999992
gpt_oss_20b__vs__always_cooperate__seed103,103,GPT-OSS-20B,Always Cooperate,25,0.0,1.0,4,0,12.077499999999992
gpt_oss_20b__vs__always_cooperate__seed103,103,GPT-OSS-20B,Always Cooperate,26,0.0,1.0,4,0,12.076406249999991
gpt_oss_20b__vs__always_cooperate__seed103,103,GPT-OSS-20B,Always Cooperate,27,0.0,1.0,4,0,12.07531249999999
gpt_oss_20b__vs__always_cooperate__seed103,103,GPT-OSS-20B,Always Cooperate,28,0.0,1.0,4,0,12.07421874999999
gpt_oss_20b__vs__always_cooperate__seed103,103,GPT-OSS-20B,Always Cooperate,29,0.0,1.0,4,0,12.073124999999989
gpt_oss_20b__vs__always_cooperate__seed103,103,GPT-OSS-20B,Always Cooperate,30,0.0,1.0,4,0,12.799590487093921
gpt_oss_20b__vs__always_cooperate__seed103,103,GPT-OSS-20B,Always Cooperate,31,0.0,1.0,4,0,12.04906249999999
gpt_oss_20b__vs__always_cooperate__seed103,103,GPT-OSS-20B,Always Cooperate,32,0.0,1.0,4,0,12.03703124999999
gpt_oss_20b__vs__always_cooperate__seed103,103,GPT-OSS-20B,Always Cooperate,33,0.0,1.0,4,0,12.02499999999999
gpt_oss_20b__vs__always_cooperate__seed103,103,GPT-OSS-20B,Always Cooperate,34,0.0,1.0,4,0,12.760126008904388
gpt_oss_20b__vs__always_cooperate__seed103,103,GPT-OSS-20B,Always Cooperate,35,0.0,1.0,4,0,12.022812499999988
gpt_oss_20b__vs__always_cooperate__seed103,103,GPT-OSS-20B,Always Cooperate,36,0.0,1.0,4,0,12.021718749999987
gpt_oss_20b__vs__always_cooperate__seed103,103,GPT-OSS-20B,Always Cooperate,37,0.0,1.0,4,0,12.020624999999987
gpt_oss_20b__vs__always_cooperate__seed103,103,GPT-OSS-20B,Always Cooperate,38,0.0,1.0,4,0,12.014062499999987
gpt_oss_20b__vs__always_cooperate__seed103,103,GPT-OSS-20B,Always Cooperate,39,0.0,1.0,4,0,12.007499999999988
gpt_oss_20b__vs__always_cooperate__seed103,103,GPT-OSS-20B,Always Cooperate,40,0.0,1.0,4,0,12.000937499999988
gpt_oss_20b__vs__always_cooperate__seed103,103,GPT-OSS-20B,Always Cooperate,41,0.0,1.0,4,0,11.99437499999999
gpt_oss_20b__vs__always_cooperate__seed103,103,GPT-OSS-20B,Always Cooperate,42,0.0,1.0,4,0,11.976874999999989
gpt_oss_20b__vs__always_cooperate__seed103,103,GPT-OSS-20B,Always Cooperate,43,0.0,1.0,4,0,11.959374999999989
gpt_oss_20b__vs__always_cooperate__seed103,103,GPT-OSS-20B,Always Cooperate,44,0.0,1.0,4,0,11.941874999999989
gpt_oss_20b__vs__always_cooperate__seed103,103,GPT-OSS-20B,Always Cooperate,45,0.0,1.0,4,0,11.924374999999989
gpt_oss_20b__vs__always_cooperate__seed103,103,GPT-OSS-20B,Always Cooperate,46,0.0,1.0,4,0,12.641732574335784
gpt_oss_20b__vs__always_cooperate__seed103,103,GPT-OSS-20B,Always Cooperate,47,0.0,1.0,4,0,11.90031249999999
gpt_oss_20b__vs__always_cooperate__seed103,103,GPT-OSS-20B,Always Cooperate,48,0.0,1.0,4,0,11.86640624999999
gpt_oss_20b__vs__always_cooperate__seed103,103,GPT-OSS-20B,Always Cooperate,49,0.0,1.0,4,0,11.83249999999999
gpt_oss_20b__vs__always_cooperate__seed103,103,GPT-OSS-20B,Always Cooperate,50,0.0,1.0,4,0,11.798593749999991
gpt_oss_20b__vs__always_cooperate__seed104,104,GPT-OSS-20B,Always Cooperate,1,0.0,1.0,4,0,12.0
gpt_oss_20b__vs__always_cooperate__seed104,104,GPT-OSS-20B,Always Cooperate,2,0.0,1.0,4,0,11.9825
gpt_oss_20b__vs__always_cooperate__seed104,104,GPT-OSS-20B,Always Cooperate,3,0.0,1.0,4,0,11.92125
gpt_oss_20b__vs__always_cooperate__seed104,104,GPT-OSS-20B,Always Cooperate,4,0.0,1.0,4,0,11.845416666666667
gpt_oss_20b__vs__always_cooperate__seed104,104,GPT-OSS-20B,Always Cooperate,5,0.0,1.0,4,0,11.784166666666668
gpt_oss_20b__vs__always_cooperate__seed104,104,GPT-OSS-20B,Always Cooperate,6,0.0,1.0,4,0,11.731666666666667
gpt_oss_20b__vs__always_cooperate__seed104,104,GPT-OSS-20B,Always Cooperate,7,0.0,1.0,4,0,11.685
gpt_oss_20b__vs__always_cooperate__seed104,104,GPT-OSS-20B,Always Cooperate,8,0.0,1.0,4,0,11.6425
gpt_oss_20b__vs__always_cooperate__seed104,104,GPT-OSS-20B,Always Cooperate,9,0.0,1.0,4,0,11.603125
gpt_oss_20b__vs__always_cooperate__seed104,104,GPT-OSS-20B,Always Cooperate,10,0.0,1.0,4,0,11.56375
gpt_oss_20b__vs__always_cooperate__seed104,104,GPT-OSS-20B,Always Cooperate,11,0.0,1.0,4,0,12.247419426710952
gpt_oss_20b__vs__always_cooperate__seed104,104,GPT-OSS-20B,Always Cooperate,12,0.0,1.0,4,0,11.52875
gpt_oss_20b__vs__always_cooperate__seed104,104,GPT-OSS-20B,Always Cooperate,13,0.0,1.0,4,0,11.51671875
gpt_oss_20b__vs__always_cooperate__seed104,104,GPT-OSS-20B,Always Cooperate,14,0.0,1.0,4,0,11.504687500000001
gpt_oss_20b__vs__always_cooperate__seed104,104,GPT-OSS-20B,Always Cooperate,15,0.0,1.0,4,0,11.492656250000001
gpt_oss_20b__vs__always_cooperate__seed104,104,GPT-OSS-20B,Always Cooperate,16,0.0,1.0,4,0,11.480625000000002
gpt_oss_20b__vs__always_cooperate__seed104,104,GPT-OSS-20B,Always Cooperate,17,0.0,1.0,4,0,11.468593750000002
gpt_oss_20b__vs__always_cooperate__seed104,104,GPT-OSS-20B,Always Cooperate,18,0.0,1.0,4,0,11.456562500000002
gpt_oss_20b__vs__always_cooperate__seed104,104,GPT-OSS-20B,Always Cooperate,19,0.25,1.0,3,0,10.145276071396864
gpt_oss_20b__vs__always_cooperate__seed104,104,GPT-OSS-20B,Always Cooperate,20,0.0,1.0,4,0,12.75938915089471
gpt_oss_20b__vs__always_cooperate__seed104,104,GPT-OSS-20B,Always Cooperate,21,0.0,1.0,4,0,11.431406250000004
gpt_oss_20b__vs__always_cooperate__seed104,104,GPT-OSS-20B,Always Cooperate,22,0.0,1.0,4,0,11.424843750000004
gpt_oss_20b__vs__always_cooperate__seed104,104,GPT-OSS-20B,Always Cooperate,23,0.0,1.0,4,0,11.401875000000004
gpt_oss_20b__vs__always_cooperate__seed104,104,GPT-OSS-20B,Always Cooperate,24,0.0,1.0,4,0,11.378906250000004
gpt_oss_20b__vs__always_cooperate__seed104,104,GPT-OSS-20B,Always Cooperate,25,0.25,1.0,3,0,9.355937500000003
gpt_oss_20b__vs__always_cooperate__seed104,104,GPT-OSS-20B,Always Cooperate,26,0.0,1.0,4,0,12.044293436029527
gpt_oss_20b__vs__always_cooperate__seed104,104,GPT-OSS-20B,Always Cooperate,27,0.0,1.0,4,0,11.337343750000004
gpt_oss_20b__vs__always_cooperate__seed104,104,GPT-OSS-20B,Always Cooperate,28,0.0,1.0,4,0,11.319843750000004
gpt_oss_20b__vs__always_cooperate__seed104,104,GPT-OSS-20B,Always Cooperate,29,0.0,1.0,4,0,11.302343750000004
gpt_oss_20b__vs__always_cooperate__seed104,104,GPT-OSS-20B,Always Cooperate,30,0.0,1.0,4,0,11.279375000000003
gpt_oss_20b__vs__always_cooperate__seed104,104,GPT-OSS-20B,Always Cooperate,31,0.0,1.0,4,0,11.272812500000004
gpt_oss_20b__vs__always_cooperate__seed104,104,GPT-OSS-20B,Always Cooperate,32,0.0,1.0,4,0,11.266250000000005
gpt_oss_20b__vs__always_cooperate__seed104,104,GPT-OSS-20B,Always Cooperate,33,0.0,1.0,4,0,11.259687500000005
gpt_oss_20b__vs__always_cooperate__seed104,104,GPT-OSS-20B,Always Cooperate,34,0.0,1.0,4,0,11.231250000000005
gpt_oss_20b__vs__always_cooperate__seed104,104,GPT-OSS-20B,Always Cooperate,35,0.0,1.0,4,0,11.202812500000004
gpt_oss_20b__vs__always_cooperate__seed104,104,GPT-OSS-20B,Always Cooperate,36,0.0,1.0,4,0,11.174375000000003
gpt_oss_20b__vs__always_cooperate__seed104,104,GPT-OSS-20B,Always Cooperate,37,0.0,1.0,4,0,11.145937500000002
gpt_oss_20b__vs__always_cooperate__seed104,104,GPT-OSS-20B,Always Cooperate,38,0.0,1.0,4,0,11.122968750000002
gpt_oss_20b__vs__always_cooperate__seed104,104,GPT-OSS-20B,Always Cooperate,39,0.0,1.0,4,0,11.100000000000001
gpt_oss_20b__vs__always_cooperate__seed104,104,GPT-OSS-20B,Always Cooperate,40,0.0,1.0,4,0,11.077031250000001
gpt_oss_20b__vs__always_cooperate__seed104,104,GPT-OSS-20B,Always Cooperate,41,0.0,1.0,4,0,11.043125000000002
gpt_oss_20b__vs__always_cooperate__seed104,104,GPT-OSS-20B,Always Cooperate,42,0.0,1.0,4,0,11.0146875
gpt_oss_20b__vs__always_cooperate__seed104,104,GPT-OSS-20B,Always Cooperate,43,0.0,1.0,4,0,10.98625
gpt_oss_20b__vs__always_cooperate__seed104,104,GPT-OSS-20B,Always Cooperate,44,0.0,1.0,4,0,10.9578125
gpt_oss_20b__vs__always_cooperate__seed104,104,GPT-OSS-20B,Always Cooperate,45,0.0,1.0,4,0,10.929374999999999
gpt_oss_20b__vs__always_cooperate__seed104,104,GPT-OSS-20B,Always Cooperate,46,0.0,1.0,4,0,10.900937499999998
gpt_oss_20b__vs__always_cooperate__seed104,104,GPT-OSS-20B,Always Cooperate,47,0.0,1.0,4,0,10.872499999999997
gpt_oss_20b__vs__always_cooperate__seed104,104,GPT-OSS-20B,Always Cooperate,48,0.0,1.0,4,0,10.844062499999996
gpt_oss_20b__vs__always_cooperate__seed104,104,GPT-OSS-20B,Always Cooperate,49,0.0,1.0,4,0,10.826562499999996
gpt_oss_20b__vs__always_cooperate__seed104,104,GPT-OSS-20B,Always Cooperate,50,0.0,1.0,4,0,10.792656249999997
gpt_oss_20b__vs__always_cooperate__seed105,105,GPT-OSS-20B,Always Cooperate,1,0.0,1.0,4,0,12.0
gpt_oss_20b__vs__always_cooperate__seed105,105,GPT-OSS-20B,Always Cooperate,2,0.0,1.0,4,0,11.9825
gpt_oss_20b__vs__always_cooperate__seed105,105,GPT-OSS-20B,Always Cooperate,3,0.0,1.0,4,0,11.965
gpt_oss_20b__vs__always_cooperate__seed105,105,GPT-OSS-20B,Always Cooperate,4,0.0,1.0,4,0,11.9475
gpt_oss_20b__vs__always_cooperate__seed105,105,GPT-OSS-20B,Always Cooperate,5,0.0,1.0,4,0,11.93
gpt_oss_20b__vs__always_cooperate__seed105,105,GPT-OSS-20B,Always Cooperate,6,0.0,1.0,4,0,11.9125
gpt_oss_20b__vs__always_cooperate__seed105,105,GPT-OSS-20B,Always Cooperate,7,0.0,1.0,4,0,11.895
gpt_oss_20b__vs__always_cooperate__seed105,105,GPT-OSS-20B,Always Cooperate,8,0.0,1.0,4,0,11.8775
gpt_oss_20b__vs__always_cooperate__seed105,105,GPT-OSS-20B,Always Cooperate,9,0.0,1.0,4,0,11.86
gpt_oss_20b__vs__always_cooperate__seed105,105,GPT-OSS-20B,Always Cooperate,10,0.0,1.0,4,0,11.8425
gpt_oss_20b__vs__always_cooperate__seed105,105,GPT-OSS-20B,Always Cooperate,11,0.0,1.0,4,0,11.825
gpt_oss_20b__vs__always_cooperate__seed105,105,GPT-OSS-20B,Always Cooperate,12,0.0,1.0,4,0,11.8075
gpt_oss_20b__vs__always_cooperate__seed105,105,GPT-OSS-20B,Always Cooperate,13,0.0,1.0,4,0,11.79
gpt_oss_20b__vs__always_cooperate__seed105,105,GPT-OSS-20B,Always Cooperate,14,0.0,1.0,4,0,11.772499999999999
gpt_oss_20b__vs__always_cooperate__seed105,105,GPT-OSS-20B,Always Cooperate,15,0.0,1.0,4,0,11.754999999999999
gpt_oss_20b__vs__always_cooperate__seed105,105,GPT-OSS-20B,Always Cooperate,16,0.0,1.0,4,0,11.737499999999999
gpt_oss_20b__vs__always_cooperate__seed105,105,GPT-OSS-20B,Always Cooperate,17,0.0,1.0,4,0,11.719999999999999
gpt_oss_20b__vs__always_cooperate__seed105,105,GPT-OSS-20B,Always Cooperate,18,0.0,1.0,4,0,11.702499999999999
gpt_oss_20b__vs__always_cooperate__seed105,105,GPT-OSS-20B,Always Cooperate,19,0.0,1.0,4,0,11.684999999999999
gpt_oss_20b__vs__always_cooperate__seed105,105,GPT-OSS-20B,Always Cooperate,20,0.0,1.0,4,0,11.667499999999999
gpt_oss_20b__vs__always_cooperate__seed105,105,GPT-OSS-20B,Always Cooperate,21,0.0,1.0,4,0,11.649999999999999
gpt_oss_20b__vs__always_cooperate__seed105,105,GPT-OSS-20B,Always Cooperate,22,0.0,1.0,4,0,11.632499999999999
gpt_oss_20b__vs__always_cooperate__seed105,105,GPT-OSS-20B,Always Cooperate,23,0.0,1.0,4,0,11.614999999999998
gpt_oss_20b__vs__always_cooperate__seed105,105,GPT-OSS-20B,Always Cooperate,24,0.0,1.0,4,0,11.597499999999998
gpt_oss_20b__vs__always_cooperate__seed105,105,GPT-OSS-20B,Always Cooperate,25,0.0,1.0,4,0,11.579999999999998
gpt_oss_20b__vs__always_cooperate__seed105,105,GPT-OSS-20B,Always Cooperate,26,0.0,1.0,4,0,11.562499999999998
gpt_oss_20b__vs__always_cooperate__seed105,105,GPT-OSS-20B,Always Cooperate,27,0.0,1.0,4,0,11.544999999999998
gpt_oss_20b__vs__always_cooperate__seed105,105,GPT-OSS-20B,Always Cooperate,28,0.0,1.0,4,0,11.527499999999998
gpt_oss_20b__vs__always_cooperate__seed105,105,GPT-OSS-20B,Always Cooperate,29,0.0,1.0,4,0,11.509999999999998
gpt_oss_20b__vs__always_cooperate__seed105,105,GPT-OSS-20B,Always Cooperate,30,0.0,1.0,4,0,11.492499999999998
gpt_oss_20b__vs__always_cooperate__seed105,105,GPT-OSS-20B,Always Cooperate,31,0.0,1.0,4,0,12.195021211971902
gpt_oss_20b__vs__always_cooperate__seed105,105,GPT-OSS-20B,Always Cooperate,32,0.0,1.0,4,0,11.490312499999996
gpt_oss_20b__vs__always_cooperate__seed105,105,GPT-OSS-20B,Always Cooperate,33,0.0,1.0,4,0,11.489218749999996
gpt_oss_20b__vs__always_cooperate__seed105,105,GPT-OSS-20B,Always Cooperate,34,0.0,1.0,4,0,11.488124999999995
gpt_oss_20b__vs__always_cooperate__seed105,105,GPT-OSS-20B,Always Cooperate,35,0.0,1.0,4,0,11.481562499999995
gpt_oss_20b__vs__always_cooperate__seed105,105,GPT-OSS-20B,Always Cooperate,36,0.0,1.0,4,0,11.474999999999996
gpt_oss_20b__vs__always_cooperate__seed105,105,GPT-OSS-20B,Always Cooperate,37,0.0,1.0,4,0,11.468437499999997
gpt_oss_20b__vs__always_cooperate__seed105,105,GPT-OSS-20B,Always Cooperate,38,0.0,1.0,4,0,11.461874999999997
gpt_oss_20b__vs__always_cooperate__seed105,105,GPT-OSS-20B,Always Cooperate,39,0.0,1.0,4,0,11.438906249999997
gpt_oss_20b__vs__always_cooperate__seed105,105,GPT-OSS-20B,Always Cooperate,40,0.0,1.0,4,0,11.415937499999997
gpt_oss_20b__vs__always_cooperate__seed105,105,GPT-OSS-20B,Always Cooperate,41,0.0,1.0,4,0,11.392968749999996
gpt_oss_20b__vs__always_cooperate__seed105,105,GPT-OSS-20B,Always Cooperate,42,0.0,1.0,4,0,11.369999999999996
gpt_oss_20b__vs__always_cooperate__seed105,105,GPT-OSS-20B,Always Cooperate,43,0.0,1.0,4,0,12.065020577935787
gpt_oss_20b__vs__always_cooperate__seed105,105,GPT-OSS-20B,Always Cooperate,44,0.0,1.0,4,0,11.367812499999994
gpt_oss_20b__vs__always_cooperate__seed105,105,GPT-OSS-20B,Always Cooperate,45,0.0,1.0,4,0,11.366718749999993
gpt_oss_20b__vs__always_cooperate__seed105,105,GPT-OSS-20B,Always Cooperate,46,0.0,1.0,4,0,11.365624999999993
gpt_oss_20b__vs__always_cooperate__seed105,105,GPT-OSS-20B,Always Cooperate,47,0.0,1.0,4,0,11.364531249999992
gpt_oss_20b__vs__always_cooperate__seed105,105,GPT-OSS-20B,Always Cooperate,48,0.0,1.0,4,0,11.363437499999991
gpt_oss_20b__vs__always_cooperate__seed105,105,GPT-OSS-20B,Always Cooperate,49,0.0,1.0,4,0,11.36234374999999
gpt_oss_20b__vs__always_cooperate__seed105,105,GPT-OSS-20B,Always Cooperate,50,0.0,1.0,4,0,11.35031249999999
gpt_oss_20b__vs__always_defect__seed101,101,GPT-OSS-20B,Always Defect,1,0.0,0.0,4,4,0.0
gpt_oss_20b__vs__always_defect__seed101,101,GPT-OSS-20B,Always Defect,2,0.0,0.0,4,4,0.0
gpt_oss_20b__vs__always_defect__seed101,101,GPT-OSS-20B,Always Defect,3,0.0,0.0,4,4,0.0
gpt_oss_20b__vs__always_defect__seed101,101,GPT-OSS-20B,Always Defect,4,0.0,0.0,4,4,0.0
gpt_oss_20b__vs__always_defect__seed101,101,GPT-OSS-20B,Always Defect,5,0.0,0.0,4,4,0.0
gpt_oss_20b__vs__always_defect__seed101,101,GPT-OSS-20B,Always Defect,6,0.0,0.0,4,4,0.0
gpt_oss_20b__vs__always_defect__seed101,101,GPT-OSS-20B,Always Defect,7,0.0,0.0,4,4,0.0
gpt_oss_20b__vs__always_defect__seed101,101,GPT-OSS-20B,Always Defect,8,0.0,0.0,4,4,0.0
gpt_oss_20b__vs__always_defect__seed101,101,GPT-OSS-20B,Always Defect,9,0.0,0.0,4,4,0.0
gpt_oss_20b__vs__always_defect__seed101,101,GPT-OSS-20B,Always Defect,10,0.0,0.0,4,4,0.0
gpt_oss_20b__vs__always_defect__seed101,101,GPT-OSS-20B,Always Defect,11,0.0,0.0,4,4,0.0
gpt_oss_20b__vs__always_defect__seed101,101,GPT-OSS-20B,Always Defect,12,0.0,0.0,4,4,0.0
gpt_oss_20b__vs__always_defect__seed101,101,GPT-OSS-20B,Always Defect,13,0.0,0.0,4,4,0.0
gpt_oss_20b__vs__always_defect__seed101,101,GPT-OSS-20B,Always Defect,14,0.0,0.0,4,4,0.0
gpt_oss_20b__vs__always_defect__seed101,101,GPT-OSS-20B,Always Defect,15,0.0,0.0,4,4,0.0
gpt_oss_20b__vs__always_defect__seed101,101,GPT-OSS-20B,Always Defect,16,0.0,0.0,4,4,0.0
gpt_oss_20b__vs__always_defect__seed101,101,GPT-OSS-20B,Always Defect,17,0.0,0.0,4,4,0.0
gpt_oss_20b__vs__always_defect__seed101,101,GPT-OSS-20B,Always Defect,18,0.0,0.0,4,4,0.0
gpt_oss_20b__vs__always_defect__seed101,101,GPT-OSS-20B,Always Defect,19,0.0,0.0,4,4,0.0
gpt_oss_20b__vs__always_defect__seed101,101,GPT-OSS-20B,Always Defect,20,0.0,0.0,4,4,0.0
gpt_oss_20b__vs__always_defect__seed101,101,GPT-OSS-20B,Always Defect,21,0.0,0.0,4,4,0.0
gpt_oss_20b__vs__always_defect__seed101,101,GPT-OSS-20B,Always Defect,22,0.0,0.0,4,4,0.0
gpt_oss_20b__vs__always_defect__seed101,101,GPT-OSS-20B,Always Defect,23,0.0,0.0,4,4,0.0
gpt_oss_20b__vs__always_defect__seed101,101,GPT-OSS-20B,Always Defect,24,0.0,0.0,4,4,0.0
gpt_oss_20b__vs__always_defect__seed101,101,GPT-OSS-20B,Always Defect,25,0.0,0.0,4,4,0.0
gpt_oss_20b__vs__always_defect__seed101,101,GPT-OSS-20B,Always Defect,26,0.0,0.0,4,4,0.0
gpt_oss_20b__vs__always_defect__seed101,101,GPT-OSS-20B,Always Defect,27,0.0,0.0,4,4,0.0
gpt_oss_20b__vs__always_defect__seed101,101,GPT-OSS-20B,Always Defect,28,0.0,0.0,4,4,0.0
gpt_oss_20b__vs__always_defect__seed101,101,GPT-OSS-20B,Always Defect,29,0.0,0.0,4,4,0.0
gpt_oss_20b__vs__always_defect__seed101,101,GPT-OSS-20B,Always Defect,30,0.0,0.0,4,4,0.0
gpt_oss_20b__vs__always_defect__seed101,101,GPT-OSS-20B,Always Defect,31,0.0,0.0,4,4,0.0
gpt_oss_20b__vs__always_defect__seed101,101,GPT-OSS-20B,Always Defect,32,0.0,0.0,4,4,0.0
gpt_oss_20b__vs__always_defect__seed101,101,GPT-OSS-20B,Always Defect,33,0.0,0.0,4,4,0.0
gpt_oss_20b__vs__always_defect__seed101,101,GPT-OSS-20B,Always Defect,34,0.0,0.0,4,4,0.0
gpt_oss_20b__vs__always_defect__seed101,101,GPT-OSS-20B,Always Defect,35,0.0,0.0,4,4,0.0
gpt_oss_20b__vs__always_defect__seed101,101,GPT-OSS-20B,Always Defect,36,0.0,0.0,4,4,0.0
gpt_oss_20b__vs__always_defect__seed101,101,GPT-OSS-20B,Always Defect,37,0.0,0.0,4,4,0.0
gpt_oss_20b__vs__always_defect__seed101,101,GPT-OSS-20B,Always Defect,38,0.0,0.0,4,4,0.0
gpt_oss_20b__vs__always_defect__seed101,101,GPT-OSS-20B,Always Defect,39,0.0,0.0,4,4,0.0
gpt_oss_20b__vs__always_defect__seed101,101,GPT-OSS-20B,Always Defect,40,0.0,0.0,4,4,0.0
gpt_oss_20b__vs__always_defect__seed101,101,GPT-OSS-20B,Always Defect,41,0.0,0.0,4,4,0.0
gpt_oss_20b__vs__always_defect__seed101,101,GPT-OSS-20B,Always Defect,42,0.0,0.0,4,4,0.0
gpt_oss_20b__vs__always_defect__seed101,101,GPT-OSS-20B,Always Defect,43,0.0,0.0,4,4,0.0
gpt_oss_20b__vs__always_defect__seed101,101,GPT-OSS-20B,Always Defect,44,0.0,0.0,4,4,0.0
gpt_oss_20b__vs__always_defect__seed101,101,GPT-OSS-20B,Always Defect,45,0.0,0.0,4,4,0.0
gpt_oss_20b__vs__always_defect__seed101,101,GPT-OSS-20B,Always Defect,46,0.0,0.0,4,4,0.0
gpt_oss_20b__vs__always_defect__seed101,101,GPT-OSS-20B,Always Defect,47,0.0,0.0,4,4,0.0
gpt_oss_20b__vs__always_defect__seed101,101,GPT-OSS-20B,Always Defect,48,0.0,0.0,4,4,0.0
gpt_oss_20b__vs__always_defect__seed101,101,GPT-OSS-20B,Always Defect,49,0.0,0.0,4,4,0.0
gpt_oss_20b__vs__always_defect__seed101,101,GPT-OSS-20B,Always Defect,50,0.0,0.0,4,4,0.0
gpt_oss_20b__vs__always_defect__seed102,102,GPT-OSS-20B,Always Defect,1,0.0,0.0,4,4,0.0
gpt_oss_20b__vs__always_defect__seed102,102,GPT-OSS-20B,Always Defect,2,0.0,0.0,4,4,0.0
gpt_oss_20b__vs__always_defect__seed102,102,GPT-OSS-20B,Always Defect,3,0.0,0.0,4,4,0.0
gpt_oss_20b__vs__always_defect__seed102,102,GPT-OSS-20B,Always Defect,4,0.0,0.0,4,4,0.0
gpt_oss_20b__vs__always_defect__seed102,102,GPT-OSS-20B,Always Defect,5,0.0,0.0,4,4,0.0
gpt_oss_20b__vs__always_defect__seed102,102,GPT-OSS-20B,Always Defect,6,0.0,0.0,4,4,0.0
gpt_oss_20b__vs__always_defect__seed102,102,GPT-OSS-20B,Always Defect,7,0.0,0.0,4,4,0.0
gpt_oss_20b__vs__always_defect__seed102,102,GPT-OSS-20B,Always Defect,8,0.0,0.0,4,4,0.0
gpt_oss_20b__vs__always_defect__seed102,102,GPT-OSS-20B,Always Defect,9,0.0,0.0,4,4,0.0
gpt_oss_20b__vs__always_defect__seed102,102,GPT-OSS-20B,Always Defect,10,0.0,0.0,4,4,0.0
gpt_oss_20b__vs__always_defect__seed102,102,GPT-OSS-20B,Always Defect,11,0.0,0.0,4,4,0.0
gpt_oss_20b__vs__always_defect__seed102,102,GPT-OSS-20B,Always Defect,12,0.0,0.0,4,4,0.0
gpt_oss_20b__vs__always_defect__seed102,102,GPT-OSS-20B,Always Defect,13,0.0,0.0,4,4,0.0
gpt_oss_20b__vs__always_defect__seed102,102,GPT-OSS-20B,Always Defect,14,0.0,0.0,4,4,0.0
gpt_oss_20b__vs__always_defect__seed102,102,GPT-OSS-20B,Always Defect,15,0.0,0.0,4,4,0.0
gpt_oss_20b__vs__always_defect__seed102,102,GPT-OSS-20B,Always Defect,16,0.0,0.0,4,4,0.0
gpt_oss_20b__vs__always_defect__seed102,102,GPT-OSS-20B,Always Defect,17,0.0,0.0,4,4,0.0
gpt_oss_20b__vs__always_defect__seed102,102,GPT-OSS-20B,Always Defect,18,0.0,0.0,4,4,0.0
gpt_oss_20b__vs__always_defect__seed102,102,GPT-OSS-20B,Always Defect,19,0.0,0.0,4,4,0.0
gpt_oss_20b__vs__always_defect__seed102,102,GPT-OSS-20B,Always Defect,20,0.0,0.0,4,4,0.0
gpt_oss_20b__vs__always_defect__seed102,102,GPT-OSS-20B,Always Defect,21,0.0,0.0,4,4,0.0
gpt_oss_20b__vs__always_defect__seed102,102,GPT-OSS-20B,Always Defect,22,0.0,0.0,4,4,0.0
gpt_oss_20b__vs__always_defect__seed102,102,GPT-OSS-20B,Always Defect,23,0.0,0.0,4,4,0.0
gpt_oss_20b__vs__always_defect__seed102,102,GPT-OSS-20B,Always Defect,24,0.0,0.0,4,4,0.0
gpt_oss_20b__vs__always_defect__seed102,102,GPT-OSS-20B,Always Defect,25,0.0,0.0,4,4,0.0
gpt_oss_20b__vs__always_defect__seed102,102,GPT-OSS-20B,Always Defect,26,0.0,0.0,4,4,0.0
gpt_oss_20b__vs__always_defect__seed102,102,GPT-OSS-20B,Always Defect,27,0.0,0.0,4,4,0.0
gpt_oss_20b__vs__always_defect__seed102,102,GPT-OSS-20B,Always Defect,28,0.0,0.0,4,4,0.0
gpt_oss_20b__vs__always_defect__seed102,102,GPT-OSS-20B,Always Defect,29,0.0,0.0,4,4,0.0
gpt_oss_20b__vs__always_defect__seed102,102,GPT-OSS-20B,Always Defect,30,0.0,0.0,4,4,0.0
gpt_oss_20b__vs__always_defect__seed102,102,GPT-OSS-20B,Always Defect,31,0.0,0.0,4,4,0.0
gpt_oss_20b__vs__always_defect__seed102,102,GPT-OSS-20B,Always Defect,32,0.0,0.0,4,4,0.0
gpt_oss_20b__vs__always_defect__seed102,102,GPT-OSS-20B,Always Defect,33,0.0,0.0,4,4,0.0
gpt_oss_20b__vs__always_defect__seed102,102,GPT-OSS-20B,Always Defect,34,0.0,0.0,4,4,0.0
gpt_oss_20b__vs__always_defect__seed102,102,GPT-OSS-20B,Always Defect,35,0.0,0.0,4,4,0.0
gpt_oss_20b__vs__always_defect__seed102,102,GPT-OSS-20B,Always Defect,36,0.0,0.0,4,4,0.0
gpt_oss_20b__vs__always_defect__seed102,102,GPT-OSS-20B,Always Defect,37,0.0,0.0,4,4,0.0
gpt_oss_20b__vs__always_defect__seed102,102,GPT-OSS-20B,Always Defect,38,0.0,0.0,4,4,0.0
gpt_oss_20b__vs__always_defect__seed102,102,GPT-OSS-20B,Always Defect,39,0.0,0.0,4,4,0.0
gpt_oss_20b__vs__always_defect__seed102,102,GPT-OSS-20B,Always Defect,40,0.0,0.0,4,4,0.0
gpt_oss_20b__vs__always_defect__seed102,102,GPT-OSS-20B,Always Defect,41,0.0,0.0,4,4,0.0
gpt_oss_20b__vs__always_defect__seed102,102,GPT-OSS-20B,Always Defect,42,0.0,0.0,4,4,0.0
gpt_oss_20b__vs__always_defect__seed102,102,GPT-OSS-20B,Always Defect,43,0.0,0.0,4,4,0.0
gpt_oss_20b__vs__always_defect__seed102,102,GPT-OSS-20B,Always Defect,44,0.0,0.0,4,4,0.0
gpt_oss_20b__vs__always_defect__seed102,102,GPT-OSS-20B,Always Defect,45,0.0,0.0,4,4,0.0
gpt_oss_20b__vs__always_defect__seed102,102,GPT-OSS-20B,Always Defect,46,0.0,0.0,4,4,0.0
gpt_oss_20b__vs__always_defect__seed102,102,GPT-OSS-20B,Always Defect,47,0.0,0.0,4,4,0.0
gpt_oss_20b__vs__always_defect__seed102,102,GPT-OSS-20B,Always Defect,48,0.0,0.0,4,4,0.0
gpt_oss_20b__vs__always_defect__seed102,102,GPT-OSS-20B,Always Defect,49,0.0,0.0,4,4,0.0
gpt_oss_20b__vs__always_defect__seed102,102,GPT-OSS-20B,Always Defect,50,0.0,0.0,4,4,0.0
gpt_oss_20b__vs__always_defect__seed103,103,GPT-OSS-20B,Always Defect,1,0.0,0.0,4,4,0.0
gpt_oss_20b__vs__always_defect__seed103,103,GPT-OSS-20B,Always Defect,2,0.0,0.0,4,4,0.0
gpt_oss_20b__vs__always_defect__seed103,103,GPT-OSS-20B,Always Defect,3,0.0,0.0,4,4,0.0
gpt_oss_20b__vs__always_defect__seed103,103,GPT-OSS-20B,Always Defect,4,0.0,0.0,4,4,0.0
gpt_oss_20b__vs__always_defect__seed103,103,GPT-OSS-20B,Always Defect,5,0.0,0.0,4,4,0.0
gpt_oss_20b__vs__always_defect__seed103,103,GPT-OSS-20B,Always Defect,6,0.0,0.0,4,4,0.0
gpt_oss_20b__vs__always_defect__seed103,103,GPT-OSS-20B,Always Defect,7,0.0,0.0,4,4,0.0
gpt_oss_20b__vs__always_defect__seed103,103,GPT-OSS-20B,Always Defect,8,0.0,0.0,4,4,0.0
gpt_oss_20b__vs__always_defect__seed103,103,GPT-OSS-20B,Always Defect,9,0.0,0.0,4,4,0.0
gpt_oss_20b__vs__always_defect__seed103,103,GPT-OSS-20B,Always Defect,10,0.0,0.0,4,4,0.0
gpt_oss_20b__vs__always_defect__seed103,103,GPT-OSS-20B,Always Defect,11,0.0,0.0,4,4,0.0
gpt_oss_20b__vs__always_defect__seed103,103,GPT-OSS-20B,Always Defect,12,0.0,0.0,4,4,0.0
gpt_oss_20b__vs__always_defect__seed103,103,GPT-OSS-20B,Always Defect,13,0.0,0.0,4,4,0.0
gpt_oss_20b__vs__always_defect__seed103,103,GPT-OSS-20B,Always Defect,14,0.0,0.0,4,4,0.0
gpt_oss_20b__vs__always_defect__seed103,103,GPT-OSS-20B,Always Defect,15,0.0,0.0,4,4,0.0
gpt_oss_20b__vs__always_defect__seed103,103,GPT-OSS-20B,Always Defect,16,0.0,0.0,4,4,0.0
gpt_oss_20b__vs__always_defect__seed103,103,GPT-OSS-20B,Always Defect,17,0.0,0.0,4,4,0.0
gpt_oss_20b__vs__always_defect__seed103,103,GPT-OSS-20B,Always Defect,18,0.0,0.0,4,4,0.0
gpt_oss_20b__vs__always_defect__seed103,103,GPT-OSS-20B,Always Defect,19,0.0,0.0,4,4,0.0
gpt_oss_20b__vs__always_defect__seed103,103,GPT-OSS-20B,Always Defect,20,0.0,0.0,4,4,0.0
gpt_oss_20b__vs__always_defect__seed103,103,GPT-OSS-20B,Always Defect,21,0.0,0.0,4,4,0.0
gpt_oss_20b__vs__always_defect__seed103,103,GPT-OSS-20B,Always Defect,22,0.0,0.0,4,4,0.0
gpt_oss_20b__vs__always_defect__seed103,103,GPT-OSS-20B,Always Defect,23,0.0,0.0,4,4,0.0
gpt_oss_20b__vs__always_defect__seed103,103,GPT-OSS-20B,Always Defect,24,0.0,0.0,4,4,0.0
gpt_oss_20b__vs__always_defect__seed103,103,GPT-OSS-20B,Always Defect,25,0.0,0.0,4,4,0.0
gpt_oss_20b__vs__always_defect__seed103,103,GPT-OSS-20B,Always Defect,26,0.0,0.0,4,4,0.0
gpt_oss_20b__vs__always_defect__seed103,103,GPT-OSS-20B,Always Defect,27,0.0,0.0,4,4,0.0
gpt_oss_20b__vs__always_defect__seed103,103,GPT-OSS-20B,Always Defect,28,0.0,0.0,4,4,0.0
gpt_oss_20b__vs__always_defect__seed103,103,GPT-OSS-20B,Always Defect,29,0.0,0.0,4,4,0.0
gpt_oss_20b__vs__always_defect__seed103,103,GPT-OSS-20B,Always Defect,30,0.0,0.0,4,4,0.0
gpt_oss_20b__vs__always_defect__seed103,103,GPT-OSS-20B,Always Defect,31,0.0,0.0,4,4,0.0
gpt_oss_20b__vs__always_defect__seed103,103,GPT-OSS-20B,Always Defect,32,0.0,0.0,4,4,0.0
gpt_oss_20b__vs__always_defect__seed103,103,GPT-OSS-20B,Always Defect,33,0.0,0.0,4,4,0.0
gpt_oss_20b__vs__always_defect__seed103,103,GPT-OSS-20B,Always Defect,34,0.0,0.0,4,4,0.0
gpt_oss_20b__vs__always_defect__seed103,103,GPT-OSS-20B,Always Defect,35,0.0,0.0,4,4,0.0
gpt_oss_20b__vs__always_defect__seed103,103,GPT-OSS-20B,Always Defect,36,0.0,0.0,4,4,0.0
gpt_oss_20b__vs__always_defect__seed103,103,GPT-OSS-20B,Always Defect,37,0.0,0.0,4,4,0.0
gpt_oss_20b__vs__always_defect__seed103,103,GPT-OSS-20B,Always Defect,38,0.0,0.0,4,4,0.0
gpt_oss_20b__vs__always_defect__seed103,103,GPT-OSS-20B,Always Defect,39,0.0,0.0,4,4,0.0
gpt_oss_20b__vs__always_defect__seed103,103,GPT-OSS-20B,Always Defect,40,0.0,0.0,4,4,0.0
gpt_oss_20b__vs__always_defect__seed103,103,GPT-OSS-20B,Always Defect,41,0.0,0.0,4,4,0.0
gpt_oss_20b__vs__always_defect__seed103,103,GPT-OSS-20B,Always Defect,42,0.0,0.0,4,4,0.0
gpt_oss_20b__vs__always_defect__seed103,103,GPT-OSS-20B,Always Defect,43,0.0,0.0,4,4,0.0
gpt_oss_20b__vs__always_defect__seed103,103,GPT-OSS-20B,Always Defect,44,0.0,0.0,4,4,0.0
gpt_oss_20b__vs__always_defect__seed103,103,GPT-OSS-20B,Always Defect,45,0.0,0.0,4,4,0.0
gpt_oss_20b__vs__always_defect__seed103,103,GPT-OSS-20B,Always Defect,46,0.0,0.0,4,4,0.0
gpt_oss_20b__vs__always_defect__seed103,103,GPT-OSS-20B,Always Defect,47,0.0,0.0,4,4,0.0
gpt_oss_20b__vs__always_defect__seed103,103,GPT-OSS-20B,Always Defect,48,0.0,0.0,4,4,0.0
gpt_oss_20b__vs__always_defect__seed103,103,GPT-OSS-20B,Always Defect,49,0.0,0.0,4,4,0.0
gpt_oss_20b__vs__always_defect__seed103,103,GPT-OSS-20B,Always Defect,50,0.0,0.0,4,4,0.0
gpt_oss_20b__vs__always_defect__seed104,104,GPT-OSS-20B,Always Defect,1,0.0,0.0,4,4,0.0
gpt_oss_20b__vs__always_defect__seed104,104,GPT-OSS-20B,Always Defect,2,0.0,0.0,4,4,0.0
gpt_oss_20b__vs__always_defect__seed104,104,GPT-OSS-20B,Always Defect,3,0.0,0.0,4,4,0.0
gpt_oss_20b__vs__always_defect__seed104,104,GPT-OSS-20B,Always Defect,4,0.0,0.0,4,4,0.0
gpt_oss_20b__vs__always_defect__seed104,104,GPT-OSS-20B,Always Defect,5,0.0,0.0,4,4,0.0
gpt_oss_20b__vs__always_defect__seed104,104,GPT-OSS-20B,Always Defect,6,0.0,0.0,4,4,0.0
gpt_oss_20b__vs__always_defect__seed104,104,GPT-OSS-20B,Always Defect,7,0.0,0.0,4,4,0.0
gpt_oss_20b__vs__always_defect__seed104,104,GPT-OSS-20B,Always Defect,8,0.0,0.0,4,4,0.0
gpt_oss_20b__vs__always_defect__seed104,104,GPT-OSS-20B,Always Defect,9,0.0,0.0,4,4,0.0
gpt_oss_20b__vs__always_defect__seed104,104,GPT-OSS-20B,Always Defect,10,0.0,0.0,4,4,0.0
gpt_oss_20b__vs__always_defect__seed104,104,GPT-OSS-20B,Always Defect,11,0.0,0.0,4,4,0.0
gpt_oss_20b__vs__always_defect__seed104,104,GPT-OSS-20B,Always Defect,12,0.0,0.0,4,4,0.0
gpt_oss_20b__vs__always_defect__seed104,104,GPT-OSS-20B,Always Defect,13,0.0,0.0,4,4,0.0
gpt_oss_20b__vs__always_defect__seed104,104,GPT-OSS-20B,Always Defect,14,0.0,0.0,4,4,0.0
gpt_oss_20b__vs__always_defect__seed104,104,GPT-OSS-20B,Always Defect,15,0.0,0.0,4,4,0.0
gpt_oss_20b__vs__always_defect__seed104,104,GPT-OSS-20B,Always Defect,16,0.0,0.0,4,4,0.0
gpt_oss_20b__vs__always_defect__seed104,104,GPT-OSS-20B,Always Defect,17,0.0,0.0,4,4,0.0
gpt_oss_20b__vs__always_defect__seed104,104,GPT-OSS-20B,Always Defect,18,0.0,0.0,4,4,0.0
gpt_oss_20b__vs__always_defect__seed104,104,GPT-OSS-20B,Always Defect,19,0.0,0.0,4,4,0.0
gpt_oss_20b__vs__always_defect__seed104,104,GPT-OSS-20B,Always Defect,20,0.0,0.0,4,4,0.0
gpt_oss_20b__vs__always_defect__seed104,104,GPT-OSS-20B,Always Defect,21,0.0,0.0,4,4,0.0
gpt_oss_20b__vs__always_defect__seed104,104,GPT-OSS-20B,Always Defect,22,0.0,0.0,4,4,0.0
gpt_oss_20b__vs__always_defect__seed104,104,GPT-OSS-20B,Always Defect,23,0.0,0.0,4,4,0.0
gpt_oss_20b__vs__always_defect__seed104,104,GPT-OSS-20B,Always Defect,24,0.0,0.0,4,4,0.0
gpt_oss_20b__vs__always_defect__seed104,104,GPT-OSS-20B,Always Defect,25,0.0,0.0,4,4,0.0
gpt_oss_20b__vs__always_defect__seed104,104,GPT-OSS-20B,Always Defect,26,0.0,0.0,4,4,0.0
gpt_oss_20b__vs__always_defect__seed104,104,GPT-OSS-20B,Always Defect,27,0.0,0.0,4,4,0.0
gpt_oss_20b__vs__always_defect__seed104,104,GPT-OSS-20B,Always Defect,28,0.0,0.0,4,4,0.0
gpt_oss_20b__vs__always_defect__seed104,104,GPT-OSS-20B,Always Defect,29,0.0,0.0,4,4,0.0
gpt_oss_20b__vs__always_defect__seed104,104,GPT-OSS-20B,Always Defect,30,0.0,0.0,4,4,0.0
gpt_oss_20b__vs__always_defect__seed104,104,GPT-OSS-20B,Always Defect,31,0.0,0.0,4,4,0.0
gpt_oss_20b__vs__always_defect__seed104,104,GPT-OSS-20B,Always Defect,32,0.0,0.0,4,4,0.0
gpt_oss_20b__vs__always_defect__seed104,104,GPT-OSS-20B,Always Defect,33,0.0,0.0,4,4,0.0
gpt_oss_20b__vs__always_defect__seed104,104,GPT-OSS-20B,Always Defect,34,0.0,0.0,4,4,0.0
gpt_oss_20b__vs__always_defect__seed104,104,GPT-OSS-20B,Always Defect,35,0.0,0.0,4,4,0.0
gpt_oss_20b__vs__always_defect__seed104,104,GPT-OSS-20B,Always Defect,36,0.0,0.0,4,4,0.0
gpt_oss_20b__vs__always_defect__seed104,104,GPT-OSS-20B,Always Defect,37,0.0,0.0,4,4,0.0
gpt_oss_20b__vs__always_defect__seed104,104,GPT-OSS-20B,Always Defect,38,0.0,0.0,4,4,0.0
gpt_oss_20b__vs__always_defect__seed104,104,GPT-OSS-20B,Always Defect,39,0.0,0.0,4,4,0.0
gpt_oss_20b__vs__always_defect__seed104,104,GPT-OSS-20B,Always Defect,40,0.0,0.0,4,4,0.0
gpt_oss_20b__vs__always_defect__seed104,104,GPT-OSS-20B,Always Defect,41,0.0,0.0,4,4,0.0
gpt_oss_20b__vs__always_defect__seed104,104,GPT-OSS-20B,Always Defect,42,0.0,0.0,4,4,0.0
gpt_oss_20b__vs__always_defect__seed104,104,GPT-OSS-20B,Always Defect,43,0.0,0.0,4,4,0.0
gpt_oss_20b__vs__always_defect__seed104,104,GPT-OSS-20B,Always Defect,44,0.0,0.0,4,4,0.0
gpt_oss_20b__vs__always_defect__seed104,104,GPT-OSS-20B,Always Defect,45,0.0,0.0,4,4,0.0
gpt_oss_20b__vs__always_defect__seed104,104,GPT-OSS-20B,Always Defect,46,0.0,0.0,4,4,0.0
gpt_oss_20b__vs__always_defect__seed104,104,GPT-OSS-20B,Always Defect,47,0.0,0.0,4,4,0.0
gpt_oss_20b__vs__always_defect__seed104,104,GPT-OSS-20B,Always Defect,48,0.0,0.0,4,4,0.0
gpt_oss_20b__vs__always_defect__seed104,104,GPT-OSS-20B,Always Defect,49,0.0,0.0,4,4,0.0
gpt_oss_20b__vs__always_defect__seed104,104,GPT-OSS-20B,Always Defect,50,0.0,0.0,4,4,0.0
gpt_oss_20b__vs__always_defect__seed105,105,GPT-OSS-20B,Always Defect,1,0.0,0.0,4,4,0.0
gpt_oss_20b__vs__always_defect__seed105,105,GPT-OSS-20B,Always Defect,2,0.0,0.0,4,4,0.0
gpt_oss_20b__vs__always_defect__seed105,105,GPT-OSS-20B,Always Defect,3,0.0,0.0,4,4,0.0
gpt_oss_20b__vs__always_defect__seed105,105,GPT-OSS-20B,Always Defect,4,0.0,0.0,4,4,0.0
gpt_oss_20b__vs__always_defect__seed105,105,GPT-OSS-20B,Always Defect,5,0.0,0.0,4,4,0.0
gpt_oss_20b__vs__always_defect__seed105,105,GPT-OSS-20B,Always Defect,6,0.0,0.0,4,4,0.0
gpt_oss_20b__vs__always_defect__seed105,105,GPT-OSS-20B,Always Defect,7,0.0,0.0,4,4,0.0
gpt_oss_20b__vs__always_defect__seed105,105,GPT-OSS-20B,Always Defect,8,0.0,0.0,4,4,0.0
gpt_oss_20b__vs__always_defect__seed105,105,GPT-OSS-20B,Always Defect,9,0.0,0.0,4,4,0.0
gpt_oss_20b__vs__always_defect__seed105,105,GPT-OSS-20B,Always Defect,10,0.0,0.0,4,4,0.0
gpt_oss_20b__vs__always_defect__seed105,105,GPT-OSS-20B,Always Defect,11,0.0,0.0,4,4,0.0
gpt_oss_20b__vs__always_defect__seed105,105,GPT-OSS-20B,Always Defect,12,0.0,0.0,4,4,0.0
gpt_oss_20b__vs__always_defect__seed105,105,GPT-OSS-20B,Always Defect,13,0.0,0.0,4,4,0.0
gpt_oss_20b__vs__always_defect__seed105,105,GPT-OSS-20B,Always Defect,14,0.0,0.0,4,4,0.0
gpt_oss_20b__vs__always_defect__seed105,105,GPT-OSS-20B,Always Defect,15,0.0,0.0,4,4,0.0
gpt_oss_20b__vs__always_defect__seed105,105,GPT-OSS-20B,Always Defect,16,0.0,0.0,4,4,0.0
gpt_oss_20b__vs__always_defect__seed105,105,GPT-OSS-20B,Always Defect,17,0.0,0.0,4,4,0.0
gpt_oss_20b__vs__always_defect__seed105,105,GPT-OSS-20B,Always Defect,18,1.0,0.0,0,4,-8.0
gpt_oss_20b__vs__always_defect__seed105,105,GPT-OSS-20B,Always Defect,19,0.0,0.0,4,4,0.0
gpt_oss_20b__vs__always_defect__seed105,105,GPT-OSS-20B,Always Defect,20,0.0,0.0,4,4,0.0
gpt_oss_20b__vs__always_defect__seed105,105,GPT-OSS-20B,Always Defect,21,0.0,0.0,4,4,0.0
gpt_oss_20b__vs__always_defect__seed105,105,GPT-OSS-20B,Always Defect,22,0.0,0.0,4,4,0.0
gpt_oss_20b__vs__always_defect__seed105,105,GPT-OSS-20B,Always Defect,23,0.0,0.0,4,4,0.0
gpt_oss_20b__vs__always_defect__seed105,105,GPT-OSS-20B,Always Defect,24,0.0,0.0,4,4,0.0
gpt_oss_20b__vs__always_defect__seed105,105,GPT-OSS-20B,Always Defect,25,0.0,0.0,4,4,0.0
gpt_oss_20b__vs__always_defect__seed105,105,GPT-OSS-20B,Always Defect,26,0.0,0.0,4,4,0.0
gpt_oss_20b__vs__always_defect__seed105,105,GPT-OSS-20B,Always Defect,27,0.0,0.0,4,4,0.0
gpt_oss_20b__vs__always_defect__seed105,105,GPT-OSS-20B,Always Defect,28,0.0,0.0,4,4,0.0
gpt_oss_20b__vs__always_defect__seed105,105,GPT-OSS-20B,Always Defect,29,0.0,0.0,4,4,0.0
gpt_oss_20b__vs__always_defect__seed105,105,GPT-OSS-20B,Always Defect,30,0.0,0.0,4,4,0.0
gpt_oss_20b__vs__always_defect__seed105,105,GPT-OSS-20B,Always Defect,31,0.0,0.0,4,4,0.0
gpt_oss_20b__vs__always_defect__seed105,105,GPT-OSS-20B,Always Defect,32,0.0,0.0,4,4,0.0
gpt_oss_20b__vs__always_defect__seed105,105,GPT-OSS-20B,Always Defect,33,0.0,0.0,4,4,0.0
gpt_oss_20b__vs__always_defect__seed105,105,GPT-OSS-20B,Always Defect,34,0.0,0.0,4,4,0.0
gpt_oss_20b__vs__always_defect__seed105,105,GPT-OSS-20B,Always Defect,35,0.0,0.0,4,4,0.0
gpt_oss_20b__vs__always_defect__seed105,105,GPT-OSS-20B,Always Defect,36,0.0,0.0,4,4,0.0
gpt_oss_20b__vs__always_defect__seed105,105,GPT-OSS-20B,Always Defect,37,0.0,0.0,4,4,0.0
gpt_oss_20b__vs__always_defect__seed105,105,GPT-OSS-20B,Always Defect,38,0.0,0.0,4,4,0.0
gpt_oss_20b__vs__always_defect__seed105,105,GPT-OSS-20B,Always Defect,39,0.0,0.0,4,4,0.0
gpt_oss_20b__vs__always_defect__seed105,105,GPT-OSS-20B,Always Defect,40,0.0,0.0,4,4,0.0
gpt_oss_20b__vs__always_defect__seed105,105,GPT-OSS-20B,Always Defect,41,0.0,0.0,4,4,0.0
gpt_oss_20b__vs__always_defect__seed105,105,GPT-OSS-20B,Always Defect,42,0.0,0.0,4,4,0.0
gpt_oss_20b__vs__always_defect__seed105,105,GPT-OSS-20B,Always Defect,43,0.0,0.0,4,4,0.0
gpt_oss_20b__vs__always_defect__seed105,105,GPT-OSS-20B,Always Defect,44,0.0,0.0,4,4,0.0
gpt_oss_20b__vs__always_defect__seed105,105,GPT-OSS-20B,Always Defect,45,0.0,0.0,4,4,0.0
gpt_oss_20b__vs__always_defect__seed105,105,GPT-OSS-20B,Always Defect,46,0.0,0.0,4,4,0.0
gpt_oss_20b__vs__always_defect__seed105,105,GPT-OSS-20B,Always Defect,47,0.0,0.0,4,4,0.0
gpt_oss_20b__vs__always_defect__seed105,105,GPT-OSS-20B,Always Defect,48,0.0,0.0,4,4,0.0
gpt_oss_20b__vs__always_defect__seed105,105,GPT-OSS-20B,Always Defect,49,0.0,0.0,4,4,0.0
gpt_oss_20b__vs__always_defect__seed105,105,GPT-OSS-20B,Always Defect,50,0.0,0.0,4,4,0.0
gpt_oss_20b__vs__graded_tft__seed101,101,GPT-OSS-20B,Graded TFT,1,0.0,1.0,4,0,12.0
gpt_oss_20b__vs__graded_tft__seed101,101,GPT-OSS-20B,Graded TFT,2,0.0,0.5,4,2,5.99125
gpt_oss_20b__vs__graded_tft__seed101,101,GPT-OSS-20B,Graded TFT,3,0.0,0.25,4,3,2.9803125
gpt_oss_20b__vs__graded_tft__seed101,101,GPT-OSS-20B,Graded TFT,4,0.0,0.0,4,4,0.0
gpt_oss_20b__vs__graded_tft__seed101,101,GPT-OSS-20B,Graded TFT,5,0.0,0.0,4,4,0.0
gpt_oss_20b__vs__graded_tft__seed101,101,GPT-OSS-20B,Graded TFT,6,0.0,0.0,4,4,0.0
gpt_oss_20b__vs__graded_tft__seed101,101,GPT-OSS-20B,Graded TFT,7,0.0,0.0,4,4,0.0
gpt_oss_20b__vs__graded_tft__seed101,101,GPT-OSS-20B,Graded TFT,8,0.0,0.0,4,4,0.0
gpt_oss_20b__vs__graded_tft__seed101,101,GPT-OSS-20B,Graded TFT,9,0.0,0.0,4,4,0.0
gpt_oss_20b__vs__graded_tft__seed101,101,GPT-OSS-20B,Graded TFT,10,0.0,0.0,4,4,0.0
gpt_oss_20b__vs__graded_tft__seed101,101,GPT-OSS-20B,Graded TFT,11,0.0,0.0,4,4,0.0
gpt_oss_20b__vs__graded_tft__seed101,101,GPT-OSS-20B,Graded TFT,12,0.0,0.0,4,4,0.0
gpt_oss_20b__vs__graded_tft__seed101,101,GPT-OSS-20B,Graded TFT,13,0.0,0.0,4,4,0.0
gpt_oss_20b__vs__graded_tft__seed101,101,GPT-OSS-20B,Graded TFT,14,0.0,0.0,4,4,0.0
gpt_oss_20b__vs__graded_tft__seed101,101,GPT-OSS-20B,Graded TFT,15,0.0,0.0,4,4,0.0
gpt_oss_20b__vs__graded_tft__seed101,101,GPT-OSS-20B,Graded TFT,16,0.0,0.0,4,4,0.0
gpt_oss_20b__vs__graded_tft__seed101,101,GPT-OSS-20B,Graded TFT,17,0.0,0.0,4,4,0.0
gpt_oss_20b__vs__graded_tft__seed101,101,GPT-OSS-20B,Graded TFT,18,0.0,0.0,4,4,0.0
gpt_oss_20b__vs__graded_tft__seed101,101,GPT-OSS-20B,Graded TFT,19,0.0,0.0,4,4,0.0
gpt_oss_20b__vs__graded_tft__seed101,101,GPT-OSS-20B,Graded TFT,20,0.0,0.0,4,4,0.0
gpt_oss_20b__vs__graded_tft__seed101,101,GPT-OSS-20B,Graded TFT,21,0.0,0.0,4,4,0.0
gpt_oss_20b__vs__graded_tft__seed101,101,GPT-OSS-20B,Graded TFT,22,0.0,0.0,4,4,0.0
gpt_oss_20b__vs__graded_tft__seed101,101,GPT-OSS-20B,Graded TFT,23,0.0,0.0,4,4,0.0
gpt_oss_20b__vs__graded_tft__seed101,101,GPT-OSS-20B,Graded TFT,24,0.0,0.0,4,4,0.0
gpt_oss_20b__vs__graded_tft__seed101,101,GPT-OSS-20B,Graded TFT,25,0.0,0.0,4,4,0.0
gpt_oss_20b__vs__graded_tft__seed101,101,GPT-OSS-20B,Graded TFT,26,0.0,0.0,4,4,0.0
gpt_oss_20b__vs__graded_tft__seed101,101,GPT-OSS-20B,Graded TFT,27,0.0,0.0,4,4,0.0
gpt_oss_20b__vs__graded_tft__seed101,101,GPT-OSS-20B,Graded TFT,28,0.0,0.0,4,4,0.0
gpt_oss_20b__vs__graded_tft__seed101,101,GPT-OSS-20B,Graded TFT,29,0.0,0.0,4,4,0.0
gpt_oss_20b__vs__graded_tft__seed101,101,GPT-OSS-20B,Graded TFT,30,0.0,0.0,4,4,0.0
gpt_oss_20b__vs__graded_tft__seed101,101,GPT-OSS-20B,Graded TFT,31,0.0,0.0,4,4,0.0
gpt_oss_20b__vs__graded_tft__seed101,101,GPT-OSS-20B,Graded TFT,32,0.0,0.0,4,4,0.0
gpt_oss_20b__vs__graded_tft__seed101,101,GPT-OSS-20B,Graded TFT,33,0.0,0.0,4,4,0.0
gpt_oss_20b__vs__graded_tft__seed101,101,GPT-OSS-20B,Graded TFT,34,0.0,0.0,4,4,0.0
gpt_oss_20b__vs__graded_tft__seed101,101,GPT-OSS-20B,Graded TFT,35,0.0,0.0,4,4,0.0
gpt_oss_20b__vs__graded_tft__seed101,101,GPT-OSS-20B,Graded TFT,36,0.0,0.0,4,4,0.0
gpt_oss_20b__vs__graded_tft__seed101,101,GPT-OSS-20B,Graded TFT,37,0.0,0.0,4,4,0.0
gpt_oss_20b__vs__graded_tft__seed101,101,GPT-OSS-20B,Graded TFT,38,0.0,0.0,4,4,0.0
gpt_oss_20b__vs__graded_tft__seed101,101,GPT-OSS-20B,Graded TFT,39,0.0,0.0,4,4,0.0
gpt_oss_20b__vs__graded_tft__seed101,101,GPT-OSS-20B,Graded TFT,40,0.0,0.0,4,4,0.0
gpt_oss_20b__vs__graded_tft__seed101,101,GPT-OSS-20B,Graded TFT,41,0.0,0.0,4,4,0.0
gpt_oss_20b__vs__graded_tft__seed101,101,GPT-OSS-20B,Graded TFT,42,0.0,0.0,4,4,0.0
gpt_oss_20b__vs__graded_tft__seed101,101,GPT-OSS-20B,Graded TFT,43,0.0,0.0,4,4,0.0
gpt_oss_20b__vs__graded_tft__seed101,101,GPT-OSS-20B,Graded TFT,44,0.0,0.0,4,4,0.0
gpt_oss_20b__vs__graded_tft__seed101,101,GPT-OSS-20B,Graded TFT,45,0.0,0.0,4,4,0.0
gpt_oss_20b__vs__graded_tft__seed101,101,GPT-OSS-20B,Graded TFT,46,0.0,0.0,4,4,0.0
gpt_oss_20b__vs__graded_tft__seed101,101,GPT-OSS-20B,Graded TFT,47,0.0,0.0,4,4,0.0
gpt_oss_20b__vs__graded_tft__seed101,101,GPT-OSS-20B,Graded TFT,48,0.0,0.0,4,4,0.0
gpt_oss_20b__vs__graded_tft__seed101,101,GPT-OSS-20B,Graded TFT,49,0.0,0.0,4,4,0.0
gpt_oss_20b__vs__graded_tft__seed101,101,GPT-OSS-20B,Graded TFT,50,0.0,0.0,4,4,0.0
gpt_oss_20b__vs__graded_tft__seed102,102,GPT-OSS-20B,Graded TFT,1,0.0,1.0,4,0,12.0
gpt_oss_20b__vs__graded_tft__seed102,102,GPT-OSS-20B,Graded TFT,2,0.0,0.5,4,2,5.99125
gpt_oss_20b__vs__graded_tft__seed102,102,GPT-OSS-20B,Graded TFT,3,0.0,0.25,4,3,2.9803125
gpt_oss_20b__vs__graded_tft__seed102,102,GPT-OSS-20B,Graded TFT,4,0.25,0.0,3,4,-2.0
gpt_oss_20b__vs__graded_tft__seed102,102,GPT-OSS-20B,Graded TFT,5,0.0,0.5,4,2,5.879322916666667
gpt_oss_20b__vs__graded_tft__seed102,102,GPT-OSS-20B,Graded TFT,6,0.0,0.25,4,3,2.9199739583333337
gpt_oss_20b__vs__graded_tft__seed102,102,GPT-OSS-20B,Graded TFT,7,0.0,0.0,4,4,0.0
gpt_oss_20b__vs__graded_tft__seed102,102,GPT-OSS-20B,Graded TFT,8,0.0,0.0,4,4,0.0
gpt_oss_20b__vs__graded_tft__seed102,102,GPT-OSS-20B,Graded TFT,9,0.0,0.0,4,4,0.0
gpt_oss_20b__vs__graded_tft__seed102,102,GPT-OSS-20B,Graded TFT,10,0.5,0.0,2,4,-4.0
gpt_oss_20b__vs__graded_tft__seed102,102,GPT-OSS-20B,Graded TFT,11,0.0,0.25,4,3,2.773229166666667
gpt_oss_20b__vs__graded_tft__seed102,102,GPT-OSS-20B,Graded TFT,12,0.0,0.0,4,4,0.0
gpt_oss_20b__vs__graded_tft__seed102,102,GPT-OSS-20B,Graded TFT,13,0.0,0.0,4,4,0.0
gpt_oss_20b__vs__graded_tft__seed102,102,GPT-OSS-20B,Graded TFT,14,0.0,0.0,4,4,0.0
gpt_oss_20b__vs__graded_tft__seed102,102,GPT-OSS-20B,Graded TFT,15,0.0,0.0,4,4,0.0
gpt_oss_20b__vs__graded_tft__seed102,102,GPT-OSS-20B,Graded TFT,16,0.0,0.0,4,4,0.0
gpt_oss_20b__vs__graded_tft__seed102,102,GPT-OSS-20B,Graded TFT,17,0.0,0.0,4,4,0.0
gpt_oss_20b__vs__graded_tft__seed102,102,GPT-OSS-20B,Graded TFT,18,0.0,0.0,4,4,0.0
gpt_oss_20b__vs__graded_tft__seed102,102,GPT-OSS-20B,Graded TFT,19,0.0,0.0,4,4,0.0
gpt_oss_20b__vs__graded_tft__seed102,102,GPT-OSS-20B,Graded TFT,20,0.0,0.0,4,4,0.0
gpt_oss_20b__vs__graded_tft__seed102,102,GPT-OSS-20B,Graded TFT,21,0.0,0.0,4,4,0.0
gpt_oss_20b__vs__graded_tft__seed102,102,GPT-OSS-20B,Graded TFT,22,0.0,0.0,4,4,0.0
gpt_oss_20b__vs__graded_tft__seed102,102,GPT-OSS-20B,Graded TFT,23,0.0,0.0,4,4,0.0
gpt_oss_20b__vs__graded_tft__seed102,102,GPT-OSS-20B,Graded TFT,24,0.0,0.0,4,4,0.0
gpt_oss_20b__vs__graded_tft__seed102,102,GPT-OSS-20B,Graded TFT,25,0.0,0.0,4,4,0.0
gpt_oss_20b__vs__graded_tft__seed102,102,GPT-OSS-20B,Graded TFT,26,0.0,0.0,4,4,0.0
gpt_oss_20b__vs__graded_tft__seed102,102,GPT-OSS-20B,Graded TFT,27,0.0,0.0,4,4,0.0
gpt_oss_20b__vs__graded_tft__seed102,102,GPT-OSS-20B,Graded TFT,28,0.0,0.0,4,4,0.0
gpt_oss_20b__vs__graded_tft__seed102,102,GPT-OSS-20B,Graded TFT,29,0.0,0.0,4,4,0.0
gpt_oss_20b__vs__graded_tft__seed102,102,GPT-OSS-20B,Graded TFT,30,0.0,0.0,4,4,0.0
gpt_oss_20b__vs__graded_tft__seed102,102,GPT-OSS-20B,Graded TFT,31,0.0,0.0,4,4,0.0
gpt_oss_20b__vs__graded_tft__seed102,102,GPT-OSS-20B,Graded TFT,32,0.0,0.0,4,4,0.0
gpt_oss_20b__vs__graded_tft__seed102,102,GPT-OSS-20B,Graded TFT,33,0.0,0.0,4,4,0.0
gpt_oss_20b__vs__graded_tft__seed102,102,GPT-OSS-20B,Graded TFT,34,0.0,0.0,4,4,0.0
gpt_oss_20b__vs__graded_tft__seed102,102,GPT-OSS-20B,Graded TFT,35,0.0,0.0,4,4,0.0
gpt_oss_20b__vs__graded_tft__seed102,102,GPT-OSS-20B,Graded TFT,36,0.0,0.0,4,4,0.0
gpt_oss_20b__vs__graded_tft__seed102,102,GPT-OSS-20B,Graded TFT,37,0.0,0.0,4,4,0.0
gpt_oss_20b__vs__graded_tft__seed102,102,GPT-OSS-20B,Graded TFT,38,0.0,0.0,4,4,0.0
gpt_oss_20b__vs__graded_tft__seed102,102,GPT-OSS-20B,Graded TFT,39,0.0,0.0,4,4,0.0
gpt_oss_20b__vs__graded_tft__seed102,102,GPT-OSS-20B,Graded TFT,40,0.0,0.0,4,4,0.0
gpt_oss_20b__vs__graded_tft__seed102,102,GPT-OSS-20B,Graded TFT,41,0.0,0.0,4,4,0.0
gpt_oss_20b__vs__graded_tft__seed102,102,GPT-OSS-20B,Graded TFT,42,0.0,0.0,4,4,0.0
gpt_oss_20b__vs__graded_tft__seed102,102,GPT-OSS-20B,Graded TFT,43,0.0,0.0,4,4,0.0
gpt_oss_20b__vs__graded_tft__seed102,102,GPT-OSS-20B,Graded TFT,44,0.0,0.0,4,4,0.0
gpt_oss_20b__vs__graded_tft__seed102,102,GPT-OSS-20B,Graded TFT,45,0.0,0.0,4,4,0.0
gpt_oss_20b__vs__graded_tft__seed102,102,GPT-OSS-20B,Graded TFT,46,0.0,0.0,4,4,0.0
gpt_oss_20b__vs__graded_tft__seed102,102,GPT-OSS-20B,Graded TFT,47,0.0,0.0,4,4,0.0
gpt_oss_20b__vs__graded_tft__seed102,102,GPT-OSS-20B,Graded TFT,48,0.0,0.0,4,4,0.0
gpt_oss_20b__vs__graded_tft__seed102,102,GPT-OSS-20B,Graded TFT,49,0.0,0.0,4,4,0.0
gpt_oss_20b__vs__graded_tft__seed102,102,GPT-OSS-20B,Graded TFT,50,0.0,0.0,4,4,0.0
gpt_oss_20b__vs__graded_tft__seed103,103,GPT-OSS-20B,Graded TFT,1,0.0,1.0,4,0,12.0
gpt_oss_20b__vs__graded_tft__seed103,103,GPT-OSS-20B,Graded TFT,2,0.0,0.5,4,2,5.99125
gpt_oss_20b__vs__graded_tft__seed103,103,GPT-OSS-20B,Graded TFT,3,0.0,0.25,4,3,2.9803125
gpt_oss_20b__vs__graded_tft__seed103,103,GPT-OSS-20B,Graded TFT,4,0.0,0.0,4,4,0.0
gpt_oss_20b__vs__graded_tft__seed103,103,GPT-OSS-20B,Graded TFT,5,0.0,0.0,4,4,0.0
gpt_oss_20b__vs__graded_tft__seed103,103,GPT-OSS-20B,Graded TFT,6,0.0,0.0,4,4,0.0
gpt_oss_20b__vs__graded_tft__seed103,103,GPT-OSS-20B,Graded TFT,7,0.0,0.0,4,4,0.0
gpt_oss_20b__vs__graded_tft__seed103,103,GPT-OSS-20B,Graded TFT,8,0.0,0.0,4,4,0.0
gpt_oss_20b__vs__graded_tft__seed103,103,GPT-OSS-20B,Graded TFT,9,0.0,0.5,4,2,5.580546875000001
gpt_oss_20b__vs__graded_tft__seed103,103,GPT-OSS-20B,Graded TFT,10,0.0,0.25,4,3,2.754453125000001
gpt_oss_20b__vs__graded_tft__seed103,103,GPT-OSS-20B,Graded TFT,11,0.0,0.0,4,4,0.0
gpt_oss_20b__vs__graded_tft__seed103,103,GPT-OSS-20B,Graded TFT,12,0.0,0.0,4,4,0.0
gpt_oss_20b__vs__graded_tft__seed103,103,GPT-OSS-20B,Graded TFT,13,0.0,0.0,4,4,0.0
gpt_oss_20b__vs__graded_tft__seed103,103,GPT-OSS-20B,Graded TFT,14,0.0,0.0,4,4,0.0
gpt_oss_20b__vs__graded_tft__seed103,103,GPT-OSS-20B,Graded TFT,15,0.0,0.0,4,4,0.0
gpt_oss_20b__vs__graded_tft__seed103,103,GPT-OSS-20B,Graded TFT,16,0.0,0.0,4,4,0.0
gpt_oss_20b__vs__graded_tft__seed103,103,GPT-OSS-20B,Graded TFT,17,0.0,0.0,4,4,0.0
gpt_oss_20b__vs__graded_tft__seed103,103,GPT-OSS-20B,Graded TFT,18,0.0,0.0,4,4,0.0
gpt_oss_20b__vs__graded_tft__seed103,103,GPT-OSS-20B,Graded TFT,19,0.0,0.0,4,4,0.0
gpt_oss_20b__vs__graded_tft__seed103,103,GPT-OSS-20B,Graded TFT,20,0.0,0.0,4,4,0.0
gpt_oss_20b__vs__graded_tft__seed103,103,GPT-OSS-20B,Graded TFT,21,0.0,0.0,4,4,0.0
gpt_oss_20b__vs__graded_tft__seed103,103,GPT-OSS-20B,Graded TFT,22,0.0,0.5,4,2,4.5
gpt_oss_20b__vs__graded_tft__seed103,103,GPT-OSS-20B,Graded TFT,23,0.0,0.25,4,3,2.25
gpt_oss_20b__vs__graded_tft__seed103,103,GPT-OSS-20B,Graded TFT,24,0.0,0.0,4,4,0.0
gpt_oss_20b__vs__graded_tft__seed103,103,GPT-OSS-20B,Graded TFT,25,0.0,0.0,4,4,0.0
gpt_oss_20b__vs__graded_tft__seed103,103,GPT-OSS-20B,Graded TFT,26,0.0,0.0,4,4,0.0
gpt_oss_20b__vs__graded_tft__seed103,103,GPT-OSS-20B,Graded TFT,27,0.0,0.0,4,4,0.0
gpt_oss_20b__vs__graded_tft__seed103,103,GPT-OSS-20B,Graded TFT,28,0.0,0.0,4,4,0.0
gpt_oss_20b__vs__graded_tft__seed103,103,GPT-OSS-20B,Graded TFT,29,0.0,0.0,4,4,0.0
gpt_oss_20b__vs__graded_tft__seed103,103,GPT-OSS-20B,Graded TFT,30,0.0,0.0,4,4,0.0
gpt_oss_20b__vs__graded_tft__seed103,103,GPT-OSS-20B,Graded TFT,31,0.0,0.0,4,4,0.0
gpt_oss_20b__vs__graded_tft__seed103,103,GPT-OSS-20B,Graded TFT,32,0.0,0.0,4,4,0.0
gpt_oss_20b__vs__graded_tft__seed103,103,GPT-OSS-20B,Graded TFT,33,0.0,0.0,4,4,0.0
gpt_oss_20b__vs__graded_tft__seed103,103,GPT-OSS-20B,Graded TFT,34,0.0,0.25,4,3,2.25
gpt_oss_20b__vs__graded_tft__seed103,103,GPT-OSS-20B,Graded TFT,35,0.0,0.0,4,4,0.0
gpt_oss_20b__vs__graded_tft__seed103,103,GPT-OSS-20B,Graded TFT,36,0.0,0.0,4,4,0.0
gpt_oss_20b__vs__graded_tft__seed103,103,GPT-OSS-20B,Graded TFT,37,0.0,0.0,4,4,0.0
gpt_oss_20b__vs__graded_tft__seed103,103,GPT-OSS-20B,Graded TFT,38,0.0,0.0,4,4,0.0
gpt_oss_20b__vs__graded_tft__seed103,103,GPT-OSS-20B,Graded TFT,39,0.0,0.0,4,4,0.0
gpt_oss_20b__vs__graded_tft__seed103,103,GPT-OSS-20B,Graded TFT,40,0.0,0.0,4,4,0.0
gpt_oss_20b__vs__graded_tft__seed103,103,GPT-OSS-20B,Graded TFT,41,0.0,0.0,4,4,0.0
gpt_oss_20b__vs__graded_tft__seed103,103,GPT-OSS-20B,Graded TFT,42,0.0,0.0,4,4,0.0
gpt_oss_20b__vs__graded_tft__seed103,103,GPT-OSS-20B,Graded TFT,43,0.0,0.0,4,4,0.0
gpt_oss_20b__vs__graded_tft__seed103,103,GPT-OSS-20B,Graded TFT,44,0.0,0.0,4,4,0.0
gpt_oss_20b__vs__graded_tft__seed103,103,GPT-OSS-20B,Graded TFT,45,0.0,0.0,4,4,0.0
gpt_oss_20b__vs__graded_tft__seed103,103,GPT-OSS-20B,Graded TFT,46,0.0,0.0,4,4,0.0
gpt_oss_20b__vs__graded_tft__seed103,103,GPT-OSS-20B,Graded TFT,47,0.0,0.0,4,4,0.0
gpt_oss_20b__vs__graded_tft__seed103,103,GPT-OSS-20B,Graded TFT,48,0.0,0.0,4,4,0.0
gpt_oss_20b__vs__graded_tft__seed103,103,GPT-OSS-20B,Graded TFT,49,0.0,0.0,4,4,0.0
gpt_oss_20b__vs__graded_tft__seed103,103,GPT-OSS-20B,Graded TFT,50,0.0,0.0,4,4,0.0
gpt_oss_20b__vs__graded_tft__seed104,104,GPT-OSS-20B,Graded TFT,1,0.0,1.0,4,0,12.0
gpt_oss_20b__vs__graded_tft__seed104,104,GPT-OSS-20B,Graded TFT,2,0.0,0.5,4,2,5.99125
gpt_oss_20b__vs__graded_tft__seed104,104,GPT-OSS-20B,Graded TFT,3,0.0,0.5,4,2,5.9715625
gpt_oss_20b__vs__graded_tft__seed104,104,GPT-OSS-20B,Graded TFT,4,0.0,0.5,4,2,5.948229166666667
gpt_oss_20b__vs__graded_tft__seed104,104,GPT-OSS-20B,Graded TFT,5,0.0,0.25,4,3,2.9588020833333335
gpt_oss_20b__vs__graded_tft__seed104,104,GPT-OSS-20B,Graded TFT,6,0.0,0.0,4,4,0.0
gpt_oss_20b__vs__graded_tft__seed104,104,GPT-OSS-20B,Graded TFT,7,0.0,0.0,4,4,0.0
gpt_oss_20b__vs__graded_tft__seed104,104,GPT-OSS-20B,Graded TFT,8,0.0,0.0,4,4,0.0
gpt_oss_20b__vs__graded_tft__seed104,104,GPT-OSS-20B,Graded TFT,9,0.0,0.0,4,4,0.0
gpt_oss_20b__vs__graded_tft__seed104,104,GPT-OSS-20B,Graded TFT,10,0.0,0.0,4,4,0.0
gpt_oss_20b__vs__graded_tft__seed104,104,GPT-OSS-20B,Graded TFT,11,0.0,0.0,4,4,0.0
gpt_oss_20b__vs__graded_tft__seed104,104,GPT-OSS-20B,Graded TFT,12,0.0,0.0,4,4,0.0
gpt_oss_20b__vs__graded_tft__seed104,104,GPT-OSS-20B,Graded TFT,13,0.0,0.0,4,4,0.0
gpt_oss_20b__vs__graded_tft__seed104,104,GPT-OSS-20B,Graded TFT,14,0.0,0.0,4,4,0.0
gpt_oss_20b__vs__graded_tft__seed104,104,GPT-OSS-20B,Graded TFT,15,0.0,0.0,4,4,0.0
gpt_oss_20b__vs__graded_tft__seed104,104,GPT-OSS-20B,Graded TFT,16,0.0,0.0,4,4,0.0
gpt_oss_20b__vs__graded_tft__seed104,104,GPT-OSS-20B,Graded TFT,17,0.0,0.0,4,4,0.0
gpt_oss_20b__vs__graded_tft__seed104,104,GPT-OSS-20B,Graded TFT,18,0.0,0.0,4,4,0.0
gpt_oss_20b__vs__graded_tft__seed104,104,GPT-OSS-20B,Graded TFT,19,0.0,0.0,4,4,0.0
gpt_oss_20b__vs__graded_tft__seed104,104,GPT-OSS-20B,Graded TFT,20,0.0,0.0,4,4,0.0
gpt_oss_20b__vs__graded_tft__seed104,104,GPT-OSS-20B,Graded TFT,21,0.0,0.0,4,4,0.0
gpt_oss_20b__vs__graded_tft__seed104,104,GPT-OSS-20B,Graded TFT,22,0.0,0.0,4,4,0.0
gpt_oss_20b__vs__graded_tft__seed104,104,GPT-OSS-20B,Graded TFT,23,0.0,0.25,4,3,2.25
gpt_oss_20b__vs__graded_tft__seed104,104,GPT-OSS-20B,Graded TFT,24,0.0,0.0,4,4,0.0
gpt_oss_20b__vs__graded_tft__seed104,104,GPT-OSS-20B,Graded TFT,25,0.0,0.0,4,4,0.0
gpt_oss_20b__vs__graded_tft__seed104,104,GPT-OSS-20B,Graded TFT,26,0.0,0.5,4,2,4.5
gpt_oss_20b__vs__graded_tft__seed104,104,GPT-OSS-20B,Graded TFT,27,0.0,0.25,4,3,2.25
gpt_oss_20b__vs__graded_tft__seed104,104,GPT-OSS-20B,Graded TFT,28,0.0,0.0,4,4,0.0
gpt_oss_20b__vs__graded_tft__seed104,104,GPT-OSS-20B,Graded TFT,29,0.0,0.0,4,4,0.0
gpt_oss_20b__vs__graded_tft__seed104,104,GPT-OSS-20B,Graded TFT,30,0.0,0.5,4,2,4.5
gpt_oss_20b__vs__graded_tft__seed104,104,GPT-OSS-20B,Graded TFT,31,0.0,0.25,4,3,2.25
gpt_oss_20b__vs__graded_tft__seed104,104,GPT-OSS-20B,Graded TFT,32,0.0,0.0,4,4,0.0
gpt_oss_20b__vs__graded_tft__seed104,104,GPT-OSS-20B,Graded TFT,33,0.0,0.0,4,4,0.0
gpt_oss_20b__vs__graded_tft__seed104,104,GPT-OSS-20B,Graded TFT,34,0.0,0.5,4,2,4.5
gpt_oss_20b__vs__graded_tft__seed104,104,GPT-OSS-20B,Graded TFT,35,0.0,0.25,4,3,2.25
gpt_oss_20b__vs__graded_tft__seed104,104,GPT-OSS-20B,Graded TFT,36,0.0,0.0,4,4,0.0
gpt_oss_20b__vs__graded_tft__seed104,104,GPT-OSS-20B,Graded TFT,37,0.0,0.0,4,4,0.0
gpt_oss_20b__vs__graded_tft__seed104,104,GPT-OSS-20B,Graded TFT,38,0.0,0.0,4,4,0.0
gpt_oss_20b__vs__graded_tft__seed104,104,GPT-OSS-20B,Graded TFT,39,0.0,0.0,4,4,0.0
gpt_oss_20b__vs__graded_tft__seed104,104,GPT-OSS-20B,Graded TFT,40,0.0,0.0,4,4,0.0
gpt_oss_20b__vs__graded_tft__seed104,104,GPT-OSS-20B,Graded TFT,41,0.0,0.5,4,2,4.5
gpt_oss_20b__vs__graded_tft__seed104,104,GPT-OSS-20B,Graded TFT,42,0.0,0.25,4,3,2.25
gpt_oss_20b__vs__graded_tft__seed104,104,GPT-OSS-20B,Graded TFT,43,0.0,0.0,4,4,0.0
gpt_oss_20b__vs__graded_tft__seed104,104,GPT-OSS-20B,Graded TFT,44,0.0,0.0,4,4,0.0
gpt_oss_20b__vs__graded_tft__seed104,104,GPT-OSS-20B,Graded TFT,45,0.0,0.0,4,4,0.0
gpt_oss_20b__vs__graded_tft__seed104,104,GPT-OSS-20B,Graded TFT,46,0.0,0.0,4,4,0.0
gpt_oss_20b__vs__graded_tft__seed104,104,GPT-OSS-20B,Graded TFT,47,0.0,0.0,4,4,0.0
gpt_oss_20b__vs__graded_tft__seed104,104,GPT-OSS-20B,Graded TFT,48,0.0,0.0,4,4,0.0
gpt_oss_20b__vs__graded_tft__seed104,104,GPT-OSS-20B,Graded TFT,49,0.0,0.0,4,4,0.0
gpt_oss_20b__vs__graded_tft__seed104,104,GPT-OSS-20B,Graded TFT,50,0.0,0.25,4,3,2.25
gpt_oss_20b__vs__graded_tft__seed105,105,GPT-OSS-20B,Graded TFT,1,0.0,1.0,4,0,12.0
gpt_oss_20b__vs__graded_tft__seed105,105,GPT-OSS-20B,Graded TFT,2,0.0,0.5,4,2,5.99125
gpt_oss_20b__vs__graded_tft__seed105,105,GPT-OSS-20B,Graded TFT,3,0.0,0.25,4,3,2.9803125
gpt_oss_20b__vs__graded_tft__seed105,105,GPT-OSS-20B,Graded TFT,4,0.0,0.0,4,4,0.0
gpt_oss_20b__vs__graded_tft__seed105,105,GPT-OSS-20B,Graded TFT,5,0.0,0.0,4,4,0.0
gpt_oss_20b__vs__graded_tft__seed105,105,GPT-OSS-20B,Graded TFT,6,0.0,0.0,4,4,0.0
gpt_oss_20b__vs__graded_tft__seed105,105,GPT-OSS-20B,Graded TFT,7,0.0,0.0,4,4,0.0
gpt_oss_20b__vs__graded_tft__seed105,105,GPT-OSS-20B,Graded TFT,8,0.0,0.0,4,4,0.0
gpt_oss_20b__vs__graded_tft__seed105,105,GPT-OSS-20B,Graded TFT,9,0.0,0.0,4,4,0.0
gpt_oss_20b__vs__graded_tft__seed105,105,GPT-OSS-20B,Graded TFT,10,0.0,0.0,4,4,0.0
gpt_oss_20b__vs__graded_tft__seed105,105,GPT-OSS-20B,Graded TFT,11,0.0,0.0,4,4,0.0
gpt_oss_20b__vs__graded_tft__seed105,105,GPT-OSS-20B,Graded TFT,12,0.0,0.0,4,4,0.0
gpt_oss_20b__vs__graded_tft__seed105,105,GPT-OSS-20B,Graded TFT,13,0.0,0.0,4,4,0.0
gpt_oss_20b__vs__graded_tft__seed105,105,GPT-OSS-20B,Graded TFT,14,0.0,0.0,4,4,0.0
gpt_oss_20b__vs__graded_tft__seed105,105,GPT-OSS-20B,Graded TFT,15,0.0,0.0,4,4,0.0
gpt_oss_20b__vs__graded_tft__seed105,105,GPT-OSS-20B,Graded TFT,16,0.0,0.0,4,4,0.0
gpt_oss_20b__vs__graded_tft__seed105,105,GPT-OSS-20B,Graded TFT,17,0.0,0.0,4,4,0.0
gpt_oss_20b__vs__graded_tft__seed105,105,GPT-OSS-20B,Graded TFT,18,0.0,0.0,4,4,0.0
gpt_oss_20b__vs__graded_tft__seed105,105,GPT-OSS-20B,Graded TFT,19,0.0,0.0,4,4,0.0
gpt_oss_20b__vs__graded_tft__seed105,105,GPT-OSS-20B,Graded TFT,20,0.0,0.0,4,4,0.0
gpt_oss_20b__vs__graded_tft__seed105,105,GPT-OSS-20B,Graded TFT,21,0.0,0.0,4,4,0.0
gpt_oss_20b__vs__graded_tft__seed105,105,GPT-OSS-20B,Graded TFT,22,0.0,0.0,4,4,0.0
gpt_oss_20b__vs__graded_tft__seed105,105,GPT-OSS-20B,Graded TFT,23,0.0,0.0,4,4,0.0
gpt_oss_20b__vs__graded_tft__seed105,105,GPT-OSS-20B,Graded TFT,24,0.0,0.0,4,4,0.0
gpt_oss_20b__vs__graded_tft__seed105,105,GPT-OSS-20B,Graded TFT,25,0.0,0.0,4,4,0.0
gpt_oss_20b__vs__graded_tft__seed105,105,GPT-OSS-20B,Graded TFT,26,0.0,0.0,4,4,0.0
gpt_oss_20b__vs__graded_tft__seed105,105,GPT-OSS-20B,Graded TFT,27,0.0,0.0,4,4,0.0
gpt_oss_20b__vs__graded_tft__seed105,105,GPT-OSS-20B,Graded TFT,28,0.0,0.0,4,4,0.0
gpt_oss_20b__vs__graded_tft__seed105,105,GPT-OSS-20B,Graded TFT,29,0.0,0.0,4,4,0.0
gpt_oss_20b__vs__graded_tft__seed105,105,GPT-OSS-20B,Graded TFT,30,0.0,0.0,4,4,0.0
gpt_oss_20b__vs__graded_tft__seed105,105,GPT-OSS-20B,Graded TFT,31,0.0,0.5,4,2,4.5
gpt_oss_20b__vs__graded_tft__seed105,105,GPT-OSS-20B,Graded TFT,32,0.0,0.25,4,3,2.25
gpt_oss_20b__vs__graded_tft__seed105,105,GPT-OSS-20B,Graded TFT,33,0.0,0.0,4,4,0.0
gpt_oss_20b__vs__graded_tft__seed105,105,GPT-OSS-20B,Graded TFT,34,0.0,0.0,4,4,0.0
gpt_oss_20b__vs__graded_tft__seed105,105,GPT-OSS-20B,Graded TFT,35,0.0,0.5,4,2,4.5
gpt_oss_20b__vs__graded_tft__seed105,105,GPT-OSS-20B,Graded TFT,36,0.0,0.25,4,3,2.25
gpt_oss_20b__vs__graded_tft__seed105,105,GPT-OSS-20B,Graded TFT,37,0.0,0.0,4,4,0.0
gpt_oss_20b__vs__graded_tft__seed105,105,GPT-OSS-20B,Graded TFT,38,0.0,0.0,4,4,0.0
gpt_oss_20b__vs__graded_tft__seed105,105,GPT-OSS-20B,Graded TFT,39,0.0,0.0,4,4,0.0
gpt_oss_20b__vs__graded_tft__seed105,105,GPT-OSS-20B,Graded TFT,40,0.0,0.0,4,4,0.0
gpt_oss_20b__vs__graded_tft__seed105,105,GPT-OSS-20B,Graded TFT,41,0.0,0.0,4,4,0.0
gpt_oss_20b__vs__graded_tft__seed105,105,GPT-OSS-20B,Graded TFT,42,0.0,0.0,4,4,0.0
gpt_oss_20b__vs__graded_tft__seed105,105,GPT-OSS-20B,Graded TFT,43,0.0,0.5,4,2,4.5
gpt_oss_20b__vs__graded_tft__seed105,105,GPT-OSS-20B,Graded TFT,44,0.0,0.25,4,3,2.25
gpt_oss_20b__vs__graded_tft__seed105,105,GPT-OSS-20B,Graded TFT,45,0.0,0.0,4,4,0.0
gpt_oss_20b__vs__graded_tft__seed105,105,GPT-OSS-20B,Graded TFT,46,0.0,0.0,4,4,0.0
gpt_oss_20b__vs__graded_tft__seed105,105,GPT-OSS-20B,Graded TFT,47,0.0,0.0,4,4,0.0
gpt_oss_20b__vs__graded_tft__seed105,105,GPT-OSS-20B,Graded TFT,48,0.0,0.0,4,4,0.0
gpt_oss_20b__vs__graded_tft__seed105,105,GPT-OSS-20B,Graded TFT,49,0.0,0.0,4,4,0.0
gpt_oss_20b__vs__graded_tft__seed105,105,GPT-OSS-20B,Graded TFT,50,0.0,0.5,4,2,4.5
gpt_oss_20b__vs__grim_trigger__seed101,101,GPT-OSS-20B,Grim Trigger,1,0.0,0.0,4,4,0.0
gpt_oss_20b__vs__grim_trigger__seed101,101,GPT-OSS-20B,Grim Trigger,2,0.0,0.0,4,4,0.0
gpt_oss_20b__vs__grim_trigger__seed101,101,GPT-OSS-20B,Grim Trigger,3,0.0,0.0,4,4,0.0
gpt_oss_20b__vs__grim_trigger__seed101,101,GPT-OSS-20B,Grim Trigger,4,0.0,0.0,4,4,0.0
gpt_oss_20b__vs__grim_trigger__seed101,101,GPT-OSS-20B,Grim Trigger,5,0.0,0.0,4,4,0.0
gpt_oss_20b__vs__grim_trigger__seed101,101,GPT-OSS-20B,Grim Trigger,6,0.0,0.0,4,4,0.0
gpt_oss_20b__vs__grim_trigger__seed101,101,GPT-OSS-20B,Grim Trigger,7,0.0,0.0,4,4,0.0
gpt_oss_20b__vs__grim_trigger__seed101,101,GPT-OSS-20B,Grim Trigger,8,0.0,0.0,4,4,0.0
gpt_oss_20b__vs__grim_trigger__seed101,101,GPT-OSS-20B,Grim Trigger,9,0.0,0.0,4,4,0.0
gpt_oss_20b__vs__grim_trigger__seed101,101,GPT-OSS-20B,Grim Trigger,10,0.0,0.0,4,4,0.0
gpt_oss_20b__vs__grim_trigger__seed101,101,GPT-OSS-20B,Grim Trigger,11,0.0,0.0,4,4,0.0
gpt_oss_20b__vs__grim_trigger__seed101,101,GPT-OSS-20B,Grim Trigger,12,0.0,0.0,4,4,0.0
gpt_oss_20b__vs__grim_trigger__seed101,101,GPT-OSS-20B,Grim Trigger,13,0.0,0.0,4,4,0.0
gpt_oss_20b__vs__grim_trigger__seed101,101,GPT-OSS-20B,Grim Trigger,14,0.0,0.0,4,4,0.0
gpt_oss_20b__vs__grim_trigger__seed101,101,GPT-OSS-20B,Grim Trigger,15,0.0,0.0,4,4,0.0
gpt_oss_20b__vs__grim_trigger__seed101,101,GPT-OSS-20B,Grim Trigger,16,0.0,0.0,4,4,0.0
gpt_oss_20b__vs__grim_trigger__seed101,101,GPT-OSS-20B,Grim Trigger,17,0.0,0.0,4,4,0.0
gpt_oss_20b__vs__grim_trigger__seed101,101,GPT-OSS-20B,Grim Trigger,18,0.0,0.0,4,4,0.0
gpt_oss_20b__vs__grim_trigger__seed101,101,GPT-OSS-20B,Grim Trigger,19,0.0,0.0,4,4,0.0
gpt_oss_20b__vs__grim_trigger__seed101,101,GPT-OSS-20B,Grim Trigger,20,0.0,0.0,4,4,0.0
gpt_oss_20b__vs__grim_trigger__seed101,101,GPT-OSS-20B,Grim Trigger,21,0.0,0.0,4,4,0.0
gpt_oss_20b__vs__grim_trigger__seed101,101,GPT-OSS-20B,Grim Trigger,22,0.0,0.0,4,4,0.0
gpt_oss_20b__vs__grim_trigger__seed101,101,GPT-OSS-20B,Grim Trigger,23,0.0,0.0,4,4,0.0
gpt_oss_20b__vs__grim_trigger__seed101,101,GPT-OSS-20B,Grim Trigger,24,0.0,0.0,4,4,0.0
gpt_oss_20b__vs__grim_trigger__seed101,101,GPT-OSS-20B,Grim Trigger,25,0.0,0.0,4,4,0.0
gpt_oss_20b__vs__grim_trigger__seed101,101,GPT-OSS-20B,Grim Trigger,26,0.0,0.0,4,4,0.0
gpt_oss_20b__vs__grim_trigger__seed101,101,GPT-OSS-20B,Grim Trigger,27,0.0,0.0,4,4,0.0
gpt_oss_20b__vs__grim_trigger__seed101,101,GPT-OSS-20B,Grim Trigger,28,0.0,0.0,4,4,0.0
gpt_oss_20b__vs__grim_trigger__seed101,101,GPT-OSS-20B,Grim Trigger,29,0.0,0.0,4,4,0.0
gpt_oss_20b__vs__grim_trigger__seed101,101,GPT-OSS-20B,Grim Trigger,30,0.0,0.0,4,4,0.0
gpt_oss_20b__vs__grim_trigger__seed101,101,GPT-OSS-20B,Grim Trigger,31,0.0,0.0,4,4,0.0
gpt_oss_20b__vs__grim_trigger__seed101,101,GPT-OSS-20B,Grim Trigger,32,0.0,0.0,4,4,0.0
gpt_oss_20b__vs__grim_trigger__seed101,101,GPT-OSS-20B,Grim Trigger,33,0.0,0.0,4,4,0.0
gpt_oss_20b__vs__grim_trigger__seed101,101,GPT-OSS-20B,Grim Trigger,34,0.0,0.0,4,4,0.0
gpt_oss_20b__vs__grim_trigger__seed101,101,GPT-OSS-20B,Grim Trigger,35,0.0,0.0,4,4,0.0
gpt_oss_20b__vs__grim_trigger__seed101,101,GPT-OSS-20B,Grim Trigger,36,0.0,0.0,4,4,0.0
gpt_oss_20b__vs__grim_trigger__seed101,101,GPT-OSS-20B,Grim Trigger,37,0.0,0.0,4,4,0.0
gpt_oss_20b__vs__grim_trigger__seed101,101,GPT-OSS-20B,Grim Trigger,38,0.0,0.0,4,4,0.0
gpt_oss_20b__vs__grim_trigger__seed101,101,GPT-OSS-20B,Grim Trigger,39,0.0,0.0,4,4,0.0
gpt_oss_20b__vs__grim_trigger__seed101,101,GPT-OSS-20B,Grim Trigger,40,0.0,0.0,4,4,0.0
gpt_oss_20b__vs__grim_trigger__seed101,101,GPT-OSS-20B,Grim Trigger,41,0.0,0.0,4,4,0.0
gpt_oss_20b__vs__grim_trigger__seed101,101,GPT-OSS-20B,Grim Trigger,42,0.0,0.0,4,4,0.0
gpt_oss_20b__vs__grim_trigger__seed101,101,GPT-OSS-20B,Grim Trigger,43,0.0,0.0,4,4,0.0
gpt_oss_20b__vs__grim_trigger__seed101,101,GPT-OSS-20B,Grim Trigger,44,0.0,0.0,4,4,0.0
gpt_oss_20b__vs__grim_trigger__seed101,101,GPT-OSS-20B,Grim Trigger,45,0.0,0.0,4,4,0.0
gpt_oss_20b__vs__grim_trigger__seed101,101,GPT-OSS-20B,Grim Trigger,46,0.0,0.0,4,4,0.0
gpt_oss_20b__vs__grim_trigger__seed101,101,GPT-OSS-20B,Grim Trigger,47,0.0,0.0,4,4,0.0
gpt_oss_20b__vs__grim_trigger__seed101,101,GPT-OSS-20B,Grim Trigger,48,0.0,0.0,4,4,0.0
gpt_oss_20b__vs__grim_trigger__seed101,101,GPT-OSS-20B,Grim Trigger,49,0.0,0.0,4,4,0.0
gpt_oss_20b__vs__grim_trigger__seed101,101,GPT-OSS-20B,Grim Trigger,50,0.0,0.0,4,4,0.0
gpt_oss_20b__vs__grim_trigger__seed102,102,GPT-OSS-20B,Grim Trigger,1,0.0,0.0,4,4,0.0
gpt_oss_20b__vs__grim_trigger__seed102,102,GPT-OSS-20B,Grim Trigger,2,0.0,0.0,4,4,0.0
gpt_oss_20b__vs__grim_trigger__seed102,102,GPT-OSS-20B,Grim Trigger,3,0.0,0.0,4,4,0.0
gpt_oss_20b__vs__grim_trigger__seed102,102,GPT-OSS-20B,Grim Trigger,4,0.0,0.0,4,4,0.0
gpt_oss_20b__vs__grim_trigger__seed102,102,GPT-OSS-20B,Grim Trigger,5,0.0,0.0,4,4,0.0
gpt_oss_20b__vs__grim_trigger__seed102,102,GPT-OSS-20B,Grim Trigger,6,0.0,0.0,4,4,0.0
gpt_oss_20b__vs__grim_trigger__seed102,102,GPT-OSS-20B,Grim Trigger,7,0.0,0.0,4,4,0.0
gpt_oss_20b__vs__grim_trigger__seed102,102,GPT-OSS-20B,Grim Trigger,8,0.0,0.0,4,4,0.0
gpt_oss_20b__vs__grim_trigger__seed102,102,GPT-OSS-20B,Grim Trigger,9,0.0,0.0,4,4,0.0
gpt_oss_20b__vs__grim_trigger__seed102,102,GPT-OSS-20B,Grim Trigger,10,0.0,0.0,4,4,0.0
gpt_oss_20b__vs__grim_trigger__seed102,102,GPT-OSS-20B,Grim Trigger,11,0.0,0.0,4,4,0.0
gpt_oss_20b__vs__grim_trigger__seed102,102,GPT-OSS-20B,Grim Trigger,12,0.0,0.0,4,4,0.0
gpt_oss_20b__vs__grim_trigger__seed102,102,GPT-OSS-20B,Grim Trigger,13,0.0,0.0,4,4,0.0
gpt_oss_20b__vs__grim_trigger__seed102,102,GPT-OSS-20B,Grim Trigger,14,0.0,0.0,4,4,0.0
gpt_oss_20b__vs__grim_trigger__seed102,102,GPT-OSS-20B,Grim Trigger,15,0.0,0.0,4,4,0.0
gpt_oss_20b__vs__grim_trigger__seed102,102,GPT-OSS-20B,Grim Trigger,16,0.0,0.0,4,4,0.0
gpt_oss_20b__vs__grim_trigger__seed102,102,GPT-OSS-20B,Grim Trigger,17,0.0,0.0,4,4,0.0
gpt_oss_20b__vs__grim_trigger__seed102,102,GPT-OSS-20B,Grim Trigger,18,0.0,0.0,4,4,0.0
gpt_oss_20b__vs__grim_trigger__seed102,102,GPT-OSS-20B,Grim Trigger,19,0.0,0.0,4,4,0.0
gpt_oss_20b__vs__grim_trigger__seed102,102,GPT-OSS-20B,Grim Trigger,20,0.0,0.0,4,4,0.0
gpt_oss_20b__vs__grim_trigger__seed102,102,GPT-OSS-20B,Grim Trigger,21,0.0,0.0,4,4,0.0
gpt_oss_20b__vs__grim_trigger__seed102,102,GPT-OSS-20B,Grim Trigger,22,0.0,0.0,4,4,0.0
gpt_oss_20b__vs__grim_trigger__seed102,102,GPT-OSS-20B,Grim Trigger,23,0.0,0.0,4,4,0.0
gpt_oss_20b__vs__grim_trigger__seed102,102,GPT-OSS-20B,Grim Trigger,24,0.0,0.0,4,4,0.0
gpt_oss_20b__vs__grim_trigger__seed102,102,GPT-OSS-20B,Grim Trigger,25,0.0,0.0,4,4,0.0
gpt_oss_20b__vs__grim_trigger__seed102,102,GPT-OSS-20B,Grim Trigger,26,0.0,0.0,4,4,0.0
gpt_oss_20b__vs__grim_trigger__seed102,102,GPT-OSS-20B,Grim Trigger,27,0.0,0.0,4,4,0.0
gpt_oss_20b__vs__grim_trigger__seed102,102,GPT-OSS-20B,Grim Trigger,28,0.0,0.0,4,4,0.0
gpt_oss_20b__vs__grim_trigger__seed102,102,GPT-OSS-20B,Grim Trigger,29,0.0,0.0,4,4,0.0
gpt_oss_20b__vs__grim_trigger__seed102,102,GPT-OSS-20B,Grim Trigger,30,0.0,0.0,4,4,0.0
gpt_oss_20b__vs__grim_trigger__seed102,102,GPT-OSS-20B,Grim Trigger,31,0.0,0.0,4,4,0.0
gpt_oss_20b__vs__grim_trigger__seed102,102,GPT-OSS-20B,Grim Trigger,32,0.0,0.0,4,4,0.0
gpt_oss_20b__vs__grim_trigger__seed102,102,GPT-OSS-20B,Grim Trigger,33,0.0,0.0,4,4,0.0
gpt_oss_20b__vs__grim_trigger__seed102,102,GPT-OSS-20B,Grim Trigger,34,0.0,0.0,4,4,0.0
gpt_oss_20b__vs__grim_trigger__seed102,102,GPT-OSS-20B,Grim Trigger,35,0.0,0.0,4,4,0.0
gpt_oss_20b__vs__grim_trigger__seed102,102,GPT-OSS-20B,Grim Trigger,36,0.0,0.0,4,4,0.0
gpt_oss_20b__vs__grim_trigger__seed102,102,GPT-OSS-20B,Grim Trigger,37,0.0,0.0,4,4,0.0
gpt_oss_20b__vs__grim_trigger__seed102,102,GPT-OSS-20B,Grim Trigger,38,0.0,0.0,4,4,0.0
gpt_oss_20b__vs__grim_trigger__seed102,102,GPT-OSS-20B,Grim Trigger,39,0.0,0.0,4,4,0.0
gpt_oss_20b__vs__grim_trigger__seed102,102,GPT-OSS-20B,Grim Trigger,40,0.0,0.0,4,4,0.0
gpt_oss_20b__vs__grim_trigger__seed102,102,GPT-OSS-20B,Grim Trigger,41,0.0,0.0,4,4,0.0
gpt_oss_20b__vs__grim_trigger__seed102,102,GPT-OSS-20B,Grim Trigger,42,0.0,0.0,4,4,0.0
gpt_oss_20b__vs__grim_trigger__seed102,102,GPT-OSS-20B,Grim Trigger,43,0.0,0.0,4,4,0.0
gpt_oss_20b__vs__grim_trigger__seed102,102,GPT-OSS-20B,Grim Trigger,44,0.0,0.0,4,4,0.0
gpt_oss_20b__vs__grim_trigger__seed102,102,GPT-OSS-20B,Grim Trigger,45,0.0,0.0,4,4,0.0
gpt_oss_20b__vs__grim_trigger__seed102,102,GPT-OSS-20B,Grim Trigger,46,0.0,0.0,4,4,0.0
gpt_oss_20b__vs__grim_trigger__seed102,102,GPT-OSS-20B,Grim Trigger,47,0.0,0.0,4,4,0.0
gpt_oss_20b__vs__grim_trigger__seed102,102,GPT-OSS-20B,Grim Trigger,48,0.0,0.0,4,4,0.0
gpt_oss_20b__vs__grim_trigger__seed102,102,GPT-OSS-20B,Grim Trigger,49,0.0,0.0,4,4,0.0
gpt_oss_20b__vs__grim_trigger__seed102,102,GPT-OSS-20B,Grim Trigger,50,0.0,0.0,4,4,0.0
gpt_oss_20b__vs__grim_trigger__seed103,103,GPT-OSS-20B,Grim Trigger,1,0.0,0.0,4,4,0.0
gpt_oss_20b__vs__grim_trigger__seed103,103,GPT-OSS-20B,Grim Trigger,2,0.0,0.0,4,4,0.0
gpt_oss_20b__vs__grim_trigger__seed103,103,GPT-OSS-20B,Grim Trigger,3,0.0,0.0,4,4,0.0
gpt_oss_20b__vs__grim_trigger__seed103,103,GPT-OSS-20B,Grim Trigger,4,0.0,0.0,4,4,0.0
gpt_oss_20b__vs__grim_trigger__seed103,103,GPT-OSS-20B,Grim Trigger,5,0.0,0.0,4,4,0.0
gpt_oss_20b__vs__grim_trigger__seed103,103,GPT-OSS-20B,Grim Trigger,6,0.0,0.0,4,4,0.0
gpt_oss_20b__vs__grim_trigger__seed103,103,GPT-OSS-20B,Grim Trigger,7,0.0,0.0,4,4,0.0
gpt_oss_20b__vs__grim_trigger__seed103,103,GPT-OSS-20B,Grim Trigger,8,0.0,0.0,4,4,0.0
gpt_oss_20b__vs__grim_trigger__seed103,103,GPT-OSS-20B,Grim Trigger,9,0.0,0.0,4,4,0.0
gpt_oss_20b__vs__grim_trigger__seed103,103,GPT-OSS-20B,Grim Trigger,10,0.0,0.0,4,4,0.0
gpt_oss_20b__vs__grim_trigger__seed103,103,GPT-OSS-20B,Grim Trigger,11,0.0,0.0,4,4,0.0
gpt_oss_20b__vs__grim_trigger__seed103,103,GPT-OSS-20B,Grim Trigger,12,0.0,0.0,4,4,0.0
gpt_oss_20b__vs__grim_trigger__seed103,103,GPT-OSS-20B,Grim Trigger,13,0.0,0.0,4,4,0.0
gpt_oss_20b__vs__grim_trigger__seed103,103,GPT-OSS-20B,Grim Trigger,14,0.0,0.0,4,4,0.0
gpt_oss_20b__vs__grim_trigger__seed103,103,GPT-OSS-20B,Grim Trigger,15,0.0,0.0,4,4,0.0
gpt_oss_20b__vs__grim_trigger__seed103,103,GPT-OSS-20B,Grim Trigger,16,0.0,0.0,4,4,0.0
gpt_oss_20b__vs__grim_trigger__seed103,103,GPT-OSS-20B,Grim Trigger,17,0.0,0.0,4,4,0.0
gpt_oss_20b__vs__grim_trigger__seed103,103,GPT-OSS-20B,Grim Trigger,18,0.0,0.0,4,4,0.0
gpt_oss_20b__vs__grim_trigger__seed103,103,GPT-OSS-20B,Grim Trigger,19,0.0,0.0,4,4,0.0
gpt_oss_20b__vs__grim_trigger__seed103,103,GPT-OSS-20B,Grim Trigger,20,0.0,0.0,4,4,0.0
gpt_oss_20b__vs__grim_trigger__seed103,103,GPT-OSS-20B,Grim Trigger,21,0.0,0.0,4,4,0.0
gpt_oss_20b__vs__grim_trigger__seed103,103,GPT-OSS-20B,Grim Trigger,22,0.0,0.0,4,4,0.0
gpt_oss_20b__vs__grim_trigger__seed103,103,GPT-OSS-20B,Grim Trigger,23,0.0,0.0,4,4,0.0
gpt_oss_20b__vs__grim_trigger__seed103,103,GPT-OSS-20B,Grim Trigger,24,0.0,0.0,4,4,0.0
gpt_oss_20b__vs__grim_trigger__seed103,103,GPT-OSS-20B,Grim Trigger,25,0.0,0.0,4,4,0.0
gpt_oss_20b__vs__grim_trigger__seed103,103,GPT-OSS-20B,Grim Trigger,26,0.0,0.0,4,4,0.0
gpt_oss_20b__vs__grim_trigger__seed103,103,GPT-OSS-20B,Grim Trigger,27,0.0,0.0,4,4,0.0
gpt_oss_20b__vs__grim_trigger__seed103,103,GPT-OSS-20B,Grim Trigger,28,0.0,0.0,4,4,0.0
gpt_oss_20b__vs__grim_trigger__seed103,103,GPT-OSS-20B,Grim Trigger,29,0.0,0.0,4,4,0.0
gpt_oss_20b__vs__grim_trigger__seed103,103,GPT-OSS-20B,Grim Trigger,30,0.0,0.0,4,4,0.0
gpt_oss_20b__vs__grim_trigger__seed103,103,GPT-OSS-20B,Grim Trigger,31,0.0,0.0,4,4,0.0
gpt_oss_20b__vs__grim_trigger__seed103,103,GPT-OSS-20B,Grim Trigger,32,0.0,0.0,4,4,0.0
gpt_oss_20b__vs__grim_trigger__seed103,103,GPT-OSS-20B,Grim Trigger,33,0.0,0.0,4,4,0.0
gpt_oss_20b__vs__grim_trigger__seed103,103,GPT-OSS-20B,Grim Trigger,34,0.0,0.0,4,4,0.0
gpt_oss_20b__vs__grim_trigger__seed103,103,GPT-OSS-20B,Grim Trigger,35,0.0,0.0,4,4,0.0
gpt_oss_20b__vs__grim_trigger__seed103,103,GPT-OSS-20B,Grim Trigger,36,0.0,0.0,4,4,0.0
gpt_oss_20b__vs__grim_trigger__seed103,103,GPT-OSS-20B,Grim Trigger,37,0.0,0.0,4,4,0.0
gpt_oss_20b__vs__grim_trigger__seed103,103,GPT-OSS-20B,Grim Trigger,38,0.0,0.0,4,4,0.0
gpt_oss_20b__vs__grim_trigger__seed103,103,GPT-OSS-20B,Grim Trigger,39,0.0,0.0,4,4,0.0
gpt_oss_20b__vs__grim_trigger__seed103,103,GPT-OSS-20B,Grim Trigger,40,0.0,0.0,4,4,0.0
gpt_oss_20b__vs__grim_trigger__seed103,103,GPT-OSS-20B,Grim Trigger,41,0.0,0.0,4,4,0.0
gpt_oss_20b__vs__grim_trigger__seed103,103,GPT-OSS-20B,Grim Trigger,42,0.0,0.0,4,4,0.0
gpt_oss_20b__vs__grim_trigger__seed103,103,GPT-OSS-20B,Grim Trigger,43,0.0,0.0,4,4,0.0
gpt_oss_20b__vs__grim_trigger__seed103,103,GPT-OSS-20B,Grim Trigger,44,0.0,0.0,4,4,0.0
gpt_oss_20b__vs__grim_trigger__seed103,103,GPT-OSS-20B,Grim Trigger,45,0.0,0.0,4,4,0.0
gpt_oss_20b__vs__grim_trigger__seed103,103,GPT-OSS-20B,Grim Trigger,46,0.0,0.0,4,4,0.0
gpt_oss_20b__vs__grim_trigger__seed103,103,GPT-OSS-20B,Grim Trigger,47,0.0,0.0,4,4,0.0
gpt_oss_20b__vs__grim_trigger__seed103,103,GPT-OSS-20B,Grim Trigger,48,0.0,0.0,4,4,0.0
gpt_oss_20b__vs__grim_trigger__seed103,103,GPT-OSS-20B,Grim Trigger,49,0.0,0.0,4,4,0.0
gpt_oss_20b__vs__grim_trigger__seed103,103,GPT-OSS-20B,Grim Trigger,50,0.0,0.0,4,4,0.0
gpt_oss_20b__vs__grim_trigger__seed104,104,GPT-OSS-20B,Grim Trigger,1,0.0,0.0,4,4,0.0
gpt_oss_20b__vs__grim_trigger__seed104,104,GPT-OSS-20B,Grim Trigger,2,0.0,0.0,4,4,0.0
gpt_oss_20b__vs__grim_trigger__seed104,104,GPT-OSS-20B,Grim Trigger,3,0.0,0.0,4,4,0.0
gpt_oss_20b__vs__grim_trigger__seed104,104,GPT-OSS-20B,Grim Trigger,4,0.0,0.0,4,4,0.0
gpt_oss_20b__vs__grim_trigger__seed104,104,GPT-OSS-20B,Grim Trigger,5,0.0,0.0,4,4,0.0
gpt_oss_20b__vs__grim_trigger__seed104,104,GPT-OSS-20B,Grim Trigger,6,0.0,0.0,4,4,0.0
gpt_oss_20b__vs__grim_trigger__seed104,104,GPT-OSS-20B,Grim Trigger,7,0.0,0.0,4,4,0.0
gpt_oss_20b__vs__grim_trigger__seed104,104,GPT-OSS-20B,Grim Trigger,8,0.0,0.0,4,4,0.0
gpt_oss_20b__vs__grim_trigger__seed104,104,GPT-OSS-20B,Grim Trigger,9,0.0,0.0,4,4,0.0
gpt_oss_20b__vs__grim_trigger__seed104,104,GPT-OSS-20B,Grim Trigger,10,0.0,0.0,4,4,0.0
gpt_oss_20b__vs__grim_trigger__seed104,104,GPT-OSS-20B,Grim Trigger,11,0.0,0.0,4,4,0.0
gpt_oss_20b__vs__grim_trigger__seed104,104,GPT-OSS-20B,Grim Trigger,12,0.0,0.0,4,4,0.0
gpt_oss_20b__vs__grim_trigger__seed104,104,GPT-OSS-20B,Grim Trigger,13,0.0,0.0,4,4,0.0
gpt_oss_20b__vs__grim_trigger__seed104,104,GPT-OSS-20B,Grim Trigger,14,0.0,0.0,4,4,0.0
gpt_oss_20b__vs__grim_trigger__seed104,104,GPT-OSS-20B,Grim Trigger,15,0.0,0.0,4,4,0.0
gpt_oss_20b__vs__grim_trigger__seed104,104,GPT-OSS-20B,Grim Trigger,16,0.0,0.0,4,4,0.0
gpt_oss_20b__vs__grim_trigger__seed104,104,GPT-OSS-20B,Grim Trigger,17,0.0,0.0,4,4,0.0
gpt_oss_20b__vs__grim_trigger__seed104,104,GPT-OSS-20B,Grim Trigger,18,0.0,0.0,4,4,0.0
gpt_oss_20b__vs__grim_trigger__seed104,104,GPT-OSS-20B,Grim Trigger,19,0.0,0.0,4,4,0.0
gpt_oss_20b__vs__grim_trigger__seed104,104,GPT-OSS-20B,Grim Trigger,20,0.0,0.0,4,4,0.0
gpt_oss_20b__vs__grim_trigger__seed104,104,GPT-OSS-20B,Grim Trigger,21,0.0,0.0,4,4,0.0
gpt_oss_20b__vs__grim_trigger__seed104,104,GPT-OSS-20B,Grim Trigger,22,0.0,0.0,4,4,0.0
gpt_oss_20b__vs__grim_trigger__seed104,104,GPT-OSS-20B,Grim Trigger,23,0.0,0.0,4,4,0.0
gpt_oss_20b__vs__grim_trigger__seed104,104,GPT-OSS-20B,Grim Trigger,24,0.0,0.0,4,4,0.0
gpt_oss_20b__vs__grim_trigger__seed104,104,GPT-OSS-20B,Grim Trigger,25,0.0,0.0,4,4,0.0
gpt_oss_20b__vs__grim_trigger__seed104,104,GPT-OSS-20B,Grim Trigger,26,0.0,0.0,4,4,0.0
gpt_oss_20b__vs__grim_trigger__seed104,104,GPT-OSS-20B,Grim Trigger,27,0.0,0.0,4,4,0.0
gpt_oss_20b__vs__grim_trigger__seed104,104,GPT-OSS-20B,Grim Trigger,28,0.0,0.0,4,4,0.0
gpt_oss_20b__vs__grim_trigger__seed104,104,GPT-OSS-20B,Grim Trigger,29,0.0,0.0,4,4,0.0
gpt_oss_20b__vs__grim_trigger__seed104,104,GPT-OSS-20B,Grim Trigger,30,0.0,0.0,4,4,0.0
gpt_oss_20b__vs__grim_trigger__seed104,104,GPT-OSS-20B,Grim Trigger,31,0.0,0.0,4,4,0.0
gpt_oss_20b__vs__grim_trigger__seed104,104,GPT-OSS-20B,Grim Trigger,32,0.0,0.0,4,4,0.0
gpt_oss_20b__vs__grim_trigger__seed104,104,GPT-OSS-20B,Grim Trigger,33,0.0,0.0,4,4,0.0
gpt_oss_20b__vs__grim_trigger__seed104,104,GPT-OSS-20B,Grim Trigger,34,0.0,0.0,4,4,0.0
gpt_oss_20b__vs__grim_trigger__seed104,104,GPT-OSS-20B,Grim Trigger,35,0.0,0.0,4,4,0.0
gpt_oss_20b__vs__grim_trigger__seed104,104,GPT-OSS-20B,Grim Trigger,36,0.0,0.0,4,4,0.0
gpt_oss_20b__vs__grim_trigger__seed104,104,GPT-OSS-20B,Grim Trigger,37,0.0,0.0,4,4,0.0
gpt_oss_20b__vs__grim_trigger__seed104,104,GPT-OSS-20B,Grim Trigger,38,0.0,0.0,4,4,0.0
gpt_oss_20b__vs__grim_trigger__seed104,104,GPT-OSS-20B,Grim Trigger,39,0.0,0.0,4,4,0.0
gpt_oss_20b__vs__grim_trigger__seed104,104,GPT-OSS-20B,Grim Trigger,40,0.0,0.0,4,4,0.0
gpt_oss_20b__vs__grim_trigger__seed104,104,GPT-OSS-20B,Grim Trigger,41,0.0,0.0,4,4,0.0
gpt_oss_20b__vs__grim_trigger__seed104,104,GPT-OSS-20B,Grim Trigger,42,0.0,0.0,4,4,0.0
gpt_oss_20b__vs__grim_trigger__seed104,104,GPT-OSS-20B,Grim Trigger,43,0.0,0.0,4,4,0.0
gpt_oss_20b__vs__grim_trigger__seed104,104,GPT-OSS-20B,Grim Trigger,44,0.0,0.0,4,4,0.0
gpt_oss_20b__vs__grim_trigger__seed104,104,GPT-OSS-20B,Grim Trigger,45,0.0,0.0,4,4,0.0
gpt_oss_20b__vs__grim_trigger__seed104,104,GPT-OSS-20B,Grim Trigger,46,0.0,0.0,4,4,0.0
gpt_oss_20b__vs__grim_trigger__seed104,104,GPT-OSS-20B,Grim Trigger,47,0.0,0.0,4,4,0.0
gpt_oss_20b__vs__grim_trigger__seed104,104,GPT-OSS-20B,Grim Trigger,48,0.0,0.0,4,4,0.0
gpt_oss_20b__vs__grim_trigger__seed104,104,GPT-OSS-20B,Grim Trigger,49,0.0,0.0,4,4,0.0
gpt_oss_20b__vs__grim_trigger__seed104,104,GPT-OSS-20B,Grim Trigger,50,0.0,0.0,4,4,0.0
gpt_oss_20b__vs__grim_trigger__seed105,105,GPT-OSS-20B,Grim Trigger,1,0.0,0.0,4,4,0.0
gpt_oss_20b__vs__grim_trigger__seed105,105,GPT-OSS-20B,Grim Trigger,2,0.0,0.0,4,4,0.0
gpt_oss_20b__vs__grim_trigger__seed105,105,GPT-OSS-20B,Grim Trigger,3,0.0,0.0,4,4,0.0
gpt_oss_20b__vs__grim_trigger__seed105,105,GPT-OSS-20B,Grim Trigger,4,0.0,0.0,4,4,0.0
gpt_oss_20b__vs__grim_trigger__seed105,105,GPT-OSS-20B,Grim Trigger,5,0.0,0.0,4,4,0.0
gpt_oss_20b__vs__grim_trigger__seed105,105,GPT-OSS-20B,Grim Trigger,6,0.0,0.0,4,4,0.0
gpt_oss_20b__vs__grim_trigger__seed105,105,GPT-OSS-20B,Grim Trigger,7,0.0,0.0,4,4,0.0
gpt_oss_20b__vs__grim_trigger__seed105,105,GPT-OSS-20B,Grim Trigger,8,0.0,0.0,4,4,0.0
gpt_oss_20b__vs__grim_trigger__seed105,105,GPT-OSS-20B,Grim Trigger,9,0.0,0.0,4,4,0.0
gpt_oss_20b__vs__grim_trigger__seed105,105,GPT-OSS-20B,Grim Trigger,10,0.0,0.0,4,4,0.0
gpt_oss_20b__vs__grim_trigger__seed105,105,GPT-OSS-20B,Grim Trigger,11,0.0,0.0,4,4,0.0
gpt_oss_20b__vs__grim_trigger__seed105,105,GPT-OSS-20B,Grim Trigger,12,0.0,0.0,4,4,0.0
gpt_oss_20b__vs__grim_trigger__seed105,105,GPT-OSS-20B,Grim Trigger,13,0.0,0.0,4,4,0.0
gpt_oss_20b__vs__grim_trigger__seed105,105,GPT-OSS-20B,Grim Trigger,14,0.0,0.0,4,4,0.0
gpt_oss_20b__vs__grim_trigger__seed105,105,GPT-OSS-20B,Grim Trigger,15,0.0,0.0,4,4,0.0
gpt_oss_20b__vs__grim_trigger__seed105,105,GPT-OSS-20B,Grim Trigger,16,0.0,0.0,4,4,0.0
gpt_oss_20b__vs__grim_trigger__seed105,105,GPT-OSS-20B,Grim Trigger,17,0.0,0.0,4,4,0.0
gpt_oss_20b__vs__grim_trigger__seed105,105,GPT-OSS-20B,Grim Trigger,18,0.0,0.0,4,4,0.0
gpt_oss_20b__vs__grim_trigger__seed105,105,GPT-OSS-20B,Grim Trigger,19,0.0,0.0,4,4,0.0
gpt_oss_20b__vs__grim_trigger__seed105,105,GPT-OSS-20B,Grim Trigger,20,0.0,0.0,4,4,0.0
gpt_oss_20b__vs__grim_trigger__seed105,105,GPT-OSS-20B,Grim Trigger,21,0.0,0.0,4,4,0.0
gpt_oss_20b__vs__grim_trigger__seed105,105,GPT-OSS-20B,Grim Trigger,22,0.0,0.0,4,4,0.0
gpt_oss_20b__vs__grim_trigger__seed105,105,GPT-OSS-20B,Grim Trigger,23,0.0,0.0,4,4,0.0
gpt_oss_20b__vs__grim_trigger__seed105,105,GPT-OSS-20B,Grim Trigger,24,0.0,0.0,4,4,0.0
gpt_oss_20b__vs__grim_trigger__seed105,105,GPT-OSS-20B,Grim Trigger,25,0.0,0.0,4,4,0.0
gpt_oss_20b__vs__grim_trigger__seed105,105,GPT-OSS-20B,Grim Trigger,26,0.0,0.0,4,4,0.0
gpt_oss_20b__vs__grim_trigger__seed105,105,GPT-OSS-20B,Grim Trigger,27,0.0,0.0,4,4,0.0
gpt_oss_20b__vs__grim_trigger__seed105,105,GPT-OSS-20B,Grim Trigger,28,0.0,0.0,4,4,0.0
gpt_oss_20b__vs__grim_trigger__seed105,105,GPT-OSS-20B,Grim Trigger,29,0.0,0.0,4,4,0.0
gpt_oss_20b__vs__grim_trigger__seed105,105,GPT-OSS-20B,Grim Trigger,30,0.0,0.0,4,4,0.0
gpt_oss_20b__vs__grim_trigger__seed105,105,GPT-OSS-20B,Grim Trigger,31,0.0,0.0,4,4,0.0
gpt_oss_20b__vs__grim_trigger__seed105,105,GPT-OSS-20B,Grim Trigger,32,0.0,0.0,4,4,0.0
gpt_oss_20b__vs__grim_trigger__seed105,105,GPT-OSS-20B,Grim Trigger,33,0.0,0.0,4,4,0.0
gpt_oss_20b__vs__grim_trigger__seed105,105,GPT-OSS-20B,Grim Trigger,34,0.0,0.0,4,4,0.0
gpt_oss_20b__vs__grim_trigger__seed105,105,GPT-OSS-20B,Grim Trigger,35,0.0,0.0,4,4,0.0
gpt_oss_20b__vs__grim_trigger__seed105,105,GPT-OSS-20B,Grim Trigger,36,0.0,0.0,4,4,0.0
gpt_oss_20b__vs__grim_trigger__seed105,105,GPT-OSS-20B,Grim Trigger,37,0.0,0.0,4,4,0.0
gpt_oss_20b__vs__grim_trigger__seed105,105,GPT-OSS-20B,Grim Trigger,38,0.0,0.0,4,4,0.0
gpt_oss_20b__vs__grim_trigger__seed105,105,GPT-OSS-20B,Grim Trigger,39,0.0,0.0,4,4,0.0
gpt_oss_20b__vs__grim_trigger__seed105,105,GPT-OSS-20B,Grim Trigger,40,0.0,0.0,4,4,0.0
gpt_oss_20b__vs__grim_trigger__seed105,105,GPT-OSS-20B,Grim Trigger,41,0.0,0.0,4,4,0.0
gpt_oss_20b__vs__grim_trigger__seed105,105,GPT-OSS-20B,Grim Trigger,42,0.0,0.0,4,4,0.0
gpt_oss_20b__vs__grim_trigger__seed105,105,GPT-OSS-20B,Grim Trigger,43,0.0,0.0,4,4,0.0
gpt_oss_20b__vs__grim_trigger__seed105,105,GPT-OSS-20B,Grim Trigger,44,0.0,0.0,4,4,0.0
gpt_oss_20b__vs__grim_trigger__seed105,105,GPT-OSS-20B,Grim Trigger,45,0.0,0.0,4,4,0.0
gpt_oss_20b__vs__grim_trigger__seed105,105,GPT-OSS-20B,Grim Trigger,46,0.0,0.0,4,4,0.0
gpt_oss_20b__vs__grim_trigger__seed105,105,GPT-OSS-20B,Grim Trigger,47,0.0,0.0,4,4,0.0
gpt_oss_20b__vs__grim_trigger__seed105,105,GPT-OSS-20B,Grim Trigger,48,0.0,0.0,4,4,0.0
gpt_oss_20b__vs__grim_trigger__seed105,105,GPT-OSS-20B,Grim Trigger,49,0.0,0.0,4,4,0.0
gpt_oss_20b__vs__grim_trigger__seed105,105,GPT-OSS-20B,Grim Trigger,50,0.0,0.0,4,4,0.0
gpt_oss_20b__vs__random_uniform__seed101,101,GPT-OSS-20B,Random,1,1.0,0.0,0,4,-8.0
gpt_oss_20b__vs__random_uniform__seed101,101,GPT-OSS-20B,Random,2,0.0,0.5,4,2,5.99125
gpt_oss_20b__vs__random_uniform__seed101,101,GPT-OSS-20B,Random,3,0.0,0.5,4,2,5.960625
gpt_oss_20b__vs__random_uniform__seed101,101,GPT-OSS-20B,Random,4,0.0,1.0,4,0,11.845416666666667
gpt_oss_20b__vs__random_uniform__seed101,101,GPT-OSS-20B,Random,5,0.0,1.0,4,0,11.784166666666668
gpt_oss_20b__vs__random_uniform__seed101,101,GPT-OSS-20B,Random,6,0.0,0.75,4,1,8.79875
gpt_oss_20b__vs__random_uniform__seed101,101,GPT-OSS-20B,Random,7,0.5,0.75,2,1,4.75828125
gpt_oss_20b__vs__random_uniform__seed101,101,GPT-OSS-20B,Random,8,0.0,0.5,4,2,6.173814124390227
gpt_oss_20b__vs__random_uniform__seed101,101,GPT-OSS-20B,Random,9,0.0,0.0,4,4,0.0
gpt_oss_20b__vs__random_uniform__seed101,101,GPT-OSS-20B,Random,10,0.0,0.75,4,1,8.634531249999998
gpt_oss_20b__vs__random_uniform__seed101,101,GPT-OSS-20B,Random,11,0.0,0.5,4,2,5.722994791666666
gpt_oss_20b__vs__random_uniform__seed101,101,GPT-OSS-20B,Random,12,0.0,0.0,4,4,0.0
gpt_oss_20b__vs__random_uniform__seed101,101,GPT-OSS-20B,Random,13,0.0,1.0,4,0,11.290677083333334
gpt_oss_20b__vs__random_uniform__seed101,101,GPT-OSS-20B,Random,14,0.0,0.5,4,2,5.601041666666667
gpt_oss_20b__vs__random_uniform__seed101,101,GPT-OSS-20B,Random,15,0.0,0.75,4,1,8.331015625000001
gpt_oss_20b__vs__random_uniform__seed101,101,GPT-OSS-20B,Random,16,0.0,1.0,4,0,11.003020833333334
gpt_oss_20b__vs__random_uniform__seed101,101,GPT-OSS-20B,Random,17,0.0,0.25,4,3,2.7272395833333336
gpt_oss_20b__vs__random_uniform__seed101,101,GPT-OSS-20B,Random,18,0.0,0.75,4,1,8.111171875
gpt_oss_20b__vs__random_uniform__seed101,101,GPT-OSS-20B,Random,19,0.0,0.5,4,2,5.3604166666666675
gpt_oss_20b__vs__random_uniform__seed101,101,GPT-OSS-20B,Random,20,0.0,0.5,4,2,5.313385416666668
gpt_oss_20b__vs__random_uniform__seed101,101,GPT-OSS-20B,Random,21,0.0,1.0,4,0,10.543645833333334
gpt_oss_20b__vs__random_uniform__seed101,101,GPT-OSS-20B,Random,22,0.0,0.0,4,4,0.0
gpt_oss_20b__vs__random_uniform__seed101,101,GPT-OSS-20B,Random,23,0.0,1.0,4,0,10.366458333333334
gpt_oss_20b__vs__random_uniform__seed101,101,GPT-OSS-20B,Random,24,0.0,0.0,4,4,0.0
gpt_oss_20b__vs__random_uniform__seed101,101,GPT-OSS-20B,Random,25,0.0,0.25,4,3,2.5418489583333335
gpt_oss_20b__vs__random_uniform__seed101,101,GPT-OSS-20B,Random,26,0.0,0.75,4,1,7.546796875
gpt_oss_20b__vs__random_uniform__seed101,101,GPT-OSS-20B,Random,27,0.0,1.0,4,0,9.957395833333333
gpt_oss_20b__vs__random_uniform__seed101,101,GPT-OSS-20B,Random,28,0.0,1.0,4,0,9.863333333333333
gpt_oss_20b__vs__random_uniform__seed101,101,GPT-OSS-20B,Random,29,0.0,1.0,4,0,9.780208333333333
gpt_oss_20b__vs__random_uniform__seed101,101,GPT-OSS-20B,Random,30,0.0,0.25,4,3,2.424270833333333
gpt_oss_20b__vs__random_uniform__seed101,101,GPT-OSS-20B,Random,31,0.0,1.0,4,0,9.619427083333331
gpt_oss_20b__vs__random_uniform__seed101,101,GPT-OSS-20B,Random,32,0.0,0.75,4,1,7.156328124999998
gpt_oss_20b__vs__random_uniform__seed101,101,GPT-OSS-20B,Random,33,0.0,1.0,4,0,9.480520833333332
gpt_oss_20b__vs__random_uniform__seed101,101,GPT-OSS-20B,Random,34,0.0,0.25,4,3,2.358919270833333
gpt_oss_20b__vs__random_uniform__seed101,101,GPT-OSS-20B,Random,35,0.0,0.25,4,3,2.3449739583333327
gpt_oss_20b__vs__random_uniform__seed101,101,GPT-OSS-20B,Random,36,0.0,0.25,4,3,2.3269270833333326
gpt_oss_20b__vs__random_uniform__seed101,101,GPT-OSS-20B,Random,37,0.0,0.5,4,2,4.609557291666666
gpt_oss_20b__vs__random_uniform__seed101,101,GPT-OSS-20B,Random,38,0.0,1.0,4,0,9.119583333333331
gpt_oss_20b__vs__random_uniform__seed101,101,GPT-OSS-20B,Random,39,0.0,1.0,4,0,9.03645833333333
gpt_oss_20b__vs__random_uniform__seed101,101,GPT-OSS-20B,Random,40,0.0,0.25,4,3,2.25
gpt_oss_20b__vs__random_uniform__seed101,101,GPT-OSS-20B,Random,41,0.0,1.0,4,0,9.0
gpt_oss_20b__vs__random_uniform__seed101,101,GPT-OSS-20B,Random,42,0.0,0.5,4,2,4.5
gpt_oss_20b__vs__random_uniform__seed101,101,GPT-OSS-20B,Random,43,0.0,0.0,4,4,0.0
gpt_oss_20b__vs__random_uniform__seed101,101,GPT-OSS-20B,Random,44,0.0,0.5,4,2,4.5
gpt_oss_20b__vs__random_uniform__seed101,101,GPT-OSS-20B,Random,45,0.0,0.75,4,1,6.75
gpt_oss_20b__vs__random_uniform__seed101,101,GPT-OSS-20B,Random,46,0.0,0.5,4,2,4.5
gpt_oss_20b__vs__random_uniform__seed101,101,GPT-OSS-20B,Random,47,0.0,0.75,4,1,6.75
gpt_oss_20b__vs__random_uniform__seed101,101,GPT-OSS-20B,Random,48,0.0,0.75,4,1,6.75
gpt_oss_20b__vs__random_uniform__seed101,101,GPT-OSS-20B,Random,49,0.0,0.25,4,3,2.25
gpt_oss_20b__vs__random_uniform__seed101,101,GPT-OSS-20B,Random,50,0.0,0.25,4,3,2.25
gpt_oss_20b__vs__random_uniform__seed102,102,GPT-OSS-20B,Random,1,0.0,0.75,4,1,9.0
gpt_oss_20b__vs__random_uniform__seed102,102,GPT-OSS-20B,Random,2,0.25,0.75,3,1,6.954062500000001
gpt_oss_20b__vs__random_uniform__seed102,102,GPT-OSS-20B,Random,3,0.0,0.75,4,1,8.924531250000001
gpt_oss_20b__vs__random_uniform__seed102,102,GPT-OSS-20B,Random,4,0.25,0.5,3,2,3.926354166666667
gpt_oss_20b__vs__random_uniform__seed102,102,GPT-OSS-20B,Random,5,0.0,0.75,4,1,8.860000000000001
gpt_oss_20b__vs__random_uniform__seed102,102,GPT-OSS-20B,Random,6,0.0,0.75,4,1,8.8271875
gpt_oss_20b__vs__random_uniform__seed102,102,GPT-OSS-20B,Random,7,0.0,1.0,4,0,11.722916666666668
gpt_oss_20b__vs__random_uniform__seed102,102,GPT-OSS-20B,Random,8,0.0,1.0,4,0,11.680416666666668
gpt_oss_20b__vs__random_uniform__seed102,102,GPT-OSS-20B,Random,9,0.0,0.0,4,4,0.0
gpt_oss_20b__vs__random_uniform__seed102,102,GPT-OSS-20B,Random,10,0.0,0.0,4,4,0.0
gpt_oss_20b__vs__random_uniform__seed102,102,GPT-OSS-20B,Random,11,0.0,1.0,4,0,11.507604166666667
gpt_oss_20b__vs__random_uniform__seed102,102,GPT-OSS-20B,Random,12,0.0,0.75,4,1,8.5765625
gpt_oss_20b__vs__random_uniform__seed102,102,GPT-OSS-20B,Random,13,0.0,0.75,4,1,8.5183203125
gpt_oss_20b__vs__random_uniform__seed102,102,GPT-OSS-20B,Random,14,0.0,0.25,4,3,2.8200260416666665
gpt_oss_20b__vs__random_uniform__seed102,102,GPT-OSS-20B,Random,15,0.0,0.0,4,4,0.0
gpt_oss_20b__vs__random_uniform__seed102,102,GPT-OSS-20B,Random,16,0.0,0.75,4,1,8.31078125
gpt_oss_20b__vs__random_uniform__seed102,102,GPT-OSS-20B,Random,17,0.0,0.0,4,4,0.0
gpt_oss_20b__vs__random_uniform__seed102,102,GPT-OSS-20B,Random,18,0.0,0.25,4,3,2.7122916666666668
gpt_oss_20b__vs__random_uniform__seed102,102,GPT-OSS-20B,Random,19,0.0,0.0,4,4,0.0
gpt_oss_20b__vs__random_uniform__seed102,102,GPT-OSS-20B,Random,20,0.0,0.75,4,1,7.954765624999999
gpt_oss_20b__vs__random_uniform__seed102,102,GPT-OSS-20B,Random,21,0.0,0.75,4,1,7.855507812499999
gpt_oss_20b__vs__random_uniform__seed102,102,GPT-OSS-20B,Random,22,0.0,0.5,4,2,5.1708333333333325
gpt_oss_20b__vs__random_uniform__seed102,102,GPT-OSS-20B,Random,23,0.0,0.0,4,4,0.0
gpt_oss_20b__vs__random_uniform__seed102,102,GPT-OSS-20B,Random,24,0.0,0.25,4,3,2.521979166666666
gpt_oss_20b__vs__random_uniform__seed102,102,GPT-OSS-20B,Random,25,0.0,1.0,4,0,9.950104166666664
gpt_oss_20b__vs__random_uniform__seed102,102,GPT-OSS-20B,Random,26,0.0,0.0,4,4,0.0
gpt_oss_20b__vs__random_uniform__seed102,102,GPT-OSS-20B,Random,27,0.0,0.75,4,1,7.284570312499999
gpt_oss_20b__vs__random_uniform__seed102,102,GPT-OSS-20B,Random,28,0.0,0.25,4,3,2.401940104166666
gpt_oss_20b__vs__random_uniform__seed102,102,GPT-OSS-20B,Random,29,0.0,0.25,4,3,2.3729557291666663
gpt_oss_20b__vs__random_uniform__seed102,102,GPT-OSS-20B,Random,30,0.0,0.25,4,3,2.3412369791666663
gpt_oss_20b__vs__random_uniform__seed102,102,GPT-OSS-20B,Random,31,0.0,0.75,4,1,6.9244531249999985
gpt_oss_20b__vs__random_uniform__seed102,102,GPT-OSS-20B,Random,32,0.0,0.25,4,3,2.2791666666666663
gpt_oss_20b__vs__random_uniform__seed102,102,GPT-OSS-20B,Random,33,0.0,0.0,4,4,0.0
gpt_oss_20b__vs__random_uniform__seed102,102,GPT-OSS-20B,Random,34,0.0,0.75,4,1,6.75
gpt_oss_20b__vs__random_uniform__seed102,102,GPT-OSS-20B,Random,35,0.0,1.0,4,0,9.0
gpt_oss_20b__vs__random_uniform__seed102,102,GPT-OSS-20B,Random,36,0.0,0.75,4,1,6.75
gpt_oss_20b__vs__random_uniform__seed102,102,GPT-OSS-20B,Random,37,0.0,0.0,4,4,0.0
gpt_oss_20b__vs__random_uniform__seed102,102,GPT-OSS-20B,Random,38,0.0,0.5,4,2,4.5
gpt_oss_20b__vs__random_uniform__seed102,102,GPT-OSS-20B,Random,39,0.0,1.0,4,0,9.0
gpt_oss_20b__vs__random_uniform__seed102,102,GPT-OSS-20B,Random,40,0.0,0.0,4,4,0.0
gpt_oss_20b__vs__random_uniform__seed102,102,GPT-OSS-20B,Random,41,0.0,0.0,4,4,0.0
gpt_oss_20b__vs__random_uniform__seed102,102,GPT-OSS-20B,Random,42,0.0,0.25,4,3,2.25
gpt_oss_20b__vs__random_uniform__seed102,102,GPT-OSS-20B,Random,43,0.0,0.0,4,4,0.0
gpt_oss_20b__vs__random_uniform__seed102,102,GPT-OSS-20B,Random,44,0.0,1.0,4,0,9.0
gpt_oss_20b__vs__random_uniform__seed102,102,GPT-OSS-20B,Random,45,0.0,1.0,4,0,9.0
gpt_oss_20b__vs__random_uniform__seed102,102,GPT-OSS-20B,Random,46,0.0,0.0,4,4,0.0
gpt_oss_20b__vs__random_uniform__seed102,102,GPT-OSS-20B,Random,47,0.0,0.25,4,3,2.25
gpt_oss_20b__vs__random_uniform__seed102,102,GPT-OSS-20B,Random,48,0.0,0.0,4,4,0.0
gpt_oss_20b__vs__random_uniform__seed102,102,GPT-OSS-20B,Random,49,0.0,0.5,4,2,4.5
gpt_oss_20b__vs__random_uniform__seed102,102,GPT-OSS-20B,Random,50,0.0,0.5,4,2,4.5
gpt_oss_20b__vs__random_uniform__seed103,103,GPT-OSS-20B,Random,1,1.0,1.0,0,0,4.0
gpt_oss_20b__vs__random_uniform__seed103,103,GPT-OSS-20B,Random,2,1.0,0.0,0,4,-8.0
gpt_oss_20b__vs__random_uniform__seed103,103,GPT-OSS-20B,Random,3,0.0,0.0,4,4,0.0
gpt_oss_20b__vs__random_uniform__seed103,103,GPT-OSS-20B,Random,4,0.0,0.5,4,2,6.105
gpt_oss_20b__vs__random_uniform__seed103,103,GPT-OSS-20B,Random,5,0.0,1.0,4,0,12.170625000000001
gpt_oss_20b__vs__random_uniform__seed103,103,GPT-OSS-20B,Random,6,0.0,0.0,4,4,0.0
gpt_oss_20b__vs__random_uniform__seed103,103,GPT-OSS-20B,Random,7,0.0,0.75,4,1,9.05578125
gpt_oss_20b__vs__random_uniform__seed103,103,GPT-OSS-20B,Random,8,0.0,1.0,4,0,12.013125000000002
gpt_oss_20b__vs__random_uniform__seed103,103,GPT-OSS-20B,Random,9,0.0,0.5,4,2,6.35635115411143
gpt_oss_20b__vs__random_uniform__seed103,103,GPT-OSS-20B,Random,10,1.0,1.0,0,0,3.912500000000003
gpt_oss_20b__vs__random_uniform__seed103,103,GPT-OSS-20B,Random,11,0.0,0.75,4,1,9.445731655240694
gpt_oss_20b__vs__random_uniform__seed103,103,GPT-OSS-20B,Random,12,0.0,0.25,4,3,2.9598046875000006
gpt_oss_20b__vs__random_uniform__seed103,103,GPT-OSS-20B,Random,13,0.0,0.75,4,1,8.853984375000003
gpt_oss_20b__vs__random_uniform__seed103,103,GPT-OSS-20B,Random,14,0.0,0.75,4,1,8.824453125000002
gpt_oss_20b__vs__random_uniform__seed103,103,GPT-OSS-20B,Random,15,0.0,0.25,4,3,2.9357421875000007
gpt_oss_20b__vs__random_uniform__seed103,103,GPT-OSS-20B,Random,16,1.0,0.75,0,1,0.781796875000003
gpt_oss_20b__vs__random_uniform__seed103,103,GPT-OSS-20B,Random,17,0.0,1.0,4,0,12.384218563292325
gpt_oss_20b__vs__random_uniform__seed103,103,GPT-OSS-20B,Random,18,0.0,0.0,4,4,0.0
gpt_oss_20b__vs__random_uniform__seed103,103,GPT-OSS-20B,Random,19,0.0,0.5,4,2,5.7845312500000015
gpt_oss_20b__vs__random_uniform__seed103,103,GPT-OSS-20B,Random,20,0.0,0.25,4,3,2.8728515625000006
gpt_oss_20b__vs__random_uniform__seed103,103,GPT-OSS-20B,Random,21,0.0,0.5,4,2,5.706875000000001
gpt_oss_20b__vs__random_uniform__seed103,103,GPT-OSS-20B,Random,22,0.0,0.25,4,3,3.0104515447501936
gpt_oss_20b__vs__random_uniform__seed103,103,GPT-OSS-20B,Random,23,0.0,0.75,4,1,8.452031250000001
gpt_oss_20b__vs__random_uniform__seed103,103,GPT-OSS-20B,Random,24,0.0,0.5,4,2,5.601328125000001
gpt_oss_20b__vs__random_uniform__seed103,103,GPT-OSS-20B,Random,25,0.0,0.25,4,3,2.7771484375000006
gpt_oss_20b__vs__random_uniform__seed103,103,GPT-OSS-20B,Random,26,0.0,0.0,4,4,0.0
gpt_oss_20b__vs__random_uniform__seed103,103,GPT-OSS-20B,Random,27,0.0,1.0,4,0,10.887656250000001
gpt_oss_20b__vs__random_uniform__seed103,103,GPT-OSS-20B,Random,28,0.0,0.0,4,4,0.0
gpt_oss_20b__vs__random_uniform__seed103,103,GPT-OSS-20B,Random,29,0.0,0.0,4,4,0.0
gpt_oss_20b__vs__random_uniform__seed103,103,GPT-OSS-20B,Random,30,0.0,0.5,4,2,5.278125
gpt_oss_20b__vs__random_uniform__seed103,103,GPT-OSS-20B,Random,31,0.0,0.0,4,4,0.0
gpt_oss_20b__vs__random_uniform__seed103,103,GPT-OSS-20B,Random,32,0.0,0.5,4,2,5.148515625
gpt_oss_20b__vs__random_uniform__seed103,103,GPT-OSS-20B,Random,33,0.0,0.5,4,2,5.0796093749999995
gpt_oss_20b__vs__random_uniform__seed103,103,GPT-OSS-20B,Random,34,0.0,0.25,4,3,2.509453125
gpt_oss_20b__vs__random_uniform__seed103,103,GPT-OSS-20B,Random,35,0.0,0.5,4,2,4.9609375
gpt_oss_20b__vs__random_uniform__seed103,103,GPT-OSS-20B,Random,36,0.0,0.5,4,2,4.8975
gpt_oss_20b__vs__random_uniform__seed103,103,GPT-OSS-20B,Random,37,0.0,0.0,4,4,0.0
gpt_oss_20b__vs__random_uniform__seed103,103,GPT-OSS-20B,Random,38,0.0,0.25,4,3,2.3894140625
gpt_oss_20b__vs__random_uniform__seed103,103,GPT-OSS-20B,Random,39,0.0,0.0,4,4,0.0
gpt_oss_20b__vs__random_uniform__seed103,103,GPT-OSS-20B,Random,40,0.0,1.0,4,0,9.30390625
gpt_oss_20b__vs__random_uniform__seed103,103,GPT-OSS-20B,Random,41,0.0,0.0,4,4,0.0
gpt_oss_20b__vs__random_uniform__seed103,103,GPT-OSS-20B,Random,42,0.0,0.5,4,2,4.525078125
gpt_oss_20b__vs__random_uniform__seed103,103,GPT-OSS-20B,Random,43,0.0,0.75,4,1,6.75
gpt_oss_20b__vs__random_uniform__seed103,103,GPT-OSS-20B,Random,44,0.0,0.0,4,4,0.0
gpt_oss_20b__vs__random_uniform__seed103,103,GPT-OSS-20B,Random,45,0.0,1.0,4,0,9.0
gpt_oss_20b__vs__random_uniform__seed103,103,GPT-OSS-20B,Random,46,0.0,0.75,4,1,7.163300242806258
gpt_oss_20b__vs__random_uniform__seed103,103,GPT-OSS-20B,Random,47,0.0,0.5,4,2,4.5
gpt_oss_20b__vs__random_uniform__seed103,103,GPT-OSS-20B,Random,48,0.0,0.0,4,4,0.0
gpt_oss_20b__vs__random_uniform__seed103,103,GPT-OSS-20B,Random,49,0.0,0.25,4,3,2.25
gpt_oss_20b__vs__random_uniform__seed103,103,GPT-OSS-20B,Random,50,0.0,1.0,4,0,9.0
gpt_oss_20b__vs__random_uniform__seed104,104,GPT-OSS-20B,Random,1,0.0,0.75,4,1,9.0
gpt_oss_20b__vs__random_uniform__seed104,104,GPT-OSS-20B,Random,2,0.0,0.75,4,1,8.954062500000001
gpt_oss_20b__vs__random_uniform__seed104,104,GPT-OSS-20B,Random,3,0.0,1.0,4,0,11.855625
gpt_oss_20b__vs__random_uniform__seed104,104,GPT-OSS-20B,Random,4,0.0,0.25,4,3,2.9413020833333334
gpt_oss_20b__vs__random_uniform__seed104,104,GPT-OSS-20B,Random,5,0.0,1.0,4,0,11.660208333333333
gpt_oss_20b__vs__random_uniform__seed104,104,GPT-OSS-20B,Random,6,0.0,0.75,4,1,8.67953125
gpt_oss_20b__vs__random_uniform__seed104,104,GPT-OSS-20B,Random,7,0.0,0.75,4,1,8.6171875
gpt_oss_20b__vs__random_uniform__seed104,104,GPT-OSS-20B,Random,8,0.0,1.0,4,0,11.409583333333332
gpt_oss_20b__vs__random_uniform__seed104,104,GPT-OSS-20B,Random,9,0.0,0.25,4,3,2.834348958333333
gpt_oss_20b__vs__random_uniform__seed104,104,GPT-OSS-20B,Random,10,0.0,0.0,4,4,0.0
gpt_oss_20b__vs__random_uniform__seed104,104,GPT-OSS-20B,Random,11,0.0,0.0,4,4,0.0
gpt_oss_20b__vs__random_uniform__seed104,104,GPT-OSS-20B,Random,12,0.0,0.75,4,1,8.299609375
gpt_oss_20b__vs__random_uniform__seed104,104,GPT-OSS-20B,Random,13,0.0,0.0,4,4,0.0
gpt_oss_20b__vs__random_uniform__seed104,104,GPT-OSS-20B,Random,14,0.0,0.0,4,4,0.0
gpt_oss_20b__vs__random_uniform__seed104,104,GPT-OSS-20B,Random,15,0.0,0.0,4,4,0.0
gpt_oss_20b__vs__random_uniform__seed104,104,GPT-OSS-20B,Random,16,0.0,0.75,4,1,7.947695312499999
gpt_oss_20b__vs__random_uniform__seed104,104,GPT-OSS-20B,Random,17,0.0,0.5,4,2,5.224088541666666
gpt_oss_20b__vs__random_uniform__seed104,104,GPT-OSS-20B,Random,18,0.0,0.75,4,1,7.728671875
gpt_oss_20b__vs__random_uniform__seed104,104,GPT-OSS-20B,Random,19,0.0,0.75,4,1,7.633515624999999
gpt_oss_20b__vs__random_uniform__seed104,104,GPT-OSS-20B,Random,20,0.0,1.0,4,0,10.067552083333332
gpt_oss_20b__vs__random_uniform__seed104,104,GPT-OSS-20B,Random,21,0.0,0.75,4,1,7.471914062499999
gpt_oss_20b__vs__random_uniform__seed104,104,GPT-OSS-20B,Random,22,0.0,0.0,4,4,0.0
gpt_oss_20b__vs__random_uniform__seed104,104,GPT-OSS-20B,Random,23,0.0,0.5,4,2,4.898151041666666
gpt_oss_20b__vs__random_uniform__seed104,104,GPT-OSS-20B,Random,24,0.0,0.25,4,3,2.432395833333333
gpt_oss_20b__vs__random_uniform__seed104,104,GPT-OSS-20B,Random,25,0.0,1.0,4,0,9.651927083333332
gpt_oss_20b__vs__random_uniform__seed104,104,GPT-OSS-20B,Random,26,0.0,0.0,4,4,0.0
gpt_oss_20b__vs__random_uniform__seed104,104,GPT-OSS-20B,Random,27,0.0,0.5,4,2,4.764713541666666
gpt_oss_20b__vs__random_uniform__seed104,104,GPT-OSS-20B,Random,28,0.0,0.25,4,3,2.3629427083333328
gpt_oss_20b__vs__random_uniform__seed104,104,GPT-OSS-20B,Random,29,0.0,1.0,4,0,9.357708333333331
gpt_oss_20b__vs__random_uniform__seed104,104,GPT-OSS-20B,Random,30,0.0,0.25,4,3,2.315911458333333
gpt_oss_20b__vs__random_uniform__seed104,104,GPT-OSS-20B,Random,31,0.0,0.75,4,1,6.873085937499999
gpt_oss_20b__vs__random_uniform__seed104,104,GPT-OSS-20B,Random,32,0.0,0.25,4,3,2.267513020833333
gpt_oss_20b__vs__random_uniform__seed104,104,GPT-OSS-20B,Random,33,0.0,0.75,4,1,6.75
gpt_oss_20b__vs__random_uniform__seed104,104,GPT-OSS-20B,Random,34,0.0,0.25,4,3,2.25
gpt_oss_20b__vs__random_uniform__seed104,104,GPT-OSS-20B,Random,35,0.0,0.75,4,1,6.75
gpt_oss_20b__vs__random_uniform__seed104,104,GPT-OSS-20B,Random,36,0.0,0.0,4,4,0.0
gpt_oss_20b__vs__random_uniform__seed104,104,GPT-OSS-20B,Random,37,0.0,0.5,4,2,4.5
gpt_oss_20b__vs__random_uniform__seed104,104,GPT-OSS-20B,Random,38,0.0,0.0,4,4,0.0
gpt_oss_20b__vs__random_uniform__seed104,104,GPT-OSS-20B,Random,39,0.0,0.25,4,3,2.25
gpt_oss_20b__vs__random_uniform__seed104,104,GPT-OSS-20B,Random,40,0.0,0.25,4,3,2.25
gpt_oss_20b__vs__random_uniform__seed104,104,GPT-OSS-20B,Random,41,0.0,0.25,4,3,2.25
gpt_oss_20b__vs__random_uniform__seed104,104,GPT-OSS-20B,Random,42,0.0,0.25,4,3,2.25
gpt_oss_20b__vs__random_uniform__seed104,104,GPT-OSS-20B,Random,43,0.0,0.0,4,4,0.0
gpt_oss_20b__vs__random_uniform__seed104,104,GPT-OSS-20B,Random,44,0.0,0.0,4,4,0.0
gpt_oss_20b__vs__random_uniform__seed104,104,GPT-OSS-20B,Random,45,0.0,0.0,4,4,0.0
gpt_oss_20b__vs__random_uniform__seed104,104,GPT-OSS-20B,Random,46,0.0,1.0,4,0,9.0
gpt_oss_20b__vs__random_uniform__seed104,104,GPT-OSS-20B,Random,47,0.0,0.25,4,3,2.25
gpt_oss_20b__vs__random_uniform__seed104,104,GPT-OSS-20B,Random,48,0.0,0.5,4,2,4.5
gpt_oss_20b__vs__random_uniform__seed104,104,GPT-OSS-20B,Random,49,0.0,0.0,4,4,0.0
gpt_oss_20b__vs__random_uniform__seed104,104,GPT-OSS-20B,Random,50,0.0,0.75,4,1,6.75
gpt_oss_20b__vs__random_uniform__seed105,105,GPT-OSS-20B,Random,1,0.0,0.25,4,3,3.0
gpt_oss_20b__vs__random_uniform__seed105,105,GPT-OSS-20B,Random,2,0.25,0.25,3,3,0.9628125000000001
gpt_oss_20b__vs__random_uniform__seed105,105,GPT-OSS-20B,Random,3,0.0,0.0,4,4,0.0
gpt_oss_20b__vs__random_uniform__seed105,105,GPT-OSS-20B,Random,4,0.0,1.0,4,0,11.575625
gpt_oss_20b__vs__random_uniform__seed105,105,GPT-OSS-20B,Random,5,0.0,0.0,4,4,0.0
gpt_oss_20b__vs__random_uniform__seed105,105,GPT-OSS-20B,Random,6,0.0,1.0,4,0,11.328437500000001
gpt_oss_20b__vs__random_uniform__seed105,105,GPT-OSS-20B,Random,7,0.0,0.25,4,3,2.8040364583333335
gpt_oss_20b__vs__random_uniform__seed105,105,GPT-OSS-20B,Random,8,0.0,0.75,4,1,8.323984375
gpt_oss_20b__vs__random_uniform__seed105,105,GPT-OSS-20B,Random,9,0.0,0.5,4,2,5.494088541666667
gpt_oss_20b__vs__random_uniform__seed105,105,GPT-OSS-20B,Random,10,0.0,0.5,4,2,5.4415885416666665
gpt_oss_20b__vs__random_uniform__seed105,105,GPT-OSS-20B,Random,11,0.0,0.5,4,2,5.389088541666666
gpt_oss_20b__vs__random_uniform__seed105,105,GPT-OSS-20B,Random,12,0.0,1.0,4,0,10.684114583333333
gpt_oss_20b__vs__random_uniform__seed105,105,GPT-OSS-20B,Random,13,0.0,0.25,4,3,2.6475130208333333
gpt_oss_20b__vs__random_uniform__seed105,105,GPT-OSS-20B,Random,14,0.0,0.5,4,2,5.250729166666667
gpt_oss_20b__vs__random_uniform__seed105,105,GPT-OSS-20B,Random,15,0.0,0.5,4,2,5.200963541666667
gpt_oss_20b__vs__random_uniform__seed105,105,GPT-OSS-20B,Random,16,0.0,0.5,4,2,5.153932291666667
gpt_oss_20b__vs__random_uniform__seed105,105,GPT-OSS-20B,Random,17,0.0,0.5,4,2,5.104166666666667
gpt_oss_20b__vs__random_uniform__seed105,105,GPT-OSS-20B,Random,18,0.0,0.75,4,1,7.5816015625
gpt_oss_20b__vs__random_uniform__seed105,105,GPT-OSS-20B,Random,19,0.0,0.0,4,4,0.0
gpt_oss_20b__vs__random_uniform__seed105,105,GPT-OSS-20B,Random,20,0.0,0.5,4,2,4.954869791666667
gpt_oss_20b__vs__random_uniform__seed105,105,GPT-OSS-20B,Random,21,0.0,0.0,4,4,0.0
gpt_oss_20b__vs__random_uniform__seed105,105,GPT-OSS-20B,Random,22,0.0,0.5,4,2,4.836197916666667
gpt_oss_20b__vs__random_uniform__seed105,105,GPT-OSS-20B,Random,23,0.0,1.0,4,0,9.550989583333335
gpt_oss_20b__vs__random_uniform__seed105,105,GPT-OSS-20B,Random,24,0.0,0.0,4,4,0.0
gpt_oss_20b__vs__random_uniform__seed105,105,GPT-OSS-20B,Random,25,0.0,0.0,4,4,0.0
gpt_oss_20b__vs__random_uniform__seed105,105,GPT-OSS-20B,Random,26,0.0,0.25,4,3,2.2966927083333335
gpt_oss_20b__vs__random_uniform__seed105,105,GPT-OSS-20B,Random,27,0.0,0.5,4,2,4.521744791666667
gpt_oss_20b__vs__random_uniform__seed105,105,GPT-OSS-20B,Random,28,0.0,0.5,4,2,4.5
gpt_oss_20b__vs__random_uniform__seed105,105,GPT-OSS-20B,Random,29,0.0,0.75,4,1,6.75
gpt_oss_20b__vs__random_uniform__seed105,105,GPT-OSS-20B,Random,30,0.0,0.25,4,3,2.25
gpt_oss_20b__vs__random_uniform__seed105,105,GPT-OSS-20B,Random,31,0.0,0.25,4,3,2.25
gpt_oss_20b__vs__random_uniform__seed105,105,GPT-OSS-20B,Random,32,0.0,0.5,4,2,4.5
gpt_oss_20b__vs__random_uniform__seed105,105,GPT-OSS-20B,Random,33,0.0,0.25,4,3,2.25
gpt_oss_20b__vs__random_uniform__seed105,105,GPT-OSS-20B,Random,34,0.0,0.75,4,1,6.75
gpt_oss_20b__vs__random_uniform__seed105,105,GPT-OSS-20B,Random,35,0.0,0.75,4,1,6.75
gpt_oss_20b__vs__random_uniform__seed105,105,GPT-OSS-20B,Random,36,0.0,0.75,4,1,6.75
gpt_oss_20b__vs__random_uniform__seed105,105,GPT-OSS-20B,Random,37,0.0,0.75,4,1,6.75
gpt_oss_20b__vs__random_uniform__seed105,105,GPT-OSS-20B,Random,38,0.0,1.0,4,0,9.0
gpt_oss_20b__vs__random_uniform__seed105,105,GPT-OSS-20B,Random,39,0.0,0.0,4,4,0.0
gpt_oss_20b__vs__random_uniform__seed105,105,GPT-OSS-20B,Random,40,0.0,0.5,4,2,4.5
gpt_oss_20b__vs__random_uniform__seed105,105,GPT-OSS-20B,Random,41,0.0,0.75,4,1,6.75
gpt_oss_20b__vs__random_uniform__seed105,105,GPT-OSS-20B,Random,42,0.0,0.25,4,3,2.25
gpt_oss_20b__vs__random_uniform__seed105,105,GPT-OSS-20B,Random,43,0.0,0.75,4,1,6.75
gpt_oss_20b__vs__random_uniform__seed105,105,GPT-OSS-20B,Random,44,0.0,0.5,4,2,4.5
gpt_oss_20b__vs__random_uniform__seed105,105,GPT-OSS-20B,Random,45,0.0,0.25,4,3,2.25
gpt_oss_20b__vs__random_uniform__seed105,105,GPT-OSS-20B,Random,46,0.0,0.5,4,2,4.5
gpt_oss_20b__vs__random_uniform__seed105,105,GPT-OSS-20B,Random,47,0.0,0.25,4,3,2.25
gpt_oss_20b__vs__random_uniform__seed105,105,GPT-OSS-20B,Random,48,0.0,0.0,4,4,0.0
gpt_oss_20b__vs__random_uniform__seed105,105,GPT-OSS-20B,Random,49,0.0,0.0,4,4,0.0
gpt_oss_20b__vs__random_uniform__seed105,105,GPT-OSS-20B,Random,50,0.0,0.75,4,1,6.75
gpt_oss_20b__vs__wsls__seed101,101,GPT-OSS-20B,WSLS,1,0.0,1.0,4,0,12.0
gpt_oss_20b__vs__wsls__seed101,101,GPT-OSS-20B,WSLS,2,0.0,0.75,4,1,8.986875
gpt_oss_20b__vs__wsls__seed101,101,GPT-OSS-20B,WSLS,3,0.0,0.5,4,2,5.9715625
gpt_oss_20b__vs__wsls__seed101,101,GPT-OSS-20B,WSLS,4,0.0,0.25,4,3,2.97046875
gpt_oss_20b__vs__wsls__seed101,101,GPT-OSS-20B,WSLS,5,0.0,0.0,4,4,0.0
gpt_oss_20b__vs__wsls__seed101,101,GPT-OSS-20B,WSLS,6,0.0,0.0,4,4,0.0
gpt_oss_20b__vs__wsls__seed101,101,GPT-OSS-20B,WSLS,7,0.0,0.0,4,4,0.0
gpt_oss_20b__vs__wsls__seed101,101,GPT-OSS-20B,WSLS,8,0.0,0.0,4,4,0.0
gpt_oss_20b__vs__wsls__seed101,101,GPT-OSS-20B,WSLS,9,0.0,0.0,4,4,0.0
gpt_oss_20b__vs__wsls__seed101,101,GPT-OSS-20B,WSLS,10,0.0,0.0,4,4,0.0
gpt_oss_20b__vs__wsls__seed101,101,GPT-OSS-20B,WSLS,11,0.0,0.0,4,4,0.0
gpt_oss_20b__vs__wsls__seed101,101,GPT-OSS-20B,WSLS,12,0.0,0.0,4,4,0.0
gpt_oss_20b__vs__wsls__seed101,101,GPT-OSS-20B,WSLS,13,0.0,0.0,4,4,0.0
gpt_oss_20b__vs__wsls__seed101,101,GPT-OSS-20B,WSLS,14,0.0,0.0,4,4,0.0
gpt_oss_20b__vs__wsls__seed101,101,GPT-OSS-20B,WSLS,15,0.0,0.0,4,4,0.0
gpt_oss_20b__vs__wsls__seed101,101,GPT-OSS-20B,WSLS,16,0.0,0.0,4,4,0.0
gpt_oss_20b__vs__wsls__seed101,101,GPT-OSS-20B,WSLS,17,0.0,0.0,4,4,0.0
gpt_oss_20b__vs__wsls__seed101,101,GPT-OSS-20B,WSLS,18,0.0,0.0,4,4,0.0
gpt_oss_20b__vs__wsls__seed101,101,GPT-OSS-20B,WSLS,19,0.0,0.0,4,4,0.0
gpt_oss_20b__vs__wsls__seed101,101,GPT-OSS-20B,WSLS,20,0.0,0.0,4,4,0.0
gpt_oss_20b__vs__wsls__seed101,101,GPT-OSS-20B,WSLS,21,0.0,0.0,4,4,0.0
gpt_oss_20b__vs__wsls__seed101,101,GPT-OSS-20B,WSLS,22,0.0,0.0,4,4,0.0
gpt_oss_20b__vs__wsls__seed101,101,GPT-OSS-20B,WSLS,23,0.0,0.0,4,4,0.0
gpt_oss_20b__vs__wsls__seed101,101,GPT-OSS-20B,WSLS,24,0.0,0.0,4,4,0.0
gpt_oss_20b__vs__wsls__seed101,101,GPT-OSS-20B,WSLS,25,0.0,0.0,4,4,0.0
gpt_oss_20b__vs__wsls__seed101,101,GPT-OSS-20B,WSLS,26,0.0,0.0,4,4,0.0
gpt_oss_20b__vs__wsls__seed101,101,GPT-OSS-20B,WSLS,27,0.0,0.0,4,4,0.0
gpt_oss_20b__vs__wsls__seed101,101,GPT-OSS-20B,WSLS,28,0.0,0.0,4,4,0.0
gpt_oss_20b__vs__wsls__seed101,101,GPT-OSS-20B,WSLS,29,0.0,0.0,4,4,0.0
gpt_oss_20b__vs__wsls__seed101,101,GPT-OSS-20B,WSLS,30,0.0,0.0,4,4,0.0
gpt_oss_20b__vs__wsls__seed101,101,GPT-OSS-20B,WSLS,31,0.0,0.0,4,4,0.0
gpt_oss_20b__vs__wsls__seed101,101,GPT-OSS-20B,WSLS,32,0.0,0.0,4,4,0.0
gpt_oss_20b__vs__wsls__seed101,101,GPT-OSS-20B,WSLS,33,0.0,0.0,4,4,0.0
gpt_oss_20b__vs__wsls__seed101,101,GPT-OSS-20B,WSLS,34,0.0,0.0,4,4,0.0
gpt_oss_20b__vs__wsls__seed101,101,GPT-OSS-20B,WSLS,35,0.0,0.0,4,4,0.0
gpt_oss_20b__vs__wsls__seed101,101,GPT-OSS-20B,WSLS,36,0.0,0.0,4,4,0.0
gpt_oss_20b__vs__wsls__seed101,101,GPT-OSS-20B,WSLS,37,0.0,0.0,4,4,0.0
gpt_oss_20b__vs__wsls__seed101,101,GPT-OSS-20B,WSLS,38,0.0,0.0,4,4,0.0
gpt_oss_20b__vs__wsls__seed101,101,GPT-OSS-20B,WSLS,39,0.0,0.0,4,4,0.0
gpt_oss_20b__vs__wsls__seed101,101,GPT-OSS-20B,WSLS,40,0.0,0.0,4,4,0.0
gpt_oss_20b__vs__wsls__seed101,101,GPT-OSS-20B,WSLS,41,0.0,0.0,4,4,0.0
gpt_oss_20b__vs__wsls__seed101,101,GPT-OSS-20B,WSLS,42,0.0,0.0,4,4,0.0
gpt_oss_20b__vs__wsls__seed101,101,GPT-OSS-20B,WSLS,43,0.0,0.0,4,4,0.0
gpt_oss_20b__vs__wsls__seed101,101,GPT-OSS-20B,WSLS,44,0.0,0.0,4,4,0.0
gpt_oss_20b__vs__wsls__seed101,101,GPT-OSS-20B,WSLS,45,0.0,0.0,4,4,0.0
gpt_oss_20b__vs__wsls__seed101,101,GPT-OSS-20B,WSLS,46,0.0,0.0,4,4,0.0
gpt_oss_20b__vs__wsls__seed101,101,GPT-OSS-20B,WSLS,47,0.0,0.0,4,4,0.0
gpt_oss_20b__vs__wsls__seed101,101,GPT-OSS-20B,WSLS,48,0.0,0.0,4,4,0.0
gpt_oss_20b__vs__wsls__seed101,101,GPT-OSS-20B,WSLS,49,0.0,0.0,4,4,0.0
gpt_oss_20b__vs__wsls__seed101,101,GPT-OSS-20B,WSLS,50,0.0,0.0,4,4,0.0
gpt_oss_20b__vs__wsls__seed102,102,GPT-OSS-20B,WSLS,1,0.0,1.0,4,0,12.0
gpt_oss_20b__vs__wsls__seed102,102,GPT-OSS-20B,WSLS,2,0.0,0.75,4,1,8.986875
gpt_oss_20b__vs__wsls__seed102,102,GPT-OSS-20B,WSLS,3,0.0,0.5,4,2,5.9715625
gpt_oss_20b__vs__wsls__seed102,102,GPT-OSS-20B,WSLS,4,0.0,0.25,4,3,2.97046875
gpt_oss_20b__vs__wsls__seed102,102,GPT-OSS-20B,WSLS,5,0.0,0.5,4,2,5.910312500000001
gpt_oss_20b__vs__wsls__seed102,102,GPT-OSS-20B,WSLS,6,0.0,0.25,4,3,2.9376562500000003
gpt_oss_20b__vs__wsls__seed102,102,GPT-OSS-20B,WSLS,7,0.0,0.0,4,4,0.0
gpt_oss_20b__vs__wsls__seed102,102,GPT-OSS-20B,WSLS,8,0.0,0.0,4,4,0.0
gpt_oss_20b__vs__wsls__seed102,102,GPT-OSS-20B,WSLS,9,0.0,0.0,4,4,0.0
gpt_oss_20b__vs__wsls__seed102,102,GPT-OSS-20B,WSLS,10,0.0,0.0,4,4,0.0
gpt_oss_20b__vs__wsls__seed102,102,GPT-OSS-20B,WSLS,11,0.0,0.0,4,4,0.0
gpt_oss_20b__vs__wsls__seed102,102,GPT-OSS-20B,WSLS,12,0.0,0.0,4,4,0.0
gpt_oss_20b__vs__wsls__seed102,102,GPT-OSS-20B,WSLS,13,0.0,0.0,4,4,0.0
gpt_oss_20b__vs__wsls__seed102,102,GPT-OSS-20B,WSLS,14,0.0,0.0,4,4,0.0
gpt_oss_20b__vs__wsls__seed102,102,GPT-OSS-20B,WSLS,15,0.0,0.0,4,4,0.0
gpt_oss_20b__vs__wsls__seed102,102,GPT-OSS-20B,WSLS,16,0.0,0.0,4,4,0.0
gpt_oss_20b__vs__wsls__seed102,102,GPT-OSS-20B,WSLS,17,0.0,0.0,4,4,0.0
gpt_oss_20b__vs__wsls__seed102,102,GPT-OSS-20B,WSLS,18,0.0,0.0,4,4,0.0
gpt_oss_20b__vs__wsls__seed102,102,GPT-OSS-20B,WSLS,19,0.0,0.0,4,4,0.0
gpt_oss_20b__vs__wsls__seed102,102,GPT-OSS-20B,WSLS,20,0.0,0.0,4,4,0.0
gpt_oss_20b__vs__wsls__seed102,102,GPT-OSS-20B,WSLS,21,0.0,0.0,4,4,0.0
gpt_oss_20b__vs__wsls__seed102,102,GPT-OSS-20B,WSLS,22,0.0,0.0,4,4,0.0
gpt_oss_20b__vs__wsls__seed102,102,GPT-OSS-20B,WSLS,23,0.0,0.0,4,4,0.0
gpt_oss_20b__vs__wsls__seed102,102,GPT-OSS-20B,WSLS,24,0.0,0.0,4,4,0.0
gpt_oss_20b__vs__wsls__seed102,102,GPT-OSS-20B,WSLS,25,0.0,0.0,4,4,0.0
gpt_oss_20b__vs__wsls__seed102,102,GPT-OSS-20B,WSLS,26,0.0,0.0,4,4,0.0
gpt_oss_20b__vs__wsls__seed102,102,GPT-OSS-20B,WSLS,27,0.0,0.0,4,4,0.0
gpt_oss_20b__vs__wsls__seed102,102,GPT-OSS-20B,WSLS,28,0.0,0.0,4,4,0.0
gpt_oss_20b__vs__wsls__seed102,102,GPT-OSS-20B,WSLS,29,0.0,0.0,4,4,0.0
gpt_oss_20b__vs__wsls__seed102,102,GPT-OSS-20B,WSLS,30,0.0,0.0,4,4,0.0
gpt_oss_20b__vs__wsls__seed102,102,GPT-OSS-20B,WSLS,31,0.0,0.0,4,4,0.0
gpt_oss_20b__vs__wsls__seed102,102,GPT-OSS-20B,WSLS,32,0.0,0.0,4,4,0.0
gpt_oss_20b__vs__wsls__seed102,102,GPT-OSS-20B,WSLS,33,0.0,0.0,4,4,0.0
gpt_oss_20b__vs__wsls__seed102,102,GPT-OSS-20B,WSLS,34,0.0,0.0,4,4,0.0
gpt_oss_20b__vs__wsls__seed102,102,GPT-OSS-20B,WSLS,35,0.0,0.0,4,4,0.0
gpt_oss_20b__vs__wsls__seed102,102,GPT-OSS-20B,WSLS,36,0.0,0.0,4,4,0.0
gpt_oss_20b__vs__wsls__seed102,102,GPT-OSS-20B,WSLS,37,0.0,0.0,4,4,0.0
gpt_oss_20b__vs__wsls__seed102,102,GPT-OSS-20B,WSLS,38,0.0,0.0,4,4,0.0
gpt_oss_20b__vs__wsls__seed102,102,GPT-OSS-20B,WSLS,39,0.0,0.0,4,4,0.0
gpt_oss_20b__vs__wsls__seed102,102,GPT-OSS-20B,WSLS,40,0.0,0.0,4,4,0.0
gpt_oss_20b__vs__wsls__seed102,102,GPT-OSS-20B,WSLS,41,0.0,0.0,4,4,0.0
gpt_oss_20b__vs__wsls__seed102,102,GPT-OSS-20B,WSLS,42,0.0,0.0,4,4,0.0
gpt_oss_20b__vs__wsls__seed102,102,GPT-OSS-20B,WSLS,43,0.0,0.0,4,4,0.0
gpt_oss_20b__vs__wsls__seed102,102,GPT-OSS-20B,WSLS,44,0.0,0.0,4,4,0.0
gpt_oss_20b__vs__wsls__seed102,102,GPT-OSS-20B,WSLS,45,0.0,0.0,4,4,0.0
gpt_oss_20b__vs__wsls__seed102,102,GPT-OSS-20B,WSLS,46,0.0,0.0,4,4,0.0
gpt_oss_20b__vs__wsls__seed102,102,GPT-OSS-20B,WSLS,47,0.0,0.0,4,4,0.0
gpt_oss_20b__vs__wsls__seed102,102,GPT-OSS-20B,WSLS,48,0.0,0.0,4,4,0.0
gpt_oss_20b__vs__wsls__seed102,102,GPT-OSS-20B,WSLS,49,0.0,0.0,4,4,0.0
gpt_oss_20b__vs__wsls__seed102,102,GPT-OSS-20B,WSLS,50,0.0,0.0,4,4,0.0
gpt_oss_20b__vs__wsls__seed103,103,GPT-OSS-20B,WSLS,1,0.0,1.0,4,0,12.0
gpt_oss_20b__vs__wsls__seed103,103,GPT-OSS-20B,WSLS,2,0.0,0.75,4,1,8.986875
gpt_oss_20b__vs__wsls__seed103,103,GPT-OSS-20B,WSLS,3,0.0,0.5,4,2,5.9715625
gpt_oss_20b__vs__wsls__seed103,103,GPT-OSS-20B,WSLS,4,0.0,0.25,4,3,2.97046875
gpt_oss_20b__vs__wsls__seed103,103,GPT-OSS-20B,WSLS,5,0.0,0.0,4,4,0.0
gpt_oss_20b__vs__wsls__seed103,103,GPT-OSS-20B,WSLS,6,0.0,0.0,4,4,0.0
gpt_oss_20b__vs__wsls__seed103,103,GPT-OSS-20B,WSLS,7,0.0,0.0,4,4,0.0
gpt_oss_20b__vs__wsls__seed103,103,GPT-OSS-20B,WSLS,8,0.0,0.0,4,4,0.0
gpt_oss_20b__vs__wsls__seed103,103,GPT-OSS-20B,WSLS,9,0.0,0.0,4,4,0.0
gpt_oss_20b__vs__wsls__seed103,103,GPT-OSS-20B,WSLS,10,0.0,0.0,4,4,0.0
gpt_oss_20b__vs__wsls__seed103,103,GPT-OSS-20B,WSLS,11,0.0,0.0,4,4,0.0
gpt_oss_20b__vs__wsls__seed103,103,GPT-OSS-20B,WSLS,12,0.0,0.0,4,4,0.0
gpt_oss_20b__vs__wsls__seed103,103,GPT-OSS-20B,WSLS,13,0.0,0.0,4,4,0.0
gpt_oss_20b__vs__wsls__seed103,103,GPT-OSS-20B,WSLS,14,0.0,0.0,4,4,0.0
gpt_oss_20b__vs__wsls__seed103,103,GPT-OSS-20B,WSLS,15,0.0,0.0,4,4,0.0
gpt_oss_20b__vs__wsls__seed103,103,GPT-OSS-20B,WSLS,16,0.0,0.0,4,4,0.0
gpt_oss_20b__vs__wsls__seed103,103,GPT-OSS-20B,WSLS,17,0.0,0.0,4,4,0.0
gpt_oss_20b__vs__wsls__seed103,103,GPT-OSS-20B,WSLS,18,0.0,0.0,4,4,0.0
gpt_oss_20b__vs__wsls__seed103,103,GPT-OSS-20B,WSLS,19,0.0,0.0,4,4,0.0
gpt_oss_20b__vs__wsls__seed103,103,GPT-OSS-20B,WSLS,20,0.0,0.0,4,4,0.0
gpt_oss_20b__vs__wsls__seed103,103,GPT-OSS-20B,WSLS,21,0.0,0.0,4,4,0.0
gpt_oss_20b__vs__wsls__seed103,103,GPT-OSS-20B,WSLS,22,0.0,0.0,4,4,0.0
gpt_oss_20b__vs__wsls__seed103,103,GPT-OSS-20B,WSLS,23,0.0,0.0,4,4,0.0
gpt_oss_20b__vs__wsls__seed103,103,GPT-OSS-20B,WSLS,24,0.0,0.0,4,4,0.0
gpt_oss_20b__vs__wsls__seed103,103,GPT-OSS-20B,WSLS,25,0.0,0.0,4,4,0.0
gpt_oss_20b__vs__wsls__seed103,103,GPT-OSS-20B,WSLS,26,0.0,0.0,4,4,0.0
gpt_oss_20b__vs__wsls__seed103,103,GPT-OSS-20B,WSLS,27,0.0,0.0,4,4,0.0
gpt_oss_20b__vs__wsls__seed103,103,GPT-OSS-20B,WSLS,28,0.0,0.0,4,4,0.0
gpt_oss_20b__vs__wsls__seed103,103,GPT-OSS-20B,WSLS,29,0.0,0.0,4,4,0.0
gpt_oss_20b__vs__wsls__seed103,103,GPT-OSS-20B,WSLS,30,0.0,0.0,4,4,0.0
gpt_oss_20b__vs__wsls__seed103,103,GPT-OSS-20B,WSLS,31,0.0,0.0,4,4,0.0
gpt_oss_20b__vs__wsls__seed103,103,GPT-OSS-20B,WSLS,32,0.0,0.0,4,4,0.0
gpt_oss_20b__vs__wsls__seed103,103,GPT-OSS-20B,WSLS,33,0.0,0.0,4,4,0.0
gpt_oss_20b__vs__wsls__seed103,103,GPT-OSS-20B,WSLS,34,0.0,0.0,4,4,0.0
gpt_oss_20b__vs__wsls__seed103,103,GPT-OSS-20B,WSLS,35,0.0,0.0,4,4,0.0
gpt_oss_20b__vs__wsls__seed103,103,GPT-OSS-20B,WSLS,36,0.0,0.0,4,4,0.0
gpt_oss_20b__vs__wsls__seed103,103,GPT-OSS-20B,WSLS,37,0.0,0.0,4,4,0.0
gpt_oss_20b__vs__wsls__seed103,103,GPT-OSS-20B,WSLS,38,0.0,0.0,4,4,0.0
gpt_oss_20b__vs__wsls__seed103,103,GPT-OSS-20B,WSLS,39,0.0,0.0,4,4,0.0
gpt_oss_20b__vs__wsls__seed103,103,GPT-OSS-20B,WSLS,40,0.0,0.0,4,4,0.0
gpt_oss_20b__vs__wsls__seed103,103,GPT-OSS-20B,WSLS,41,0.0,0.0,4,4,0.0
gpt_oss_20b__vs__wsls__seed103,103,GPT-OSS-20B,WSLS,42,0.0,0.0,4,4,0.0
gpt_oss_20b__vs__wsls__seed103,103,GPT-OSS-20B,WSLS,43,0.0,0.0,4,4,0.0
gpt_oss_20b__vs__wsls__seed103,103,GPT-OSS-20B,WSLS,44,0.0,0.0,4,4,0.0
gpt_oss_20b__vs__wsls__seed103,103,GPT-OSS-20B,WSLS,45,0.0,0.0,4,4,0.0
gpt_oss_20b__vs__wsls__seed103,103,GPT-OSS-20B,WSLS,46,0.0,0.0,4,4,0.0
gpt_oss_20b__vs__wsls__seed103,103,GPT-OSS-20B,WSLS,47,0.0,0.0,4,4,0.0
gpt_oss_20b__vs__wsls__seed103,103,GPT-OSS-20B,WSLS,48,0.0,0.0,4,4,0.0
gpt_oss_20b__vs__wsls__seed103,103,GPT-OSS-20B,WSLS,49,0.0,0.0,4,4,0.0
gpt_oss_20b__vs__wsls__seed103,103,GPT-OSS-20B,WSLS,50,0.0,0.0,4,4,0.0
gpt_oss_20b__vs__wsls__seed104,104,GPT-OSS-20B,WSLS,1,0.0,1.0,4,0,12.0
gpt_oss_20b__vs__wsls__seed104,104,GPT-OSS-20B,WSLS,2,0.0,0.75,4,1,8.986875
gpt_oss_20b__vs__wsls__seed104,104,GPT-OSS-20B,WSLS,3,0.0,0.25,4,3,2.9803125
gpt_oss_20b__vs__wsls__seed104,104,GPT-OSS-20B,WSLS,4,0.0,0.5,4,2,5.930000000000001
gpt_oss_20b__vs__wsls__seed104,104,GPT-OSS-20B,WSLS,5,0.0,0.25,4,3,2.9469531250000003
gpt_oss_20b__vs__wsls__seed104,104,GPT-OSS-20B,WSLS,6,0.0,0.0,4,4,0.0
gpt_oss_20b__vs__wsls__seed104,104,GPT-OSS-20B,WSLS,7,0.0,0.0,4,4,0.0
gpt_oss_20b__vs__wsls__seed104,104,GPT-OSS-20B,WSLS,8,0.0,0.0,4,4,0.0
gpt_oss_20b__vs__wsls__seed104,104,GPT-OSS-20B,WSLS,9,0.0,0.0,4,4,0.0
gpt_oss_20b__vs__wsls__seed104,104,GPT-OSS-20B,WSLS,10,0.0,0.0,4,4,0.0
gpt_oss_20b__vs__wsls__seed104,104,GPT-OSS-20B,WSLS,11,0.0,0.0,4,4,0.0
gpt_oss_20b__vs__wsls__seed104,104,GPT-OSS-20B,WSLS,12,0.0,0.0,4,4,0.0
gpt_oss_20b__vs__wsls__seed104,104,GPT-OSS-20B,WSLS,13,0.0,0.0,4,4,0.0
gpt_oss_20b__vs__wsls__seed104,104,GPT-OSS-20B,WSLS,14,0.0,0.0,4,4,0.0
gpt_oss_20b__vs__wsls__seed104,104,GPT-OSS-20B,WSLS,15,0.0,0.0,4,4,0.0
gpt_oss_20b__vs__wsls__seed104,104,GPT-OSS-20B,WSLS,16,0.0,0.0,4,4,0.0
gpt_oss_20b__vs__wsls__seed104,104,GPT-OSS-20B,WSLS,17,0.0,0.0,4,4,0.0
gpt_oss_20b__vs__wsls__seed104,104,GPT-OSS-20B,WSLS,18,0.0,0.0,4,4,0.0
gpt_oss_20b__vs__wsls__seed104,104,GPT-OSS-20B,WSLS,19,0.0,0.0,4,4,0.0
gpt_oss_20b__vs__wsls__seed104,104,GPT-OSS-20B,WSLS,20,0.0,0.0,4,4,0.0
gpt_oss_20b__vs__wsls__seed104,104,GPT-OSS-20B,WSLS,21,0.0,0.0,4,4,0.0
gpt_oss_20b__vs__wsls__seed104,104,GPT-OSS-20B,WSLS,22,0.0,0.0,4,4,0.0
gpt_oss_20b__vs__wsls__seed104,104,GPT-OSS-20B,WSLS,23,0.0,0.0,4,4,0.0
gpt_oss_20b__vs__wsls__seed104,104,GPT-OSS-20B,WSLS,24,0.0,0.0,4,4,0.0
gpt_oss_20b__vs__wsls__seed104,104,GPT-OSS-20B,WSLS,25,0.0,0.0,4,4,0.0
gpt_oss_20b__vs__wsls__seed104,104,GPT-OSS-20B,WSLS,26,0.0,0.0,4,4,0.0
gpt_oss_20b__vs__wsls__seed104,104,GPT-OSS-20B,WSLS,27,0.0,0.0,4,4,0.0
gpt_oss_20b__vs__wsls__seed104,104,GPT-OSS-20B,WSLS,28,0.0,0.0,4,4,0.0
gpt_oss_20b__vs__wsls__seed104,104,GPT-OSS-20B,WSLS,29,0.0,0.0,4,4,0.0
gpt_oss_20b__vs__wsls__seed104,104,GPT-OSS-20B,WSLS,30,0.0,0.75,4,1,6.75
gpt_oss_20b__vs__wsls__seed104,104,GPT-OSS-20B,WSLS,31,0.0,0.5,4,2,4.5
gpt_oss_20b__vs__wsls__seed104,104,GPT-OSS-20B,WSLS,32,0.0,0.25,4,3,2.25
gpt_oss_20b__vs__wsls__seed104,104,GPT-OSS-20B,WSLS,33,0.0,0.0,4,4,0.0
gpt_oss_20b__vs__wsls__seed104,104,GPT-OSS-20B,WSLS,34,0.0,0.75,4,1,6.75
gpt_oss_20b__vs__wsls__seed104,104,GPT-OSS-20B,WSLS,35,0.0,0.5,4,2,4.5
gpt_oss_20b__vs__wsls__seed104,104,GPT-OSS-20B,WSLS,36,0.0,0.25,4,3,2.25
gpt_oss_20b__vs__wsls__seed104,104,GPT-OSS-20B,WSLS,37,0.0,0.0,4,4,0.0
gpt_oss_20b__vs__wsls__seed104,104,GPT-OSS-20B,WSLS,38,0.0,0.0,4,4,0.0
gpt_oss_20b__vs__wsls__seed104,104,GPT-OSS-20B,WSLS,39,0.0,0.0,4,4,0.0
gpt_oss_20b__vs__wsls__seed104,104,GPT-OSS-20B,WSLS,40,0.0,0.0,4,4,0.0
gpt_oss_20b__vs__wsls__seed104,104,GPT-OSS-20B,WSLS,41,0.0,0.5,4,2,4.5
gpt_oss_20b__vs__wsls__seed104,104,GPT-OSS-20B,WSLS,42,0.0,0.25,4,3,2.25
gpt_oss_20b__vs__wsls__seed104,104,GPT-OSS-20B,WSLS,43,0.0,0.0,4,4,0.0
gpt_oss_20b__vs__wsls__seed104,104,GPT-OSS-20B,WSLS,44,0.0,0.0,4,4,0.0
gpt_oss_20b__vs__wsls__seed104,104,GPT-OSS-20B,WSLS,45,0.0,0.0,4,4,0.0
gpt_oss_20b__vs__wsls__seed104,104,GPT-OSS-20B,WSLS,46,0.0,0.0,4,4,0.0
gpt_oss_20b__vs__wsls__seed104,104,GPT-OSS-20B,WSLS,47,0.0,0.0,4,4,0.0
gpt_oss_20b__vs__wsls__seed104,104,GPT-OSS-20B,WSLS,48,0.0,0.0,4,4,0.0
gpt_oss_20b__vs__wsls__seed104,104,GPT-OSS-20B,WSLS,49,0.0,0.0,4,4,0.0
gpt_oss_20b__vs__wsls__seed104,104,GPT-OSS-20B,WSLS,50,0.0,0.25,4,3,2.25
gpt_oss_20b__vs__wsls__seed105,105,GPT-OSS-20B,WSLS,1,0.0,1.0,4,0,12.0
gpt_oss_20b__vs__wsls__seed105,105,GPT-OSS-20B,WSLS,2,0.0,0.75,4,1,8.986875
gpt_oss_20b__vs__wsls__seed105,105,GPT-OSS-20B,WSLS,3,0.0,0.5,4,2,5.9715625
gpt_oss_20b__vs__wsls__seed105,105,GPT-OSS-20B,WSLS,4,0.0,0.25,4,3,2.97046875
gpt_oss_20b__vs__wsls__seed105,105,GPT-OSS-20B,WSLS,5,0.0,0.0,4,4,0.0
gpt_oss_20b__vs__wsls__seed105,105,GPT-OSS-20B,WSLS,6,0.0,0.0,4,4,0.0
gpt_oss_20b__vs__wsls__seed105,105,GPT-OSS-20B,WSLS,7,0.0,0.0,4,4,0.0
gpt_oss_20b__vs__wsls__seed105,105,GPT-OSS-20B,WSLS,8,0.0,0.0,4,4,0.0
gpt_oss_20b__vs__wsls__seed105,105,GPT-OSS-20B,WSLS,9,0.0,0.0,4,4,0.0
gpt_oss_20b__vs__wsls__seed105,105,GPT-OSS-20B,WSLS,10,0.0,0.0,4,4,0.0
gpt_oss_20b__vs__wsls__seed105,105,GPT-OSS-20B,WSLS,11,0.0,0.0,4,4,0.0
gpt_oss_20b__vs__wsls__seed105,105,GPT-OSS-20B,WSLS,12,0.0,0.0,4,4,0.0
gpt_oss_20b__vs__wsls__seed105,105,GPT-OSS-20B,WSLS,13,0.0,0.0,4,4,0.0
gpt_oss_20b__vs__wsls__seed105,105,GPT-OSS-20B,WSLS,14,0.0,0.0,4,4,0.0
gpt_oss_20b__vs__wsls__seed105,105,GPT-OSS-20B,WSLS,15,0.0,0.0,4,4,0.0
gpt_oss_20b__vs__wsls__seed105,105,GPT-OSS-20B,WSLS,16,0.0,0.0,4,4,0.0
gpt_oss_20b__vs__wsls__seed105,105,GPT-OSS-20B,WSLS,17,0.0,0.0,4,4,0.0
gpt_oss_20b__vs__wsls__seed105,105,GPT-OSS-20B,WSLS,18,0.0,0.0,4,4,0.0
gpt_oss_20b__vs__wsls__seed105,105,GPT-OSS-20B,WSLS,19,0.0,0.0,4,4,0.0
gpt_oss_20b__vs__wsls__seed105,105,GPT-OSS-20B,WSLS,20,0.0,0.0,4,4,0.0
gpt_oss_20b__vs__wsls__seed105,105,GPT-OSS-20B,WSLS,21,0.0,0.0,4,4,0.0
gpt_oss_20b__vs__wsls__seed105,105,GPT-OSS-20B,WSLS,22,0.0,0.0,4,4,0.0
gpt_oss_20b__vs__wsls__seed105,105,GPT-OSS-20B,WSLS,23,0.0,0.0,4,4,0.0
gpt_oss_20b__vs__wsls__seed105,105,GPT-OSS-20B,WSLS,24,0.0,0.0,4,4,0.0
gpt_oss_20b__vs__wsls__seed105,105,GPT-OSS-20B,WSLS,25,0.0,0.0,4,4,0.0
gpt_oss_20b__vs__wsls__seed105,105,GPT-OSS-20B,WSLS,26,0.0,0.0,4,4,0.0
gpt_oss_20b__vs__wsls__seed105,105,GPT-OSS-20B,WSLS,27,0.0,0.0,4,4,0.0
gpt_oss_20b__vs__wsls__seed105,105,GPT-OSS-20B,WSLS,28,0.0,0.0,4,4,0.0
gpt_oss_20b__vs__wsls__seed105,105,GPT-OSS-20B,WSLS,29,0.0,0.0,4,4,0.0
gpt_oss_20b__vs__wsls__seed105,105,GPT-OSS-20B,WSLS,30,0.0,0.0,4,4,0.0
gpt_oss_20b__vs__wsls__seed105,105,GPT-OSS-20B,WSLS,31,0.0,0.0,4,4,0.0
gpt_oss_20b__vs__wsls__seed105,105,GPT-OSS-20B,WSLS,32,0.0,0.0,4,4,0.0
gpt_oss_20b__vs__wsls__seed105,105,GPT-OSS-20B,WSLS,33,0.0,0.0,4,4,0.0
gpt_oss_20b__vs__wsls__seed105,105,GPT-OSS-20B,WSLS,34,0.0,0.0,4,4,0.0
gpt_oss_20b__vs__wsls__seed105,105,GPT-OSS-20B,WSLS,35,0.0,0.75,4,1,6.75
gpt_oss_20b__vs__wsls__seed105,105,GPT-OSS-20B,WSLS,36,0.0,0.5,4,2,4.5
gpt_oss_20b__vs__wsls__seed105,105,GPT-OSS-20B,WSLS,37,0.0,0.25,4,3,2.25
gpt_oss_20b__vs__wsls__seed105,105,GPT-OSS-20B,WSLS,38,0.0,0.0,4,4,0.0
gpt_oss_20b__vs__wsls__seed105,105,GPT-OSS-20B,WSLS,39,0.0,0.0,4,4,0.0
gpt_oss_20b__vs__wsls__seed105,105,GPT-OSS-20B,WSLS,40,0.0,0.0,4,4,0.0
gpt_oss_20b__vs__wsls__seed105,105,GPT-OSS-20B,WSLS,41,0.0,0.0,4,4,0.0
gpt_oss_20b__vs__wsls__seed105,105,GPT-OSS-20B,WSLS,42,0.0,0.0,4,4,0.0
gpt_oss_20b__vs__wsls__seed105,105,GPT-OSS-20B,WSLS,43,0.0,0.0,4,4,0.0
gpt_oss_20b__vs__wsls__seed105,105,GPT-OSS-20B,WSLS,44,0.0,0.0,4,4,0.0
gpt_oss_20b__vs__wsls__seed105,105,GPT-OSS-20B,WSLS,45,0.0,0.0,4,4,0.0
gpt_oss_20b__vs__wsls__seed105,105,GPT-OSS-20B,WSLS,46,0.0,0.0,4,4,0.0
gpt_oss_20b__vs__wsls__seed105,105,GPT-OSS-20B,WSLS,47,0.0,0.0,4,4,0.0
gpt_oss_20b__vs__wsls__seed105,105,GPT-OSS-20B,WSLS,48,0.0,0.0,4,4,0.0
gpt_oss_20b__vs__wsls__seed105,105,GPT-OSS-20B,WSLS,49,0.0,0.0,4,4,0.0
gpt_oss_20b__vs__wsls__seed105,105,GPT-OSS-20B,WSLS,50,0.0,0.5,4,2,4.5
llama31_8b__vs__always_cooperate__seed101,101,Llama-3.1-8B,Always Cooperate,1,0.0,1.0,4,0,12.0
llama31_8b__vs__always_cooperate__seed101,101,Llama-3.1-8B,Always Cooperate,2,0.0,1.0,4,0,11.9825
llama31_8b__vs__always_cooperate__seed101,101,Llama-3.1-8B,Always Cooperate,3,0.0,1.0,4,0,11.965
llama31_8b__vs__always_cooperate__seed101,101,Llama-3.1-8B,Always Cooperate,4,0.0,1.0,4,0,11.9475
llama31_8b__vs__always_cooperate__seed101,101,Llama-3.1-8B,Always Cooperate,5,0.0,1.0,4,0,11.93
llama31_8b__vs__always_cooperate__seed101,101,Llama-3.1-8B,Always Cooperate,6,0.0,1.0,4,0,11.9125
llama31_8b__vs__always_cooperate__seed101,101,Llama-3.1-8B,Always Cooperate,7,0.0,1.0,4,0,11.895
llama31_8b__vs__always_cooperate__seed101,101,Llama-3.1-8B,Always Cooperate,8,0.0,1.0,4,0,11.8775
llama31_8b__vs__always_cooperate__seed101,101,Llama-3.1-8B,Always Cooperate,9,0.0,1.0,4,0,11.86
llama31_8b__vs__always_cooperate__seed101,101,Llama-3.1-8B,Always Cooperate,10,0.0,1.0,4,0,11.8425
llama31_8b__vs__always_cooperate__seed101,101,Llama-3.1-8B,Always Cooperate,11,0.0,1.0,4,0,11.825
llama31_8b__vs__always_cooperate__seed101,101,Llama-3.1-8B,Always Cooperate,12,0.0,1.0,4,0,11.8075
llama31_8b__vs__always_cooperate__seed101,101,Llama-3.1-8B,Always Cooperate,13,0.0,1.0,4,0,11.79
llama31_8b__vs__always_cooperate__seed101,101,Llama-3.1-8B,Always Cooperate,14,0.0,1.0,4,0,11.772499999999999
llama31_8b__vs__always_cooperate__seed101,101,Llama-3.1-8B,Always Cooperate,15,0.0,1.0,4,0,11.754999999999999
llama31_8b__vs__always_cooperate__seed101,101,Llama-3.1-8B,Always Cooperate,16,0.0,1.0,4,0,11.737499999999999
llama31_8b__vs__always_cooperate__seed101,101,Llama-3.1-8B,Always Cooperate,17,0.0,1.0,4,0,11.719999999999999
llama31_8b__vs__always_cooperate__seed101,101,Llama-3.1-8B,Always Cooperate,18,0.0,1.0,4,0,11.680625
llama31_8b__vs__always_cooperate__seed101,101,Llama-3.1-8B,Always Cooperate,19,0.0,1.0,4,0,11.64125
llama31_8b__vs__always_cooperate__seed101,101,Llama-3.1-8B,Always Cooperate,20,0.0,1.0,4,0,11.601875
llama31_8b__vs__always_cooperate__seed101,101,Llama-3.1-8B,Always Cooperate,21,0.0,1.0,4,0,11.5625
llama31_8b__vs__always_cooperate__seed101,101,Llama-3.1-8B,Always Cooperate,22,0.0,1.0,4,0,11.523125
llama31_8b__vs__always_cooperate__seed101,101,Llama-3.1-8B,Always Cooperate,23,0.0,1.0,4,0,11.48375
llama31_8b__vs__always_cooperate__seed101,101,Llama-3.1-8B,Always Cooperate,24,0.0,1.0,4,0,11.444375
llama31_8b__vs__always_cooperate__seed101,101,Llama-3.1-8B,Always Cooperate,25,0.0,1.0,4,0,11.405000000000001
llama31_8b__vs__always_cooperate__seed101,101,Llama-3.1-8B,Always Cooperate,26,0.0,1.0,4,0,11.387500000000001
llama31_8b__vs__always_cooperate__seed101,101,Llama-3.1-8B,Always Cooperate,27,0.0,1.0,4,0,11.370000000000001
llama31_8b__vs__always_cooperate__seed101,101,Llama-3.1-8B,Always Cooperate,28,0.0,1.0,4,0,11.352500000000001
llama31_8b__vs__always_cooperate__seed101,101,Llama-3.1-8B,Always Cooperate,29,0.0,1.0,4,0,11.335
llama31_8b__vs__always_cooperate__seed101,101,Llama-3.1-8B,Always Cooperate,30,0.0,1.0,4,0,11.3175
llama31_8b__vs__always_cooperate__seed101,101,Llama-3.1-8B,Always Cooperate,31,0.0,1.0,4,0,11.3
llama31_8b__vs__always_cooperate__seed101,101,Llama-3.1-8B,Always Cooperate,32,0.0,1.0,4,0,11.2825
llama31_8b__vs__always_cooperate__seed101,101,Llama-3.1-8B,Always Cooperate,33,0.0,1.0,4,0,11.265
llama31_8b__vs__always_cooperate__seed101,101,Llama-3.1-8B,Always Cooperate,34,0.0,1.0,4,0,11.2475
llama31_8b__vs__always_cooperate__seed101,101,Llama-3.1-8B,Always Cooperate,35,0.0,1.0,4,0,11.23
llama31_8b__vs__always_cooperate__seed101,101,Llama-3.1-8B,Always Cooperate,36,0.0,1.0,4,0,11.2125
llama31_8b__vs__always_cooperate__seed101,101,Llama-3.1-8B,Always Cooperate,37,0.0,1.0,4,0,11.195
llama31_8b__vs__always_cooperate__seed101,101,Llama-3.1-8B,Always Cooperate,38,0.0,1.0,4,0,11.1775
llama31_8b__vs__always_cooperate__seed101,101,Llama-3.1-8B,Always Cooperate,39,0.0,1.0,4,0,11.16
llama31_8b__vs__always_cooperate__seed101,101,Llama-3.1-8B,Always Cooperate,40,0.0,1.0,4,0,11.1425
llama31_8b__vs__always_cooperate__seed101,101,Llama-3.1-8B,Always Cooperate,41,0.0,1.0,4,0,11.125
llama31_8b__vs__always_cooperate__seed101,101,Llama-3.1-8B,Always Cooperate,42,0.0,1.0,4,0,11.1075
llama31_8b__vs__always_cooperate__seed101,101,Llama-3.1-8B,Always Cooperate,43,0.0,1.0,4,0,11.09
llama31_8b__vs__always_cooperate__seed101,101,Llama-3.1-8B,Always Cooperate,44,0.0,1.0,4,0,11.0725
llama31_8b__vs__always_cooperate__seed101,101,Llama-3.1-8B,Always Cooperate,45,0.0,1.0,4,0,11.055
llama31_8b__vs__always_cooperate__seed101,101,Llama-3.1-8B,Always Cooperate,46,0.0,1.0,4,0,11.0375
llama31_8b__vs__always_cooperate__seed101,101,Llama-3.1-8B,Always Cooperate,47,0.0,1.0,4,0,11.02
llama31_8b__vs__always_cooperate__seed101,101,Llama-3.1-8B,Always Cooperate,48,0.0,1.0,4,0,11.0025
llama31_8b__vs__always_cooperate__seed101,101,Llama-3.1-8B,Always Cooperate,49,0.0,1.0,4,0,10.985
llama31_8b__vs__always_cooperate__seed101,101,Llama-3.1-8B,Always Cooperate,50,0.0,1.0,4,0,10.9675
llama31_8b__vs__always_cooperate__seed102,102,Llama-3.1-8B,Always Cooperate,1,0.0,1.0,4,0,12.0
llama31_8b__vs__always_cooperate__seed102,102,Llama-3.1-8B,Always Cooperate,2,0.0,1.0,4,0,11.9825
llama31_8b__vs__always_cooperate__seed102,102,Llama-3.1-8B,Always Cooperate,3,0.0,1.0,4,0,11.965
llama31_8b__vs__always_cooperate__seed102,102,Llama-3.1-8B,Always Cooperate,4,0.0,1.0,4,0,11.9475
llama31_8b__vs__always_cooperate__seed102,102,Llama-3.1-8B,Always Cooperate,5,0.0,1.0,4,0,11.908125
llama31_8b__vs__always_cooperate__seed102,102,Llama-3.1-8B,Always Cooperate,6,0.0,1.0,4,0,11.873125
llama31_8b__vs__always_cooperate__seed102,102,Llama-3.1-8B,Always Cooperate,7,0.0,1.0,4,0,11.841041666666667
llama31_8b__vs__always_cooperate__seed102,102,Llama-3.1-8B,Always Cooperate,8,0.0,1.0,4,0,11.811041666666668
llama31_8b__vs__always_cooperate__seed102,102,Llama-3.1-8B,Always Cooperate,9,0.0,1.0,4,0,11.782604166666667
llama31_8b__vs__always_cooperate__seed102,102,Llama-3.1-8B,Always Cooperate,10,0.0,1.0,4,0,11.754166666666666
llama31_8b__vs__always_cooperate__seed102,102,Llama-3.1-8B,Always Cooperate,11,0.0,1.0,4,0,11.725729166666666
llama31_8b__vs__always_cooperate__seed102,102,Llama-3.1-8B,Always Cooperate,12,0.0,1.0,4,0,11.697291666666665
llama31_8b__vs__always_cooperate__seed102,102,Llama-3.1-8B,Always Cooperate,13,0.0,1.0,4,0,11.679791666666665
llama31_8b__vs__always_cooperate__seed102,102,Llama-3.1-8B,Always Cooperate,14,0.0,1.0,4,0,11.662291666666665
llama31_8b__vs__always_cooperate__seed102,102,Llama-3.1-8B,Always Cooperate,15,0.0,1.0,4,0,11.644791666666665
llama31_8b__vs__always_cooperate__seed102,102,Llama-3.1-8B,Always Cooperate,16,0.0,1.0,4,0,11.627291666666665
llama31_8b__vs__always_cooperate__seed102,102,Llama-3.1-8B,Always Cooperate,17,0.0,1.0,4,0,11.609791666666665
llama31_8b__vs__always_cooperate__seed102,102,Llama-3.1-8B,Always Cooperate,18,0.0,1.0,4,0,11.592291666666664
llama31_8b__vs__always_cooperate__seed102,102,Llama-3.1-8B,Always Cooperate,19,0.0,1.0,4,0,11.574791666666664
llama31_8b__vs__always_cooperate__seed102,102,Llama-3.1-8B,Always Cooperate,20,0.0,1.0,4,0,11.557291666666664
llama31_8b__vs__always_cooperate__seed102,102,Llama-3.1-8B,Always Cooperate,21,0.0,1.0,4,0,11.539791666666664
llama31_8b__vs__always_cooperate__seed102,102,Llama-3.1-8B,Always Cooperate,22,0.0,1.0,4,0,11.522291666666664
llama31_8b__vs__always_cooperate__seed102,102,Llama-3.1-8B,Always Cooperate,23,0.0,1.0,4,0,11.504791666666664
llama31_8b__vs__always_cooperate__seed102,102,Llama-3.1-8B,Always Cooperate,24,0.0,1.0,4,0,11.487291666666664
llama31_8b__vs__always_cooperate__seed102,102,Llama-3.1-8B,Always Cooperate,25,0.0,1.0,4,0,11.469791666666664
llama31_8b__vs__always_cooperate__seed102,102,Llama-3.1-8B,Always Cooperate,26,0.0,1.0,4,0,11.452291666666664
llama31_8b__vs__always_cooperate__seed102,102,Llama-3.1-8B,Always Cooperate,27,0.0,1.0,4,0,11.434791666666664
llama31_8b__vs__always_cooperate__seed102,102,Llama-3.1-8B,Always Cooperate,28,0.0,1.0,4,0,11.417291666666664
llama31_8b__vs__always_cooperate__seed102,102,Llama-3.1-8B,Always Cooperate,29,0.0,1.0,4,0,11.399791666666664
llama31_8b__vs__always_cooperate__seed102,102,Llama-3.1-8B,Always Cooperate,30,0.0,1.0,4,0,11.382291666666664
llama31_8b__vs__always_cooperate__seed102,102,Llama-3.1-8B,Always Cooperate,31,0.0,1.0,4,0,11.364791666666664
llama31_8b__vs__always_cooperate__seed102,102,Llama-3.1-8B,Always Cooperate,32,0.0,1.0,4,0,11.347291666666663
llama31_8b__vs__always_cooperate__seed102,102,Llama-3.1-8B,Always Cooperate,33,0.0,1.0,4,0,11.329791666666663
llama31_8b__vs__always_cooperate__seed102,102,Llama-3.1-8B,Always Cooperate,34,0.0,1.0,4,0,11.312291666666663
llama31_8b__vs__always_cooperate__seed102,102,Llama-3.1-8B,Always Cooperate,35,0.0,1.0,4,0,11.294791666666663
llama31_8b__vs__always_cooperate__seed102,102,Llama-3.1-8B,Always Cooperate,36,0.0,1.0,4,0,11.277291666666663
llama31_8b__vs__always_cooperate__seed102,102,Llama-3.1-8B,Always Cooperate,37,0.0,1.0,4,0,11.259791666666663
llama31_8b__vs__always_cooperate__seed102,102,Llama-3.1-8B,Always Cooperate,38,0.0,1.0,4,0,11.242291666666663
llama31_8b__vs__always_cooperate__seed102,102,Llama-3.1-8B,Always Cooperate,39,0.0,1.0,4,0,11.224791666666663
llama31_8b__vs__always_cooperate__seed102,102,Llama-3.1-8B,Always Cooperate,40,0.0,1.0,4,0,11.207291666666663
llama31_8b__vs__always_cooperate__seed102,102,Llama-3.1-8B,Always Cooperate,41,0.0,1.0,4,0,11.189791666666663
llama31_8b__vs__always_cooperate__seed102,102,Llama-3.1-8B,Always Cooperate,42,0.0,1.0,4,0,11.172291666666663
llama31_8b__vs__always_cooperate__seed102,102,Llama-3.1-8B,Always Cooperate,43,0.0,1.0,4,0,11.154791666666663
llama31_8b__vs__always_cooperate__seed102,102,Llama-3.1-8B,Always Cooperate,44,0.0,1.0,4,0,11.137291666666663
llama31_8b__vs__always_cooperate__seed102,102,Llama-3.1-8B,Always Cooperate,45,0.0,1.0,4,0,11.119791666666663
llama31_8b__vs__always_cooperate__seed102,102,Llama-3.1-8B,Always Cooperate,46,0.0,1.0,4,0,11.102291666666662
llama31_8b__vs__always_cooperate__seed102,102,Llama-3.1-8B,Always Cooperate,47,0.0,1.0,4,0,11.084791666666662
llama31_8b__vs__always_cooperate__seed102,102,Llama-3.1-8B,Always Cooperate,48,0.0,1.0,4,0,11.067291666666662
llama31_8b__vs__always_cooperate__seed102,102,Llama-3.1-8B,Always Cooperate,49,0.0,1.0,4,0,11.049791666666662
llama31_8b__vs__always_cooperate__seed102,102,Llama-3.1-8B,Always Cooperate,50,0.0,1.0,4,0,11.032291666666662
llama31_8b__vs__always_cooperate__seed103,103,Llama-3.1-8B,Always Cooperate,1,0.0,1.0,4,0,12.0
llama31_8b__vs__always_cooperate__seed103,103,Llama-3.1-8B,Always Cooperate,2,0.0,1.0,4,0,11.9825
llama31_8b__vs__always_cooperate__seed103,103,Llama-3.1-8B,Always Cooperate,3,0.0,1.0,4,0,11.965
llama31_8b__vs__always_cooperate__seed103,103,Llama-3.1-8B,Always Cooperate,4,0.0,1.0,4,0,11.9475
llama31_8b__vs__always_cooperate__seed103,103,Llama-3.1-8B,Always Cooperate,5,0.0,1.0,4,0,11.93
llama31_8b__vs__always_cooperate__seed103,103,Llama-3.1-8B,Always Cooperate,6,0.0,1.0,4,0,11.9125
llama31_8b__vs__always_cooperate__seed103,103,Llama-3.1-8B,Always Cooperate,7,0.0,1.0,4,0,11.895
llama31_8b__vs__always_cooperate__seed103,103,Llama-3.1-8B,Always Cooperate,8,0.0,1.0,4,0,11.8775
llama31_8b__vs__always_cooperate__seed103,103,Llama-3.1-8B,Always Cooperate,9,0.0,1.0,4,0,12.609398232962016
llama31_8b__vs__always_cooperate__seed103,103,Llama-3.1-8B,Always Cooperate,10,0.0,1.0,4,0,11.886249999999999
llama31_8b__vs__always_cooperate__seed103,103,Llama-3.1-8B,Always Cooperate,11,0.0,1.0,4,0,11.890624999999998
llama31_8b__vs__always_cooperate__seed103,103,Llama-3.1-8B,Always Cooperate,12,0.0,1.0,4,0,11.894999999999998
llama31_8b__vs__always_cooperate__seed103,103,Llama-3.1-8B,Always Cooperate,13,0.0,1.0,4,0,11.899374999999997
llama31_8b__vs__always_cooperate__seed103,103,Llama-3.1-8B,Always Cooperate,14,0.0,1.0,4,0,11.903749999999997
llama31_8b__vs__always_cooperate__seed103,103,Llama-3.1-8B,Always Cooperate,15,0.0,1.0,4,0,11.908124999999997
llama31_8b__vs__always_cooperate__seed103,103,Llama-3.1-8B,Always Cooperate,16,0.0,1.0,4,0,11.912499999999996
llama31_8b__vs__always_cooperate__seed103,103,Llama-3.1-8B,Always Cooperate,17,0.0,1.0,4,0,11.894999999999996
llama31_8b__vs__always_cooperate__seed103,103,Llama-3.1-8B,Always Cooperate,18,0.0,1.0,4,0,11.877499999999996
llama31_8b__vs__always_cooperate__seed103,103,Llama-3.1-8B,Always Cooperate,19,0.0,1.0,4,0,11.859999999999996
llama31_8b__vs__always_cooperate__seed103,103,Llama-3.1-8B,Always Cooperate,20,0.0,1.0,4,0,11.842499999999996
llama31_8b__vs__always_cooperate__seed103,103,Llama-3.1-8B,Always Cooperate,21,0.0,1.0,4,0,11.824999999999996
llama31_8b__vs__always_cooperate__seed103,103,Llama-3.1-8B,Always Cooperate,22,0.0,1.0,4,0,12.547880075784208
llama31_8b__vs__always_cooperate__seed103,103,Llama-3.1-8B,Always Cooperate,23,0.0,1.0,4,0,11.822812499999994
llama31_8b__vs__always_cooperate__seed103,103,Llama-3.1-8B,Always Cooperate,24,0.0,1.0,4,0,11.821718749999993
llama31_8b__vs__always_cooperate__seed103,103,Llama-3.1-8B,Always Cooperate,25,0.0,1.0,4,0,11.820624999999993
llama31_8b__vs__always_cooperate__seed103,103,Llama-3.1-8B,Always Cooperate,26,0.0,1.0,4,0,11.819531249999992
llama31_8b__vs__always_cooperate__seed103,103,Llama-3.1-8B,Always Cooperate,27,0.0,1.0,4,0,11.818437499999991
llama31_8b__vs__always_cooperate__seed103,103,Llama-3.1-8B,Always Cooperate,28,0.0,1.0,4,0,11.81734374999999
llama31_8b__vs__always_cooperate__seed103,103,Llama-3.1-8B,Always Cooperate,29,0.0,1.0,4,0,11.81624999999999
llama31_8b__vs__always_cooperate__seed103,103,Llama-3.1-8B,Always Cooperate,30,0.0,1.0,4,0,12.526987116742685
llama31_8b__vs__always_cooperate__seed103,103,Llama-3.1-8B,Always Cooperate,31,0.0,1.0,4,0,11.79218749999999
llama31_8b__vs__always_cooperate__seed103,103,Llama-3.1-8B,Always Cooperate,32,0.0,1.0,4,0,11.78015624999999
llama31_8b__vs__always_cooperate__seed103,103,Llama-3.1-8B,Always Cooperate,33,0.0,1.0,4,0,11.76812499999999
llama31_8b__vs__always_cooperate__seed103,103,Llama-3.1-8B,Always Cooperate,34,0.0,1.0,4,0,12.48752263855315
llama31_8b__vs__always_cooperate__seed103,103,Llama-3.1-8B,Always Cooperate,35,0.0,1.0,4,0,11.765937499999989
llama31_8b__vs__always_cooperate__seed103,103,Llama-3.1-8B,Always Cooperate,36,0.0,1.0,4,0,11.764843749999988
llama31_8b__vs__always_cooperate__seed103,103,Llama-3.1-8B,Always Cooperate,37,0.0,1.0,4,0,11.763749999999987
llama31_8b__vs__always_cooperate__seed103,103,Llama-3.1-8B,Always Cooperate,38,0.0,1.0,4,0,11.757187499999988
llama31_8b__vs__always_cooperate__seed103,103,Llama-3.1-8B,Always Cooperate,39,0.0,1.0,4,0,11.750624999999989
llama31_8b__vs__always_cooperate__seed103,103,Llama-3.1-8B,Always Cooperate,40,0.0,1.0,4,0,11.74406249999999
llama31_8b__vs__always_cooperate__seed103,103,Llama-3.1-8B,Always Cooperate,41,0.0,1.0,4,0,11.73749999999999
llama31_8b__vs__always_cooperate__seed103,103,Llama-3.1-8B,Always Cooperate,42,0.0,1.0,4,0,11.71999999999999
llama31_8b__vs__always_cooperate__seed103,103,Llama-3.1-8B,Always Cooperate,43,0.0,1.0,4,0,11.70249999999999
llama31_8b__vs__always_cooperate__seed103,103,Llama-3.1-8B,Always Cooperate,44,0.0,1.0,4,0,11.68499999999999
llama31_8b__vs__always_cooperate__seed103,103,Llama-3.1-8B,Always Cooperate,45,0.0,1.0,4,0,11.66749999999999
llama31_8b__vs__always_cooperate__seed103,103,Llama-3.1-8B,Always Cooperate,46,0.0,1.0,4,0,12.369129203984548
llama31_8b__vs__always_cooperate__seed103,103,Llama-3.1-8B,Always Cooperate,47,0.0,1.0,4,0,11.64343749999999
llama31_8b__vs__always_cooperate__seed103,103,Llama-3.1-8B,Always Cooperate,48,0.0,1.0,4,0,11.609531249999991
llama31_8b__vs__always_cooperate__seed103,103,Llama-3.1-8B,Always Cooperate,49,0.0,1.0,4,0,11.575624999999992
llama31_8b__vs__always_cooperate__seed103,103,Llama-3.1-8B,Always Cooperate,50,0.0,1.0,4,0,11.541718749999992
llama31_8b__vs__always_cooperate__seed104,104,Llama-3.1-8B,Always Cooperate,1,0.0,1.0,4,0,12.0
llama31_8b__vs__always_cooperate__seed104,104,Llama-3.1-8B,Always Cooperate,2,0.0,1.0,4,0,11.9825
llama31_8b__vs__always_cooperate__seed104,104,Llama-3.1-8B,Always Cooperate,3,0.0,1.0,4,0,11.92125
llama31_8b__vs__always_cooperate__seed104,104,Llama-3.1-8B,Always Cooperate,4,0.0,1.0,4,0,11.845416666666667
llama31_8b__vs__always_cooperate__seed104,104,Llama-3.1-8B,Always Cooperate,5,0.0,1.0,4,0,11.784166666666668
llama31_8b__vs__always_cooperate__seed104,104,Llama-3.1-8B,Always Cooperate,6,0.0,1.0,4,0,11.731666666666667
llama31_8b__vs__always_cooperate__seed104,104,Llama-3.1-8B,Always Cooperate,7,0.0,1.0,4,0,11.685
llama31_8b__vs__always_cooperate__seed104,104,Llama-3.1-8B,Always Cooperate,8,0.0,1.0,4,0,11.6425
llama31_8b__vs__always_cooperate__seed104,104,Llama-3.1-8B,Always Cooperate,9,0.0,1.0,4,0,11.603125
llama31_8b__vs__always_cooperate__seed104,104,Llama-3.1-8B,Always Cooperate,10,0.0,1.0,4,0,11.56375
llama31_8b__vs__always_cooperate__seed104,104,Llama-3.1-8B,Always Cooperate,11,0.0,1.0,4,0,12.247419426710952
llama31_8b__vs__always_cooperate__seed104,104,Llama-3.1-8B,Always Cooperate,12,0.0,1.0,4,0,11.52875
llama31_8b__vs__always_cooperate__seed104,104,Llama-3.1-8B,Always Cooperate,13,0.0,1.0,4,0,11.51671875
llama31_8b__vs__always_cooperate__seed104,104,Llama-3.1-8B,Always Cooperate,14,0.0,1.0,4,0,11.504687500000001
llama31_8b__vs__always_cooperate__seed104,104,Llama-3.1-8B,Always Cooperate,15,0.0,1.0,4,0,11.492656250000001
llama31_8b__vs__always_cooperate__seed104,104,Llama-3.1-8B,Always Cooperate,16,0.0,1.0,4,0,11.480625000000002
llama31_8b__vs__always_cooperate__seed104,104,Llama-3.1-8B,Always Cooperate,17,0.0,1.0,4,0,11.468593750000002
llama31_8b__vs__always_cooperate__seed104,104,Llama-3.1-8B,Always Cooperate,18,0.0,1.0,4,0,11.456562500000002
llama31_8b__vs__always_cooperate__seed104,104,Llama-3.1-8B,Always Cooperate,19,0.0,1.0,4,0,12.145276071396864
llama31_8b__vs__always_cooperate__seed104,104,Llama-3.1-8B,Always Cooperate,20,0.0,1.0,4,0,11.432500000000003
llama31_8b__vs__always_cooperate__seed104,104,Llama-3.1-8B,Always Cooperate,21,0.0,1.0,4,0,11.420468750000003
llama31_8b__vs__always_cooperate__seed104,104,Llama-3.1-8B,Always Cooperate,22,0.0,1.0,4,0,11.408437500000003
llama31_8b__vs__always_cooperate__seed104,104,Llama-3.1-8B,Always Cooperate,23,0.0,1.0,4,0,11.380000000000003
llama31_8b__vs__always_cooperate__seed104,104,Llama-3.1-8B,Always Cooperate,24,0.0,1.0,4,0,11.351562500000002
llama31_8b__vs__always_cooperate__seed104,104,Llama-3.1-8B,Always Cooperate,25,0.0,1.0,4,0,11.323125000000001
llama31_8b__vs__always_cooperate__seed104,104,Llama-3.1-8B,Always Cooperate,26,0.0,1.0,4,0,12.003668237893239
llama31_8b__vs__always_cooperate__seed104,104,Llama-3.1-8B,Always Cooperate,27,0.0,1.0,4,0,11.293593750000001
llama31_8b__vs__always_cooperate__seed104,104,Llama-3.1-8B,Always Cooperate,28,0.0,1.0,4,0,11.276093750000001
llama31_8b__vs__always_cooperate__seed104,104,Llama-3.1-8B,Always Cooperate,29,0.0,1.0,4,0,11.258593750000001
llama31_8b__vs__always_cooperate__seed104,104,Llama-3.1-8B,Always Cooperate,30,0.0,1.0,4,0,11.235625
llama31_8b__vs__always_cooperate__seed104,104,Llama-3.1-8B,Always Cooperate,31,0.0,1.0,4,0,11.229062500000001
llama31_8b__vs__always_cooperate__seed104,104,Llama-3.1-8B,Always Cooperate,32,0.0,1.0,4,0,11.222500000000002
llama31_8b__vs__always_cooperate__seed104,104,Llama-3.1-8B,Always Cooperate,33,0.0,1.0,4,0,11.215937500000003
llama31_8b__vs__always_cooperate__seed104,104,Llama-3.1-8B,Always Cooperate,34,0.0,1.0,4,0,11.187500000000002
llama31_8b__vs__always_cooperate__seed104,104,Llama-3.1-8B,Always Cooperate,35,0.0,1.0,4,0,11.159062500000001
llama31_8b__vs__always_cooperate__seed104,104,Llama-3.1-8B,Always Cooperate,36,0.0,1.0,4,0,11.130625
llama31_8b__vs__always_cooperate__seed104,104,Llama-3.1-8B,Always Cooperate,37,0.0,1.0,4,0,11.1021875
llama31_8b__vs__always_cooperate__seed104,104,Llama-3.1-8B,Always Cooperate,38,0.0,1.0,4,0,11.079218749999999
llama31_8b__vs__always_cooperate__seed104,104,Llama-3.1-8B,Always Cooperate,39,0.0,1.0,4,0,11.056249999999999
llama31_8b__vs__always_cooperate__seed104,104,Llama-3.1-8B,Always Cooperate,40,0.0,1.0,4,0,11.033281249999998
llama31_8b__vs__always_cooperate__seed104,104,Llama-3.1-8B,Always Cooperate,41,0.0,1.0,4,0,10.999374999999999
llama31_8b__vs__always_cooperate__seed104,104,Llama-3.1-8B,Always Cooperate,42,0.0,1.0,4,0,10.970937499999998
llama31_8b__vs__always_cooperate__seed104,104,Llama-3.1-8B,Always Cooperate,43,0.0,1.0,4,0,10.942499999999997
llama31_8b__vs__always_cooperate__seed104,104,Llama-3.1-8B,Always Cooperate,44,0.0,1.0,4,0,10.914062499999996
llama31_8b__vs__always_cooperate__seed104,104,Llama-3.1-8B,Always Cooperate,45,0.0,1.0,4,0,10.885624999999996
llama31_8b__vs__always_cooperate__seed104,104,Llama-3.1-8B,Always Cooperate,46,0.0,1.0,4,0,10.857187499999995
llama31_8b__vs__always_cooperate__seed104,104,Llama-3.1-8B,Always Cooperate,47,0.0,1.0,4,0,10.828749999999994
llama31_8b__vs__always_cooperate__seed104,104,Llama-3.1-8B,Always Cooperate,48,0.0,1.0,4,0,10.800312499999993
llama31_8b__vs__always_cooperate__seed104,104,Llama-3.1-8B,Always Cooperate,49,0.0,1.0,4,0,10.782812499999993
llama31_8b__vs__always_cooperate__seed104,104,Llama-3.1-8B,Always Cooperate,50,0.0,1.0,4,0,10.748906249999994
llama31_8b__vs__always_cooperate__seed105,105,Llama-3.1-8B,Always Cooperate,1,0.0,1.0,4,0,12.0
llama31_8b__vs__always_cooperate__seed105,105,Llama-3.1-8B,Always Cooperate,2,0.0,1.0,4,0,11.9825
llama31_8b__vs__always_cooperate__seed105,105,Llama-3.1-8B,Always Cooperate,3,0.0,1.0,4,0,11.965
llama31_8b__vs__always_cooperate__seed105,105,Llama-3.1-8B,Always Cooperate,4,0.0,1.0,4,0,11.9475
llama31_8b__vs__always_cooperate__seed105,105,Llama-3.1-8B,Always Cooperate,5,0.0,1.0,4,0,11.93
llama31_8b__vs__always_cooperate__seed105,105,Llama-3.1-8B,Always Cooperate,6,0.0,1.0,4,0,11.9125
llama31_8b__vs__always_cooperate__seed105,105,Llama-3.1-8B,Always Cooperate,7,0.0,1.0,4,0,11.895
llama31_8b__vs__always_cooperate__seed105,105,Llama-3.1-8B,Always Cooperate,8,0.0,1.0,4,0,11.8775
llama31_8b__vs__always_cooperate__seed105,105,Llama-3.1-8B,Always Cooperate,9,0.0,1.0,4,0,11.86
llama31_8b__vs__always_cooperate__seed105,105,Llama-3.1-8B,Always Cooperate,10,0.0,1.0,4,0,11.8425
llama31_8b__vs__always_cooperate__seed105,105,Llama-3.1-8B,Always Cooperate,11,0.0,1.0,4,0,11.825
llama31_8b__vs__always_cooperate__seed105,105,Llama-3.1-8B,Always Cooperate,12,0.0,1.0,4,0,11.8075
llama31_8b__vs__always_cooperate__seed105,105,Llama-3.1-8B,Always Cooperate,13,0.0,1.0,4,0,11.79
llama31_8b__vs__always_cooperate__seed105,105,Llama-3.1-8B,Always Cooperate,14,0.0,1.0,4,0,11.772499999999999
llama31_8b__vs__always_cooperate__seed105,105,Llama-3.1-8B,Always Cooperate,15,0.0,1.0,4,0,11.754999999999999
llama31_8b__vs__always_cooperate__seed105,105,Llama-3.1-8B,Always Cooperate,16,0.0,1.0,4,0,11.737499999999999
llama31_8b__vs__always_cooperate__seed105,105,Llama-3.1-8B,Always Cooperate,17,0.0,1.0,4,0,11.719999999999999
llama31_8b__vs__always_cooperate__seed105,105,Llama-3.1-8B,Always Cooperate,18,0.0,1.0,4,0,11.702499999999999
llama31_8b__vs__always_cooperate__seed105,105,Llama-3.1-8B,Always Cooperate,19,0.0,1.0,4,0,11.684999999999999
llama31_8b__vs__always_cooperate__seed105,105,Llama-3.1-8B,Always Cooperate,20,0.0,1.0,4,0,11.667499999999999
llama31_8b__vs__always_cooperate__seed105,105,Llama-3.1-8B,Always Cooperate,21,0.0,1.0,4,0,11.649999999999999
llama31_8b__vs__always_cooperate__seed105,105,Llama-3.1-8B,Always Cooperate,22,0.0,1.0,4,0,11.632499999999999
llama31_8b__vs__always_cooperate__seed105,105,Llama-3.1-8B,Always Cooperate,23,0.0,1.0,4,0,11.614999999999998
llama31_8b__vs__always_cooperate__seed105,105,Llama-3.1-8B,Always Cooperate,24,0.0,1.0,4,0,11.597499999999998
llama31_8b__vs__always_cooperate__seed105,105,Llama-3.1-8B,Always Cooperate,25,0.0,1.0,4,0,11.579999999999998
llama31_8b__vs__always_cooperate__seed105,105,Llama-3.1-8B,Always Cooperate,26,0.0,1.0,4,0,11.562499999999998
llama31_8b__vs__always_cooperate__seed105,105,Llama-3.1-8B,Always Cooperate,27,0.0,1.0,4,0,11.544999999999998
llama31_8b__vs__always_cooperate__seed105,105,Llama-3.1-8B,Always Cooperate,28,0.0,1.0,4,0,11.527499999999998
llama31_8b__vs__always_cooperate__seed105,105,Llama-3.1-8B,Always Cooperate,29,0.0,1.0,4,0,11.509999999999998
llama31_8b__vs__always_cooperate__seed105,105,Llama-3.1-8B,Always Cooperate,30,0.0,1.0,4,0,11.492499999999998
llama31_8b__vs__always_cooperate__seed105,105,Llama-3.1-8B,Always Cooperate,31,0.0,1.0,4,0,12.195021211971902
llama31_8b__vs__always_cooperate__seed105,105,Llama-3.1-8B,Always Cooperate,32,0.0,1.0,4,0,11.490312499999996
llama31_8b__vs__always_cooperate__seed105,105,Llama-3.1-8B,Always Cooperate,33,0.0,1.0,4,0,11.489218749999996
llama31_8b__vs__always_cooperate__seed105,105,Llama-3.1-8B,Always Cooperate,34,0.0,1.0,4,0,11.488124999999995
llama31_8b__vs__always_cooperate__seed105,105,Llama-3.1-8B,Always Cooperate,35,0.0,1.0,4,0,11.481562499999995
llama31_8b__vs__always_cooperate__seed105,105,Llama-3.1-8B,Always Cooperate,36,0.0,1.0,4,0,11.474999999999996
llama31_8b__vs__always_cooperate__seed105,105,Llama-3.1-8B,Always Cooperate,37,0.0,1.0,4,0,11.468437499999997
llama31_8b__vs__always_cooperate__seed105,105,Llama-3.1-8B,Always Cooperate,38,0.0,1.0,4,0,11.461874999999997
llama31_8b__vs__always_cooperate__seed105,105,Llama-3.1-8B,Always Cooperate,39,0.0,1.0,4,0,11.438906249999997
llama31_8b__vs__always_cooperate__seed105,105,Llama-3.1-8B,Always Cooperate,40,0.0,1.0,4,0,11.415937499999997
llama31_8b__vs__always_cooperate__seed105,105,Llama-3.1-8B,Always Cooperate,41,0.0,1.0,4,0,11.392968749999996
llama31_8b__vs__always_cooperate__seed105,105,Llama-3.1-8B,Always Cooperate,42,0.0,1.0,4,0,11.369999999999996
llama31_8b__vs__always_cooperate__seed105,105,Llama-3.1-8B,Always Cooperate,43,0.0,1.0,4,0,12.065020577935787
llama31_8b__vs__always_cooperate__seed105,105,Llama-3.1-8B,Always Cooperate,44,0.0,1.0,4,0,11.367812499999994
llama31_8b__vs__always_cooperate__seed105,105,Llama-3.1-8B,Always Cooperate,45,0.0,1.0,4,0,11.366718749999993
llama31_8b__vs__always_cooperate__seed105,105,Llama-3.1-8B,Always Cooperate,46,0.0,1.0,4,0,11.365624999999993
llama31_8b__vs__always_cooperate__seed105,105,Llama-3.1-8B,Always Cooperate,47,0.0,1.0,4,0,11.364531249999992
llama31_8b__vs__always_cooperate__seed105,105,Llama-3.1-8B,Always Cooperate,48,0.0,1.0,4,0,11.363437499999991
llama31_8b__vs__always_cooperate__seed105,105,Llama-3.1-8B,Always Cooperate,49,0.0,1.0,4,0,11.36234374999999
llama31_8b__vs__always_cooperate__seed105,105,Llama-3.1-8B,Always Cooperate,50,0.0,1.0,4,0,11.35031249999999
llama31_8b__vs__always_defect__seed101,101,Llama-3.1-8B,Always Defect,1,0.0,0.0,4,4,0.0
llama31_8b__vs__always_defect__seed101,101,Llama-3.1-8B,Always Defect,2,0.0,0.0,4,4,0.0
llama31_8b__vs__always_defect__seed101,101,Llama-3.1-8B,Always Defect,3,0.0,0.0,4,4,0.0
llama31_8b__vs__always_defect__seed101,101,Llama-3.1-8B,Always Defect,4,0.0,0.0,4,4,0.0
llama31_8b__vs__always_defect__seed101,101,Llama-3.1-8B,Always Defect,5,0.0,0.0,4,4,0.0
llama31_8b__vs__always_defect__seed101,101,Llama-3.1-8B,Always Defect,6,0.0,0.0,4,4,0.0
llama31_8b__vs__always_defect__seed101,101,Llama-3.1-8B,Always Defect,7,0.0,0.0,4,4,0.0
llama31_8b__vs__always_defect__seed101,101,Llama-3.1-8B,Always Defect,8,0.0,0.0,4,4,0.0
llama31_8b__vs__always_defect__seed101,101,Llama-3.1-8B,Always Defect,9,0.0,0.0,4,4,0.0
llama31_8b__vs__always_defect__seed101,101,Llama-3.1-8B,Always Defect,10,0.0,0.0,4,4,0.0
llama31_8b__vs__always_defect__seed101,101,Llama-3.1-8B,Always Defect,11,0.0,0.0,4,4,0.0
llama31_8b__vs__always_defect__seed101,101,Llama-3.1-8B,Always Defect,12,0.0,0.0,4,4,0.0
llama31_8b__vs__always_defect__seed101,101,Llama-3.1-8B,Always Defect,13,0.0,0.0,4,4,0.0
llama31_8b__vs__always_defect__seed101,101,Llama-3.1-8B,Always Defect,14,0.0,0.0,4,4,0.0
llama31_8b__vs__always_defect__seed101,101,Llama-3.1-8B,Always Defect,15,0.0,0.0,4,4,0.0
llama31_8b__vs__always_defect__seed101,101,Llama-3.1-8B,Always Defect,16,0.0,0.0,4,4,0.0
llama31_8b__vs__always_defect__seed101,101,Llama-3.1-8B,Always Defect,17,0.0,0.0,4,4,0.0
llama31_8b__vs__always_defect__seed101,101,Llama-3.1-8B,Always Defect,18,0.0,0.0,4,4,0.0
llama31_8b__vs__always_defect__seed101,101,Llama-3.1-8B,Always Defect,19,0.0,0.0,4,4,0.0
llama31_8b__vs__always_defect__seed101,101,Llama-3.1-8B,Always Defect,20,0.0,0.0,4,4,0.0
llama31_8b__vs__always_defect__seed101,101,Llama-3.1-8B,Always Defect,21,0.0,0.0,4,4,0.0
llama31_8b__vs__always_defect__seed101,101,Llama-3.1-8B,Always Defect,22,0.0,0.0,4,4,0.0
llama31_8b__vs__always_defect__seed101,101,Llama-3.1-8B,Always Defect,23,0.0,0.0,4,4,0.0
llama31_8b__vs__always_defect__seed101,101,Llama-3.1-8B,Always Defect,24,0.0,0.0,4,4,0.0
llama31_8b__vs__always_defect__seed101,101,Llama-3.1-8B,Always Defect,25,0.0,0.0,4,4,0.0
llama31_8b__vs__always_defect__seed101,101,Llama-3.1-8B,Always Defect,26,0.0,0.0,4,4,0.0
llama31_8b__vs__always_defect__seed101,101,Llama-3.1-8B,Always Defect,27,0.0,0.0,4,4,0.0
llama31_8b__vs__always_defect__seed101,101,Llama-3.1-8B,Always Defect,28,0.0,0.0,4,4,0.0
llama31_8b__vs__always_defect__seed101,101,Llama-3.1-8B,Always Defect,29,0.0,0.0,4,4,0.0
llama31_8b__vs__always_defect__seed101,101,Llama-3.1-8B,Always Defect,30,0.0,0.0,4,4,0.0
llama31_8b__vs__always_defect__seed101,101,Llama-3.1-8B,Always Defect,31,0.0,0.0,4,4,0.0
llama31_8b__vs__always_defect__seed101,101,Llama-3.1-8B,Always Defect,32,0.0,0.0,4,4,0.0
llama31_8b__vs__always_defect__seed101,101,Llama-3.1-8B,Always Defect,33,0.0,0.0,4,4,0.0
llama31_8b__vs__always_defect__seed101,101,Llama-3.1-8B,Always Defect,34,0.0,0.0,4,4,0.0
llama31_8b__vs__always_defect__seed101,101,Llama-3.1-8B,Always Defect,35,0.0,0.0,4,4,0.0
llama31_8b__vs__always_defect__seed101,101,Llama-3.1-8B,Always Defect,36,0.0,0.0,4,4,0.0
llama31_8b__vs__always_defect__seed101,101,Llama-3.1-8B,Always Defect,37,0.0,0.0,4,4,0.0
llama31_8b__vs__always_defect__seed101,101,Llama-3.1-8B,Always Defect,38,0.0,0.0,4,4,0.0
llama31_8b__vs__always_defect__seed101,101,Llama-3.1-8B,Always Defect,39,0.0,0.0,4,4,0.0
llama31_8b__vs__always_defect__seed101,101,Llama-3.1-8B,Always Defect,40,0.0,0.0,4,4,0.0
llama31_8b__vs__always_defect__seed101,101,Llama-3.1-8B,Always Defect,41,0.0,0.0,4,4,0.0
llama31_8b__vs__always_defect__seed101,101,Llama-3.1-8B,Always Defect,42,0.0,0.0,4,4,0.0
llama31_8b__vs__always_defect__seed101,101,Llama-3.1-8B,Always Defect,43,0.0,0.0,4,4,0.0
llama31_8b__vs__always_defect__seed101,101,Llama-3.1-8B,Always Defect,44,0.0,0.0,4,4,0.0
llama31_8b__vs__always_defect__seed101,101,Llama-3.1-8B,Always Defect,45,0.0,0.0,4,4,0.0
llama31_8b__vs__always_defect__seed101,101,Llama-3.1-8B,Always Defect,46,0.0,0.0,4,4,0.0
llama31_8b__vs__always_defect__seed101,101,Llama-3.1-8B,Always Defect,47,0.0,0.0,4,4,0.0
llama31_8b__vs__always_defect__seed101,101,Llama-3.1-8B,Always Defect,48,0.0,0.0,4,4,0.0
llama31_8b__vs__always_defect__seed101,101,Llama-3.1-8B,Always Defect,49,0.0,0.0,4,4,0.0
llama31_8b__vs__always_defect__seed101,101,Llama-3.1-8B,Always Defect,50,0.0,0.0,4,4,0.0
llama31_8b__vs__always_defect__seed102,102,Llama-3.1-8B,Always Defect,1,0.0,0.0,4,4,0.0
llama31_8b__vs__always_defect__seed102,102,Llama-3.1-8B,Always Defect,2,0.0,0.0,4,4,0.0
llama31_8b__vs__always_defect__seed102,102,Llama-3.1-8B,Always Defect,3,0.0,0.0,4,4,0.0
llama31_8b__vs__always_defect__seed102,102,Llama-3.1-8B,Always Defect,4,0.0,0.0,4,4,0.0
llama31_8b__vs__always_defect__seed102,102,Llama-3.1-8B,Always Defect,5,0.0,0.0,4,4,0.0
llama31_8b__vs__always_defect__seed102,102,Llama-3.1-8B,Always Defect,6,0.0,0.0,4,4,0.0
llama31_8b__vs__always_defect__seed102,102,Llama-3.1-8B,Always Defect,7,0.0,0.0,4,4,0.0
llama31_8b__vs__always_defect__seed102,102,Llama-3.1-8B,Always Defect,8,0.0,0.0,4,4,0.0
llama31_8b__vs__always_defect__seed102,102,Llama-3.1-8B,Always Defect,9,0.0,0.0,4,4,0.0
llama31_8b__vs__always_defect__seed102,102,Llama-3.1-8B,Always Defect,10,0.0,0.0,4,4,0.0
llama31_8b__vs__always_defect__seed102,102,Llama-3.1-8B,Always Defect,11,0.0,0.0,4,4,0.0
llama31_8b__vs__always_defect__seed102,102,Llama-3.1-8B,Always Defect,12,0.0,0.0,4,4,0.0
llama31_8b__vs__always_defect__seed102,102,Llama-3.1-8B,Always Defect,13,0.0,0.0,4,4,0.0
llama31_8b__vs__always_defect__seed102,102,Llama-3.1-8B,Always Defect,14,0.0,0.0,4,4,0.0
llama31_8b__vs__always_defect__seed102,102,Llama-3.1-8B,Always Defect,15,0.0,0.0,4,4,0.0
llama31_8b__vs__always_defect__seed102,102,Llama-3.1-8B,Always Defect,16,0.0,0.0,4,4,0.0
llama31_8b__vs__always_defect__seed102,102,Llama-3.1-8B,Always Defect,17,0.0,0.0,4,4,0.0
llama31_8b__vs__always_defect__seed102,102,Llama-3.1-8B,Always Defect,18,0.0,0.0,4,4,0.0
llama31_8b__vs__always_defect__seed102,102,Llama-3.1-8B,Always Defect,19,0.0,0.0,4,4,0.0
llama31_8b__vs__always_defect__seed102,102,Llama-3.1-8B,Always Defect,20,0.0,0.0,4,4,0.0
llama31_8b__vs__always_defect__seed102,102,Llama-3.1-8B,Always Defect,21,0.0,0.0,4,4,0.0
llama31_8b__vs__always_defect__seed102,102,Llama-3.1-8B,Always Defect,22,0.0,0.0,4,4,0.0
llama31_8b__vs__always_defect__seed102,102,Llama-3.1-8B,Always Defect,23,0.0,0.0,4,4,0.0
llama31_8b__vs__always_defect__seed102,102,Llama-3.1-8B,Always Defect,24,0.0,0.0,4,4,0.0
llama31_8b__vs__always_defect__seed102,102,Llama-3.1-8B,Always Defect,25,0.0,0.0,4,4,0.0
llama31_8b__vs__always_defect__seed102,102,Llama-3.1-8B,Always Defect,26,0.0,0.0,4,4,0.0
llama31_8b__vs__always_defect__seed102,102,Llama-3.1-8B,Always Defect,27,0.0,0.0,4,4,0.0
llama31_8b__vs__always_defect__seed102,102,Llama-3.1-8B,Always Defect,28,0.0,0.0,4,4,0.0
llama31_8b__vs__always_defect__seed102,102,Llama-3.1-8B,Always Defect,29,0.0,0.0,4,4,0.0
llama31_8b__vs__always_defect__seed102,102,Llama-3.1-8B,Always Defect,30,0.0,0.0,4,4,0.0
llama31_8b__vs__always_defect__seed102,102,Llama-3.1-8B,Always Defect,31,0.0,0.0,4,4,0.0
llama31_8b__vs__always_defect__seed102,102,Llama-3.1-8B,Always Defect,32,0.0,0.0,4,4,0.0
llama31_8b__vs__always_defect__seed102,102,Llama-3.1-8B,Always Defect,33,0.0,0.0,4,4,0.0
llama31_8b__vs__always_defect__seed102,102,Llama-3.1-8B,Always Defect,34,0.0,0.0,4,4,0.0
llama31_8b__vs__always_defect__seed102,102,Llama-3.1-8B,Always Defect,35,0.0,0.0,4,4,0.0
llama31_8b__vs__always_defect__seed102,102,Llama-3.1-8B,Always Defect,36,0.0,0.0,4,4,0.0
llama31_8b__vs__always_defect__seed102,102,Llama-3.1-8B,Always Defect,37,0.0,0.0,4,4,0.0
llama31_8b__vs__always_defect__seed102,102,Llama-3.1-8B,Always Defect,38,0.0,0.0,4,4,0.0
llama31_8b__vs__always_defect__seed102,102,Llama-3.1-8B,Always Defect,39,0.0,0.0,4,4,0.0
llama31_8b__vs__always_defect__seed102,102,Llama-3.1-8B,Always Defect,40,0.0,0.0,4,4,0.0
llama31_8b__vs__always_defect__seed102,102,Llama-3.1-8B,Always Defect,41,0.0,0.0,4,4,0.0
llama31_8b__vs__always_defect__seed102,102,Llama-3.1-8B,Always Defect,42,0.0,0.0,4,4,0.0
llama31_8b__vs__always_defect__seed102,102,Llama-3.1-8B,Always Defect,43,0.0,0.0,4,4,0.0
llama31_8b__vs__always_defect__seed102,102,Llama-3.1-8B,Always Defect,44,0.0,0.0,4,4,0.0
llama31_8b__vs__always_defect__seed102,102,Llama-3.1-8B,Always Defect,45,0.0,0.0,4,4,0.0
llama31_8b__vs__always_defect__seed102,102,Llama-3.1-8B,Always Defect,46,0.0,0.0,4,4,0.0
llama31_8b__vs__always_defect__seed102,102,Llama-3.1-8B,Always Defect,47,0.0,0.0,4,4,0.0
llama31_8b__vs__always_defect__seed102,102,Llama-3.1-8B,Always Defect,48,0.0,0.0,4,4,0.0
llama31_8b__vs__always_defect__seed102,102,Llama-3.1-8B,Always Defect,49,0.0,0.0,4,4,0.0
llama31_8b__vs__always_defect__seed102,102,Llama-3.1-8B,Always Defect,50,0.0,0.0,4,4,0.0
llama31_8b__vs__always_defect__seed103,103,Llama-3.1-8B,Always Defect,1,0.0,0.0,4,4,0.0
llama31_8b__vs__always_defect__seed103,103,Llama-3.1-8B,Always Defect,2,0.0,0.0,4,4,0.0
llama31_8b__vs__always_defect__seed103,103,Llama-3.1-8B,Always Defect,3,0.0,0.0,4,4,0.0
llama31_8b__vs__always_defect__seed103,103,Llama-3.1-8B,Always Defect,4,0.0,0.0,4,4,0.0
llama31_8b__vs__always_defect__seed103,103,Llama-3.1-8B,Always Defect,5,0.0,0.0,4,4,0.0
llama31_8b__vs__always_defect__seed103,103,Llama-3.1-8B,Always Defect,6,0.0,0.0,4,4,0.0
llama31_8b__vs__always_defect__seed103,103,Llama-3.1-8B,Always Defect,7,0.0,0.0,4,4,0.0
llama31_8b__vs__always_defect__seed103,103,Llama-3.1-8B,Always Defect,8,0.0,0.0,4,4,0.0
llama31_8b__vs__always_defect__seed103,103,Llama-3.1-8B,Always Defect,9,0.0,0.0,4,4,0.0
llama31_8b__vs__always_defect__seed103,103,Llama-3.1-8B,Always Defect,10,0.0,0.0,4,4,0.0
llama31_8b__vs__always_defect__seed103,103,Llama-3.1-8B,Always Defect,11,0.0,0.0,4,4,0.0
llama31_8b__vs__always_defect__seed103,103,Llama-3.1-8B,Always Defect,12,0.0,0.0,4,4,0.0
llama31_8b__vs__always_defect__seed103,103,Llama-3.1-8B,Always Defect,13,0.0,0.0,4,4,0.0
llama31_8b__vs__always_defect__seed103,103,Llama-3.1-8B,Always Defect,14,0.0,0.0,4,4,0.0
llama31_8b__vs__always_defect__seed103,103,Llama-3.1-8B,Always Defect,15,0.0,0.0,4,4,0.0
llama31_8b__vs__always_defect__seed103,103,Llama-3.1-8B,Always Defect,16,0.0,0.0,4,4,0.0
llama31_8b__vs__always_defect__seed103,103,Llama-3.1-8B,Always Defect,17,0.0,0.0,4,4,0.0
llama31_8b__vs__always_defect__seed103,103,Llama-3.1-8B,Always Defect,18,0.0,0.0,4,4,0.0
llama31_8b__vs__always_defect__seed103,103,Llama-3.1-8B,Always Defect,19,0.0,0.0,4,4,0.0
llama31_8b__vs__always_defect__seed103,103,Llama-3.1-8B,Always Defect,20,0.0,0.0,4,4,0.0
llama31_8b__vs__always_defect__seed103,103,Llama-3.1-8B,Always Defect,21,0.0,0.0,4,4,0.0
llama31_8b__vs__always_defect__seed103,103,Llama-3.1-8B,Always Defect,22,0.0,0.0,4,4,0.0
llama31_8b__vs__always_defect__seed103,103,Llama-3.1-8B,Always Defect,23,0.0,0.0,4,4,0.0
llama31_8b__vs__always_defect__seed103,103,Llama-3.1-8B,Always Defect,24,0.0,0.0,4,4,0.0
llama31_8b__vs__always_defect__seed103,103,Llama-3.1-8B,Always Defect,25,0.0,0.0,4,4,0.0
llama31_8b__vs__always_defect__seed103,103,Llama-3.1-8B,Always Defect,26,0.0,0.0,4,4,0.0
llama31_8b__vs__always_defect__seed103,103,Llama-3.1-8B,Always Defect,27,0.0,0.0,4,4,0.0
llama31_8b__vs__always_defect__seed103,103,Llama-3.1-8B,Always Defect,28,0.0,0.0,4,4,0.0
llama31_8b__vs__always_defect__seed103,103,Llama-3.1-8B,Always Defect,29,0.0,0.0,4,4,0.0
llama31_8b__vs__always_defect__seed103,103,Llama-3.1-8B,Always Defect,30,0.0,0.0,4,4,0.0
llama31_8b__vs__always_defect__seed103,103,Llama-3.1-8B,Always Defect,31,0.0,0.0,4,4,0.0
llama31_8b__vs__always_defect__seed103,103,Llama-3.1-8B,Always Defect,32,0.0,0.0,4,4,0.0
llama31_8b__vs__always_defect__seed103,103,Llama-3.1-8B,Always Defect,33,0.0,0.0,4,4,0.0
llama31_8b__vs__always_defect__seed103,103,Llama-3.1-8B,Always Defect,34,0.0,0.0,4,4,0.0
llama31_8b__vs__always_defect__seed103,103,Llama-3.1-8B,Always Defect,35,0.0,0.0,4,4,0.0
llama31_8b__vs__always_defect__seed103,103,Llama-3.1-8B,Always Defect,36,0.0,0.0,4,4,0.0
llama31_8b__vs__always_defect__seed103,103,Llama-3.1-8B,Always Defect,37,0.0,0.0,4,4,0.0
llama31_8b__vs__always_defect__seed103,103,Llama-3.1-8B,Always Defect,38,0.0,0.0,4,4,0.0
llama31_8b__vs__always_defect__seed103,103,Llama-3.1-8B,Always Defect,39,0.0,0.0,4,4,0.0
llama31_8b__vs__always_defect__seed103,103,Llama-3.1-8B,Always Defect,40,0.0,0.0,4,4,0.0
llama31_8b__vs__always_defect__seed103,103,Llama-3.1-8B,Always Defect,41,0.0,0.0,4,4,0.0
llama31_8b__vs__always_defect__seed103,103,Llama-3.1-8B,Always Defect,42,0.0,0.0,4,4,0.0
llama31_8b__vs__always_defect__seed103,103,Llama-3.1-8B,Always Defect,43,0.0,0.0,4,4,0.0
llama31_8b__vs__always_defect__seed103,103,Llama-3.1-8B,Always Defect,44,0.0,0.0,4,4,0.0
llama31_8b__vs__always_defect__seed103,103,Llama-3.1-8B,Always Defect,45,0.0,0.0,4,4,0.0
llama31_8b__vs__always_defect__seed103,103,Llama-3.1-8B,Always Defect,46,0.0,0.0,4,4,0.0
llama31_8b__vs__always_defect__seed103,103,Llama-3.1-8B,Always Defect,47,0.0,0.0,4,4,0.0
llama31_8b__vs__always_defect__seed103,103,Llama-3.1-8B,Always Defect,48,0.0,0.0,4,4,0.0
llama31_8b__vs__always_defect__seed103,103,Llama-3.1-8B,Always Defect,49,0.0,0.0,4,4,0.0
llama31_8b__vs__always_defect__seed103,103,Llama-3.1-8B,Always Defect,50,0.0,0.0,4,4,0.0
llama31_8b__vs__always_defect__seed104,104,Llama-3.1-8B,Always Defect,1,0.0,0.0,4,4,0.0
llama31_8b__vs__always_defect__seed104,104,Llama-3.1-8B,Always Defect,2,0.0,0.0,4,4,0.0
llama31_8b__vs__always_defect__seed104,104,Llama-3.1-8B,Always Defect,3,0.0,0.0,4,4,0.0
llama31_8b__vs__always_defect__seed104,104,Llama-3.1-8B,Always Defect,4,0.0,0.0,4,4,0.0
llama31_8b__vs__always_defect__seed104,104,Llama-3.1-8B,Always Defect,5,0.0,0.0,4,4,0.0
llama31_8b__vs__always_defect__seed104,104,Llama-3.1-8B,Always Defect,6,0.0,0.0,4,4,0.0
llama31_8b__vs__always_defect__seed104,104,Llama-3.1-8B,Always Defect,7,0.0,0.0,4,4,0.0
llama31_8b__vs__always_defect__seed104,104,Llama-3.1-8B,Always Defect,8,0.0,0.0,4,4,0.0
llama31_8b__vs__always_defect__seed104,104,Llama-3.1-8B,Always Defect,9,0.0,0.0,4,4,0.0
llama31_8b__vs__always_defect__seed104,104,Llama-3.1-8B,Always Defect,10,0.0,0.0,4,4,0.0
llama31_8b__vs__always_defect__seed104,104,Llama-3.1-8B,Always Defect,11,0.0,0.0,4,4,0.0
llama31_8b__vs__always_defect__seed104,104,Llama-3.1-8B,Always Defect,12,0.0,0.0,4,4,0.0
llama31_8b__vs__always_defect__seed104,104,Llama-3.1-8B,Always Defect,13,0.0,0.0,4,4,0.0
llama31_8b__vs__always_defect__seed104,104,Llama-3.1-8B,Always Defect,14,0.0,0.0,4,4,0.0
llama31_8b__vs__always_defect__seed104,104,Llama-3.1-8B,Always Defect,15,0.0,0.0,4,4,0.0
llama31_8b__vs__always_defect__seed104,104,Llama-3.1-8B,Always Defect,16,0.0,0.0,4,4,0.0
llama31_8b__vs__always_defect__seed104,104,Llama-3.1-8B,Always Defect,17,0.0,0.0,4,4,0.0
llama31_8b__vs__always_defect__seed104,104,Llama-3.1-8B,Always Defect,18,0.0,0.0,4,4,0.0
llama31_8b__vs__always_defect__seed104,104,Llama-3.1-8B,Always Defect,19,0.0,0.0,4,4,0.0
llama31_8b__vs__always_defect__seed104,104,Llama-3.1-8B,Always Defect,20,0.0,0.0,4,4,0.0
llama31_8b__vs__always_defect__seed104,104,Llama-3.1-8B,Always Defect,21,0.0,0.0,4,4,0.0
llama31_8b__vs__always_defect__seed104,104,Llama-3.1-8B,Always Defect,22,0.0,0.0,4,4,0.0
llama31_8b__vs__always_defect__seed104,104,Llama-3.1-8B,Always Defect,23,0.0,0.0,4,4,0.0
llama31_8b__vs__always_defect__seed104,104,Llama-3.1-8B,Always Defect,24,0.0,0.0,4,4,0.0
llama31_8b__vs__always_defect__seed104,104,Llama-3.1-8B,Always Defect,25,0.0,0.0,4,4,0.0
llama31_8b__vs__always_defect__seed104,104,Llama-3.1-8B,Always Defect,26,0.0,0.0,4,4,0.0
llama31_8b__vs__always_defect__seed104,104,Llama-3.1-8B,Always Defect,27,0.0,0.0,4,4,0.0
llama31_8b__vs__always_defect__seed104,104,Llama-3.1-8B,Always Defect,28,0.0,0.0,4,4,0.0
llama31_8b__vs__always_defect__seed104,104,Llama-3.1-8B,Always Defect,29,0.0,0.0,4,4,0.0
llama31_8b__vs__always_defect__seed104,104,Llama-3.1-8B,Always Defect,30,0.0,0.0,4,4,0.0
llama31_8b__vs__always_defect__seed104,104,Llama-3.1-8B,Always Defect,31,0.0,0.0,4,4,0.0
llama31_8b__vs__always_defect__seed104,104,Llama-3.1-8B,Always Defect,32,0.0,0.0,4,4,0.0
llama31_8b__vs__always_defect__seed104,104,Llama-3.1-8B,Always Defect,33,0.0,0.0,4,4,0.0
llama31_8b__vs__always_defect__seed104,104,Llama-3.1-8B,Always Defect,34,0.0,0.0,4,4,0.0
llama31_8b__vs__always_defect__seed104,104,Llama-3.1-8B,Always Defect,35,0.0,0.0,4,4,0.0
llama31_8b__vs__always_defect__seed104,104,Llama-3.1-8B,Always Defect,36,0.0,0.0,4,4,0.0
llama31_8b__vs__always_defect__seed104,104,Llama-3.1-8B,Always Defect,37,0.0,0.0,4,4,0.0
llama31_8b__vs__always_defect__seed104,104,Llama-3.1-8B,Always Defect,38,0.0,0.0,4,4,0.0
llama31_8b__vs__always_defect__seed104,104,Llama-3.1-8B,Always Defect,39,0.0,0.0,4,4,0.0
llama31_8b__vs__always_defect__seed104,104,Llama-3.1-8B,Always Defect,40,0.0,0.0,4,4,0.0
llama31_8b__vs__always_defect__seed104,104,Llama-3.1-8B,Always Defect,41,0.0,0.0,4,4,0.0
llama31_8b__vs__always_defect__seed104,104,Llama-3.1-8B,Always Defect,42,0.0,0.0,4,4,0.0
llama31_8b__vs__always_defect__seed104,104,Llama-3.1-8B,Always Defect,43,0.0,0.0,4,4,0.0
llama31_8b__vs__always_defect__seed104,104,Llama-3.1-8B,Always Defect,44,0.0,0.0,4,4,0.0
llama31_8b__vs__always_defect__seed104,104,Llama-3.1-8B,Always Defect,45,0.0,0.0,4,4,0.0
llama31_8b__vs__always_defect__seed104,104,Llama-3.1-8B,Always Defect,46,0.0,0.0,4,4,0.0
llama31_8b__vs__always_defect__seed104,104,Llama-3.1-8B,Always Defect,47,0.0,0.0,4,4,0.0
llama31_8b__vs__always_defect__seed104,104,Llama-3.1-8B,Always Defect,48,0.0,0.0,4,4,0.0
llama31_8b__vs__always_defect__seed104,104,Llama-3.1-8B,Always Defect,49,0.0,0.0,4,4,0.0
llama31_8b__vs__always_defect__seed104,104,Llama-3.1-8B,Always Defect,50,0.0,0.0,4,4,0.0
llama31_8b__vs__always_defect__seed105,105,Llama-3.1-8B,Always Defect,1,0.0,0.0,4,4,0.0
llama31_8b__vs__always_defect__seed105,105,Llama-3.1-8B,Always Defect,2,0.0,0.0,4,4,0.0
llama31_8b__vs__always_defect__seed105,105,Llama-3.1-8B,Always Defect,3,0.0,0.0,4,4,0.0
llama31_8b__vs__always_defect__seed105,105,Llama-3.1-8B,Always Defect,4,0.0,0.0,4,4,0.0
llama31_8b__vs__always_defect__seed105,105,Llama-3.1-8B,Always Defect,5,0.0,0.0,4,4,0.0
llama31_8b__vs__always_defect__seed105,105,Llama-3.1-8B,Always Defect,6,0.0,0.0,4,4,0.0
llama31_8b__vs__always_defect__seed105,105,Llama-3.1-8B,Always Defect,7,0.0,0.0,4,4,0.0
llama31_8b__vs__always_defect__seed105,105,Llama-3.1-8B,Always Defect,8,0.0,0.0,4,4,0.0
llama31_8b__vs__always_defect__seed105,105,Llama-3.1-8B,Always Defect,9,0.0,0.0,4,4,0.0
llama31_8b__vs__always_defect__seed105,105,Llama-3.1-8B,Always Defect,10,0.0,0.0,4,4,0.0
llama31_8b__vs__always_defect__seed105,105,Llama-3.1-8B,Always Defect,11,0.0,0.0,4,4,0.0
llama31_8b__vs__always_defect__seed105,105,Llama-3.1-8B,Always Defect,12,0.0,0.0,4,4,0.0
llama31_8b__vs__always_defect__seed105,105,Llama-3.1-8B,Always Defect,13,0.0,0.0,4,4,0.0
llama31_8b__vs__always_defect__seed105,105,Llama-3.1-8B,Always Defect,14,0.0,0.0,4,4,0.0
llama31_8b__vs__always_defect__seed105,105,Llama-3.1-8B,Always Defect,15,0.0,0.0,4,4,0.0
llama31_8b__vs__always_defect__seed105,105,Llama-3.1-8B,Always Defect,16,0.0,0.0,4,4,0.0
llama31_8b__vs__always_defect__seed105,105,Llama-3.1-8B,Always Defect,17,0.0,0.0,4,4,0.0
llama31_8b__vs__always_defect__seed105,105,Llama-3.1-8B,Always Defect,18,0.0,0.0,4,4,0.0
llama31_8b__vs__always_defect__seed105,105,Llama-3.1-8B,Always Defect,19,0.0,0.0,4,4,0.0
llama31_8b__vs__always_defect__seed105,105,Llama-3.1-8B,Always Defect,20,0.0,0.0,4,4,0.0
llama31_8b__vs__always_defect__seed105,105,Llama-3.1-8B,Always Defect,21,0.0,0.0,4,4,0.0
llama31_8b__vs__always_defect__seed105,105,Llama-3.1-8B,Always Defect,22,0.0,0.0,4,4,0.0
llama31_8b__vs__always_defect__seed105,105,Llama-3.1-8B,Always Defect,23,0.0,0.0,4,4,0.0
llama31_8b__vs__always_defect__seed105,105,Llama-3.1-8B,Always Defect,24,0.0,0.0,4,4,0.0
llama31_8b__vs__always_defect__seed105,105,Llama-3.1-8B,Always Defect,25,0.0,0.0,4,4,0.0
llama31_8b__vs__always_defect__seed105,105,Llama-3.1-8B,Always Defect,26,0.0,0.0,4,4,0.0
llama31_8b__vs__always_defect__seed105,105,Llama-3.1-8B,Always Defect,27,0.0,0.0,4,4,0.0
llama31_8b__vs__always_defect__seed105,105,Llama-3.1-8B,Always Defect,28,0.0,0.0,4,4,0.0
llama31_8b__vs__always_defect__seed105,105,Llama-3.1-8B,Always Defect,29,0.0,0.0,4,4,0.0
llama31_8b__vs__always_defect__seed105,105,Llama-3.1-8B,Always Defect,30,0.0,0.0,4,4,0.0
llama31_8b__vs__always_defect__seed105,105,Llama-3.1-8B,Always Defect,31,0.0,0.0,4,4,0.0
llama31_8b__vs__always_defect__seed105,105,Llama-3.1-8B,Always Defect,32,0.0,0.0,4,4,0.0
llama31_8b__vs__always_defect__seed105,105,Llama-3.1-8B,Always Defect,33,0.0,0.0,4,4,0.0
llama31_8b__vs__always_defect__seed105,105,Llama-3.1-8B,Always Defect,34,0.0,0.0,4,4,0.0
llama31_8b__vs__always_defect__seed105,105,Llama-3.1-8B,Always Defect,35,0.0,0.0,4,4,0.0
llama31_8b__vs__always_defect__seed105,105,Llama-3.1-8B,Always Defect,36,0.0,0.0,4,4,0.0
llama31_8b__vs__always_defect__seed105,105,Llama-3.1-8B,Always Defect,37,0.0,0.0,4,4,0.0
llama31_8b__vs__always_defect__seed105,105,Llama-3.1-8B,Always Defect,38,0.0,0.0,4,4,0.0
llama31_8b__vs__always_defect__seed105,105,Llama-3.1-8B,Always Defect,39,0.0,0.0,4,4,0.0
llama31_8b__vs__always_defect__seed105,105,Llama-3.1-8B,Always Defect,40,0.0,0.0,4,4,0.0
llama31_8b__vs__always_defect__seed105,105,Llama-3.1-8B,Always Defect,41,0.0,0.0,4,4,0.0
llama31_8b__vs__always_defect__seed105,105,Llama-3.1-8B,Always Defect,42,0.0,0.0,4,4,0.0
llama31_8b__vs__always_defect__seed105,105,Llama-3.1-8B,Always Defect,43,0.0,0.0,4,4,0.0
llama31_8b__vs__always_defect__seed105,105,Llama-3.1-8B,Always Defect,44,0.0,0.0,4,4,0.0
llama31_8b__vs__always_defect__seed105,105,Llama-3.1-8B,Always Defect,45,0.0,0.0,4,4,0.0
llama31_8b__vs__always_defect__seed105,105,Llama-3.1-8B,Always Defect,46,0.0,0.0,4,4,0.0
llama31_8b__vs__always_defect__seed105,105,Llama-3.1-8B,Always Defect,47,0.0,0.0,4,4,0.0
llama31_8b__vs__always_defect__seed105,105,Llama-3.1-8B,Always Defect,48,0.0,0.0,4,4,0.0
llama31_8b__vs__always_defect__seed105,105,Llama-3.1-8B,Always Defect,49,0.0,0.0,4,4,0.0
llama31_8b__vs__always_defect__seed105,105,Llama-3.1-8B,Always Defect,50,0.0,0.0,4,4,0.0
llama31_8b__vs__graded_tft__seed101,101,Llama-3.1-8B,Graded TFT,1,0.0,1.0,4,0,12.0
llama31_8b__vs__graded_tft__seed101,101,Llama-3.1-8B,Graded TFT,2,0.0,0.5,4,2,5.99125
llama31_8b__vs__graded_tft__seed101,101,Llama-3.1-8B,Graded TFT,3,0.0,0.25,4,3,2.9803125
llama31_8b__vs__graded_tft__seed101,101,Llama-3.1-8B,Graded TFT,4,0.0,0.0,4,4,0.0
llama31_8b__vs__graded_tft__seed101,101,Llama-3.1-8B,Graded TFT,5,0.0,0.0,4,4,0.0
llama31_8b__vs__graded_tft__seed101,101,Llama-3.1-8B,Graded TFT,6,0.0,0.0,4,4,0.0
llama31_8b__vs__graded_tft__seed101,101,Llama-3.1-8B,Graded TFT,7,0.0,0.0,4,4,0.0
llama31_8b__vs__graded_tft__seed101,101,Llama-3.1-8B,Graded TFT,8,0.0,0.0,4,4,0.0
llama31_8b__vs__graded_tft__seed101,101,Llama-3.1-8B,Graded TFT,9,0.0,0.0,4,4,0.0
llama31_8b__vs__graded_tft__seed101,101,Llama-3.1-8B,Graded TFT,10,0.0,0.0,4,4,0.0
llama31_8b__vs__graded_tft__seed101,101,Llama-3.1-8B,Graded TFT,11,0.0,0.0,4,4,0.0
llama31_8b__vs__graded_tft__seed101,101,Llama-3.1-8B,Graded TFT,12,0.0,0.0,4,4,0.0
llama31_8b__vs__graded_tft__seed101,101,Llama-3.1-8B,Graded TFT,13,0.0,0.0,4,4,0.0
llama31_8b__vs__graded_tft__seed101,101,Llama-3.1-8B,Graded TFT,14,0.0,0.0,4,4,0.0
llama31_8b__vs__graded_tft__seed101,101,Llama-3.1-8B,Graded TFT,15,0.0,0.0,4,4,0.0
llama31_8b__vs__graded_tft__seed101,101,Llama-3.1-8B,Graded TFT,16,0.0,0.0,4,4,0.0
llama31_8b__vs__graded_tft__seed101,101,Llama-3.1-8B,Graded TFT,17,0.0,0.0,4,4,0.0
llama31_8b__vs__graded_tft__seed101,101,Llama-3.1-8B,Graded TFT,18,0.0,0.0,4,4,0.0
llama31_8b__vs__graded_tft__seed101,101,Llama-3.1-8B,Graded TFT,19,0.0,0.0,4,4,0.0
llama31_8b__vs__graded_tft__seed101,101,Llama-3.1-8B,Graded TFT,20,0.0,0.0,4,4,0.0
llama31_8b__vs__graded_tft__seed101,101,Llama-3.1-8B,Graded TFT,21,0.0,0.0,4,4,0.0
llama31_8b__vs__graded_tft__seed101,101,Llama-3.1-8B,Graded TFT,22,0.0,0.0,4,4,0.0
llama31_8b__vs__graded_tft__seed101,101,Llama-3.1-8B,Graded TFT,23,0.0,0.0,4,4,0.0
llama31_8b__vs__graded_tft__seed101,101,Llama-3.1-8B,Graded TFT,24,0.0,0.0,4,4,0.0
llama31_8b__vs__graded_tft__seed101,101,Llama-3.1-8B,Graded TFT,25,0.0,0.0,4,4,0.0
llama31_8b__vs__graded_tft__seed101,101,Llama-3.1-8B,Graded TFT,26,0.0,0.0,4,4,0.0
llama31_8b__vs__graded_tft__seed101,101,Llama-3.1-8B,Graded TFT,27,0.0,0.0,4,4,0.0
llama31_8b__vs__graded_tft__seed101,101,Llama-3.1-8B,Graded TFT,28,0.0,0.0,4,4,0.0
llama31_8b__vs__graded_tft__seed101,101,Llama-3.1-8B,Graded TFT,29,0.0,0.0,4,4,0.0
llama31_8b__vs__graded_tft__seed101,101,Llama-3.1-8B,Graded TFT,30,0.0,0.0,4,4,0.0
llama31_8b__vs__graded_tft__seed101,101,Llama-3.1-8B,Graded TFT,31,0.0,0.0,4,4,0.0
llama31_8b__vs__graded_tft__seed101,101,Llama-3.1-8B,Graded TFT,32,0.0,0.0,4,4,0.0
llama31_8b__vs__graded_tft__seed101,101,Llama-3.1-8B,Graded TFT,33,0.0,0.0,4,4,0.0
llama31_8b__vs__graded_tft__seed101,101,Llama-3.1-8B,Graded TFT,34,0.0,0.0,4,4,0.0
llama31_8b__vs__graded_tft__seed101,101,Llama-3.1-8B,Graded TFT,35,0.0,0.0,4,4,0.0
llama31_8b__vs__graded_tft__seed101,101,Llama-3.1-8B,Graded TFT,36,0.0,0.0,4,4,0.0
llama31_8b__vs__graded_tft__seed101,101,Llama-3.1-8B,Graded TFT,37,0.0,0.0,4,4,0.0
llama31_8b__vs__graded_tft__seed101,101,Llama-3.1-8B,Graded TFT,38,0.0,0.0,4,4,0.0
llama31_8b__vs__graded_tft__seed101,101,Llama-3.1-8B,Graded TFT,39,0.0,0.0,4,4,0.0
llama31_8b__vs__graded_tft__seed101,101,Llama-3.1-8B,Graded TFT,40,0.0,0.0,4,4,0.0
llama31_8b__vs__graded_tft__seed101,101,Llama-3.1-8B,Graded TFT,41,0.0,0.0,4,4,0.0
llama31_8b__vs__graded_tft__seed101,101,Llama-3.1-8B,Graded TFT,42,0.0,0.0,4,4,0.0
llama31_8b__vs__graded_tft__seed101,101,Llama-3.1-8B,Graded TFT,43,0.0,0.0,4,4,0.0
llama31_8b__vs__graded_tft__seed101,101,Llama-3.1-8B,Graded TFT,44,0.0,0.0,4,4,0.0
llama31_8b__vs__graded_tft__seed101,101,Llama-3.1-8B,Graded TFT,45,0.0,0.0,4,4,0.0
llama31_8b__vs__graded_tft__seed101,101,Llama-3.1-8B,Graded TFT,46,0.0,0.0,4,4,0.0
llama31_8b__vs__graded_tft__seed101,101,Llama-3.1-8B,Graded TFT,47,0.0,0.0,4,4,0.0
llama31_8b__vs__graded_tft__seed101,101,Llama-3.1-8B,Graded TFT,48,0.0,0.0,4,4,0.0
llama31_8b__vs__graded_tft__seed101,101,Llama-3.1-8B,Graded TFT,49,0.0,0.0,4,4,0.0
llama31_8b__vs__graded_tft__seed101,101,Llama-3.1-8B,Graded TFT,50,0.0,0.0,4,4,0.0
llama31_8b__vs__graded_tft__seed102,102,Llama-3.1-8B,Graded TFT,1,0.0,1.0,4,0,12.0
llama31_8b__vs__graded_tft__seed102,102,Llama-3.1-8B,Graded TFT,2,0.0,0.5,4,2,5.99125
llama31_8b__vs__graded_tft__seed102,102,Llama-3.1-8B,Graded TFT,3,0.0,0.25,4,3,2.9803125
llama31_8b__vs__graded_tft__seed102,102,Llama-3.1-8B,Graded TFT,4,0.0,0.0,4,4,0.0
llama31_8b__vs__graded_tft__seed102,102,Llama-3.1-8B,Graded TFT,5,0.0,0.5,4,2,5.873854166666667
llama31_8b__vs__graded_tft__seed102,102,Llama-3.1-8B,Graded TFT,6,0.0,0.25,4,3,2.9150520833333333
llama31_8b__vs__graded_tft__seed102,102,Llama-3.1-8B,Graded TFT,7,0.0,0.0,4,4,0.0
llama31_8b__vs__graded_tft__seed102,102,Llama-3.1-8B,Graded TFT,8,0.0,0.0,4,4,0.0
llama31_8b__vs__graded_tft__seed102,102,Llama-3.1-8B,Graded TFT,9,0.0,0.0,4,4,0.0
llama31_8b__vs__graded_tft__seed102,102,Llama-3.1-8B,Graded TFT,10,0.0,0.0,4,4,0.0
llama31_8b__vs__graded_tft__seed102,102,Llama-3.1-8B,Graded TFT,11,0.0,0.0,4,4,0.0
llama31_8b__vs__graded_tft__seed102,102,Llama-3.1-8B,Graded TFT,12,0.0,0.0,4,4,0.0
llama31_8b__vs__graded_tft__seed102,102,Llama-3.1-8B,Graded TFT,13,0.0,0.0,4,4,0.0
llama31_8b__vs__graded_tft__seed102,102,Llama-3.1-8B,Graded TFT,14,0.0,0.0,4,4,0.0
llama31_8b__vs__graded_tft__seed102,102,Llama-3.1-8B,Graded TFT,15,0.0,0.0,4,4,0.0
llama31_8b__vs__graded_tft__seed102,102,Llama-3.1-8B,Graded TFT,16,0.0,0.0,4,4,0.0
llama31_8b__vs__graded_tft__seed102,102,Llama-3.1-8B,Graded TFT,17,0.0,0.0,4,4,0.0
llama31_8b__vs__graded_tft__seed102,102,Llama-3.1-8B,Graded TFT,18,0.0,0.0,4,4,0.0
llama31_8b__vs__graded_tft__seed102,102,Llama-3.1-8B,Graded TFT,19,0.0,0.0,4,4,0.0
llama31_8b__vs__graded_tft__seed102,102,Llama-3.1-8B,Graded TFT,20,0.0,0.0,4,4,0.0
llama31_8b__vs__graded_tft__seed102,102,Llama-3.1-8B,Graded TFT,21,0.0,0.0,4,4,0.0
llama31_8b__vs__graded_tft__seed102,102,Llama-3.1-8B,Graded TFT,22,0.0,0.0,4,4,0.0
llama31_8b__vs__graded_tft__seed102,102,Llama-3.1-8B,Graded TFT,23,0.0,0.0,4,4,0.0
llama31_8b__vs__graded_tft__seed102,102,Llama-3.1-8B,Graded TFT,24,0.0,0.0,4,4,0.0
llama31_8b__vs__graded_tft__seed102,102,Llama-3.1-8B,Graded TFT,25,0.0,0.0,4,4,0.0
llama31_8b__vs__graded_tft__seed102,102,Llama-3.1-8B,Graded TFT,26,0.0,0.0,4,4,0.0
llama31_8b__vs__graded_tft__seed102,102,Llama-3.1-8B,Graded TFT,27,0.0,0.0,4,4,0.0
llama31_8b__vs__graded_tft__seed102,102,Llama-3.1-8B,Graded TFT,28,0.0,0.0,4,4,0.0
llama31_8b__vs__graded_tft__seed102,102,Llama-3.1-8B,Graded TFT,29,0.0,0.0,4,4,0.0
llama31_8b__vs__graded_tft__seed102,102,Llama-3.1-8B,Graded TFT,30,0.0,0.0,4,4,0.0
llama31_8b__vs__graded_tft__seed102,102,Llama-3.1-8B,Graded TFT,31,0.0,0.0,4,4,0.0
llama31_8b__vs__graded_tft__seed102,102,Llama-3.1-8B,Graded TFT,32,0.0,0.0,4,4,0.0
llama31_8b__vs__graded_tft__seed102,102,Llama-3.1-8B,Graded TFT,33,0.0,0.0,4,4,0.0
llama31_8b__vs__graded_tft__seed102,102,Llama-3.1-8B,Graded TFT,34,0.0,0.0,4,4,0.0
llama31_8b__vs__graded_tft__seed102,102,Llama-3.1-8B,Graded TFT,35,0.0,0.0,4,4,0.0
llama31_8b__vs__graded_tft__seed102,102,Llama-3.1-8B,Graded TFT,36,0.0,0.0,4,4,0.0
llama31_8b__vs__graded_tft__seed102,102,Llama-3.1-8B,Graded TFT,37,0.0,0.0,4,4,0.0
llama31_8b__vs__graded_tft__seed102,102,Llama-3.1-8B,Graded TFT,38,0.0,0.0,4,4,0.0
llama31_8b__vs__graded_tft__seed102,102,Llama-3.1-8B,Graded TFT,39,0.0,0.0,4,4,0.0
llama31_8b__vs__graded_tft__seed102,102,Llama-3.1-8B,Graded TFT,40,0.0,0.0,4,4,0.0
llama31_8b__vs__graded_tft__seed102,102,Llama-3.1-8B,Graded TFT,41,0.0,0.0,4,4,0.0
llama31_8b__vs__graded_tft__seed102,102,Llama-3.1-8B,Graded TFT,42,0.0,0.0,4,4,0.0
llama31_8b__vs__graded_tft__seed102,102,Llama-3.1-8B,Graded TFT,43,0.0,0.0,4,4,0.0
llama31_8b__vs__graded_tft__seed102,102,Llama-3.1-8B,Graded TFT,44,0.0,0.0,4,4,0.0
llama31_8b__vs__graded_tft__seed102,102,Llama-3.1-8B,Graded TFT,45,0.0,0.0,4,4,0.0
llama31_8b__vs__graded_tft__seed102,102,Llama-3.1-8B,Graded TFT,46,0.0,0.0,4,4,0.0
llama31_8b__vs__graded_tft__seed102,102,Llama-3.1-8B,Graded TFT,47,0.0,0.0,4,4,0.0
llama31_8b__vs__graded_tft__seed102,102,Llama-3.1-8B,Graded TFT,48,0.0,0.0,4,4,0.0
llama31_8b__vs__graded_tft__seed102,102,Llama-3.1-8B,Graded TFT,49,0.0,0.0,4,4,0.0
llama31_8b__vs__graded_tft__seed102,102,Llama-3.1-8B,Graded TFT,50,0.0,0.0,4,4,0.0
llama31_8b__vs__graded_tft__seed103,103,Llama-3.1-8B,Graded TFT,1,0.0,1.0,4,0,12.0
llama31_8b__vs__graded_tft__seed103,103,Llama-3.1-8B,Graded TFT,2,0.0,0.5,4,2,5.99125
llama31_8b__vs__graded_tft__seed103,103,Llama-3.1-8B,Graded TFT,3,0.0,0.25,4,3,2.9803125
llama31_8b__vs__graded_tft__seed103,103,Llama-3.1-8B,Graded TFT,4,0.0,0.0,4,4,0.0
llama31_8b__vs__graded_tft__seed103,103,Llama-3.1-8B,Graded TFT,5,0.0,0.0,4,4,0.0
llama31_8b__vs__graded_tft__seed103,103,Llama-3.1-8B,Graded TFT,6,0.0,0.0,4,4,0.0
llama31_8b__vs__graded_tft__seed103,103,Llama-3.1-8B,Graded TFT,7,0.0,0.0,4,4,0.0
llama31_8b__vs__graded_tft__seed103,103,Llama-3.1-8B,Graded TFT,8,0.0,0.0,4,4,0.0
llama31_8b__vs__graded_tft__seed103,103,Llama-3.1-8B,Graded TFT,9,0.0,0.5,4,2,5.580546875000001
llama31_8b__vs__graded_tft__seed103,103,Llama-3.1-8B,Graded TFT,10,0.0,0.25,4,3,2.754453125000001
llama31_8b__vs__graded_tft__seed103,103,Llama-3.1-8B,Graded TFT,11,0.0,0.0,4,4,0.0
llama31_8b__vs__graded_tft__seed103,103,Llama-3.1-8B,Graded TFT,12,0.0,0.0,4,4,0.0
llama31_8b__vs__graded_tft__seed103,103,Llama-3.1-8B,Graded TFT,13,0.0,0.0,4,4,0.0
llama31_8b__vs__graded_tft__seed103,103,Llama-3.1-8B,Graded TFT,14,0.0,0.0,4,4,0.0
llama31_8b__vs__graded_tft__seed103,103,Llama-3.1-8B,Graded TFT,15,0.0,0.0,4,4,0.0
llama31_8b__vs__graded_tft__seed103,103,Llama-3.1-8B,Graded TFT,16,0.0,0.0,4,4,0.0
llama31_8b__vs__graded_tft__seed103,103,Llama-3.1-8B,Graded TFT,17,0.0,0.0,4,4,0.0
llama31_8b__vs__graded_tft__seed103,103,Llama-3.1-8B,Graded TFT,18,0.0,0.0,4,4,0.0
llama31_8b__vs__graded_tft__seed103,103,Llama-3.1-8B,Graded TFT,19,0.0,0.0,4,4,0.0
llama31_8b__vs__graded_tft__seed103,103,Llama-3.1-8B,Graded TFT,20,0.0,0.0,4,4,0.0
llama31_8b__vs__graded_tft__seed103,103,Llama-3.1-8B,Graded TFT,21,0.0,0.0,4,4,0.0
llama31_8b__vs__graded_tft__seed103,103,Llama-3.1-8B,Graded TFT,22,0.0,0.5,4,2,4.5
llama31_8b__vs__graded_tft__seed103,103,Llama-3.1-8B,Graded TFT,23,0.0,0.25,4,3,2.25
llama31_8b__vs__graded_tft__seed103,103,Llama-3.1-8B,Graded TFT,24,0.0,0.0,4,4,0.0
llama31_8b__vs__graded_tft__seed103,103,Llama-3.1-8B,Graded TFT,25,0.0,0.0,4,4,0.0
llama31_8b__vs__graded_tft__seed103,103,Llama-3.1-8B,Graded TFT,26,0.0,0.0,4,4,0.0
llama31_8b__vs__graded_tft__seed103,103,Llama-3.1-8B,Graded TFT,27,0.0,0.0,4,4,0.0
llama31_8b__vs__graded_tft__seed103,103,Llama-3.1-8B,Graded TFT,28,0.0,0.0,4,4,0.0
llama31_8b__vs__graded_tft__seed103,103,Llama-3.1-8B,Graded TFT,29,0.0,0.0,4,4,0.0
llama31_8b__vs__graded_tft__seed103,103,Llama-3.1-8B,Graded TFT,30,0.0,0.0,4,4,0.0
llama31_8b__vs__graded_tft__seed103,103,Llama-3.1-8B,Graded TFT,31,0.0,0.0,4,4,0.0
llama31_8b__vs__graded_tft__seed103,103,Llama-3.1-8B,Graded TFT,32,0.0,0.0,4,4,0.0
llama31_8b__vs__graded_tft__seed103,103,Llama-3.1-8B,Graded TFT,33,0.0,0.0,4,4,0.0
llama31_8b__vs__graded_tft__seed103,103,Llama-3.1-8B,Graded TFT,34,0.0,0.25,4,3,2.25
llama31_8b__vs__graded_tft__seed103,103,Llama-3.1-8B,Graded TFT,35,0.0,0.0,4,4,0.0
llama31_8b__vs__graded_tft__seed103,103,Llama-3.1-8B,Graded TFT,36,0.0,0.0,4,4,0.0
llama31_8b__vs__graded_tft__seed103,103,Llama-3.1-8B,Graded TFT,37,0.0,0.0,4,4,0.0
llama31_8b__vs__graded_tft__seed103,103,Llama-3.1-8B,Graded TFT,38,0.0,0.0,4,4,0.0
llama31_8b__vs__graded_tft__seed103,103,Llama-3.1-8B,Graded TFT,39,0.0,0.0,4,4,0.0
llama31_8b__vs__graded_tft__seed103,103,Llama-3.1-8B,Graded TFT,40,0.0,0.0,4,4,0.0
llama31_8b__vs__graded_tft__seed103,103,Llama-3.1-8B,Graded TFT,41,0.0,0.0,4,4,0.0
llama31_8b__vs__graded_tft__seed103,103,Llama-3.1-8B,Graded TFT,42,0.0,0.0,4,4,0.0
llama31_8b__vs__graded_tft__seed103,103,Llama-3.1-8B,Graded TFT,43,0.0,0.0,4,4,0.0
llama31_8b__vs__graded_tft__seed103,103,Llama-3.1-8B,Graded TFT,44,0.0,0.0,4,4,0.0
llama31_8b__vs__graded_tft__seed103,103,Llama-3.1-8B,Graded TFT,45,0.0,0.0,4,4,0.0
llama31_8b__vs__graded_tft__seed103,103,Llama-3.1-8B,Graded TFT,46,0.0,0.0,4,4,0.0
llama31_8b__vs__graded_tft__seed103,103,Llama-3.1-8B,Graded TFT,47,0.0,0.0,4,4,0.0
llama31_8b__vs__graded_tft__seed103,103,Llama-3.1-8B,Graded TFT,48,0.0,0.0,4,4,0.0
llama31_8b__vs__graded_tft__seed103,103,Llama-3.1-8B,Graded TFT,49,0.0,0.0,4,4,0.0
llama31_8b__vs__graded_tft__seed103,103,Llama-3.1-8B,Graded TFT,50,0.0,0.0,4,4,0.0
llama31_8b__vs__graded_tft__seed104,104,Llama-3.1-8B,Graded TFT,1,0.0,1.0,4,0,12.0
llama31_8b__vs__graded_tft__seed104,104,Llama-3.1-8B,Graded TFT,2,0.0,0.5,4,2,5.99125
llama31_8b__vs__graded_tft__seed104,104,Llama-3.1-8B,Graded TFT,3,0.0,0.5,4,2,5.9715625
llama31_8b__vs__graded_tft__seed104,104,Llama-3.1-8B,Graded TFT,4,0.0,0.5,4,2,5.948229166666667
llama31_8b__vs__graded_tft__seed104,104,Llama-3.1-8B,Graded TFT,5,0.0,0.25,4,3,2.9588020833333335
llama31_8b__vs__graded_tft__seed104,104,Llama-3.1-8B,Graded TFT,6,0.0,0.0,4,4,0.0
llama31_8b__vs__graded_tft__seed104,104,Llama-3.1-8B,Graded TFT,7,0.0,0.0,4,4,0.0
llama31_8b__vs__graded_tft__seed104,104,Llama-3.1-8B,Graded TFT,8,0.0,0.0,4,4,0.0
llama31_8b__vs__graded_tft__seed104,104,Llama-3.1-8B,Graded TFT,9,0.0,0.0,4,4,0.0
llama31_8b__vs__graded_tft__seed104,104,Llama-3.1-8B,Graded TFT,10,0.0,0.0,4,4,0.0
llama31_8b__vs__graded_tft__seed104,104,Llama-3.1-8B,Graded TFT,11,0.0,0.0,4,4,0.0
llama31_8b__vs__graded_tft__seed104,104,Llama-3.1-8B,Graded TFT,12,0.0,0.0,4,4,0.0
llama31_8b__vs__graded_tft__seed104,104,Llama-3.1-8B,Graded TFT,13,0.0,0.0,4,4,0.0
llama31_8b__vs__graded_tft__seed104,104,Llama-3.1-8B,Graded TFT,14,0.0,0.0,4,4,0.0
llama31_8b__vs__graded_tft__seed104,104,Llama-3.1-8B,Graded TFT,15,0.0,0.0,4,4,0.0
llama31_8b__vs__graded_tft__seed104,104,Llama-3.1-8B,Graded TFT,16,0.0,0.0,4,4,0.0
llama31_8b__vs__graded_tft__seed104,104,Llama-3.1-8B,Graded TFT,17,0.0,0.0,4,4,0.0
llama31_8b__vs__graded_tft__seed104,104,Llama-3.1-8B,Graded TFT,18,0.0,0.0,4,4,0.0
llama31_8b__vs__graded_tft__seed104,104,Llama-3.1-8B,Graded TFT,19,0.0,0.0,4,4,0.0
llama31_8b__vs__graded_tft__seed104,104,Llama-3.1-8B,Graded TFT,20,0.0,0.0,4,4,0.0
llama31_8b__vs__graded_tft__seed104,104,Llama-3.1-8B,Graded TFT,21,0.0,0.0,4,4,0.0
llama31_8b__vs__graded_tft__seed104,104,Llama-3.1-8B,Graded TFT,22,0.0,0.0,4,4,0.0
llama31_8b__vs__graded_tft__seed104,104,Llama-3.1-8B,Graded TFT,23,0.0,0.25,4,3,2.25
llama31_8b__vs__graded_tft__seed104,104,Llama-3.1-8B,Graded TFT,24,0.0,0.0,4,4,0.0
llama31_8b__vs__graded_tft__seed104,104,Llama-3.1-8B,Graded TFT,25,0.0,0.0,4,4,0.0
llama31_8b__vs__graded_tft__seed104,104,Llama-3.1-8B,Graded TFT,26,0.0,0.5,4,2,4.5
llama31_8b__vs__graded_tft__seed104,104,Llama-3.1-8B,Graded TFT,27,0.0,0.25,4,3,2.25
llama31_8b__vs__graded_tft__seed104,104,Llama-3.1-8B,Graded TFT,28,0.0,0.0,4,4,0.0
llama31_8b__vs__graded_tft__seed104,104,Llama-3.1-8B,Graded TFT,29,0.0,0.0,4,4,0.0
llama31_8b__vs__graded_tft__seed104,104,Llama-3.1-8B,Graded TFT,30,0.0,0.5,4,2,4.5
llama31_8b__vs__graded_tft__seed104,104,Llama-3.1-8B,Graded TFT,31,0.0,0.25,4,3,2.25
llama31_8b__vs__graded_tft__seed104,104,Llama-3.1-8B,Graded TFT,32,0.0,0.0,4,4,0.0
llama31_8b__vs__graded_tft__seed104,104,Llama-3.1-8B,Graded TFT,33,0.0,0.0,4,4,0.0
llama31_8b__vs__graded_tft__seed104,104,Llama-3.1-8B,Graded TFT,34,0.0,0.5,4,2,4.5
llama31_8b__vs__graded_tft__seed104,104,Llama-3.1-8B,Graded TFT,35,0.0,0.25,4,3,2.25
llama31_8b__vs__graded_tft__seed104,104,Llama-3.1-8B,Graded TFT,36,0.0,0.0,4,4,0.0
llama31_8b__vs__graded_tft__seed104,104,Llama-3.1-8B,Graded TFT,37,0.0,0.0,4,4,0.0
llama31_8b__vs__graded_tft__seed104,104,Llama-3.1-8B,Graded TFT,38,0.0,0.0,4,4,0.0
llama31_8b__vs__graded_tft__seed104,104,Llama-3.1-8B,Graded TFT,39,0.0,0.0,4,4,0.0
llama31_8b__vs__graded_tft__seed104,104,Llama-3.1-8B,Graded TFT,40,0.0,0.0,4,4,0.0
llama31_8b__vs__graded_tft__seed104,104,Llama-3.1-8B,Graded TFT,41,0.0,0.5,4,2,4.5
llama31_8b__vs__graded_tft__seed104,104,Llama-3.1-8B,Graded TFT,42,0.0,0.25,4,3,2.25
llama31_8b__vs__graded_tft__seed104,104,Llama-3.1-8B,Graded TFT,43,0.0,0.0,4,4,0.0
llama31_8b__vs__graded_tft__seed104,104,Llama-3.1-8B,Graded TFT,44,0.0,0.0,4,4,0.0
llama31_8b__vs__graded_tft__seed104,104,Llama-3.1-8B,Graded TFT,45,0.0,0.0,4,4,0.0
llama31_8b__vs__graded_tft__seed104,104,Llama-3.1-8B,Graded TFT,46,0.0,0.0,4,4,0.0
llama31_8b__vs__graded_tft__seed104,104,Llama-3.1-8B,Graded TFT,47,0.0,0.0,4,4,0.0
llama31_8b__vs__graded_tft__seed104,104,Llama-3.1-8B,Graded TFT,48,0.0,0.0,4,4,0.0
llama31_8b__vs__graded_tft__seed104,104,Llama-3.1-8B,Graded TFT,49,0.0,0.0,4,4,0.0
llama31_8b__vs__graded_tft__seed104,104,Llama-3.1-8B,Graded TFT,50,0.0,0.25,4,3,2.25
llama31_8b__vs__graded_tft__seed105,105,Llama-3.1-8B,Graded TFT,1,0.0,1.0,4,0,12.0
llama31_8b__vs__graded_tft__seed105,105,Llama-3.1-8B,Graded TFT,2,0.0,0.5,4,2,5.99125
llama31_8b__vs__graded_tft__seed105,105,Llama-3.1-8B,Graded TFT,3,0.0,0.25,4,3,2.9803125
llama31_8b__vs__graded_tft__seed105,105,Llama-3.1-8B,Graded TFT,4,0.0,0.0,4,4,0.0
llama31_8b__vs__graded_tft__seed105,105,Llama-3.1-8B,Graded TFT,5,0.0,0.0,4,4,0.0
llama31_8b__vs__graded_tft__seed105,105,Llama-3.1-8B,Graded TFT,6,0.0,0.0,4,4,0.0
llama31_8b__vs__graded_tft__seed105,105,Llama-3.1-8B,Graded TFT,7,0.0,0.0,4,4,0.0
llama31_8b__vs__graded_tft__seed105,105,Llama-3.1-8B,Graded TFT,8,0.0,0.0,4,4,0.0
llama31_8b__vs__graded_tft__seed105,105,Llama-3.1-8B,Graded TFT,9,0.0,0.0,4,4,0.0
llama31_8b__vs__graded_tft__seed105,105,Llama-3.1-8B,Graded TFT,10,0.0,0.0,4,4,0.0
llama31_8b__vs__graded_tft__seed105,105,Llama-3.1-8B,Graded TFT,11,0.0,0.0,4,4,0.0
llama31_8b__vs__graded_tft__seed105,105,Llama-3.1-8B,Graded TFT,12,0.0,0.0,4,4,0.0
llama31_8b__vs__graded_tft__seed105,105,Llama-3.1-8B,Graded TFT,13,0.0,0.0,4,4,0.0
llama31_8b__vs__graded_tft__seed105,105,Llama-3.1-8B,Graded TFT,14,0.0,0.0,4,4,0.0
llama31_8b__vs__graded_tft__seed105,105,Llama-3.1-8B,Graded TFT,15,0.0,0.0,4,4,0.0
llama31_8b__vs__graded_tft__seed105,105,Llama-3.1-8B,Graded TFT,16,0.0,0.0,4,4,0.0
llama31_8b__vs__graded_tft__seed105,105,Llama-3.1-8B,Graded TFT,17,0.0,0.0,4,4,0.0
llama31_8b__vs__graded_tft__seed105,105,Llama-3.1-8B,Graded TFT,18,0.0,0.0,4,4,0.0
llama31_8b__vs__graded_tft__seed105,105,Llama-3.1-8B,Graded TFT,19,0.0,0.0,4,4,0.0
llama31_8b__vs__graded_tft__seed105,105,Llama-3.1-8B,Graded TFT,20,0.0,0.0,4,4,0.0
llama31_8b__vs__graded_tft__seed105,105,Llama-3.1-8B,Graded TFT,21,0.0,0.0,4,4,0.0
llama31_8b__vs__graded_tft__seed105,105,Llama-3.1-8B,Graded TFT,22,0.0,0.0,4,4,0.0
llama31_8b__vs__graded_tft__seed105,105,Llama-3.1-8B,Graded TFT,23,0.0,0.0,4,4,0.0
llama31_8b__vs__graded_tft__seed105,105,Llama-3.1-8B,Graded TFT,24,0.0,0.0,4,4,0.0
llama31_8b__vs__graded_tft__seed105,105,Llama-3.1-8B,Graded TFT,25,0.0,0.0,4,4,0.0
llama31_8b__vs__graded_tft__seed105,105,Llama-3.1-8B,Graded TFT,26,0.0,0.0,4,4,0.0
llama31_8b__vs__graded_tft__seed105,105,Llama-3.1-8B,Graded TFT,27,0.0,0.0,4,4,0.0
llama31_8b__vs__graded_tft__seed105,105,Llama-3.1-8B,Graded TFT,28,0.0,0.0,4,4,0.0
llama31_8b__vs__graded_tft__seed105,105,Llama-3.1-8B,Graded TFT,29,0.0,0.0,4,4,0.0
llama31_8b__vs__graded_tft__seed105,105,Llama-3.1-8B,Graded TFT,30,0.0,0.0,4,4,0.0
llama31_8b__vs__graded_tft__seed105,105,Llama-3.1-8B,Graded TFT,31,0.0,0.5,4,2,4.5
llama31_8b__vs__graded_tft__seed105,105,Llama-3.1-8B,Graded TFT,32,0.0,0.25,4,3,2.25
llama31_8b__vs__graded_tft__seed105,105,Llama-3.1-8B,Graded TFT,33,0.0,0.0,4,4,0.0
llama31_8b__vs__graded_tft__seed105,105,Llama-3.1-8B,Graded TFT,34,0.0,0.0,4,4,0.0
llama31_8b__vs__graded_tft__seed105,105,Llama-3.1-8B,Graded TFT,35,0.0,0.5,4,2,4.5
llama31_8b__vs__graded_tft__seed105,105,Llama-3.1-8B,Graded TFT,36,0.0,0.25,4,3,2.25
llama31_8b__vs__graded_tft__seed105,105,Llama-3.1-8B,Graded TFT,37,0.0,0.0,4,4,0.0
llama31_8b__vs__graded_tft__seed105,105,Llama-3.1-8B,Graded TFT,38,0.0,0.0,4,4,0.0
llama31_8b__vs__graded_tft__seed105,105,Llama-3.1-8B,Graded TFT,39,0.0,0.0,4,4,0.0
llama31_8b__vs__graded_tft__seed105,105,Llama-3.1-8B,Graded TFT,40,0.0,0.0,4,4,0.0
llama31_8b__vs__graded_tft__seed105,105,Llama-3.1-8B,Graded TFT,41,0.0,0.0,4,4,0.0
llama31_8b__vs__graded_tft__seed105,105,Llama-3.1-8B,Graded TFT,42,0.0,0.0,4,4,0.0
llama31_8b__vs__graded_tft__seed105,105,Llama-3.1-8B,Graded TFT,43,0.0,0.5,4,2,4.5
llama31_8b__vs__graded_tft__seed105,105,Llama-3.1-8B,Graded TFT,44,0.0,0.25,4,3,2.25
llama31_8b__vs__graded_tft__seed105,105,Llama-3.1-8B,Graded TFT,45,0.0,0.0,4,4,0.0
llama31_8b__vs__graded_tft__seed105,105,Llama-3.1-8B,Graded TFT,46,0.0,0.0,4,4,0.0
llama31_8b__vs__graded_tft__seed105,105,Llama-3.1-8B,Graded TFT,47,0.0,0.0,4,4,0.0
llama31_8b__vs__graded_tft__seed105,105,Llama-3.1-8B,Graded TFT,48,0.0,0.0,4,4,0.0
llama31_8b__vs__graded_tft__seed105,105,Llama-3.1-8B,Graded TFT,49,0.0,0.0,4,4,0.0
llama31_8b__vs__graded_tft__seed105,105,Llama-3.1-8B,Graded TFT,50,0.0,0.5,4,2,4.5
llama31_8b__vs__grim_trigger__seed101,101,Llama-3.1-8B,Grim Trigger,1,0.0,0.0,4,4,0.0
llama31_8b__vs__grim_trigger__seed101,101,Llama-3.1-8B,Grim Trigger,2,0.0,0.0,4,4,0.0
llama31_8b__vs__grim_trigger__seed101,101,Llama-3.1-8B,Grim Trigger,3,0.0,0.0,4,4,0.0
llama31_8b__vs__grim_trigger__seed101,101,Llama-3.1-8B,Grim Trigger,4,0.0,0.0,4,4,0.0
llama31_8b__vs__grim_trigger__seed101,101,Llama-3.1-8B,Grim Trigger,5,0.0,0.0,4,4,0.0
llama31_8b__vs__grim_trigger__seed101,101,Llama-3.1-8B,Grim Trigger,6,0.0,0.0,4,4,0.0
llama31_8b__vs__grim_trigger__seed101,101,Llama-3.1-8B,Grim Trigger,7,0.0,0.0,4,4,0.0
llama31_8b__vs__grim_trigger__seed101,101,Llama-3.1-8B,Grim Trigger,8,0.0,0.0,4,4,0.0
llama31_8b__vs__grim_trigger__seed101,101,Llama-3.1-8B,Grim Trigger,9,0.0,0.0,4,4,0.0
llama31_8b__vs__grim_trigger__seed101,101,Llama-3.1-8B,Grim Trigger,10,0.0,0.0,4,4,0.0
llama31_8b__vs__grim_trigger__seed101,101,Llama-3.1-8B,Grim Trigger,11,0.0,0.0,4,4,0.0
llama31_8b__vs__grim_trigger__seed101,101,Llama-3.1-8B,Grim Trigger,12,0.0,0.0,4,4,0.0
llama31_8b__vs__grim_trigger__seed101,101,Llama-3.1-8B,Grim Trigger,13,0.0,0.0,4,4,0.0
llama31_8b__vs__grim_trigger__seed101,101,Llama-3.1-8B,Grim Trigger,14,0.0,0.0,4,4,0.0
llama31_8b__vs__grim_trigger__seed101,101,Llama-3.1-8B,Grim Trigger,15,0.0,0.0,4,4,0.0
llama31_8b__vs__grim_trigger__seed101,101,Llama-3.1-8B,Grim Trigger,16,0.0,0.0,4,4,0.0
llama31_8b__vs__grim_trigger__seed101,101,Llama-3.1-8B,Grim Trigger,17,0.0,0.0,4,4,0.0
llama31_8b__vs__grim_trigger__seed101,101,Llama-3.1-8B,Grim Trigger,18,0.0,0.0,4,4,0.0
llama31_8b__vs__grim_trigger__seed101,101,Llama-3.1-8B,Grim Trigger,19,0.0,0.0,4,4,0.0
llama31_8b__vs__grim_trigger__seed101,101,Llama-3.1-8B,Grim Trigger,20,0.0,0.0,4,4,0.0
llama31_8b__vs__grim_trigger__seed101,101,Llama-3.1-8B,Grim Trigger,21,0.0,0.0,4,4,0.0
llama31_8b__vs__grim_trigger__seed101,101,Llama-3.1-8B,Grim Trigger,22,0.0,0.0,4,4,0.0
llama31_8b__vs__grim_trigger__seed101,101,Llama-3.1-8B,Grim Trigger,23,0.0,0.0,4,4,0.0
llama31_8b__vs__grim_trigger__seed101,101,Llama-3.1-8B,Grim Trigger,24,0.0,0.0,4,4,0.0
llama31_8b__vs__grim_trigger__seed101,101,Llama-3.1-8B,Grim Trigger,25,0.0,0.0,4,4,0.0
llama31_8b__vs__grim_trigger__seed101,101,Llama-3.1-8B,Grim Trigger,26,0.0,0.0,4,4,0.0
llama31_8b__vs__grim_trigger__seed101,101,Llama-3.1-8B,Grim Trigger,27,0.0,0.0,4,4,0.0
llama31_8b__vs__grim_trigger__seed101,101,Llama-3.1-8B,Grim Trigger,28,0.0,0.0,4,4,0.0
llama31_8b__vs__grim_trigger__seed101,101,Llama-3.1-8B,Grim Trigger,29,0.0,0.0,4,4,0.0
llama31_8b__vs__grim_trigger__seed101,101,Llama-3.1-8B,Grim Trigger,30,0.0,0.0,4,4,0.0
llama31_8b__vs__grim_trigger__seed101,101,Llama-3.1-8B,Grim Trigger,31,0.0,0.0,4,4,0.0
llama31_8b__vs__grim_trigger__seed101,101,Llama-3.1-8B,Grim Trigger,32,0.0,0.0,4,4,0.0
llama31_8b__vs__grim_trigger__seed101,101,Llama-3.1-8B,Grim Trigger,33,0.0,0.0,4,4,0.0
llama31_8b__vs__grim_trigger__seed101,101,Llama-3.1-8B,Grim Trigger,34,0.0,0.0,4,4,0.0
llama31_8b__vs__grim_trigger__seed101,101,Llama-3.1-8B,Grim Trigger,35,0.0,0.0,4,4,0.0
llama31_8b__vs__grim_trigger__seed101,101,Llama-3.1-8B,Grim Trigger,36,0.0,0.0,4,4,0.0
llama31_8b__vs__grim_trigger__seed101,101,Llama-3.1-8B,Grim Trigger,37,0.0,0.0,4,4,0.0
llama31_8b__vs__grim_trigger__seed101,101,Llama-3.1-8B,Grim Trigger,38,0.0,0.0,4,4,0.0
llama31_8b__vs__grim_trigger__seed101,101,Llama-3.1-8B,Grim Trigger,39,0.0,0.0,4,4,0.0
llama31_8b__vs__grim_trigger__seed101,101,Llama-3.1-8B,Grim Trigger,40,0.0,0.0,4,4,0.0
llama31_8b__vs__grim_trigger__seed101,101,Llama-3.1-8B,Grim Trigger,41,0.0,0.0,4,4,0.0
llama31_8b__vs__grim_trigger__seed101,101,Llama-3.1-8B,Grim Trigger,42,0.0,0.0,4,4,0.0
llama31_8b__vs__grim_trigger__seed101,101,Llama-3.1-8B,Grim Trigger,43,0.0,0.0,4,4,0.0
llama31_8b__vs__grim_trigger__seed101,101,Llama-3.1-8B,Grim Trigger,44,0.0,0.0,4,4,0.0
llama31_8b__vs__grim_trigger__seed101,101,Llama-3.1-8B,Grim Trigger,45,0.0,0.0,4,4,0.0
llama31_8b__vs__grim_trigger__seed101,101,Llama-3.1-8B,Grim Trigger,46,0.0,0.0,4,4,0.0
llama31_8b__vs__grim_trigger__seed101,101,Llama-3.1-8B,Grim Trigger,47,0.0,0.0,4,4,0.0
llama31_8b__vs__grim_trigger__seed101,101,Llama-3.1-8B,Grim Trigger,48,0.0,0.0,4,4,0.0
llama31_8b__vs__grim_trigger__seed101,101,Llama-3.1-8B,Grim Trigger,49,0.0,0.0,4,4,0.0
llama31_8b__vs__grim_trigger__seed101,101,Llama-3.1-8B,Grim Trigger,50,0.0,0.0,4,4,0.0
llama31_8b__vs__grim_trigger__seed102,102,Llama-3.1-8B,Grim Trigger,1,0.0,0.0,4,4,0.0
llama31_8b__vs__grim_trigger__seed102,102,Llama-3.1-8B,Grim Trigger,2,0.0,0.0,4,4,0.0
llama31_8b__vs__grim_trigger__seed102,102,Llama-3.1-8B,Grim Trigger,3,0.0,0.0,4,4,0.0
llama31_8b__vs__grim_trigger__seed102,102,Llama-3.1-8B,Grim Trigger,4,0.0,0.0,4,4,0.0
llama31_8b__vs__grim_trigger__seed102,102,Llama-3.1-8B,Grim Trigger,5,0.0,0.0,4,4,0.0
llama31_8b__vs__grim_trigger__seed102,102,Llama-3.1-8B,Grim Trigger,6,0.0,0.0,4,4,0.0
llama31_8b__vs__grim_trigger__seed102,102,Llama-3.1-8B,Grim Trigger,7,0.0,0.0,4,4,0.0
llama31_8b__vs__grim_trigger__seed102,102,Llama-3.1-8B,Grim Trigger,8,0.0,0.0,4,4,0.0
llama31_8b__vs__grim_trigger__seed102,102,Llama-3.1-8B,Grim Trigger,9,0.0,0.0,4,4,0.0
llama31_8b__vs__grim_trigger__seed102,102,Llama-3.1-8B,Grim Trigger,10,0.0,0.0,4,4,0.0
llama31_8b__vs__grim_trigger__seed102,102,Llama-3.1-8B,Grim Trigger,11,0.0,0.0,4,4,0.0
llama31_8b__vs__grim_trigger__seed102,102,Llama-3.1-8B,Grim Trigger,12,0.0,0.0,4,4,0.0
llama31_8b__vs__grim_trigger__seed102,102,Llama-3.1-8B,Grim Trigger,13,0.0,0.0,4,4,0.0
llama31_8b__vs__grim_trigger__seed102,102,Llama-3.1-8B,Grim Trigger,14,0.0,0.0,4,4,0.0
llama31_8b__vs__grim_trigger__seed102,102,Llama-3.1-8B,Grim Trigger,15,0.0,0.0,4,4,0.0
llama31_8b__vs__grim_trigger__seed102,102,Llama-3.1-8B,Grim Trigger,16,0.0,0.0,4,4,0.0
llama31_8b__vs__grim_trigger__seed102,102,Llama-3.1-8B,Grim Trigger,17,0.0,0.0,4,4,0.0
llama31_8b__vs__grim_trigger__seed102,102,Llama-3.1-8B,Grim Trigger,18,0.0,0.0,4,4,0.0
llama31_8b__vs__grim_trigger__seed102,102,Llama-3.1-8B,Grim Trigger,19,0.0,0.0,4,4,0.0
llama31_8b__vs__grim_trigger__seed102,102,Llama-3.1-8B,Grim Trigger,20,0.0,0.0,4,4,0.0
llama31_8b__vs__grim_trigger__seed102,102,Llama-3.1-8B,Grim Trigger,21,0.0,0.0,4,4,0.0
llama31_8b__vs__grim_trigger__seed102,102,Llama-3.1-8B,Grim Trigger,22,0.0,0.0,4,4,0.0
llama31_8b__vs__grim_trigger__seed102,102,Llama-3.1-8B,Grim Trigger,23,0.0,0.0,4,4,0.0
llama31_8b__vs__grim_trigger__seed102,102,Llama-3.1-8B,Grim Trigger,24,0.0,0.0,4,4,0.0
llama31_8b__vs__grim_trigger__seed102,102,Llama-3.1-8B,Grim Trigger,25,0.0,0.0,4,4,0.0
llama31_8b__vs__grim_trigger__seed102,102,Llama-3.1-8B,Grim Trigger,26,0.0,0.0,4,4,0.0
llama31_8b__vs__grim_trigger__seed102,102,Llama-3.1-8B,Grim Trigger,27,0.0,0.0,4,4,0.0
llama31_8b__vs__grim_trigger__seed102,102,Llama-3.1-8B,Grim Trigger,28,0.0,0.0,4,4,0.0
llama31_8b__vs__grim_trigger__seed102,102,Llama-3.1-8B,Grim Trigger,29,0.0,0.0,4,4,0.0
llama31_8b__vs__grim_trigger__seed102,102,Llama-3.1-8B,Grim Trigger,30,0.0,0.0,4,4,0.0
llama31_8b__vs__grim_trigger__seed102,102,Llama-3.1-8B,Grim Trigger,31,0.0,0.0,4,4,0.0
llama31_8b__vs__grim_trigger__seed102,102,Llama-3.1-8B,Grim Trigger,32,0.0,0.0,4,4,0.0
llama31_8b__vs__grim_trigger__seed102,102,Llama-3.1-8B,Grim Trigger,33,0.0,0.0,4,4,0.0
llama31_8b__vs__grim_trigger__seed102,102,Llama-3.1-8B,Grim Trigger,34,0.0,0.0,4,4,0.0
llama31_8b__vs__grim_trigger__seed102,102,Llama-3.1-8B,Grim Trigger,35,0.0,0.0,4,4,0.0
llama31_8b__vs__grim_trigger__seed102,102,Llama-3.1-8B,Grim Trigger,36,0.0,0.0,4,4,0.0
llama31_8b__vs__grim_trigger__seed102,102,Llama-3.1-8B,Grim Trigger,37,0.0,0.0,4,4,0.0
llama31_8b__vs__grim_trigger__seed102,102,Llama-3.1-8B,Grim Trigger,38,0.0,0.0,4,4,0.0
llama31_8b__vs__grim_trigger__seed102,102,Llama-3.1-8B,Grim Trigger,39,0.0,0.0,4,4,0.0
llama31_8b__vs__grim_trigger__seed102,102,Llama-3.1-8B,Grim Trigger,40,0.0,0.0,4,4,0.0
llama31_8b__vs__grim_trigger__seed102,102,Llama-3.1-8B,Grim Trigger,41,0.0,0.0,4,4,0.0
llama31_8b__vs__grim_trigger__seed102,102,Llama-3.1-8B,Grim Trigger,42,0.0,0.0,4,4,0.0
llama31_8b__vs__grim_trigger__seed102,102,Llama-3.1-8B,Grim Trigger,43,0.0,0.0,4,4,0.0
llama31_8b__vs__grim_trigger__seed102,102,Llama-3.1-8B,Grim Trigger,44,0.0,0.0,4,4,0.0
llama31_8b__vs__grim_trigger__seed102,102,Llama-3.1-8B,Grim Trigger,45,0.0,0.0,4,4,0.0
llama31_8b__vs__grim_trigger__seed102,102,Llama-3.1-8B,Grim Trigger,46,0.0,0.0,4,4,0.0
llama31_8b__vs__grim_trigger__seed102,102,Llama-3.1-8B,Grim Trigger,47,0.0,0.0,4,4,0.0
llama31_8b__vs__grim_trigger__seed102,102,Llama-3.1-8B,Grim Trigger,48,0.0,0.0,4,4,0.0
llama31_8b__vs__grim_trigger__seed102,102,Llama-3.1-8B,Grim Trigger,49,0.0,0.0,4,4,0.0
llama31_8b__vs__grim_trigger__seed102,102,Llama-3.1-8B,Grim Trigger,50,0.0,0.0,4,4,0.0
llama31_8b__vs__grim_trigger__seed103,103,Llama-3.1-8B,Grim Trigger,1,0.0,0.0,4,4,0.0
llama31_8b__vs__grim_trigger__seed103,103,Llama-3.1-8B,Grim Trigger,2,0.0,0.0,4,4,0.0
llama31_8b__vs__grim_trigger__seed103,103,Llama-3.1-8B,Grim Trigger,3,0.0,0.0,4,4,0.0
llama31_8b__vs__grim_trigger__seed103,103,Llama-3.1-8B,Grim Trigger,4,0.0,0.0,4,4,0.0
llama31_8b__vs__grim_trigger__seed103,103,Llama-3.1-8B,Grim Trigger,5,0.0,0.0,4,4,0.0
llama31_8b__vs__grim_trigger__seed103,103,Llama-3.1-8B,Grim Trigger,6,0.0,0.0,4,4,0.0
llama31_8b__vs__grim_trigger__seed103,103,Llama-3.1-8B,Grim Trigger,7,0.0,0.0,4,4,0.0
llama31_8b__vs__grim_trigger__seed103,103,Llama-3.1-8B,Grim Trigger,8,0.0,0.0,4,4,0.0
llama31_8b__vs__grim_trigger__seed103,103,Llama-3.1-8B,Grim Trigger,9,0.0,0.0,4,4,0.0
llama31_8b__vs__grim_trigger__seed103,103,Llama-3.1-8B,Grim Trigger,10,0.0,0.0,4,4,0.0
llama31_8b__vs__grim_trigger__seed103,103,Llama-3.1-8B,Grim Trigger,11,0.0,0.0,4,4,0.0
llama31_8b__vs__grim_trigger__seed103,103,Llama-3.1-8B,Grim Trigger,12,0.0,0.0,4,4,0.0
llama31_8b__vs__grim_trigger__seed103,103,Llama-3.1-8B,Grim Trigger,13,0.0,0.0,4,4,0.0
llama31_8b__vs__grim_trigger__seed103,103,Llama-3.1-8B,Grim Trigger,14,0.0,0.0,4,4,0.0
llama31_8b__vs__grim_trigger__seed103,103,Llama-3.1-8B,Grim Trigger,15,0.0,0.0,4,4,0.0
llama31_8b__vs__grim_trigger__seed103,103,Llama-3.1-8B,Grim Trigger,16,0.0,0.0,4,4,0.0
llama31_8b__vs__grim_trigger__seed103,103,Llama-3.1-8B,Grim Trigger,17,0.0,0.0,4,4,0.0
llama31_8b__vs__grim_trigger__seed103,103,Llama-3.1-8B,Grim Trigger,18,0.0,0.0,4,4,0.0
llama31_8b__vs__grim_trigger__seed103,103,Llama-3.1-8B,Grim Trigger,19,0.0,0.0,4,4,0.0
llama31_8b__vs__grim_trigger__seed103,103,Llama-3.1-8B,Grim Trigger,20,0.0,0.0,4,4,0.0
llama31_8b__vs__grim_trigger__seed103,103,Llama-3.1-8B,Grim Trigger,21,0.0,0.0,4,4,0.0
llama31_8b__vs__grim_trigger__seed103,103,Llama-3.1-8B,Grim Trigger,22,0.0,0.0,4,4,0.0
llama31_8b__vs__grim_trigger__seed103,103,Llama-3.1-8B,Grim Trigger,23,0.0,0.0,4,4,0.0
llama31_8b__vs__grim_trigger__seed103,103,Llama-3.1-8B,Grim Trigger,24,0.0,0.0,4,4,0.0
llama31_8b__vs__grim_trigger__seed103,103,Llama-3.1-8B,Grim Trigger,25,0.0,0.0,4,4,0.0
llama31_8b__vs__grim_trigger__seed103,103,Llama-3.1-8B,Grim Trigger,26,0.0,0.0,4,4,0.0
llama31_8b__vs__grim_trigger__seed103,103,Llama-3.1-8B,Grim Trigger,27,0.0,0.0,4,4,0.0
llama31_8b__vs__grim_trigger__seed103,103,Llama-3.1-8B,Grim Trigger,28,0.0,0.0,4,4,0.0
llama31_8b__vs__grim_trigger__seed103,103,Llama-3.1-8B,Grim Trigger,29,0.0,0.0,4,4,0.0
llama31_8b__vs__grim_trigger__seed103,103,Llama-3.1-8B,Grim Trigger,30,0.0,0.0,4,4,0.0
llama31_8b__vs__grim_trigger__seed103,103,Llama-3.1-8B,Grim Trigger,31,0.0,0.0,4,4,0.0
llama31_8b__vs__grim_trigger__seed103,103,Llama-3.1-8B,Grim Trigger,32,0.0,0.0,4,4,0.0
llama31_8b__vs__grim_trigger__seed103,103,Llama-3.1-8B,Grim Trigger,33,0.0,0.0,4,4,0.0
llama31_8b__vs__grim_trigger__seed103,103,Llama-3.1-8B,Grim Trigger,34,0.0,0.0,4,4,0.0
llama31_8b__vs__grim_trigger__seed103,103,Llama-3.1-8B,Grim Trigger,35,0.0,0.0,4,4,0.0
llama31_8b__vs__grim_trigger__seed103,103,Llama-3.1-8B,Grim Trigger,36,0.0,0.0,4,4,0.0
llama31_8b__vs__grim_trigger__seed103,103,Llama-3.1-8B,Grim Trigger,37,0.0,0.0,4,4,0.0
llama31_8b__vs__grim_trigger__seed103,103,Llama-3.1-8B,Grim Trigger,38,0.0,0.0,4,4,0.0
llama31_8b__vs__grim_trigger__seed103,103,Llama-3.1-8B,Grim Trigger,39,0.0,0.0,4,4,0.0
llama31_8b__vs__grim_trigger__seed103,103,Llama-3.1-8B,Grim Trigger,40,0.0,0.0,4,4,0.0
llama31_8b__vs__grim_trigger__seed103,103,Llama-3.1-8B,Grim Trigger,41,0.0,0.0,4,4,0.0
llama31_8b__vs__grim_trigger__seed103,103,Llama-3.1-8B,Grim Trigger,42,0.0,0.0,4,4,0.0
llama31_8b__vs__grim_trigger__seed103,103,Llama-3.1-8B,Grim Trigger,43,0.0,0.0,4,4,0.0
llama31_8b__vs__grim_trigger__seed103,103,Llama-3.1-8B,Grim Trigger,44,0.0,0.0,4,4,0.0
llama31_8b__vs__grim_trigger__seed103,103,Llama-3.1-8B,Grim Trigger,45,0.0,0.0,4,4,0.0
llama31_8b__vs__grim_trigger__seed103,103,Llama-3.1-8B,Grim Trigger,46,0.0,0.0,4,4,0.0
llama31_8b__vs__grim_trigger__seed103,103,Llama-3.1-8B,Grim Trigger,47,0.0,0.0,4,4,0.0
llama31_8b__vs__grim_trigger__seed103,103,Llama-3.1-8B,Grim Trigger,48,0.0,0.0,4,4,0.0
llama31_8b__vs__grim_trigger__seed103,103,Llama-3.1-8B,Grim Trigger,49,0.0,0.0,4,4,0.0
llama31_8b__vs__grim_trigger__seed103,103,Llama-3.1-8B,Grim Trigger,50,0.0,0.0,4,4,0.0
llama31_8b__vs__grim_trigger__seed104,104,Llama-3.1-8B,Grim Trigger,1,0.0,0.0,4,4,0.0
llama31_8b__vs__grim_trigger__seed104,104,Llama-3.1-8B,Grim Trigger,2,0.0,0.0,4,4,0.0
llama31_8b__vs__grim_trigger__seed104,104,Llama-3.1-8B,Grim Trigger,3,0.0,0.0,4,4,0.0
llama31_8b__vs__grim_trigger__seed104,104,Llama-3.1-8B,Grim Trigger,4,0.0,0.0,4,4,0.0
llama31_8b__vs__grim_trigger__seed104,104,Llama-3.1-8B,Grim Trigger,5,0.0,0.0,4,4,0.0
llama31_8b__vs__grim_trigger__seed104,104,Llama-3.1-8B,Grim Trigger,6,0.0,0.0,4,4,0.0
llama31_8b__vs__grim_trigger__seed104,104,Llama-3.1-8B,Grim Trigger,7,0.0,0.0,4,4,0.0
llama31_8b__vs__grim_trigger__seed104,104,Llama-3.1-8B,Grim Trigger,8,0.0,0.0,4,4,0.0
llama31_8b__vs__grim_trigger__seed104,104,Llama-3.1-8B,Grim Trigger,9,0.0,0.0,4,4,0.0
llama31_8b__vs__grim_trigger__seed104,104,Llama-3.1-8B,Grim Trigger,10,0.0,0.0,4,4,0.0
llama31_8b__vs__grim_trigger__seed104,104,Llama-3.1-8B,Grim Trigger,11,0.0,0.0,4,4,0.0
llama31_8b__vs__grim_trigger__seed104,104,Llama-3.1-8B,Grim Trigger,12,0.0,0.0,4,4,0.0
llama31_8b__vs__grim_trigger__seed104,104,Llama-3.1-8B,Grim Trigger,13,0.0,0.0,4,4,0.0
llama31_8b__vs__grim_trigger__seed104,104,Llama-3.1-8B,Grim Trigger,14,0.0,0.0,4,4,0.0
llama31_8b__vs__grim_trigger__seed104,104,Llama-3.1-8B,Grim Trigger,15,0.0,0.0,4,4,0.0
llama31_8b__vs__grim_trigger__seed104,104,Llama-3.1-8B,Grim Trigger,16,0.0,0.0,4,4,0.0
llama31_8b__vs__grim_trigger__seed104,104,Llama-3.1-8B,Grim Trigger,17,0.0,0.0,4,4,0.0
llama31_8b__vs__grim_trigger__seed104,104,Llama-3.1-8B,Grim Trigger,18,0.0,0.0,4,4,0.0
llama31_8b__vs__grim_trigger__seed104,104,Llama-3.1-8B,Grim Trigger,19,0.0,0.0,4,4,0.0
llama31_8b__vs__grim_trigger__seed104,104,Llama-3.1-8B,Grim Trigger,20,0.0,0.0,4,4,0.0
llama31_8b__vs__grim_trigger__seed104,104,Llama-3.1-8B,Grim Trigger,21,0.0,0.0,4,4,0.0
llama31_8b__vs__grim_trigger__seed104,104,Llama-3.1-8B,Grim Trigger,22,0.0,0.0,4,4,0.0
llama31_8b__vs__grim_trigger__seed104,104,Llama-3.1-8B,Grim Trigger,23,0.0,0.0,4,4,0.0
llama31_8b__vs__grim_trigger__seed104,104,Llama-3.1-8B,Grim Trigger,24,0.0,0.0,4,4,0.0
llama31_8b__vs__grim_trigger__seed104,104,Llama-3.1-8B,Grim Trigger,25,0.0,0.0,4,4,0.0
llama31_8b__vs__grim_trigger__seed104,104,Llama-3.1-8B,Grim Trigger,26,0.0,0.0,4,4,0.0
llama31_8b__vs__grim_trigger__seed104,104,Llama-3.1-8B,Grim Trigger,27,0.0,0.0,4,4,0.0
llama31_8b__vs__grim_trigger__seed104,104,Llama-3.1-8B,Grim Trigger,28,0.0,0.0,4,4,0.0
llama31_8b__vs__grim_trigger__seed104,104,Llama-3.1-8B,Grim Trigger,29,0.0,0.0,4,4,0.0
llama31_8b__vs__grim_trigger__seed104,104,Llama-3.1-8B,Grim Trigger,30,0.0,0.0,4,4,0.0
llama31_8b__vs__grim_trigger__seed104,104,Llama-3.1-8B,Grim Trigger,31,0.0,0.0,4,4,0.0
llama31_8b__vs__grim_trigger__seed104,104,Llama-3.1-8B,Grim Trigger,32,0.0,0.0,4,4,0.0
llama31_8b__vs__grim_trigger__seed104,104,Llama-3.1-8B,Grim Trigger,33,0.0,0.0,4,4,0.0
llama31_8b__vs__grim_trigger__seed104,104,Llama-3.1-8B,Grim Trigger,34,0.0,0.0,4,4,0.0
llama31_8b__vs__grim_trigger__seed104,104,Llama-3.1-8B,Grim Trigger,35,0.0,0.0,4,4,0.0
llama31_8b__vs__grim_trigger__seed104,104,Llama-3.1-8B,Grim Trigger,36,0.0,0.0,4,4,0.0
llama31_8b__vs__grim_trigger__seed104,104,Llama-3.1-8B,Grim Trigger,37,0.0,0.0,4,4,0.0
llama31_8b__vs__grim_trigger__seed104,104,Llama-3.1-8B,Grim Trigger,38,0.0,0.0,4,4,0.0
llama31_8b__vs__grim_trigger__seed104,104,Llama-3.1-8B,Grim Trigger,39,0.0,0.0,4,4,0.0
llama31_8b__vs__grim_trigger__seed104,104,Llama-3.1-8B,Grim Trigger,40,0.0,0.0,4,4,0.0
llama31_8b__vs__grim_trigger__seed104,104,Llama-3.1-8B,Grim Trigger,41,0.0,0.0,4,4,0.0
llama31_8b__vs__grim_trigger__seed104,104,Llama-3.1-8B,Grim Trigger,42,0.0,0.0,4,4,0.0
llama31_8b__vs__grim_trigger__seed104,104,Llama-3.1-8B,Grim Trigger,43,0.0,0.0,4,4,0.0
llama31_8b__vs__grim_trigger__seed104,104,Llama-3.1-8B,Grim Trigger,44,0.0,0.0,4,4,0.0
llama31_8b__vs__grim_trigger__seed104,104,Llama-3.1-8B,Grim Trigger,45,0.0,0.0,4,4,0.0
llama31_8b__vs__grim_trigger__seed104,104,Llama-3.1-8B,Grim Trigger,46,0.0,0.0,4,4,0.0
llama31_8b__vs__grim_trigger__seed104,104,Llama-3.1-8B,Grim Trigger,47,0.0,0.0,4,4,0.0
llama31_8b__vs__grim_trigger__seed104,104,Llama-3.1-8B,Grim Trigger,48,0.0,0.0,4,4,0.0
llama31_8b__vs__grim_trigger__seed104,104,Llama-3.1-8B,Grim Trigger,49,0.0,0.0,4,4,0.0
llama31_8b__vs__grim_trigger__seed104,104,Llama-3.1-8B,Grim Trigger,50,0.0,0.0,4,4,0.0
llama31_8b__vs__grim_trigger__seed105,105,Llama-3.1-8B,Grim Trigger,1,0.0,0.0,4,4,0.0
llama31_8b__vs__grim_trigger__seed105,105,Llama-3.1-8B,Grim Trigger,2,0.0,0.0,4,4,0.0
llama31_8b__vs__grim_trigger__seed105,105,Llama-3.1-8B,Grim Trigger,3,0.0,0.0,4,4,0.0
llama31_8b__vs__grim_trigger__seed105,105,Llama-3.1-8B,Grim Trigger,4,0.0,0.0,4,4,0.0
llama31_8b__vs__grim_trigger__seed105,105,Llama-3.1-8B,Grim Trigger,5,0.0,0.0,4,4,0.0
llama31_8b__vs__grim_trigger__seed105,105,Llama-3.1-8B,Grim Trigger,6,0.0,0.0,4,4,0.0
llama31_8b__vs__grim_trigger__seed105,105,Llama-3.1-8B,Grim Trigger,7,0.0,0.0,4,4,0.0
llama31_8b__vs__grim_trigger__seed105,105,Llama-3.1-8B,Grim Trigger,8,0.0,0.0,4,4,0.0
llama31_8b__vs__grim_trigger__seed105,105,Llama-3.1-8B,Grim Trigger,9,0.0,0.0,4,4,0.0
llama31_8b__vs__grim_trigger__seed105,105,Llama-3.1-8B,Grim Trigger,10,0.0,0.0,4,4,0.0
llama31_8b__vs__grim_trigger__seed105,105,Llama-3.1-8B,Grim Trigger,11,0.0,0.0,4,4,0.0
llama31_8b__vs__grim_trigger__seed105,105,Llama-3.1-8B,Grim Trigger,12,0.0,0.0,4,4,0.0
llama31_8b__vs__grim_trigger__seed105,105,Llama-3.1-8B,Grim Trigger,13,0.0,0.0,4,4,0.0
llama31_8b__vs__grim_trigger__seed105,105,Llama-3.1-8B,Grim Trigger,14,0.0,0.0,4,4,0.0
llama31_8b__vs__grim_trigger__seed105,105,Llama-3.1-8B,Grim Trigger,15,0.0,0.0,4,4,0.0
llama31_8b__vs__grim_trigger__seed105,105,Llama-3.1-8B,Grim Trigger,16,0.0,0.0,4,4,0.0
llama31_8b__vs__grim_trigger__seed105,105,Llama-3.1-8B,Grim Trigger,17,0.0,0.0,4,4,0.0
llama31_8b__vs__grim_trigger__seed105,105,Llama-3.1-8B,Grim Trigger,18,0.0,0.0,4,4,0.0
llama31_8b__vs__grim_trigger__seed105,105,Llama-3.1-8B,Grim Trigger,19,0.0,0.0,4,4,0.0
llama31_8b__vs__grim_trigger__seed105,105,Llama-3.1-8B,Grim Trigger,20,0.0,0.0,4,4,0.0
llama31_8b__vs__grim_trigger__seed105,105,Llama-3.1-8B,Grim Trigger,21,0.0,0.0,4,4,0.0
llama31_8b__vs__grim_trigger__seed105,105,Llama-3.1-8B,Grim Trigger,22,0.0,0.0,4,4,0.0
llama31_8b__vs__grim_trigger__seed105,105,Llama-3.1-8B,Grim Trigger,23,0.0,0.0,4,4,0.0
llama31_8b__vs__grim_trigger__seed105,105,Llama-3.1-8B,Grim Trigger,24,0.0,0.0,4,4,0.0
llama31_8b__vs__grim_trigger__seed105,105,Llama-3.1-8B,Grim Trigger,25,0.0,0.0,4,4,0.0
llama31_8b__vs__grim_trigger__seed105,105,Llama-3.1-8B,Grim Trigger,26,0.0,0.0,4,4,0.0
llama31_8b__vs__grim_trigger__seed105,105,Llama-3.1-8B,Grim Trigger,27,0.0,0.0,4,4,0.0
llama31_8b__vs__grim_trigger__seed105,105,Llama-3.1-8B,Grim Trigger,28,0.0,0.0,4,4,0.0
llama31_8b__vs__grim_trigger__seed105,105,Llama-3.1-8B,Grim Trigger,29,0.0,0.0,4,4,0.0
llama31_8b__vs__grim_trigger__seed105,105,Llama-3.1-8B,Grim Trigger,30,0.0,0.0,4,4,0.0
llama31_8b__vs__grim_trigger__seed105,105,Llama-3.1-8B,Grim Trigger,31,0.0,0.0,4,4,0.0
llama31_8b__vs__grim_trigger__seed105,105,Llama-3.1-8B,Grim Trigger,32,0.0,0.0,4,4,0.0
llama31_8b__vs__grim_trigger__seed105,105,Llama-3.1-8B,Grim Trigger,33,0.0,0.0,4,4,0.0
llama31_8b__vs__grim_trigger__seed105,105,Llama-3.1-8B,Grim Trigger,34,0.0,0.0,4,4,0.0
llama31_8b__vs__grim_trigger__seed105,105,Llama-3.1-8B,Grim Trigger,35,0.0,0.0,4,4,0.0
llama31_8b__vs__grim_trigger__seed105,105,Llama-3.1-8B,Grim Trigger,36,0.0,0.0,4,4,0.0
llama31_8b__vs__grim_trigger__seed105,105,Llama-3.1-8B,Grim Trigger,37,0.0,0.0,4,4,0.0
llama31_8b__vs__grim_trigger__seed105,105,Llama-3.1-8B,Grim Trigger,38,0.0,0.0,4,4,0.0
llama31_8b__vs__grim_trigger__seed105,105,Llama-3.1-8B,Grim Trigger,39,0.0,0.0,4,4,0.0
llama31_8b__vs__grim_trigger__seed105,105,Llama-3.1-8B,Grim Trigger,40,0.0,0.0,4,4,0.0
llama31_8b__vs__grim_trigger__seed105,105,Llama-3.1-8B,Grim Trigger,41,0.0,0.0,4,4,0.0
llama31_8b__vs__grim_trigger__seed105,105,Llama-3.1-8B,Grim Trigger,42,0.0,0.0,4,4,0.0
llama31_8b__vs__grim_trigger__seed105,105,Llama-3.1-8B,Grim Trigger,43,0.0,0.0,4,4,0.0
llama31_8b__vs__grim_trigger__seed105,105,Llama-3.1-8B,Grim Trigger,44,0.0,0.0,4,4,0.0
llama31_8b__vs__grim_trigger__seed105,105,Llama-3.1-8B,Grim Trigger,45,0.0,0.0,4,4,0.0
llama31_8b__vs__grim_trigger__seed105,105,Llama-3.1-8B,Grim Trigger,46,0.0,0.0,4,4,0.0
llama31_8b__vs__grim_trigger__seed105,105,Llama-3.1-8B,Grim Trigger,47,0.0,0.0,4,4,0.0
llama31_8b__vs__grim_trigger__seed105,105,Llama-3.1-8B,Grim Trigger,48,0.0,0.0,4,4,0.0
llama31_8b__vs__grim_trigger__seed105,105,Llama-3.1-8B,Grim Trigger,49,0.0,0.0,4,4,0.0
llama31_8b__vs__grim_trigger__seed105,105,Llama-3.1-8B,Grim Trigger,50,0.0,0.0,4,4,0.0
llama31_8b__vs__random_uniform__seed101,101,Llama-3.1-8B,Random,1,0.0,0.0,4,4,0.0
llama31_8b__vs__random_uniform__seed101,101,Llama-3.1-8B,Random,2,0.0,0.5,4,2,5.90375
llama31_8b__vs__random_uniform__seed101,101,Llama-3.1-8B,Random,3,0.0,0.5,4,2,5.829375
llama31_8b__vs__random_uniform__seed101,101,Llama-3.1-8B,Random,4,0.0,1.0,4,0,11.524583333333332
llama31_8b__vs__random_uniform__seed101,101,Llama-3.1-8B,Random,5,0.0,1.0,4,0,11.419583333333332
llama31_8b__vs__random_uniform__seed101,101,Llama-3.1-8B,Random,6,0.0,0.75,4,1,8.499062499999999
llama31_8b__vs__random_uniform__seed101,101,Llama-3.1-8B,Random,7,0.0,0.75,4,1,8.436718749999997
llama31_8b__vs__random_uniform__seed101,101,Llama-3.1-8B,Random,8,0.0,0.5,4,2,5.584479166666665
llama31_8b__vs__random_uniform__seed101,101,Llama-3.1-8B,Random,9,0.0,0.0,4,4,0.0
llama31_8b__vs__random_uniform__seed101,101,Llama-3.1-8B,Random,10,0.0,0.75,4,1,8.252031249999996
llama31_8b__vs__random_uniform__seed101,101,Llama-3.1-8B,Random,11,0.0,0.5,4,2,5.462526041666664
llama31_8b__vs__random_uniform__seed101,101,Llama-3.1-8B,Random,12,0.0,0.0,4,4,0.0
llama31_8b__vs__random_uniform__seed101,101,Llama-3.1-8B,Random,13,0.0,1.0,4,0,10.747864583333328
llama31_8b__vs__random_uniform__seed101,101,Llama-3.1-8B,Random,14,0.0,0.5,4,2,5.324166666666664
llama31_8b__vs__random_uniform__seed101,101,Llama-3.1-8B,Random,15,0.0,0.75,4,1,7.907499999999995
llama31_8b__vs__random_uniform__seed101,101,Llama-3.1-8B,Random,16,0.0,1.0,4,0,10.438333333333327
llama31_8b__vs__random_uniform__seed101,101,Llama-3.1-8B,Random,17,0.0,0.25,4,3,2.586067708333332
llama31_8b__vs__random_uniform__seed101,101,Llama-3.1-8B,Random,18,0.0,0.75,4,1,7.687656249999996
llama31_8b__vs__random_uniform__seed101,101,Llama-3.1-8B,Random,19,0.0,0.5,4,2,5.078072916666664
llama31_8b__vs__random_uniform__seed101,101,Llama-3.1-8B,Random,20,0.0,0.5,4,2,5.031041666666664
llama31_8b__vs__random_uniform__seed101,101,Llama-3.1-8B,Random,21,0.0,1.0,4,0,9.978958333333328
llama31_8b__vs__random_uniform__seed101,101,Llama-3.1-8B,Random,22,0.0,0.0,4,4,0.0
llama31_8b__vs__random_uniform__seed101,101,Llama-3.1-8B,Random,23,0.0,1.0,4,0,9.801770833333327
llama31_8b__vs__random_uniform__seed101,101,Llama-3.1-8B,Random,24,0.0,0.0,4,4,0.0
llama31_8b__vs__random_uniform__seed101,101,Llama-3.1-8B,Random,25,0.0,0.25,4,3,2.4006770833333317
llama31_8b__vs__random_uniform__seed101,101,Llama-3.1-8B,Random,26,0.0,0.75,4,1,7.1232812499999945
llama31_8b__vs__random_uniform__seed101,101,Llama-3.1-8B,Random,27,0.0,1.0,4,0,9.392708333333326
llama31_8b__vs__random_uniform__seed101,101,Llama-3.1-8B,Random,28,0.0,1.0,4,0,9.298645833333326
llama31_8b__vs__random_uniform__seed101,101,Llama-3.1-8B,Random,29,0.0,1.0,4,0,9.215520833333326
llama31_8b__vs__random_uniform__seed101,101,Llama-3.1-8B,Random,30,0.0,0.25,4,3,2.283098958333331
llama31_8b__vs__random_uniform__seed101,101,Llama-3.1-8B,Random,31,0.0,1.0,4,0,9.054739583333324
llama31_8b__vs__random_uniform__seed101,101,Llama-3.1-8B,Random,32,0.0,0.75,4,1,6.75
llama31_8b__vs__random_uniform__seed101,101,Llama-3.1-8B,Random,33,0.0,1.0,4,0,9.0
llama31_8b__vs__random_uniform__seed101,101,Llama-3.1-8B,Random,34,0.0,0.25,4,3,2.25
llama31_8b__vs__random_uniform__seed101,101,Llama-3.1-8B,Random,35,0.0,0.25,4,3,2.25
llama31_8b__vs__random_uniform__seed101,101,Llama-3.1-8B,Random,36,0.0,0.25,4,3,2.25
llama31_8b__vs__random_uniform__seed101,101,Llama-3.1-8B,Random,37,0.0,0.5,4,2,4.5
llama31_8b__vs__random_uniform__seed101,101,Llama-3.1-8B,Random,38,0.0,1.0,4,0,9.0
llama31_8b__vs__random_uniform__seed101,101,Llama-3.1-8B,Random,39,0.0,1.0,4,0,9.0
llama31_8b__vs__random_uniform__seed101,101,Llama-3.1-8B,Random,40,0.0,0.25,4,3,2.25
llama31_8b__vs__random_uniform__seed101,101,Llama-3.1-8B,Random,41,0.0,1.0,4,0,9.0
llama31_8b__vs__random_uniform__seed101,101,Llama-3.1-8B,Random,42,0.0,0.5,4,2,4.5
llama31_8b__vs__random_uniform__seed101,101,Llama-3.1-8B,Random,43,0.0,0.0,4,4,0.0
llama31_8b__vs__random_uniform__seed101,101,Llama-3.1-8B,Random,44,0.0,0.5,4,2,4.5
llama31_8b__vs__random_uniform__seed101,101,Llama-3.1-8B,Random,45,0.0,0.75,4,1,6.75
llama31_8b__vs__random_uniform__seed101,101,Llama-3.1-8B,Random,46,0.0,0.5,4,2,4.5
llama31_8b__vs__random_uniform__seed101,101,Llama-3.1-8B,Random,47,0.0,0.75,4,1,6.75
llama31_8b__vs__random_uniform__seed101,101,Llama-3.1-8B,Random,48,0.0,0.75,4,1,6.75
llama31_8b__vs__random_uniform__seed101,101,Llama-3.1-8B,Random,49,0.0,0.25,4,3,2.25
llama31_8b__vs__random_uniform__seed101,101,Llama-3.1-8B,Random,50,0.0,0.25,4,3,2.25
llama31_8b__vs__random_uniform__seed102,102,Llama-3.1-8B,Random,1,0.0,0.75,4,1,9.0
llama31_8b__vs__random_uniform__seed102,102,Llama-3.1-8B,Random,2,0.0,0.75,4,1,8.954062500000001
llama31_8b__vs__random_uniform__seed102,102,Llama-3.1-8B,Random,3,0.0,0.75,4,1,8.908125000000002
llama31_8b__vs__random_uniform__seed102,102,Llama-3.1-8B,Random,4,0.0,0.5,4,2,5.908125000000001
llama31_8b__vs__random_uniform__seed102,102,Llama-3.1-8B,Random,5,0.0,0.75,4,1,8.816250000000002
llama31_8b__vs__random_uniform__seed102,102,Llama-3.1-8B,Random,6,0.0,0.75,4,1,8.770312500000003
llama31_8b__vs__random_uniform__seed102,102,Llama-3.1-8B,Random,7,0.0,1.0,4,0,11.632500000000004
llama31_8b__vs__random_uniform__seed102,102,Llama-3.1-8B,Random,8,0.0,1.0,4,0,11.577500000000004
llama31_8b__vs__random_uniform__seed102,102,Llama-3.1-8B,Random,9,0.0,0.0,4,4,0.0
llama31_8b__vs__random_uniform__seed102,102,Llama-3.1-8B,Random,10,0.0,0.0,4,4,0.0
llama31_8b__vs__random_uniform__seed102,102,Llama-3.1-8B,Random,11,0.0,1.0,4,0,11.377343750000003
llama31_8b__vs__random_uniform__seed102,102,Llama-3.1-8B,Random,12,0.0,0.75,4,1,8.474765625000002
llama31_8b__vs__random_uniform__seed102,102,Llama-3.1-8B,Random,13,0.0,0.75,4,1,8.416523437500002
llama31_8b__vs__random_uniform__seed102,102,Llama-3.1-8B,Random,14,0.0,0.25,4,3,2.7860937500000005
llama31_8b__vs__random_uniform__seed102,102,Llama-3.1-8B,Random,15,0.0,0.0,4,4,0.0
llama31_8b__vs__random_uniform__seed102,102,Llama-3.1-8B,Random,16,0.0,0.75,4,1,8.208984375000002
llama31_8b__vs__random_uniform__seed102,102,Llama-3.1-8B,Random,17,0.0,0.0,4,4,0.0
llama31_8b__vs__random_uniform__seed102,102,Llama-3.1-8B,Random,18,0.0,0.25,4,3,2.6783593750000008
llama31_8b__vs__random_uniform__seed102,102,Llama-3.1-8B,Random,19,0.0,0.0,4,4,0.0
llama31_8b__vs__random_uniform__seed102,102,Llama-3.1-8B,Random,20,0.0,0.75,4,1,7.852968750000001
llama31_8b__vs__random_uniform__seed102,102,Llama-3.1-8B,Random,21,0.0,0.75,4,1,7.753710937500001
llama31_8b__vs__random_uniform__seed102,102,Llama-3.1-8B,Random,22,0.0,0.5,4,2,5.1029687500000005
llama31_8b__vs__random_uniform__seed102,102,Llama-3.1-8B,Random,23,0.0,0.0,4,4,0.0
llama31_8b__vs__random_uniform__seed102,102,Llama-3.1-8B,Random,24,0.0,0.25,4,3,2.488046875
llama31_8b__vs__random_uniform__seed102,102,Llama-3.1-8B,Random,25,0.0,1.0,4,0,9.814375
llama31_8b__vs__random_uniform__seed102,102,Llama-3.1-8B,Random,26,0.0,0.0,4,4,0.0
llama31_8b__vs__random_uniform__seed102,102,Llama-3.1-8B,Random,27,0.0,0.75,4,1,7.182773437500001
llama31_8b__vs__random_uniform__seed102,102,Llama-3.1-8B,Random,28,0.0,0.25,4,3,2.3680078125
llama31_8b__vs__random_uniform__seed102,102,Llama-3.1-8B,Random,29,0.0,0.25,4,3,2.3390234375000003
llama31_8b__vs__random_uniform__seed102,102,Llama-3.1-8B,Random,30,0.0,0.25,4,3,2.3073046875000003
llama31_8b__vs__random_uniform__seed102,102,Llama-3.1-8B,Random,31,0.0,0.75,4,1,6.8226562500000005
llama31_8b__vs__random_uniform__seed102,102,Llama-3.1-8B,Random,32,0.0,0.25,4,3,2.25
llama31_8b__vs__random_uniform__seed102,102,Llama-3.1-8B,Random,33,0.0,0.0,4,4,0.0
llama31_8b__vs__random_uniform__seed102,102,Llama-3.1-8B,Random,34,0.0,0.75,4,1,6.75
llama31_8b__vs__random_uniform__seed102,102,Llama-3.1-8B,Random,35,0.0,1.0,4,0,9.0
llama31_8b__vs__random_uniform__seed102,102,Llama-3.1-8B,Random,36,0.0,0.75,4,1,6.75
llama31_8b__vs__random_uniform__seed102,102,Llama-3.1-8B,Random,37,0.0,0.0,4,4,0.0
llama31_8b__vs__random_uniform__seed102,102,Llama-3.1-8B,Random,38,0.0,0.5,4,2,4.5
llama31_8b__vs__random_uniform__seed102,102,Llama-3.1-8B,Random,39,0.0,1.0,4,0,9.0
llama31_8b__vs__random_uniform__seed102,102,Llama-3.1-8B,Random,40,0.0,0.0,4,4,0.0
llama31_8b__vs__random_uniform__seed102,102,Llama-3.1-8B,Random,41,0.0,0.0,4,4,0.0
llama31_8b__vs__random_uniform__seed102,102,Llama-3.1-8B,Random,42,0.0,0.25,4,3,2.25
llama31_8b__vs__random_uniform__seed102,102,Llama-3.1-8B,Random,43,0.0,0.0,4,4,0.0
llama31_8b__vs__random_uniform__seed102,102,Llama-3.1-8B,Random,44,0.0,1.0,4,0,9.0
llama31_8b__vs__random_uniform__seed102,102,Llama-3.1-8B,Random,45,0.0,1.0,4,0,9.0
llama31_8b__vs__random_uniform__seed102,102,Llama-3.1-8B,Random,46,0.0,0.0,4,4,0.0
llama31_8b__vs__random_uniform__seed102,102,Llama-3.1-8B,Random,47,0.0,0.25,4,3,2.25
llama31_8b__vs__random_uniform__seed102,102,Llama-3.1-8B,Random,48,0.0,0.0,4,4,0.0
llama31_8b__vs__random_uniform__seed102,102,Llama-3.1-8B,Random,49,0.0,0.5,4,2,4.5
llama31_8b__vs__random_uniform__seed102,102,Llama-3.1-8B,Random,50,0.0,0.5,4,2,4.5
llama31_8b__vs__random_uniform__seed103,103,Llama-3.1-8B,Random,1,0.0,1.0,4,0,12.0
llama31_8b__vs__random_uniform__seed103,103,Llama-3.1-8B,Random,2,0.0,0.0,4,4,0.0
llama31_8b__vs__random_uniform__seed103,103,Llama-3.1-8B,Random,3,0.0,0.0,4,4,0.0
llama31_8b__vs__random_uniform__seed103,103,Llama-3.1-8B,Random,4,0.0,0.5,4,2,5.871666666666666
llama31_8b__vs__random_uniform__seed103,103,Llama-3.1-8B,Random,5,0.0,1.0,4,0,11.616458333333332
llama31_8b__vs__random_uniform__seed103,103,Llama-3.1-8B,Random,6,0.0,0.0,4,4,0.0
llama31_8b__vs__random_uniform__seed103,103,Llama-3.1-8B,Random,7,0.0,0.75,4,1,8.54390625
llama31_8b__vs__random_uniform__seed103,103,Llama-3.1-8B,Random,8,0.0,1.0,4,0,11.280624999999999
llama31_8b__vs__random_uniform__seed103,103,Llama-3.1-8B,Random,9,0.0,0.5,4,2,5.944461390150068
llama31_8b__vs__random_uniform__seed103,103,Llama-3.1-8B,Random,10,0.0,1.0,4,0,11.114374999999999
llama31_8b__vs__random_uniform__seed103,103,Llama-3.1-8B,Random,11,0.0,0.75,4,1,8.285742187499999
llama31_8b__vs__random_uniform__seed103,103,Llama-3.1-8B,Random,12,0.0,0.25,4,3,2.7493359374999997
llama31_8b__vs__random_uniform__seed103,103,Llama-3.1-8B,Random,13,0.0,0.75,4,1,8.206171874999999
llama31_8b__vs__random_uniform__seed103,103,Llama-3.1-8B,Random,14,0.0,0.75,4,1,8.160234374999998
llama31_8b__vs__random_uniform__seed103,103,Llama-3.1-8B,Random,15,0.0,0.25,4,3,2.7088671874999997
llama31_8b__vs__random_uniform__seed103,103,Llama-3.1-8B,Random,16,0.0,0.75,4,1,8.084765625
llama31_8b__vs__random_uniform__seed103,103,Llama-3.1-8B,Random,17,0.0,1.0,4,0,10.696562499999997
llama31_8b__vs__random_uniform__seed103,103,Llama-3.1-8B,Random,18,0.0,0.0,4,4,0.0
llama31_8b__vs__random_uniform__seed103,103,Llama-3.1-8B,Random,19,0.0,0.5,4,2,5.265156249999999
llama31_8b__vs__random_uniform__seed103,103,Llama-3.1-8B,Random,20,0.0,0.25,4,3,2.6076953124999993
llama31_8b__vs__random_uniform__seed103,103,Llama-3.1-8B,Random,21,0.0,0.5,4,2,5.165624999999999
llama31_8b__vs__random_uniform__seed103,103,Llama-3.1-8B,Random,22,0.0,0.25,4,3,2.717452666763186
llama31_8b__vs__random_uniform__seed103,103,Llama-3.1-8B,Random,23,0.0,0.75,4,1,7.607343749999998
llama31_8b__vs__random_uniform__seed103,103,Llama-3.1-8B,Random,24,0.0,0.5,4,2,5.027265624999999
llama31_8b__vs__random_uniform__seed103,103,Llama-3.1-8B,Random,25,0.0,0.25,4,3,2.4901171874999997
llama31_8b__vs__random_uniform__seed103,103,Llama-3.1-8B,Random,26,0.0,0.0,4,4,0.0
llama31_8b__vs__random_uniform__seed103,103,Llama-3.1-8B,Random,27,0.0,1.0,4,0,9.739531249999997
llama31_8b__vs__random_uniform__seed103,103,Llama-3.1-8B,Random,28,0.0,0.0,4,4,0.0
llama31_8b__vs__random_uniform__seed103,103,Llama-3.1-8B,Random,29,0.0,0.0,4,4,0.0
llama31_8b__vs__random_uniform__seed103,103,Llama-3.1-8B,Random,30,0.0,0.5,4,2,4.704062499999998
llama31_8b__vs__random_uniform__seed103,103,Llama-3.1-8B,Random,31,0.0,0.0,4,4,0.0
llama31_8b__vs__random_uniform__seed103,103,Llama-3.1-8B,Random,32,0.0,0.5,4,2,4.574453124999998
llama31_8b__vs__random_uniform__seed103,103,Llama-3.1-8B,Random,33,0.0,0.5,4,2,4.505546874999998
llama31_8b__vs__random_uniform__seed103,103,Llama-3.1-8B,Random,34,0.0,0.25,4,3,2.25
llama31_8b__vs__random_uniform__seed103,103,Llama-3.1-8B,Random,35,0.0,0.5,4,2,4.5
llama31_8b__vs__random_uniform__seed103,103,Llama-3.1-8B,Random,36,0.0,0.5,4,2,4.5
llama31_8b__vs__random_uniform__seed103,103,Llama-3.1-8B,Random,37,0.0,0.0,4,4,0.0
llama31_8b__vs__random_uniform__seed103,103,Llama-3.1-8B,Random,38,0.0,0.25,4,3,2.25
llama31_8b__vs__random_uniform__seed103,103,Llama-3.1-8B,Random,39,0.0,0.0,4,4,0.0
llama31_8b__vs__random_uniform__seed103,103,Llama-3.1-8B,Random,40,0.0,1.0,4,0,9.0
llama31_8b__vs__random_uniform__seed103,103,Llama-3.1-8B,Random,41,0.0,0.0,4,4,0.0
llama31_8b__vs__random_uniform__seed103,103,Llama-3.1-8B,Random,42,0.0,0.5,4,2,4.5
llama31_8b__vs__random_uniform__seed103,103,Llama-3.1-8B,Random,43,0.0,0.75,4,1,6.75
llama31_8b__vs__random_uniform__seed103,103,Llama-3.1-8B,Random,44,0.0,0.0,4,4,0.0
llama31_8b__vs__random_uniform__seed103,103,Llama-3.1-8B,Random,45,0.0,1.0,4,0,9.0
llama31_8b__vs__random_uniform__seed103,103,Llama-3.1-8B,Random,46,0.0,0.75,4,1,7.163300242806258
llama31_8b__vs__random_uniform__seed103,103,Llama-3.1-8B,Random,47,0.0,0.5,4,2,4.5
llama31_8b__vs__random_uniform__seed103,103,Llama-3.1-8B,Random,48,0.0,0.0,4,4,0.0
llama31_8b__vs__random_uniform__seed103,103,Llama-3.1-8B,Random,49,0.0,0.25,4,3,2.25
llama31_8b__vs__random_uniform__seed103,103,Llama-3.1-8B,Random,50,0.0,1.0,4,0,9.0
llama31_8b__vs__random_uniform__seed104,104,Llama-3.1-8B,Random,1,0.0,0.75,4,1,9.0
llama31_8b__vs__random_uniform__seed104,104,Llama-3.1-8B,Random,2,0.0,0.75,4,1,8.954062500000001
llama31_8b__vs__random_uniform__seed104,104,Llama-3.1-8B,Random,3,0.0,1.0,4,0,11.855625
llama31_8b__vs__random_uniform__seed104,104,Llama-3.1-8B,Random,4,0.0,0.25,4,3,2.9413020833333334
llama31_8b__vs__random_uniform__seed104,104,Llama-3.1-8B,Random,5,0.0,1.0,4,0,11.660208333333333
llama31_8b__vs__random_uniform__seed104,104,Llama-3.1-8B,Random,6,0.0,0.75,4,1,8.67953125
llama31_8b__vs__random_uniform__seed104,104,Llama-3.1-8B,Random,7,0.0,0.75,4,1,8.6171875
llama31_8b__vs__random_uniform__seed104,104,Llama-3.1-8B,Random,8,0.0,1.0,4,0,11.409583333333332
llama31_8b__vs__random_uniform__seed104,104,Llama-3.1-8B,Random,9,0.0,0.25,4,3,2.834348958333333
llama31_8b__vs__random_uniform__seed104,104,Llama-3.1-8B,Random,10,0.0,0.0,4,4,0.0
llama31_8b__vs__random_uniform__seed104,104,Llama-3.1-8B,Random,11,0.0,0.0,4,4,0.0
llama31_8b__vs__random_uniform__seed104,104,Llama-3.1-8B,Random,12,0.0,0.75,4,1,8.299609375
llama31_8b__vs__random_uniform__seed104,104,Llama-3.1-8B,Random,13,0.0,0.0,4,4,0.0
llama31_8b__vs__random_uniform__seed104,104,Llama-3.1-8B,Random,14,0.0,0.0,4,4,0.0
llama31_8b__vs__random_uniform__seed104,104,Llama-3.1-8B,Random,15,0.0,0.0,4,4,0.0
llama31_8b__vs__random_uniform__seed104,104,Llama-3.1-8B,Random,16,0.0,0.75,4,1,7.947695312499999
llama31_8b__vs__random_uniform__seed104,104,Llama-3.1-8B,Random,17,0.0,0.5,4,2,5.224088541666666
llama31_8b__vs__random_uniform__seed104,104,Llama-3.1-8B,Random,18,0.0,0.75,4,1,7.728671875
llama31_8b__vs__random_uniform__seed104,104,Llama-3.1-8B,Random,19,0.0,0.75,4,1,7.633515624999999
llama31_8b__vs__random_uniform__seed104,104,Llama-3.1-8B,Random,20,0.0,1.0,4,0,10.067552083333332
llama31_8b__vs__random_uniform__seed104,104,Llama-3.1-8B,Random,21,0.0,0.75,4,1,7.471914062499999
llama31_8b__vs__random_uniform__seed104,104,Llama-3.1-8B,Random,22,0.0,0.0,4,4,0.0
llama31_8b__vs__random_uniform__seed104,104,Llama-3.1-8B,Random,23,0.0,0.5,4,2,4.898151041666666
llama31_8b__vs__random_uniform__seed104,104,Llama-3.1-8B,Random,24,0.0,0.25,4,3,2.432395833333333
llama31_8b__vs__random_uniform__seed104,104,Llama-3.1-8B,Random,25,0.0,1.0,4,0,9.651927083333332
llama31_8b__vs__random_uniform__seed104,104,Llama-3.1-8B,Random,26,0.0,0.0,4,4,0.0
llama31_8b__vs__random_uniform__seed104,104,Llama-3.1-8B,Random,27,0.0,0.5,4,2,4.764713541666666
llama31_8b__vs__random_uniform__seed104,104,Llama-3.1-8B,Random,28,0.0,0.25,4,3,2.3629427083333328
llama31_8b__vs__random_uniform__seed104,104,Llama-3.1-8B,Random,29,0.0,1.0,4,0,9.357708333333331
llama31_8b__vs__random_uniform__seed104,104,Llama-3.1-8B,Random,30,0.0,0.25,4,3,2.315911458333333
llama31_8b__vs__random_uniform__seed104,104,Llama-3.1-8B,Random,31,0.0,0.75,4,1,6.873085937499999
llama31_8b__vs__random_uniform__seed104,104,Llama-3.1-8B,Random,32,0.0,0.25,4,3,2.267513020833333
llama31_8b__vs__random_uniform__seed104,104,Llama-3.1-8B,Random,33,0.0,0.75,4,1,6.75
llama31_8b__vs__random_uniform__seed104,104,Llama-3.1-8B,Random,34,0.0,0.25,4,3,2.25
llama31_8b__vs__random_uniform__seed104,104,Llama-3.1-8B,Random,35,0.0,0.75,4,1,6.75
llama31_8b__vs__random_uniform__seed104,104,Llama-3.1-8B,Random,36,0.0,0.0,4,4,0.0
llama31_8b__vs__random_uniform__seed104,104,Llama-3.1-8B,Random,37,0.0,0.5,4,2,4.5
llama31_8b__vs__random_uniform__seed104,104,Llama-3.1-8B,Random,38,0.0,0.0,4,4,0.0
llama31_8b__vs__random_uniform__seed104,104,Llama-3.1-8B,Random,39,0.0,0.25,4,3,2.25
llama31_8b__vs__random_uniform__seed104,104,Llama-3.1-8B,Random,40,0.0,0.25,4,3,2.25
llama31_8b__vs__random_uniform__seed104,104,Llama-3.1-8B,Random,41,0.0,0.25,4,3,2.25
llama31_8b__vs__random_uniform__seed104,104,Llama-3.1-8B,Random,42,0.0,0.25,4,3,2.25
llama31_8b__vs__random_uniform__seed104,104,Llama-3.1-8B,Random,43,0.0,0.0,4,4,0.0
llama31_8b__vs__random_uniform__seed104,104,Llama-3.1-8B,Random,44,0.0,0.0,4,4,0.0
llama31_8b__vs__random_uniform__seed104,104,Llama-3.1-8B,Random,45,0.0,0.0,4,4,0.0
llama31_8b__vs__random_uniform__seed104,104,Llama-3.1-8B,Random,46,0.0,1.0,4,0,9.0
llama31_8b__vs__random_uniform__seed104,104,Llama-3.1-8B,Random,47,0.0,0.25,4,3,2.25
llama31_8b__vs__random_uniform__seed104,104,Llama-3.1-8B,Random,48,0.0,0.5,4,2,4.5
llama31_8b__vs__random_uniform__seed104,104,Llama-3.1-8B,Random,49,0.0,0.0,4,4,0.0
llama31_8b__vs__random_uniform__seed104,104,Llama-3.1-8B,Random,50,0.0,0.75,4,1,6.75
llama31_8b__vs__random_uniform__seed105,105,Llama-3.1-8B,Random,1,0.0,0.25,4,3,3.0
llama31_8b__vs__random_uniform__seed105,105,Llama-3.1-8B,Random,2,0.0,0.25,4,3,2.9628125
llama31_8b__vs__random_uniform__seed105,105,Llama-3.1-8B,Random,3,0.0,0.0,4,4,0.0
llama31_8b__vs__random_uniform__seed105,105,Llama-3.1-8B,Random,4,0.0,1.0,4,0,11.539166666666667
llama31_8b__vs__random_uniform__seed105,105,Llama-3.1-8B,Random,5,0.0,0.0,4,4,0.0
llama31_8b__vs__random_uniform__seed105,105,Llama-3.1-8B,Random,6,0.0,1.0,4,0,11.272291666666666
llama31_8b__vs__random_uniform__seed105,105,Llama-3.1-8B,Random,7,0.0,0.25,4,3,2.7881770833333333
llama31_8b__vs__random_uniform__seed105,105,Llama-3.1-8B,Random,8,0.0,0.75,4,1,8.27171875
llama31_8b__vs__random_uniform__seed105,105,Llama-3.1-8B,Random,9,0.0,0.5,4,2,5.456510416666667
llama31_8b__vs__random_uniform__seed105,105,Llama-3.1-8B,Random,10,0.0,0.5,4,2,5.401276041666667
llama31_8b__vs__random_uniform__seed105,105,Llama-3.1-8B,Random,11,0.0,0.5,4,2,5.3487760416666665
llama31_8b__vs__random_uniform__seed105,105,Llama-3.1-8B,Random,12,0.0,1.0,4,0,10.603489583333333
llama31_8b__vs__random_uniform__seed105,105,Llama-3.1-8B,Random,13,0.0,0.25,4,3,2.6273567708333334
llama31_8b__vs__random_uniform__seed105,105,Llama-3.1-8B,Random,14,0.0,0.5,4,2,5.210416666666667
llama31_8b__vs__random_uniform__seed105,105,Llama-3.1-8B,Random,15,0.0,0.5,4,2,5.160651041666667
llama31_8b__vs__random_uniform__seed105,105,Llama-3.1-8B,Random,16,0.0,0.5,4,2,5.113619791666667
llama31_8b__vs__random_uniform__seed105,105,Llama-3.1-8B,Random,17,0.0,0.5,4,2,5.063854166666667
llama31_8b__vs__random_uniform__seed105,105,Llama-3.1-8B,Random,18,0.0,0.75,4,1,7.521132812500001
llama31_8b__vs__random_uniform__seed105,105,Llama-3.1-8B,Random,19,0.0,0.0,4,4,0.0
llama31_8b__vs__random_uniform__seed105,105,Llama-3.1-8B,Random,20,0.0,0.5,4,2,4.914557291666667
llama31_8b__vs__random_uniform__seed105,105,Llama-3.1-8B,Random,21,0.0,0.0,4,4,0.0
llama31_8b__vs__random_uniform__seed105,105,Llama-3.1-8B,Random,22,0.0,0.5,4,2,4.795885416666668
llama31_8b__vs__random_uniform__seed105,105,Llama-3.1-8B,Random,23,0.0,1.0,4,0,9.470364583333335
llama31_8b__vs__random_uniform__seed105,105,Llama-3.1-8B,Random,24,0.0,0.0,4,4,0.0
llama31_8b__vs__random_uniform__seed105,105,Llama-3.1-8B,Random,25,0.0,0.0,4,4,0.0
llama31_8b__vs__random_uniform__seed105,105,Llama-3.1-8B,Random,26,0.0,0.25,4,3,2.2765364583333336
llama31_8b__vs__random_uniform__seed105,105,Llama-3.1-8B,Random,27,0.0,0.5,4,2,4.5
llama31_8b__vs__random_uniform__seed105,105,Llama-3.1-8B,Random,28,0.0,0.5,4,2,4.5
llama31_8b__vs__random_uniform__seed105,105,Llama-3.1-8B,Random,29,0.0,0.75,4,1,6.75
llama31_8b__vs__random_uniform__seed105,105,Llama-3.1-8B,Random,30,0.0,0.25,4,3,2.25
llama31_8b__vs__random_uniform__seed105,105,Llama-3.1-8B,Random,31,0.0,0.25,4,3,2.25
llama31_8b__vs__random_uniform__seed105,105,Llama-3.1-8B,Random,32,0.0,0.5,4,2,4.5
llama31_8b__vs__random_uniform__seed105,105,Llama-3.1-8B,Random,33,0.0,0.25,4,3,2.25
llama31_8b__vs__random_uniform__seed105,105,Llama-3.1-8B,Random,34,0.0,0.75,4,1,6.75
llama31_8b__vs__random_uniform__seed105,105,Llama-3.1-8B,Random,35,0.0,0.75,4,1,6.75
llama31_8b__vs__random_uniform__seed105,105,Llama-3.1-8B,Random,36,0.0,0.75,4,1,6.75
llama31_8b__vs__random_uniform__seed105,105,Llama-3.1-8B,Random,37,0.0,0.75,4,1,6.75
llama31_8b__vs__random_uniform__seed105,105,Llama-3.1-8B,Random,38,0.0,1.0,4,0,9.0
llama31_8b__vs__random_uniform__seed105,105,Llama-3.1-8B,Random,39,0.0,0.0,4,4,0.0
llama31_8b__vs__random_uniform__seed105,105,Llama-3.1-8B,Random,40,0.0,0.5,4,2,4.5
llama31_8b__vs__random_uniform__seed105,105,Llama-3.1-8B,Random,41,0.0,0.75,4,1,6.75
llama31_8b__vs__random_uniform__seed105,105,Llama-3.1-8B,Random,42,0.0,0.25,4,3,2.25
llama31_8b__vs__random_uniform__seed105,105,Llama-3.1-8B,Random,43,0.0,0.75,4,1,6.75
llama31_8b__vs__random_uniform__seed105,105,Llama-3.1-8B,Random,44,0.0,0.5,4,2,4.5
llama31_8b__vs__random_uniform__seed105,105,Llama-3.1-8B,Random,45,0.0,0.25,4,3,2.25
llama31_8b__vs__random_uniform__seed105,105,Llama-3.1-8B,Random,46,0.0,0.5,4,2,4.5
llama31_8b__vs__random_uniform__seed105,105,Llama-3.1-8B,Random,47,0.0,0.25,4,3,2.25
llama31_8b__vs__random_uniform__seed105,105,Llama-3.1-8B,Random,48,0.0,0.0,4,4,0.0
llama31_8b__vs__random_uniform__seed105,105,Llama-3.1-8B,Random,49,0.0,0.0,4,4,0.0
llama31_8b__vs__random_uniform__seed105,105,Llama-3.1-8B,Random,50,0.0,0.75,4,1,6.75
llama31_8b__vs__wsls__seed101,101,Llama-3.1-8B,WSLS,1,0.0,1.0,4,0,12.0
llama31_8b__vs__wsls__seed101,101,Llama-3.1-8B,WSLS,2,0.0,0.75,4,1,8.986875
llama31_8b__vs__wsls__seed101,101,Llama-3.1-8B,WSLS,3,0.0,0.5,4,2,5.9715625
llama31_8b__vs__wsls__seed101,101,Llama-3.1-8B,WSLS,4,0.0,0.25,4,3,2.97046875
llama31_8b__vs__wsls__seed101,101,Llama-3.1-8B,WSLS,5,0.0,0.0,4,4,0.0
llama31_8b__vs__wsls__seed101,101,Llama-3.1-8B,WSLS,6,0.0,0.0,4,4,0.0
llama31_8b__vs__wsls__seed101,101,Llama-3.1-8B,WSLS,7,0.0,0.0,4,4,0.0
llama31_8b__vs__wsls__seed101,101,Llama-3.1-8B,WSLS,8,0.0,0.0,4,4,0.0
llama31_8b__vs__wsls__seed101,101,Llama-3.1-8B,WSLS,9,0.0,0.0,4,4,0.0
llama31_8b__vs__wsls__seed101,101,Llama-3.1-8B,WSLS,10,0.0,0.0,4,4,0.0
llama31_8b__vs__wsls__seed101,101,Llama-3.1-8B,WSLS,11,0.0,0.0,4,4,0.0
llama31_8b__vs__wsls__seed101,101,Llama-3.1-8B,WSLS,12,0.0,0.0,4,4,0.0
llama31_8b__vs__wsls__seed101,101,Llama-3.1-8B,WSLS,13,0.0,0.0,4,4,0.0
llama31_8b__vs__wsls__seed101,101,Llama-3.1-8B,WSLS,14,0.0,0.0,4,4,0.0
llama31_8b__vs__wsls__seed101,101,Llama-3.1-8B,WSLS,15,0.0,0.0,4,4,0.0
llama31_8b__vs__wsls__seed101,101,Llama-3.1-8B,WSLS,16,0.0,0.0,4,4,0.0
llama31_8b__vs__wsls__seed101,101,Llama-3.1-8B,WSLS,17,0.0,0.0,4,4,0.0
llama31_8b__vs__wsls__seed101,101,Llama-3.1-8B,WSLS,18,0.0,0.0,4,4,0.0
llama31_8b__vs__wsls__seed101,101,Llama-3.1-8B,WSLS,19,0.0,0.0,4,4,0.0
llama31_8b__vs__wsls__seed101,101,Llama-3.1-8B,WSLS,20,0.0,0.0,4,4,0.0
llama31_8b__vs__wsls__seed101,101,Llama-3.1-8B,WSLS,21,0.0,0.0,4,4,0.0
llama31_8b__vs__wsls__seed101,101,Llama-3.1-8B,WSLS,22,0.0,0.0,4,4,0.0
llama31_8b__vs__wsls__seed101,101,Llama-3.1-8B,WSLS,23,0.0,0.0,4,4,0.0
llama31_8b__vs__wsls__seed101,101,Llama-3.1-8B,WSLS,24,0.0,0.0,4,4,0.0
llama31_8b__vs__wsls__seed101,101,Llama-3.1-8B,WSLS,25,0.0,0.0,4,4,0.0
llama31_8b__vs__wsls__seed101,101,Llama-3.1-8B,WSLS,26,0.0,0.0,4,4,0.0
llama31_8b__vs__wsls__seed101,101,Llama-3.1-8B,WSLS,27,0.0,0.0,4,4,0.0
llama31_8b__vs__wsls__seed101,101,Llama-3.1-8B,WSLS,28,0.0,0.0,4,4,0.0
llama31_8b__vs__wsls__seed101,101,Llama-3.1-8B,WSLS,29,0.0,0.0,4,4,0.0
llama31_8b__vs__wsls__seed101,101,Llama-3.1-8B,WSLS,30,0.0,0.0,4,4,0.0
llama31_8b__vs__wsls__seed101,101,Llama-3.1-8B,WSLS,31,0.0,0.0,4,4,0.0
llama31_8b__vs__wsls__seed101,101,Llama-3.1-8B,WSLS,32,0.0,0.0,4,4,0.0
llama31_8b__vs__wsls__seed101,101,Llama-3.1-8B,WSLS,33,0.0,0.0,4,4,0.0
llama31_8b__vs__wsls__seed101,101,Llama-3.1-8B,WSLS,34,0.0,0.0,4,4,0.0
llama31_8b__vs__wsls__seed101,101,Llama-3.1-8B,WSLS,35,0.0,0.0,4,4,0.0
llama31_8b__vs__wsls__seed101,101,Llama-3.1-8B,WSLS,36,0.0,0.0,4,4,0.0
llama31_8b__vs__wsls__seed101,101,Llama-3.1-8B,WSLS,37,0.0,0.0,4,4,0.0
llama31_8b__vs__wsls__seed101,101,Llama-3.1-8B,WSLS,38,0.0,0.0,4,4,0.0
llama31_8b__vs__wsls__seed101,101,Llama-3.1-8B,WSLS,39,0.0,0.0,4,4,0.0
llama31_8b__vs__wsls__seed101,101,Llama-3.1-8B,WSLS,40,0.0,0.0,4,4,0.0
llama31_8b__vs__wsls__seed101,101,Llama-3.1-8B,WSLS,41,0.0,0.0,4,4,0.0
llama31_8b__vs__wsls__seed101,101,Llama-3.1-8B,WSLS,42,0.0,0.0,4,4,0.0
llama31_8b__vs__wsls__seed101,101,Llama-3.1-8B,WSLS,43,0.0,0.0,4,4,0.0
llama31_8b__vs__wsls__seed101,101,Llama-3.1-8B,WSLS,44,0.0,0.0,4,4,0.0
llama31_8b__vs__wsls__seed101,101,Llama-3.1-8B,WSLS,45,0.0,0.0,4,4,0.0
llama31_8b__vs__wsls__seed101,101,Llama-3.1-8B,WSLS,46,0.0,0.0,4,4,0.0
llama31_8b__vs__wsls__seed101,101,Llama-3.1-8B,WSLS,47,0.0,0.0,4,4,0.0
llama31_8b__vs__wsls__seed101,101,Llama-3.1-8B,WSLS,48,0.0,0.0,4,4,0.0
llama31_8b__vs__wsls__seed101,101,Llama-3.1-8B,WSLS,49,0.0,0.0,4,4,0.0
llama31_8b__vs__wsls__seed101,101,Llama-3.1-8B,WSLS,50,0.0,0.0,4,4,0.0
llama31_8b__vs__wsls__seed102,102,Llama-3.1-8B,WSLS,1,0.0,1.0,4,0,12.0
llama31_8b__vs__wsls__seed102,102,Llama-3.1-8B,WSLS,2,0.0,0.75,4,1,8.986875
llama31_8b__vs__wsls__seed102,102,Llama-3.1-8B,WSLS,3,0.0,0.5,4,2,5.9715625
llama31_8b__vs__wsls__seed102,102,Llama-3.1-8B,WSLS,4,0.0,0.25,4,3,2.97046875
llama31_8b__vs__wsls__seed102,102,Llama-3.1-8B,WSLS,5,0.0,0.5,4,2,5.910312500000001
llama31_8b__vs__wsls__seed102,102,Llama-3.1-8B,WSLS,6,0.0,0.25,4,3,2.9376562500000003
llama31_8b__vs__wsls__seed102,102,Llama-3.1-8B,WSLS,7,0.0,0.0,4,4,0.0
llama31_8b__vs__wsls__seed102,102,Llama-3.1-8B,WSLS,8,0.0,0.0,4,4,0.0
llama31_8b__vs__wsls__seed102,102,Llama-3.1-8B,WSLS,9,0.0,0.0,4,4,0.0
llama31_8b__vs__wsls__seed102,102,Llama-3.1-8B,WSLS,10,0.0,0.0,4,4,0.0
llama31_8b__vs__wsls__seed102,102,Llama-3.1-8B,WSLS,11,0.0,0.0,4,4,0.0
llama31_8b__vs__wsls__seed102,102,Llama-3.1-8B,WSLS,12,0.0,0.0,4,4,0.0
llama31_8b__vs__wsls__seed102,102,Llama-3.1-8B,WSLS,13,0.0,0.0,4,4,0.0
llama31_8b__vs__wsls__seed102,102,Llama-3.1-8B,WSLS,14,0.0,0.0,4,4,0.0
llama31_8b__vs__wsls__seed102,102,Llama-3.1-8B,WSLS,15,0.0,0.0,4,4,0.0
llama31_8b__vs__wsls__seed102,102,Llama-3.1-8B,WSLS,16,0.0,0.0,4,4,0.0
llama31_8b__vs__wsls__seed102,102,Llama-3.1-8B,WSLS,17,0.0,0.0,4,4,0.0
llama31_8b__vs__wsls__seed102,102,Llama-3.1-8B,WSLS,18,0.0,0.0,4,4,0.0
llama31_8b__vs__wsls__seed102,102,Llama-3.1-8B,WSLS,19,0.0,0.0,4,4,0.0
llama31_8b__vs__wsls__seed102,102,Llama-3.1-8B,WSLS,20,0.0,0.0,4,4,0.0
llama31_8b__vs__wsls__seed102,102,Llama-3.1-8B,WSLS,21,0.0,0.0,4,4,0.0
llama31_8b__vs__wsls__seed102,102,Llama-3.1-8B,WSLS,22,0.0,0.0,4,4,0.0
llama31_8b__vs__wsls__seed102,102,Llama-3.1-8B,WSLS,23,0.0,0.0,4,4,0.0
llama31_8b__vs__wsls__seed102,102,Llama-3.1-8B,WSLS,24,0.0,0.0,4,4,0.0
llama31_8b__vs__wsls__seed102,102,Llama-3.1-8B,WSLS,25,0.0,0.0,4,4,0.0
llama31_8b__vs__wsls__seed102,102,Llama-3.1-8B,WSLS,26,0.0,0.0,4,4,0.0
llama31_8b__vs__wsls__seed102,102,Llama-3.1-8B,WSLS,27,0.0,0.0,4,4,0.0
llama31_8b__vs__wsls__seed102,102,Llama-3.1-8B,WSLS,28,0.0,0.0,4,4,0.0
llama31_8b__vs__wsls__seed102,102,Llama-3.1-8B,WSLS,29,0.0,0.0,4,4,0.0
llama31_8b__vs__wsls__seed102,102,Llama-3.1-8B,WSLS,30,0.0,0.0,4,4,0.0
llama31_8b__vs__wsls__seed102,102,Llama-3.1-8B,WSLS,31,0.0,0.0,4,4,0.0
llama31_8b__vs__wsls__seed102,102,Llama-3.1-8B,WSLS,32,0.0,0.0,4,4,0.0
llama31_8b__vs__wsls__seed102,102,Llama-3.1-8B,WSLS,33,0.0,0.0,4,4,0.0
llama31_8b__vs__wsls__seed102,102,Llama-3.1-8B,WSLS,34,0.0,0.0,4,4,0.0
llama31_8b__vs__wsls__seed102,102,Llama-3.1-8B,WSLS,35,0.0,0.0,4,4,0.0
llama31_8b__vs__wsls__seed102,102,Llama-3.1-8B,WSLS,36,0.0,0.0,4,4,0.0
llama31_8b__vs__wsls__seed102,102,Llama-3.1-8B,WSLS,37,0.0,0.0,4,4,0.0
llama31_8b__vs__wsls__seed102,102,Llama-3.1-8B,WSLS,38,0.0,0.0,4,4,0.0
llama31_8b__vs__wsls__seed102,102,Llama-3.1-8B,WSLS,39,0.0,0.0,4,4,0.0
llama31_8b__vs__wsls__seed102,102,Llama-3.1-8B,WSLS,40,0.0,0.0,4,4,0.0
llama31_8b__vs__wsls__seed102,102,Llama-3.1-8B,WSLS,41,0.0,0.0,4,4,0.0
llama31_8b__vs__wsls__seed102,102,Llama-3.1-8B,WSLS,42,0.0,0.0,4,4,0.0
llama31_8b__vs__wsls__seed102,102,Llama-3.1-8B,WSLS,43,0.0,0.0,4,4,0.0
llama31_8b__vs__wsls__seed102,102,Llama-3.1-8B,WSLS,44,0.0,0.0,4,4,0.0
llama31_8b__vs__wsls__seed102,102,Llama-3.1-8B,WSLS,45,0.0,0.0,4,4,0.0
llama31_8b__vs__wsls__seed102,102,Llama-3.1-8B,WSLS,46,0.0,0.0,4,4,0.0
llama31_8b__vs__wsls__seed102,102,Llama-3.1-8B,WSLS,47,0.0,0.0,4,4,0.0
llama31_8b__vs__wsls__seed102,102,Llama-3.1-8B,WSLS,48,0.0,0.0,4,4,0.0
llama31_8b__vs__wsls__seed102,102,Llama-3.1-8B,WSLS,49,0.0,0.0,4,4,0.0
llama31_8b__vs__wsls__seed102,102,Llama-3.1-8B,WSLS,50,0.0,0.0,4,4,0.0
llama31_8b__vs__wsls__seed103,103,Llama-3.1-8B,WSLS,1,0.0,1.0,4,0,12.0
llama31_8b__vs__wsls__seed103,103,Llama-3.1-8B,WSLS,2,0.0,0.75,4,1,8.986875
llama31_8b__vs__wsls__seed103,103,Llama-3.1-8B,WSLS,3,0.0,0.5,4,2,5.9715625
llama31_8b__vs__wsls__seed103,103,Llama-3.1-8B,WSLS,4,0.0,0.25,4,3,2.97046875
llama31_8b__vs__wsls__seed103,103,Llama-3.1-8B,WSLS,5,0.0,0.0,4,4,0.0
llama31_8b__vs__wsls__seed103,103,Llama-3.1-8B,WSLS,6,0.0,0.0,4,4,0.0
llama31_8b__vs__wsls__seed103,103,Llama-3.1-8B,WSLS,7,0.0,0.0,4,4,0.0
llama31_8b__vs__wsls__seed103,103,Llama-3.1-8B,WSLS,8,0.0,0.0,4,4,0.0
llama31_8b__vs__wsls__seed103,103,Llama-3.1-8B,WSLS,9,0.0,0.0,4,4,0.0
llama31_8b__vs__wsls__seed103,103,Llama-3.1-8B,WSLS,10,0.0,0.0,4,4,0.0
llama31_8b__vs__wsls__seed103,103,Llama-3.1-8B,WSLS,11,0.0,0.0,4,4,0.0
llama31_8b__vs__wsls__seed103,103,Llama-3.1-8B,WSLS,12,0.0,0.0,4,4,0.0
llama31_8b__vs__wsls__seed103,103,Llama-3.1-8B,WSLS,13,0.0,0.0,4,4,0.0
llama31_8b__vs__wsls__seed103,103,Llama-3.1-8B,WSLS,14,0.0,0.0,4,4,0.0
llama31_8b__vs__wsls__seed103,103,Llama-3.1-8B,WSLS,15,0.0,0.0,4,4,0.0
llama31_8b__vs__wsls__seed103,103,Llama-3.1-8B,WSLS,16,0.0,0.0,4,4,0.0
llama31_8b__vs__wsls__seed103,103,Llama-3.1-8B,WSLS,17,0.0,0.0,4,4,0.0
llama31_8b__vs__wsls__seed103,103,Llama-3.1-8B,WSLS,18,0.0,0.0,4,4,0.0
llama31_8b__vs__wsls__seed103,103,Llama-3.1-8B,WSLS,19,0.0,0.0,4,4,0.0
llama31_8b__vs__wsls__seed103,103,Llama-3.1-8B,WSLS,20,0.0,0.0,4,4,0.0
llama31_8b__vs__wsls__seed103,103,Llama-3.1-8B,WSLS,21,0.0,0.0,4,4,0.0
llama31_8b__vs__wsls__seed103,103,Llama-3.1-8B,WSLS,22,0.0,0.0,4,4,0.0
llama31_8b__vs__wsls__seed103,103,Llama-3.1-8B,WSLS,23,0.0,0.0,4,4,0.0
llama31_8b__vs__wsls__seed103,103,Llama-3.1-8B,WSLS,24,0.0,0.0,4,4,0.0
llama31_8b__vs__wsls__seed103,103,Llama-3.1-8B,WSLS,25,0.0,0.0,4,4,0.0
llama31_8b__vs__wsls__seed103,103,Llama-3.1-8B,WSLS,26,0.0,0.0,4,4,0.0
llama31_8b__vs__wsls__seed103,103,Llama-3.1-8B,WSLS,27,0.0,0.0,4,4,0.0
llama31_8b__vs__wsls__seed103,103,Llama-3.1-8B,WSLS,28,0.0,0.0,4,4,0.0
llama31_8b__vs__wsls__seed103,103,Llama-3.1-8B,WSLS,29,0.0,0.0,4,4,0.0
llama31_8b__vs__wsls__seed103,103,Llama-3.1-8B,WSLS,30,0.0,0.0,4,4,0.0
llama31_8b__vs__wsls__seed103,103,Llama-3.1-8B,WSLS,31,0.0,0.0,4,4,0.0
llama31_8b__vs__wsls__seed103,103,Llama-3.1-8B,WSLS,32,0.0,0.0,4,4,0.0
llama31_8b__vs__wsls__seed103,103,Llama-3.1-8B,WSLS,33,0.0,0.0,4,4,0.0
llama31_8b__vs__wsls__seed103,103,Llama-3.1-8B,WSLS,34,0.0,0.0,4,4,0.0
llama31_8b__vs__wsls__seed103,103,Llama-3.1-8B,WSLS,35,0.0,0.0,4,4,0.0
llama31_8b__vs__wsls__seed103,103,Llama-3.1-8B,WSLS,36,0.0,0.0,4,4,0.0
llama31_8b__vs__wsls__seed103,103,Llama-3.1-8B,WSLS,37,0.0,0.0,4,4,0.0
llama31_8b__vs__wsls__seed103,103,Llama-3.1-8B,WSLS,38,0.0,0.0,4,4,0.0
llama31_8b__vs__wsls__seed103,103,Llama-3.1-8B,WSLS,39,0.0,0.0,4,4,0.0
llama31_8b__vs__wsls__seed103,103,Llama-3.1-8B,WSLS,40,0.0,0.0,4,4,0.0
llama31_8b__vs__wsls__seed103,103,Llama-3.1-8B,WSLS,41,0.0,0.0,4,4,0.0
llama31_8b__vs__wsls__seed103,103,Llama-3.1-8B,WSLS,42,0.0,0.0,4,4,0.0
llama31_8b__vs__wsls__seed103,103,Llama-3.1-8B,WSLS,43,0.0,0.0,4,4,0.0
llama31_8b__vs__wsls__seed103,103,Llama-3.1-8B,WSLS,44,0.0,0.0,4,4,0.0
llama31_8b__vs__wsls__seed103,103,Llama-3.1-8B,WSLS,45,0.0,0.0,4,4,0.0
llama31_8b__vs__wsls__seed103,103,Llama-3.1-8B,WSLS,46,0.0,0.0,4,4,0.0
llama31_8b__vs__wsls__seed103,103,Llama-3.1-8B,WSLS,47,0.0,0.0,4,4,0.0
llama31_8b__vs__wsls__seed103,103,Llama-3.1-8B,WSLS,48,0.0,0.0,4,4,0.0
llama31_8b__vs__wsls__seed103,103,Llama-3.1-8B,WSLS,49,0.0,0.0,4,4,0.0
llama31_8b__vs__wsls__seed103,103,Llama-3.1-8B,WSLS,50,0.0,0.0,4,4,0.0
llama31_8b__vs__wsls__seed104,104,Llama-3.1-8B,WSLS,1,0.0,1.0,4,0,12.0
llama31_8b__vs__wsls__seed104,104,Llama-3.1-8B,WSLS,2,0.0,0.75,4,1,8.986875
llama31_8b__vs__wsls__seed104,104,Llama-3.1-8B,WSLS,3,0.0,0.25,4,3,2.9803125
llama31_8b__vs__wsls__seed104,104,Llama-3.1-8B,WSLS,4,0.0,0.5,4,2,5.930000000000001
llama31_8b__vs__wsls__seed104,104,Llama-3.1-8B,WSLS,5,0.0,0.25,4,3,2.9469531250000003
llama31_8b__vs__wsls__seed104,104,Llama-3.1-8B,WSLS,6,0.0,0.0,4,4,0.0
llama31_8b__vs__wsls__seed104,104,Llama-3.1-8B,WSLS,7,0.0,0.0,4,4,0.0
llama31_8b__vs__wsls__seed104,104,Llama-3.1-8B,WSLS,8,0.0,0.0,4,4,0.0
llama31_8b__vs__wsls__seed104,104,Llama-3.1-8B,WSLS,9,0.0,0.0,4,4,0.0
llama31_8b__vs__wsls__seed104,104,Llama-3.1-8B,WSLS,10,0.0,0.0,4,4,0.0
llama31_8b__vs__wsls__seed104,104,Llama-3.1-8B,WSLS,11,0.0,0.0,4,4,0.0
llama31_8b__vs__wsls__seed104,104,Llama-3.1-8B,WSLS,12,0.0,0.0,4,4,0.0
llama31_8b__vs__wsls__seed104,104,Llama-3.1-8B,WSLS,13,0.0,0.0,4,4,0.0
llama31_8b__vs__wsls__seed104,104,Llama-3.1-8B,WSLS,14,0.0,0.0,4,4,0.0
llama31_8b__vs__wsls__seed104,104,Llama-3.1-8B,WSLS,15,0.0,0.0,4,4,0.0
llama31_8b__vs__wsls__seed104,104,Llama-3.1-8B,WSLS,16,0.0,0.0,4,4,0.0
llama31_8b__vs__wsls__seed104,104,Llama-3.1-8B,WSLS,17,0.0,0.0,4,4,0.0
llama31_8b__vs__wsls__seed104,104,Llama-3.1-8B,WSLS,18,0.0,0.0,4,4,0.0
llama31_8b__vs__wsls__seed104,104,Llama-3.1-8B,WSLS,19,0.0,0.0,4,4,0.0
llama31_8b__vs__wsls__seed104,104,Llama-3.1-8B,WSLS,20,0.0,0.0,4,4,0.0
llama31_8b__vs__wsls__seed104,104,Llama-3.1-8B,WSLS,21,0.0,0.0,4,4,0.0
llama31_8b__vs__wsls__seed104,104,Llama-3.1-8B,WSLS,22,0.0,0.0,4,4,0.0
llama31_8b__vs__wsls__seed104,104,Llama-3.1-8B,WSLS,23,0.0,0.0,4,4,0.0
llama31_8b__vs__wsls__seed104,104,Llama-3.1-8B,WSLS,24,0.0,0.0,4,4,0.0
llama31_8b__vs__wsls__seed104,104,Llama-3.1-8B,WSLS,25,0.0,0.0,4,4,0.0
llama31_8b__vs__wsls__seed104,104,Llama-3.1-8B,WSLS,26,0.0,0.0,4,4,0.0
llama31_8b__vs__wsls__seed104,104,Llama-3.1-8B,WSLS,27,0.0,0.0,4,4,0.0
llama31_8b__vs__wsls__seed104,104,Llama-3.1-8B,WSLS,28,0.0,0.0,4,4,0.0
llama31_8b__vs__wsls__seed104,104,Llama-3.1-8B,WSLS,29,0.0,0.0,4,4,0.0
llama31_8b__vs__wsls__seed104,104,Llama-3.1-8B,WSLS,30,0.0,0.75,4,1,6.75
llama31_8b__vs__wsls__seed104,104,Llama-3.1-8B,WSLS,31,0.0,0.5,4,2,4.5
llama31_8b__vs__wsls__seed104,104,Llama-3.1-8B,WSLS,32,0.0,0.25,4,3,2.25
llama31_8b__vs__wsls__seed104,104,Llama-3.1-8B,WSLS,33,0.0,0.0,4,4,0.0
llama31_8b__vs__wsls__seed104,104,Llama-3.1-8B,WSLS,34,0.0,0.75,4,1,6.75
llama31_8b__vs__wsls__seed104,104,Llama-3.1-8B,WSLS,35,0.0,0.5,4,2,4.5
llama31_8b__vs__wsls__seed104,104,Llama-3.1-8B,WSLS,36,0.0,0.25,4,3,2.25
llama31_8b__vs__wsls__seed104,104,Llama-3.1-8B,WSLS,37,0.0,0.0,4,4,0.0
llama31_8b__vs__wsls__seed104,104,Llama-3.1-8B,WSLS,38,0.0,0.0,4,4,0.0
llama31_8b__vs__wsls__seed104,104,Llama-3.1-8B,WSLS,39,0.0,0.0,4,4,0.0
llama31_8b__vs__wsls__seed104,104,Llama-3.1-8B,WSLS,40,0.0,0.0,4,4,0.0
llama31_8b__vs__wsls__seed104,104,Llama-3.1-8B,WSLS,41,0.0,0.5,4,2,4.5
llama31_8b__vs__wsls__seed104,104,Llama-3.1-8B,WSLS,42,0.0,0.25,4,3,2.25
llama31_8b__vs__wsls__seed104,104,Llama-3.1-8B,WSLS,43,0.0,0.0,4,4,0.0
llama31_8b__vs__wsls__seed104,104,Llama-3.1-8B,WSLS,44,0.0,0.0,4,4,0.0
llama31_8b__vs__wsls__seed104,104,Llama-3.1-8B,WSLS,45,0.0,0.0,4,4,0.0
llama31_8b__vs__wsls__seed104,104,Llama-3.1-8B,WSLS,46,0.0,0.0,4,4,0.0
llama31_8b__vs__wsls__seed104,104,Llama-3.1-8B,WSLS,47,0.0,0.0,4,4,0.0
llama31_8b__vs__wsls__seed104,104,Llama-3.1-8B,WSLS,48,0.0,0.0,4,4,0.0
llama31_8b__vs__wsls__seed104,104,Llama-3.1-8B,WSLS,49,0.0,0.0,4,4,0.0
llama31_8b__vs__wsls__seed104,104,Llama-3.1-8B,WSLS,50,0.0,0.25,4,3,2.25
llama31_8b__vs__wsls__seed105,105,Llama-3.1-8B,WSLS,1,0.0,1.0,4,0,12.0
llama31_8b__vs__wsls__seed105,105,Llama-3.1-8B,WSLS,2,0.0,0.75,4,1,8.986875
llama31_8b__vs__wsls__seed105,105,Llama-3.1-8B,WSLS,3,0.0,0.5,4,2,5.9715625
llama31_8b__vs__wsls__seed105,105,Llama-3.1-8B,WSLS,4,0.0,0.25,4,3,2.97046875
llama31_8b__vs__wsls__seed105,105,Llama-3.1-8B,WSLS,5,0.0,0.0,4,4,0.0
llama31_8b__vs__wsls__seed105,105,Llama-3.1-8B,WSLS,6,0.0,0.0,4,4,0.0
llama31_8b__vs__wsls__seed105,105,Llama-3.1-8B,WSLS,7,0.0,0.0,4,4,0.0
llama31_8b__vs__wsls__seed105,105,Llama-3.1-8B,WSLS,8,0.0,0.0,4,4,0.0
llama31_8b__vs__wsls__seed105,105,Llama-3.1-8B,WSLS,9,0.0,0.0,4,4,0.0
llama31_8b__vs__wsls__seed105,105,Llama-3.1-8B,WSLS,10,0.0,0.0,4,4,0.0
llama31_8b__vs__wsls__seed105,105,Llama-3.1-8B,WSLS,11,0.0,0.0,4,4,0.0
llama31_8b__vs__wsls__seed105,105,Llama-3.1-8B,WSLS,12,0.0,0.0,4,4,0.0
llama31_8b__vs__wsls__seed105,105,Llama-3.1-8B,WSLS,13,0.0,0.0,4,4,0.0
llama31_8b__vs__wsls__seed105,105,Llama-3.1-8B,WSLS,14,0.0,0.0,4,4,0.0
llama31_8b__vs__wsls__seed105,105,Llama-3.1-8B,WSLS,15,0.0,0.0,4,4,0.0
llama31_8b__vs__wsls__seed105,105,Llama-3.1-8B,WSLS,16,0.0,0.0,4,4,0.0
llama31_8b__vs__wsls__seed105,105,Llama-3.1-8B,WSLS,17,0.0,0.0,4,4,0.0
llama31_8b__vs__wsls__seed105,105,Llama-3.1-8B,WSLS,18,0.0,0.0,4,4,0.0
llama31_8b__vs__wsls__seed105,105,Llama-3.1-8B,WSLS,19,0.0,0.0,4,4,0.0
llama31_8b__vs__wsls__seed105,105,Llama-3.1-8B,WSLS,20,0.0,0.0,4,4,0.0
llama31_8b__vs__wsls__seed105,105,Llama-3.1-8B,WSLS,21,0.0,0.0,4,4,0.0
llama31_8b__vs__wsls__seed105,105,Llama-3.1-8B,WSLS,22,0.0,0.0,4,4,0.0
llama31_8b__vs__wsls__seed105,105,Llama-3.1-8B,WSLS,23,0.0,0.0,4,4,0.0
llama31_8b__vs__wsls__seed105,105,Llama-3.1-8B,WSLS,24,0.0,0.0,4,4,0.0
llama31_8b__vs__wsls__seed105,105,Llama-3.1-8B,WSLS,25,0.0,0.0,4,4,0.0
llama31_8b__vs__wsls__seed105,105,Llama-3.1-8B,WSLS,26,0.0,0.0,4,4,0.0
llama31_8b__vs__wsls__seed105,105,Llama-3.1-8B,WSLS,27,0.0,0.0,4,4,0.0
llama31_8b__vs__wsls__seed105,105,Llama-3.1-8B,WSLS,28,0.0,0.0,4,4,0.0
llama31_8b__vs__wsls__seed105,105,Llama-3.1-8B,WSLS,29,0.0,0.0,4,4,0.0
llama31_8b__vs__wsls__seed105,105,Llama-3.1-8B,WSLS,30,0.0,0.0,4,4,0.0
llama31_8b__vs__wsls__seed105,105,Llama-3.1-8B,WSLS,31,0.0,0.0,4,4,0.0
llama31_8b__vs__wsls__seed105,105,Llama-3.1-8B,WSLS,32,0.0,0.0,4,4,0.0
llama31_8b__vs__wsls__seed105,105,Llama-3.1-8B,WSLS,33,0.0,0.0,4,4,0.0
llama31_8b__vs__wsls__seed105,105,Llama-3.1-8B,WSLS,34,0.0,0.0,4,4,0.0
llama31_8b__vs__wsls__seed105,105,Llama-3.1-8B,WSLS,35,0.0,0.75,4,1,6.75
llama31_8b__vs__wsls__seed105,105,Llama-3.1-8B,WSLS,36,0.0,0.5,4,2,4.5
llama31_8b__vs__wsls__seed105,105,Llama-3.1-8B,WSLS,37,0.0,0.25,4,3,2.25
llama31_8b__vs__wsls__seed105,105,Llama-3.1-8B,WSLS,38,0.0,0.0,4,4,0.0
llama31_8b__vs__wsls__seed105,105,Llama-3.1-8B,WSLS,39,0.0,0.0,4,4,0.0
llama31_8b__vs__wsls__seed105,105,Llama-3.1-8B,WSLS,40,0.0,0.0,4,4,0.0
llama31_8b__vs__wsls__seed105,105,Llama-3.1-8B,WSLS,41,0.0,0.0,4,4,0.0
llama31_8b__vs__wsls__seed105,105,Llama-3.1-8B,WSLS,42,0.0,0.0,4,4,0.0
llama31_8b__vs__wsls__seed105,105,Llama-3.1-8B,WSLS,43,0.0,0.0,4,4,0.0
llama31_8b__vs__wsls__seed105,105,Llama-3.1-8B,WSLS,44,0.0,0.0,4,4,0.0
llama31_8b__vs__wsls__seed105,105,Llama-3.1-8B,WSLS,45,0.0,0.0,4,4,0.0
llama31_8b__vs__wsls__seed105,105,Llama-3.1-8B,WSLS,46,0.0,0.0,4,4,0.0
llama31_8b__vs__wsls__seed105,105,Llama-3.1-8B,WSLS,47,0.0,0.0,4,4,0.0
llama31_8b__vs__wsls__seed105,105,Llama-3.1-8B,WSLS,48,0.0,0.0,4,4,0.0
llama31_8b__vs__wsls__seed105,105,Llama-3.1-8B,WSLS,49,0.0,0.0,4,4,0.0
llama31_8b__vs__wsls__seed105,105,Llama-3.1-8B,WSLS,50,0.0,0.5,4,2,4.5
qwen3_235b_a22b_2507__vs__always_cooperate__seed101,101,Qwen3-235B,Always Cooperate,1,1.0,1.0,0,0,4.0
qwen3_235b_a22b_2507__vs__always_cooperate__seed101,101,Qwen3-235B,Always Cooperate,2,1.0,1.0,0,0,4.901899659543274
qwen3_235b_a22b_2507__vs__always_cooperate__seed101,101,Qwen3-235B,Always Cooperate,3,1.0,1.0,0,0,5.737743197914256
qwen3_235b_a22b_2507__vs__always_cooperate__seed101,101,Qwen3-235B,Always Cooperate,4,1.0,1.0,0,0,6.452973827162612
qwen3_235b_a22b_2507__vs__always_cooperate__seed101,101,Qwen3-235B,Always Cooperate,5,1.0,1.0,0,0,7.03473354743033
qwen3_235b_a22b_2507__vs__always_cooperate__seed101,101,Qwen3-235B,Always Cooperate,6,1.0,1.0,0,0,7.499356761489178
qwen3_235b_a22b_2507__vs__always_cooperate__seed101,101,Qwen3-235B,Always Cooperate,7,1.0,1.0,0,0,7.874286035858203
qwen3_235b_a22b_2507__vs__always_cooperate__seed101,101,Qwen3-235B,Always Cooperate,8,1.0,1.0,0,0,8.186093248290184
qwen3_235b_a22b_2507__vs__always_cooperate__seed101,101,Qwen3-235B,Always Cooperate,9,1.0,1.0,0,0,8.455751427951338
qwen3_235b_a22b_2507__vs__always_cooperate__seed101,101,Qwen3-235B,Always Cooperate,10,1.0,1.0,0,0,8.698166348627016
qwen3_235b_a22b_2507__vs__always_cooperate__seed101,101,Qwen3-235B,Always Cooperate,11,1.0,1.0,0,0,8.923322274351424
qwen3_235b_a22b_2507__vs__always_cooperate__seed101,101,Qwen3-235B,Always Cooperate,12,1.0,1.0,0,0,9.137678416908237
qwen3_235b_a22b_2507__vs__always_cooperate__seed101,101,Qwen3-235B,Always Cooperate,13,1.0,1.0,0,0,9.345327632177181
qwen3_235b_a22b_2507__vs__always_cooperate__seed101,101,Qwen3-235B,Always Cooperate,14,1.0,1.0,0,0,9.548831071124255
qwen3_235b_a22b_2507__vs__always_cooperate__seed101,101,Qwen3-235B,Always Cooperate,15,1.0,1.0,0,0,9.749779258891781
qwen3_235b_a22b_2507__vs__always_cooperate__seed101,101,Qwen3-235B,Always Cooperate,16,1.0,1.0,0,0,9.949155358413602
qwen3_235b_a22b_2507__vs__always_cooperate__seed101,101,Qwen3-235B,Always Cooperate,17,1.0,1.0,0,0,10.147565358052827
qwen3_235b_a22b_2507__vs__always_cooperate__seed101,101,Qwen3-235B,Always Cooperate,18,0.0,1.0,4,0,14.65562500000001
qwen3_235b_a22b_2507__vs__always_cooperate__seed101,101,Qwen3-235B,Always Cooperate,19,1.0,1.0,0,0,6.769375000000009
qwen3_235b_a22b_2507__vs__always_cooperate__seed101,101,Qwen3-235B,Always Cooperate,20,1.0,1.0,0,0,7.794413766846809
qwen3_235b_a22b_2507__vs__always_cooperate__seed101,101,Qwen3-235B,Always Cooperate,21,1.0,1.0,0,0,8.729453310695934
qwen3_235b_a22b_2507__vs__always_cooperate__seed101,101,Qwen3-235B,Always Cooperate,22,1.0,1.0,0,0,9.381808571452328
qwen3_235b_a22b_2507__vs__always_cooperate__seed101,101,Qwen3-235B,Always Cooperate,23,1.0,1.0,0,0,9.855978084834117
qwen3_235b_a22b_2507__vs__always_cooperate__seed101,101,Qwen3-235B,Always Cooperate,24,1.0,1.0,0,0,10.181063649840674
qwen3_235b_a22b_2507__vs__always_cooperate__seed101,101,Qwen3-235B,Always Cooperate,25,1.0,1.0,0,0,10.39430595116825
qwen3_235b_a22b_2507__vs__always_cooperate__seed101,101,Qwen3-235B,Always Cooperate,26,1.0,1.0,0,0,10.53015826936483
qwen3_235b_a22b_2507__vs__always_cooperate__seed101,101,Qwen3-235B,Always Cooperate,27,1.0,1.0,0,0,10.61510342528431
qwen3_235b_a22b_2507__vs__always_cooperate__seed101,101,Qwen3-235B,Always Cooperate,28,1.0,1.0,0,0,10.667597930270553
qwen3_235b_a22b_2507__vs__always_cooperate__seed101,101,Qwen3-235B,Always Cooperate,29,1.0,1.0,0,0,10.699803618067861
qwen3_235b_a22b_2507__vs__always_cooperate__seed101,101,Qwen3-235B,Always Cooperate,30,1.0,1.0,0,0,10.719473967130781
qwen3_235b_a22b_2507__vs__always_cooperate__seed101,101,Qwen3-235B,Always Cooperate,31,1.0,1.0,0,0,10.73145532632524
qwen3_235b_a22b_2507__vs__always_cooperate__seed101,101,Qwen3-235B,Always Cooperate,32,1.0,1.0,0,0,10.738741133074473
qwen3_235b_a22b_2507__vs__always_cooperate__seed101,101,Qwen3-235B,Always Cooperate,33,1.0,1.0,0,0,10.743167116041995
qwen3_235b_a22b_2507__vs__always_cooperate__seed101,101,Qwen3-235B,Always Cooperate,34,1.0,1.0,0,0,10.745854160223072
qwen3_235b_a22b_2507__vs__always_cooperate__seed101,101,Qwen3-235B,Always Cooperate,35,1.0,1.0,0,0,10.747484874021502
qwen3_235b_a22b_2507__vs__always_cooperate__seed101,101,Qwen3-235B,Always Cooperate,36,1.0,1.0,0,0,10.748474297664586
qwen3_235b_a22b_2507__vs__always_cooperate__seed101,101,Qwen3-235B,Always Cooperate,37,1.0,1.0,0,0,10.749074540680102
qwen3_235b_a22b_2507__vs__always_cooperate__seed101,101,Qwen3-235B,Always Cooperate,38,1.0,1.0,0,0,10.74943865329367
qwen3_235b_a22b_2507__vs__always_cooperate__seed101,101,Qwen3-235B,Always Cooperate,39,1.0,1.0,0,0,10.749659515984732
qwen3_235b_a22b_2507__vs__always_cooperate__seed101,101,Qwen3-235B,Always Cooperate,40,1.0,1.0,0,0,10.74979348231664
qwen3_235b_a22b_2507__vs__always_cooperate__seed101,101,Qwen3-235B,Always Cooperate,41,1.0,1.0,0,0,10.74987473933614
qwen3_235b_a22b_2507__vs__always_cooperate__seed101,101,Qwen3-235B,Always Cooperate,42,1.0,1.0,0,0,10.749924025067646
qwen3_235b_a22b_2507__vs__always_cooperate__seed101,101,Qwen3-235B,Always Cooperate,43,1.0,1.0,0,0,10.749953918690487
qwen3_235b_a22b_2507__vs__always_cooperate__seed101,101,Qwen3-235B,Always Cooperate,44,1.0,1.0,0,0,10.749972050205368
qwen3_235b_a22b_2507__vs__always_cooperate__seed101,101,Qwen3-235B,Always Cooperate,45,1.0,1.0,0,0,10.749983047567767
qwen3_235b_a22b_2507__vs__always_cooperate__seed101,101,Qwen3-235B,Always Cooperate,46,1.0,1.0,0,0,10.749989717820949
qwen3_235b_a22b_2507__vs__always_cooperate__seed101,101,Qwen3-235B,Always Cooperate,47,1.0,1.0,0,0,10.749993763539791
qwen3_235b_a22b_2507__vs__always_cooperate__seed101,101,Qwen3-235B,Always Cooperate,48,1.0,1.0,0,0,10.74999621739444
qwen3_235b_a22b_2507__vs__always_cooperate__seed101,101,Qwen3-235B,Always Cooperate,49,1.0,1.0,0,0,10.749997705733296
qwen3_235b_a22b_2507__vs__always_cooperate__seed101,101,Qwen3-235B,Always Cooperate,50,1.0,1.0,0,0,10.749998608456735
qwen3_235b_a22b_2507__vs__always_cooperate__seed102,102,Qwen3-235B,Always Cooperate,1,0.5,1.0,2,0,8.0
qwen3_235b_a22b_2507__vs__always_cooperate__seed102,102,Qwen3-235B,Always Cooperate,2,1.0,1.0,0,0,4.809042063803192
qwen3_235b_a22b_2507__vs__always_cooperate__seed102,102,Qwen3-235B,Always Cooperate,3,1.0,1.0,0,0,5.591329978691661
qwen3_235b_a22b_2507__vs__always_cooperate__seed102,102,Qwen3-235B,Always Cooperate,4,1.0,1.0,0,0,6.267085041051246
qwen3_235b_a22b_2507__vs__always_cooperate__seed102,102,Qwen3-235B,Always Cooperate,5,1.0,1.0,0,0,6.791693845720085
qwen3_235b_a22b_2507__vs__always_cooperate__seed102,102,Qwen3-235B,Always Cooperate,6,1.0,1.0,0,0,7.209469802183381
qwen3_235b_a22b_2507__vs__always_cooperate__seed102,102,Qwen3-235B,Always Cooperate,7,1.0,1.0,0,0,7.545232340509523
qwen3_235b_a22b_2507__vs__always_cooperate__seed102,102,Qwen3-235B,Always Cooperate,8,1.0,1.0,0,0,7.823725708800378
qwen3_235b_a22b_2507__vs__always_cooperate__seed102,102,Qwen3-235B,Always Cooperate,9,1.0,1.0,0,0,8.064575712917232
qwen3_235b_a22b_2507__vs__always_cooperate__seed102,102,Qwen3-235B,Always Cooperate,10,1.0,1.0,0,0,8.292275729740364
qwen3_235b_a22b_2507__vs__always_cooperate__seed102,102,Qwen3-235B,Always Cooperate,11,1.0,1.0,0,0,8.503096131934281
qwen3_235b_a22b_2507__vs__always_cooperate__seed102,102,Qwen3-235B,Always Cooperate,12,1.0,1.0,0,0,8.703360621601398
qwen3_235b_a22b_2507__vs__always_cooperate__seed102,102,Qwen3-235B,Always Cooperate,13,1.0,1.0,0,0,8.910731852696252
qwen3_235b_a22b_2507__vs__always_cooperate__seed102,102,Qwen3-235B,Always Cooperate,14,1.0,1.0,0,0,9.114066250807568
qwen3_235b_a22b_2507__vs__always_cooperate__seed102,102,Qwen3-235B,Always Cooperate,15,1.0,1.0,0,0,9.314911749623047
qwen3_235b_a22b_2507__vs__always_cooperate__seed102,102,Qwen3-235B,Always Cooperate,16,1.0,1.0,0,0,9.514225505987863
qwen3_235b_a22b_2507__vs__always_cooperate__seed102,102,Qwen3-235B,Always Cooperate,17,1.0,1.0,0,0,9.712597670802083
qwen3_235b_a22b_2507__vs__always_cooperate__seed102,102,Qwen3-235B,Always Cooperate,18,1.0,1.0,0,0,9.91039145701135
qwen3_235b_a22b_2507__vs__always_cooperate__seed102,102,Qwen3-235B,Always Cooperate,19,1.0,1.0,0,0,10.10783015100754
qwen3_235b_a22b_2507__vs__always_cooperate__seed102,102,Qwen3-235B,Always Cooperate,20,1.0,1.0,0,0,10.305050916323598
qwen3_235b_a22b_2507__vs__always_cooperate__seed102,102,Qwen3-235B,Always Cooperate,21,1.0,1.0,0,0,10.50213796917997
qwen3_235b_a22b_2507__vs__always_cooperate__seed102,102,Qwen3-235B,Always Cooperate,22,1.0,1.0,0,0,10.699142998534555
qwen3_235b_a22b_2507__vs__always_cooperate__seed102,102,Qwen3-235B,Always Cooperate,23,1.0,1.0,0,0,10.74987473933614
qwen3_235b_a22b_2507__vs__always_cooperate__seed102,102,Qwen3-235B,Always Cooperate,24,1.0,1.0,0,0,10.749924025067646
qwen3_235b_a22b_2507__vs__always_cooperate__seed102,102,Qwen3-235B,Always Cooperate,25,1.0,1.0,0,0,10.749953918690487
qwen3_235b_a22b_2507__vs__always_cooperate__seed102,102,Qwen3-235B,Always Cooperate,26,1.0,1.0,0,0,10.749972050205368
qwen3_235b_a22b_2507__vs__always_cooperate__seed102,102,Qwen3-235B,Always Cooperate,27,1.0,1.0,0,0,10.749983047567767
qwen3_235b_a22b_2507__vs__always_cooperate__seed102,102,Qwen3-235B,Always Cooperate,28,1.0,1.0,0,0,10.749989717820949
qwen3_235b_a22b_2507__vs__always_cooperate__seed102,102,Qwen3-235B,Always Cooperate,29,1.0,1.0,0,0,10.749993763539791
qwen3_235b_a22b_2507__vs__always_cooperate__seed102,102,Qwen3-235B,Always Cooperate,30,1.0,1.0,0,0,10.74999621739444
qwen3_235b_a22b_2507__vs__always_cooperate__seed102,102,Qwen3-235B,Always Cooperate,31,1.0,1.0,0,0,10.749997705733296
qwen3_235b_a22b_2507__vs__always_cooperate__seed102,102,Qwen3-235B,Always Cooperate,32,1.0,1.0,0,0,10.749998608456735
qwen3_235b_a22b_2507__vs__always_cooperate__seed102,102,Qwen3-235B,Always Cooperate,33,1.0,1.0,0,0,10.749999155986284
qwen3_235b_a22b_2507__vs__always_cooperate__seed102,102,Qwen3-235B,Always Cooperate,34,1.0,1.0,0,0,10.74999948807978
qwen3_235b_a22b_2507__vs__always_cooperate__seed102,102,Qwen3-235B,Always Cooperate,35,1.0,1.0,0,0,10.749999689504683
qwen3_235b_a22b_2507__vs__always_cooperate__seed102,102,Qwen3-235B,Always Cooperate,36,1.0,1.0,0,0,10.749999811675067
qwen3_235b_a22b_2507__vs__always_cooperate__seed102,102,Qwen3-235B,Always Cooperate,37,1.0,1.0,0,0,10.749999885775154
qwen3_235b_a22b_2507__vs__always_cooperate__seed102,102,Qwen3-235B,Always Cooperate,38,1.0,1.0,0,0,10.749999930719127
qwen3_235b_a22b_2507__vs__always_cooperate__seed102,102,Qwen3-235B,Always Cooperate,39,1.0,1.0,0,0,10.749999957979028
qwen3_235b_a22b_2507__vs__always_cooperate__seed102,102,Qwen3-235B,Always Cooperate,40,1.0,1.0,0,0,10.749999974512992
qwen3_235b_a22b_2507__vs__always_cooperate__seed102,102,Qwen3-235B,Always Cooperate,41,1.0,1.0,0,0,10.74999998454135
qwen3_235b_a22b_2507__vs__always_cooperate__seed102,102,Qwen3-235B,Always Cooperate,42,1.0,1.0,0,0,10.749999990623852
qwen3_235b_a22b_2507__vs__always_cooperate__seed102,102,Qwen3-235B,Always Cooperate,43,1.0,1.0,0,0,10.749999994313079
qwen3_235b_a22b_2507__vs__always_cooperate__seed102,102,Qwen3-235B,Always Cooperate,44,1.0,1.0,0,0,10.74999999655071
qwen3_235b_a22b_2507__vs__always_cooperate__seed102,102,Qwen3-235B,Always Cooperate,45,1.0,1.0,0,0,10.7499999979079
qwen3_235b_a22b_2507__vs__always_cooperate__seed102,102,Qwen3-235B,Always Cooperate,46,1.0,1.0,0,0,10.749999998731074
qwen3_235b_a22b_2507__vs__always_cooperate__seed102,102,Qwen3-235B,Always Cooperate,47,1.0,1.0,0,0,10.749999999230358
qwen3_235b_a22b_2507__vs__always_cooperate__seed102,102,Qwen3-235B,Always Cooperate,48,1.0,1.0,0,0,10.749999999533191
qwen3_235b_a22b_2507__vs__always_cooperate__seed102,102,Qwen3-235B,Always Cooperate,49,1.0,1.0,0,0,10.749999999716866
qwen3_235b_a22b_2507__vs__always_cooperate__seed102,102,Qwen3-235B,Always Cooperate,50,1.0,1.0,0,0,10.749999999828269
qwen3_235b_a22b_2507__vs__always_cooperate__seed103,103,Qwen3-235B,Always Cooperate,1,0.5,1.0,2,0,8.0
qwen3_235b_a22b_2507__vs__always_cooperate__seed103,103,Qwen3-235B,Always Cooperate,2,1.0,1.0,0,0,4.809042063803192
qwen3_235b_a22b_2507__vs__always_cooperate__seed103,103,Qwen3-235B,Always Cooperate,3,1.0,1.0,0,0,5.591329978691661
qwen3_235b_a22b_2507__vs__always_cooperate__seed103,103,Qwen3-235B,Always Cooperate,4,1.0,1.0,0,0,6.267085041051246
qwen3_235b_a22b_2507__vs__always_cooperate__seed103,103,Qwen3-235B,Always Cooperate,5,1.0,1.0,0,0,6.817733813760466
qwen3_235b_a22b_2507__vs__always_cooperate__seed103,103,Qwen3-235B,Always Cooperate,6,1.0,1.0,0,0,7.257195094264214
qwen3_235b_a22b_2507__vs__always_cooperate__seed103,103,Qwen3-235B,Always Cooperate,7,1.0,1.0,0,0,7.61140074663942
qwen3_235b_a22b_2507__vs__always_cooperate__seed103,103,Qwen3-235B,Always Cooperate,8,1.0,1.0,0,0,7.905824604466034
qwen3_235b_a22b_2507__vs__always_cooperate__seed103,103,Qwen3-235B,Always Cooperate,9,1.0,1.0,0,0,8.153837719272499
qwen3_235b_a22b_2507__vs__always_cooperate__seed103,103,Qwen3-235B,Always Cooperate,10,1.0,1.0,0,0,8.388595349616686
qwen3_235b_a22b_2507__vs__always_cooperate__seed103,103,Qwen3-235B,Always Cooperate,11,1.0,1.0,0,0,8.60639956094937
qwen3_235b_a22b_2507__vs__always_cooperate__seed103,103,Qwen3-235B,Always Cooperate,12,1.0,1.0,0,0,8.813597523852277
qwen3_235b_a22b_2507__vs__always_cooperate__seed103,103,Qwen3-235B,Always Cooperate,13,1.0,1.0,0,0,9.014210135419109
qwen3_235b_a22b_2507__vs__always_cooperate__seed103,103,Qwen3-235B,Always Cooperate,14,1.0,1.0,0,0,9.21075294984836
qwen3_235b_a22b_2507__vs__always_cooperate__seed103,103,Qwen3-235B,Always Cooperate,15,1.0,1.0,0,0,9.404787839162122
qwen3_235b_a22b_2507__vs__always_cooperate__seed103,103,Qwen3-235B,Always Cooperate,16,1.0,1.0,0,0,9.597280054281072
qwen3_235b_a22b_2507__vs__always_cooperate__seed103,103,Qwen3-235B,Always Cooperate,17,1.0,1.0,0,0,9.795659444063368
qwen3_235b_a22b_2507__vs__always_cooperate__seed103,103,Qwen3-235B,Always Cooperate,18,1.0,1.0,0,0,9.993457613969056
qwen3_235b_a22b_2507__vs__always_cooperate__seed103,103,Qwen3-235B,Always Cooperate,19,1.0,1.0,0,0,10.190898967375276
qwen3_235b_a22b_2507__vs__always_cooperate__seed103,103,Qwen3-235B,Always Cooperate,20,1.0,1.0,0,0,10.388121345912491
qwen3_235b_a22b_2507__vs__always_cooperate__seed103,103,Qwen3-235B,Always Cooperate,21,1.0,1.0,0,0,10.585209377313287
qwen3_235b_a22b_2507__vs__always_cooperate__seed103,103,Qwen3-235B,Always Cooperate,22,1.0,1.0,0,0,10.74979348231664
qwen3_235b_a22b_2507__vs__always_cooperate__seed103,103,Qwen3-235B,Always Cooperate,23,1.0,1.0,0,0,10.74987473933614
qwen3_235b_a22b_2507__vs__always_cooperate__seed103,103,Qwen3-235B,Always Cooperate,24,1.0,1.0,0,0,10.749924025067646
qwen3_235b_a22b_2507__vs__always_cooperate__seed103,103,Qwen3-235B,Always Cooperate,25,1.0,1.0,0,0,10.749953918690487
qwen3_235b_a22b_2507__vs__always_cooperate__seed103,103,Qwen3-235B,Always Cooperate,26,1.0,1.0,0,0,10.749972050205368
qwen3_235b_a22b_2507__vs__always_cooperate__seed103,103,Qwen3-235B,Always Cooperate,27,1.0,1.0,0,0,10.749983047567767
qwen3_235b_a22b_2507__vs__always_cooperate__seed103,103,Qwen3-235B,Always Cooperate,28,1.0,1.0,0,0,10.749989717820949
qwen3_235b_a22b_2507__vs__always_cooperate__seed103,103,Qwen3-235B,Always Cooperate,29,1.0,1.0,0,0,10.749993763539791
qwen3_235b_a22b_2507__vs__always_cooperate__seed103,103,Qwen3-235B,Always Cooperate,30,1.0,1.0,0,0,7.0
qwen3_235b_a22b_2507__vs__always_cooperate__seed103,103,Qwen3-235B,Always Cooperate,31,1.0,1.0,0,0,7.9184449840139095
qwen3_235b_a22b_2507__vs__always_cooperate__seed103,103,Qwen3-235B,Always Cooperate,32,1.0,1.0,0,0,8.732939339725036
qwen3_235b_a22b_2507__vs__always_cooperate__seed103,103,Qwen3-235B,Always Cooperate,33,1.0,1.0,0,0,9.381808571452328
qwen3_235b_a22b_2507__vs__always_cooperate__seed103,103,Qwen3-235B,Always Cooperate,34,1.0,1.0,0,0,9.855978084834117
qwen3_235b_a22b_2507__vs__always_cooperate__seed103,103,Qwen3-235B,Always Cooperate,35,1.0,1.0,0,0,10.181063649840674
qwen3_235b_a22b_2507__vs__always_cooperate__seed103,103,Qwen3-235B,Always Cooperate,36,1.0,1.0,0,0,10.39430595116825
qwen3_235b_a22b_2507__vs__always_cooperate__seed103,103,Qwen3-235B,Always Cooperate,37,1.0,1.0,0,0,10.53015826936483
qwen3_235b_a22b_2507__vs__always_cooperate__seed103,103,Qwen3-235B,Always Cooperate,38,1.0,1.0,0,0,10.61510342528431
qwen3_235b_a22b_2507__vs__always_cooperate__seed103,103,Qwen3-235B,Always Cooperate,39,1.0,1.0,0,0,10.667597930270553
qwen3_235b_a22b_2507__vs__always_cooperate__seed103,103,Qwen3-235B,Always Cooperate,40,1.0,1.0,0,0,10.699803618067861
qwen3_235b_a22b_2507__vs__always_cooperate__seed103,103,Qwen3-235B,Always Cooperate,41,1.0,1.0,0,0,10.719473967130781
qwen3_235b_a22b_2507__vs__always_cooperate__seed103,103,Qwen3-235B,Always Cooperate,42,1.0,1.0,0,0,10.73145532632524
qwen3_235b_a22b_2507__vs__always_cooperate__seed103,103,Qwen3-235B,Always Cooperate,43,1.0,1.0,0,0,10.738741133074473
qwen3_235b_a22b_2507__vs__always_cooperate__seed103,103,Qwen3-235B,Always Cooperate,44,1.0,1.0,0,0,10.743167116041995
qwen3_235b_a22b_2507__vs__always_cooperate__seed103,103,Qwen3-235B,Always Cooperate,45,1.0,1.0,0,0,10.745854160223072
qwen3_235b_a22b_2507__vs__always_cooperate__seed103,103,Qwen3-235B,Always Cooperate,46,1.0,1.0,0,0,7.0
qwen3_235b_a22b_2507__vs__always_cooperate__seed103,103,Qwen3-235B,Always Cooperate,47,1.0,1.0,0,0,7.9184449840139095
qwen3_235b_a22b_2507__vs__always_cooperate__seed103,103,Qwen3-235B,Always Cooperate,48,1.0,1.0,0,0,7.0
qwen3_235b_a22b_2507__vs__always_cooperate__seed103,103,Qwen3-235B,Always Cooperate,49,1.0,1.0,0,0,7.9184449840139095
qwen3_235b_a22b_2507__vs__always_cooperate__seed103,103,Qwen3-235B,Always Cooperate,50,1.0,1.0,0,0,8.732939339725036
qwen3_235b_a22b_2507__vs__always_cooperate__seed104,104,Qwen3-235B,Always Cooperate,1,1.0,1.0,0,0,4.0
qwen3_235b_a22b_2507__vs__always_cooperate__seed104,104,Qwen3-235B,Always Cooperate,2,1.0,1.0,0,0,4.901899659543274
qwen3_235b_a22b_2507__vs__always_cooperate__seed104,104,Qwen3-235B,Always Cooperate,3,1.0,1.0,0,0,5.6889387915067235
qwen3_235b_a22b_2507__vs__always_cooperate__seed104,104,Qwen3-235B,Always Cooperate,4,0.5,1.0,2,0,10.334680963273561
qwen3_235b_a22b_2507__vs__always_cooperate__seed104,104,Qwen3-235B,Always Cooperate,5,1.0,1.0,0,0,6.835093792454057
qwen3_235b_a22b_2507__vs__always_cooperate__seed104,104,Qwen3-235B,Always Cooperate,6,1.0,1.0,0,0,7.232448646518598
qwen3_235b_a22b_2507__vs__always_cooperate__seed104,104,Qwen3-235B,Always Cooperate,7,1.0,1.0,0,0,7.550597346411948
qwen3_235b_a22b_2507__vs__always_cooperate__seed104,104,Qwen3-235B,Always Cooperate,8,1.0,1.0,0,0,7.813688539737804
qwen3_235b_a22b_2507__vs__always_cooperate__seed104,104,Qwen3-235B,Always Cooperate,9,1.0,1.0,0,0,8.040919018980933
qwen3_235b_a22b_2507__vs__always_cooperate__seed104,104,Qwen3-235B,Always Cooperate,10,1.0,1.0,0,0,8.241328743722331
qwen3_235b_a22b_2507__vs__always_cooperate__seed104,104,Qwen3-235B,Always Cooperate,11,1.0,1.0,0,0,5.164166666666667
qwen3_235b_a22b_2507__vs__always_cooperate__seed104,104,Qwen3-235B,Always Cooperate,12,1.0,1.0,0,0,6.102526263511155
qwen3_235b_a22b_2507__vs__always_cooperate__seed104,104,Qwen3-235B,Always Cooperate,13,1.0,1.0,0,0,6.975399704215722
qwen3_235b_a22b_2507__vs__always_cooperate__seed104,104,Qwen3-235B,Always Cooperate,14,1.0,1.0,0,0,7.7132756555968705
qwen3_235b_a22b_2507__vs__always_cooperate__seed104,104,Qwen3-235B,Always Cooperate,15,1.0,1.0,0,0,8.303375990388226
qwen3_235b_a22b_2507__vs__always_cooperate__seed104,104,Qwen3-235B,Always Cooperate,16,1.0,1.0,0,0,8.764582031177042
qwen3_235b_a22b_2507__vs__always_cooperate__seed104,104,Qwen3-235B,Always Cooperate,17,1.0,1.0,0,0,9.127525867017305
qwen3_235b_a22b_2507__vs__always_cooperate__seed104,104,Qwen3-235B,Always Cooperate,18,1.0,1.0,0,0,9.421565814569142
qwen3_235b_a22b_2507__vs__always_cooperate__seed104,104,Qwen3-235B,Always Cooperate,19,1.0,1.0,0,0,6.238229166666661
qwen3_235b_a22b_2507__vs__always_cooperate__seed104,104,Qwen3-235B,Always Cooperate,20,1.0,1.0,0,0,7.2539604506881545
qwen3_235b_a22b_2507__vs__always_cooperate__seed104,104,Qwen3-235B,Always Cooperate,21,1.0,1.0,0,0,8.185748983122494
qwen3_235b_a22b_2507__vs__always_cooperate__seed104,104,Qwen3-235B,Always Cooperate,22,1.0,1.0,0,0,8.970559808931917
qwen3_235b_a22b_2507__vs__always_cooperate__seed104,104,Qwen3-235B,Always Cooperate,23,0.0,1.0,4,0,14.736979166666659
qwen3_235b_a22b_2507__vs__always_cooperate__seed104,104,Qwen3-235B,Always Cooperate,24,1.0,1.0,0,0,6.806979166666659
qwen3_235b_a22b_2507__vs__always_cooperate__seed104,104,Qwen3-235B,Always Cooperate,25,1.0,1.0,0,0,7.78789162619362
qwen3_235b_a22b_2507__vs__always_cooperate__seed104,104,Qwen3-235B,Always Cooperate,26,1.0,1.0,0,0,8.661591945595923
qwen3_235b_a22b_2507__vs__always_cooperate__seed104,104,Qwen3-235B,Always Cooperate,27,1.0,1.0,0,0,9.381808571452328
qwen3_235b_a22b_2507__vs__always_cooperate__seed104,104,Qwen3-235B,Always Cooperate,28,1.0,1.0,0,0,9.855978084834117
qwen3_235b_a22b_2507__vs__always_cooperate__seed104,104,Qwen3-235B,Always Cooperate,29,1.0,1.0,0,0,10.181063649840674
qwen3_235b_a22b_2507__vs__always_cooperate__seed104,104,Qwen3-235B,Always Cooperate,30,1.0,1.0,0,0,10.39430595116825
qwen3_235b_a22b_2507__vs__always_cooperate__seed104,104,Qwen3-235B,Always Cooperate,31,1.0,1.0,0,0,10.53015826936483
qwen3_235b_a22b_2507__vs__always_cooperate__seed104,104,Qwen3-235B,Always Cooperate,32,1.0,1.0,0,0,10.61510342528431
qwen3_235b_a22b_2507__vs__always_cooperate__seed104,104,Qwen3-235B,Always Cooperate,33,1.0,1.0,0,0,10.667597930270553
qwen3_235b_a22b_2507__vs__always_cooperate__seed104,104,Qwen3-235B,Always Cooperate,34,1.0,1.0,0,0,10.699803618067861
qwen3_235b_a22b_2507__vs__always_cooperate__seed104,104,Qwen3-235B,Always Cooperate,35,1.0,1.0,0,0,10.719473967130781
qwen3_235b_a22b_2507__vs__always_cooperate__seed104,104,Qwen3-235B,Always Cooperate,36,1.0,1.0,0,0,10.73145532632524
qwen3_235b_a22b_2507__vs__always_cooperate__seed104,104,Qwen3-235B,Always Cooperate,37,1.0,1.0,0,0,10.738741133074473
qwen3_235b_a22b_2507__vs__always_cooperate__seed104,104,Qwen3-235B,Always Cooperate,38,1.0,1.0,0,0,10.743167116041995
qwen3_235b_a22b_2507__vs__always_cooperate__seed104,104,Qwen3-235B,Always Cooperate,39,1.0,1.0,0,0,10.745854160223072
qwen3_235b_a22b_2507__vs__always_cooperate__seed104,104,Qwen3-235B,Always Cooperate,40,1.0,1.0,0,0,10.747484874021502
qwen3_235b_a22b_2507__vs__always_cooperate__seed104,104,Qwen3-235B,Always Cooperate,41,1.0,1.0,0,0,10.748474297664586
qwen3_235b_a22b_2507__vs__always_cooperate__seed104,104,Qwen3-235B,Always Cooperate,42,1.0,1.0,0,0,10.749074540680102
qwen3_235b_a22b_2507__vs__always_cooperate__seed104,104,Qwen3-235B,Always Cooperate,43,1.0,1.0,0,0,10.74943865329367
qwen3_235b_a22b_2507__vs__always_cooperate__seed104,104,Qwen3-235B,Always Cooperate,44,1.0,1.0,0,0,10.749659515984732
qwen3_235b_a22b_2507__vs__always_cooperate__seed104,104,Qwen3-235B,Always Cooperate,45,1.0,1.0,0,0,10.74979348231664
qwen3_235b_a22b_2507__vs__always_cooperate__seed104,104,Qwen3-235B,Always Cooperate,46,1.0,1.0,0,0,10.74987473933614
qwen3_235b_a22b_2507__vs__always_cooperate__seed104,104,Qwen3-235B,Always Cooperate,47,1.0,1.0,0,0,10.749924025067646
qwen3_235b_a22b_2507__vs__always_cooperate__seed104,104,Qwen3-235B,Always Cooperate,48,1.0,1.0,0,0,10.749953918690487
qwen3_235b_a22b_2507__vs__always_cooperate__seed104,104,Qwen3-235B,Always Cooperate,49,1.0,1.0,0,0,10.749972050205368
qwen3_235b_a22b_2507__vs__always_cooperate__seed104,104,Qwen3-235B,Always Cooperate,50,1.0,1.0,0,0,10.749983047567767
qwen3_235b_a22b_2507__vs__always_cooperate__seed105,105,Qwen3-235B,Always Cooperate,1,0.5,1.0,2,0,8.0
qwen3_235b_a22b_2507__vs__always_cooperate__seed105,105,Qwen3-235B,Always Cooperate,2,1.0,1.0,0,0,4.809042063803192
qwen3_235b_a22b_2507__vs__always_cooperate__seed105,105,Qwen3-235B,Always Cooperate,3,1.0,1.0,0,0,5.591329978691661
qwen3_235b_a22b_2507__vs__always_cooperate__seed105,105,Qwen3-235B,Always Cooperate,4,1.0,1.0,0,0,6.267085041051246
qwen3_235b_a22b_2507__vs__always_cooperate__seed105,105,Qwen3-235B,Always Cooperate,5,1.0,1.0,0,0,6.817733813760466
qwen3_235b_a22b_2507__vs__always_cooperate__seed105,105,Qwen3-235B,Always Cooperate,6,1.0,1.0,0,0,7.257195094264214
qwen3_235b_a22b_2507__vs__always_cooperate__seed105,105,Qwen3-235B,Always Cooperate,7,1.0,1.0,0,0,7.61140074663942
qwen3_235b_a22b_2507__vs__always_cooperate__seed105,105,Qwen3-235B,Always Cooperate,8,1.0,1.0,0,0,7.905824604466034
qwen3_235b_a22b_2507__vs__always_cooperate__seed105,105,Qwen3-235B,Always Cooperate,9,1.0,1.0,0,0,8.160624475729637
qwen3_235b_a22b_2507__vs__always_cooperate__seed105,105,Qwen3-235B,Always Cooperate,10,1.0,1.0,0,0,8.402207139774177
qwen3_235b_a22b_2507__vs__always_cooperate__seed105,105,Qwen3-235B,Always Cooperate,11,1.0,1.0,0,0,8.626852471156631
qwen3_235b_a22b_2507__vs__always_cooperate__seed105,105,Qwen3-235B,Always Cooperate,12,1.0,1.0,0,0,8.840896756721012
qwen3_235b_a22b_2507__vs__always_cooperate__seed105,105,Qwen3-235B,Always Cooperate,13,1.0,1.0,0,0,9.048356017524391
qwen3_235b_a22b_2507__vs__always_cooperate__seed105,105,Qwen3-235B,Always Cooperate,14,1.0,1.0,0,0,9.25174394607696
qwen3_235b_a22b_2507__vs__always_cooperate__seed105,105,Qwen3-235B,Always Cooperate,15,1.0,1.0,0,0,9.45262196357286
qwen3_235b_a22b_2507__vs__always_cooperate__seed105,105,Qwen3-235B,Always Cooperate,16,1.0,1.0,0,0,9.651955462248392
qwen3_235b_a22b_2507__vs__always_cooperate__seed105,105,Qwen3-235B,Always Cooperate,17,1.0,1.0,0,0,9.85033960827927
qwen3_235b_a22b_2507__vs__always_cooperate__seed105,105,Qwen3-235B,Always Cooperate,18,1.0,1.0,0,0,10.048140664003913
qwen3_235b_a22b_2507__vs__always_cooperate__seed105,105,Qwen3-235B,Always Cooperate,19,1.0,1.0,0,0,10.24558376811893
qwen3_235b_a22b_2507__vs__always_cooperate__seed105,105,Qwen3-235B,Always Cooperate,20,1.0,1.0,0,0,10.44280720865127
qwen3_235b_a22b_2507__vs__always_cooperate__seed105,105,Qwen3-235B,Always Cooperate,21,1.0,1.0,0,0,10.639895884234914
qwen3_235b_a22b_2507__vs__always_cooperate__seed105,105,Qwen3-235B,Always Cooperate,22,1.0,1.0,0,0,10.74979348231664
qwen3_235b_a22b_2507__vs__always_cooperate__seed105,105,Qwen3-235B,Always Cooperate,23,1.0,1.0,0,0,10.74987473933614
qwen3_235b_a22b_2507__vs__always_cooperate__seed105,105,Qwen3-235B,Always Cooperate,24,1.0,1.0,0,0,10.749924025067646
qwen3_235b_a22b_2507__vs__always_cooperate__seed105,105,Qwen3-235B,Always Cooperate,25,1.0,1.0,0,0,10.749953918690487
qwen3_235b_a22b_2507__vs__always_cooperate__seed105,105,Qwen3-235B,Always Cooperate,26,1.0,1.0,0,0,10.749972050205368
qwen3_235b_a22b_2507__vs__always_cooperate__seed105,105,Qwen3-235B,Always Cooperate,27,1.0,1.0,0,0,10.749983047567767
qwen3_235b_a22b_2507__vs__always_cooperate__seed105,105,Qwen3-235B,Always Cooperate,28,1.0,1.0,0,0,10.749989717820949
qwen3_235b_a22b_2507__vs__always_cooperate__seed105,105,Qwen3-235B,Always Cooperate,29,1.0,1.0,0,0,10.749993763539791
qwen3_235b_a22b_2507__vs__always_cooperate__seed105,105,Qwen3-235B,Always Cooperate,30,1.0,1.0,0,0,10.74999621739444
qwen3_235b_a22b_2507__vs__always_cooperate__seed105,105,Qwen3-235B,Always Cooperate,31,1.0,1.0,0,0,10.749997705733296
qwen3_235b_a22b_2507__vs__always_cooperate__seed105,105,Qwen3-235B,Always Cooperate,32,1.0,1.0,0,0,10.749998608456735
qwen3_235b_a22b_2507__vs__always_cooperate__seed105,105,Qwen3-235B,Always Cooperate,33,1.0,1.0,0,0,10.749999155986284
qwen3_235b_a22b_2507__vs__always_cooperate__seed105,105,Qwen3-235B,Always Cooperate,34,1.0,1.0,0,0,10.74999948807978
qwen3_235b_a22b_2507__vs__always_cooperate__seed105,105,Qwen3-235B,Always Cooperate,35,1.0,1.0,0,0,10.749999689504683
qwen3_235b_a22b_2507__vs__always_cooperate__seed105,105,Qwen3-235B,Always Cooperate,36,1.0,1.0,0,0,10.749999811675067
qwen3_235b_a22b_2507__vs__always_cooperate__seed105,105,Qwen3-235B,Always Cooperate,37,1.0,1.0,0,0,10.749999885775154
qwen3_235b_a22b_2507__vs__always_cooperate__seed105,105,Qwen3-235B,Always Cooperate,38,1.0,1.0,0,0,10.749999930719127
qwen3_235b_a22b_2507__vs__always_cooperate__seed105,105,Qwen3-235B,Always Cooperate,39,1.0,1.0,0,0,10.749999957979028
qwen3_235b_a22b_2507__vs__always_cooperate__seed105,105,Qwen3-235B,Always Cooperate,40,1.0,1.0,0,0,10.749999974512992
qwen3_235b_a22b_2507__vs__always_cooperate__seed105,105,Qwen3-235B,Always Cooperate,41,1.0,1.0,0,0,10.74999998454135
qwen3_235b_a22b_2507__vs__always_cooperate__seed105,105,Qwen3-235B,Always Cooperate,42,1.0,1.0,0,0,10.749999990623852
qwen3_235b_a22b_2507__vs__always_cooperate__seed105,105,Qwen3-235B,Always Cooperate,43,1.0,1.0,0,0,10.749999994313079
qwen3_235b_a22b_2507__vs__always_cooperate__seed105,105,Qwen3-235B,Always Cooperate,44,1.0,1.0,0,0,10.74999999655071
qwen3_235b_a22b_2507__vs__always_cooperate__seed105,105,Qwen3-235B,Always Cooperate,45,1.0,1.0,0,0,10.7499999979079
qwen3_235b_a22b_2507__vs__always_cooperate__seed105,105,Qwen3-235B,Always Cooperate,46,1.0,1.0,0,0,10.749999998731074
qwen3_235b_a22b_2507__vs__always_cooperate__seed105,105,Qwen3-235B,Always Cooperate,47,1.0,1.0,0,0,10.749999999230358
qwen3_235b_a22b_2507__vs__always_cooperate__seed105,105,Qwen3-235B,Always Cooperate,48,1.0,1.0,0,0,10.749999999533191
qwen3_235b_a22b_2507__vs__always_cooperate__seed105,105,Qwen3-235B,Always Cooperate,49,1.0,1.0,0,0,10.749999999716866
qwen3_235b_a22b_2507__vs__always_cooperate__seed105,105,Qwen3-235B,Always Cooperate,50,1.0,1.0,0,0,10.749999999828269
qwen3_235b_a22b_2507__vs__always_defect__seed101,101,Qwen3-235B,Always Defect,1,1.0,0.0,0,4,-8.0
qwen3_235b_a22b_2507__vs__always_defect__seed101,101,Qwen3-235B,Always Defect,2,0.0,0.0,4,4,0.0
qwen3_235b_a22b_2507__vs__always_defect__seed101,101,Qwen3-235B,Always Defect,3,0.0,0.0,4,4,0.0
qwen3_235b_a22b_2507__vs__always_defect__seed101,101,Qwen3-235B,Always Defect,4,0.0,0.0,4,4,0.0
qwen3_235b_a22b_2507__vs__always_defect__seed101,101,Qwen3-235B,Always Defect,5,0.0,0.0,4,4,0.0
qwen3_235b_a22b_2507__vs__always_defect__seed101,101,Qwen3-235B,Always Defect,6,0.0,0.0,4,4,0.0
qwen3_235b_a22b_2507__vs__always_defect__seed101,101,Qwen3-235B,Always Defect,7,0.0,0.0,4,4,0.0
qwen3_235b_a22b_2507__vs__always_defect__seed101,101,Qwen3-235B,Always Defect,8,0.0,0.0,4,4,0.0
qwen3_235b_a22b_2507__vs__always_defect__seed101,101,Qwen3-235B,Always Defect,9,0.0,0.0,4,4,0.0
qwen3_235b_a22b_2507__vs__always_defect__seed101,101,Qwen3-235B,Always Defect,10,0.0,0.0,4,4,0.0
qwen3_235b_a22b_2507__vs__always_defect__seed101,101,Qwen3-235B,Always Defect,11,1.0,0.0,0,4,-8.0
qwen3_235b_a22b_2507__vs__always_defect__seed101,101,Qwen3-235B,Always Defect,12,0.0,0.0,4,4,0.0
qwen3_235b_a22b_2507__vs__always_defect__seed101,101,Qwen3-235B,Always Defect,13,0.0,0.0,4,4,0.0
qwen3_235b_a22b_2507__vs__always_defect__seed101,101,Qwen3-235B,Always Defect,14,0.0,0.0,4,4,0.0
qwen3_235b_a22b_2507__vs__always_defect__seed101,101,Qwen3-235B,Always Defect,15,0.0,0.0,4,4,0.0
qwen3_235b_a22b_2507__vs__always_defect__seed101,101,Qwen3-235B,Always Defect,16,0.0,0.0,4,4,0.0
qwen3_235b_a22b_2507__vs__always_defect__seed101,101,Qwen3-235B,Always Defect,17,0.0,0.0,4,4,0.0
qwen3_235b_a22b_2507__vs__always_defect__seed101,101,Qwen3-235B,Always Defect,18,0.0,0.0,4,4,0.0
qwen3_235b_a22b_2507__vs__always_defect__seed101,101,Qwen3-235B,Always Defect,19,0.0,0.0,4,4,0.0
qwen3_235b_a22b_2507__vs__always_defect__seed101,101,Qwen3-235B,Always Defect,20,0.0,0.0,4,4,0.0
qwen3_235b_a22b_2507__vs__always_defect__seed101,101,Qwen3-235B,Always Defect,21,0.0,0.0,4,4,0.0
qwen3_235b_a22b_2507__vs__always_defect__seed101,101,Qwen3-235B,Always Defect,22,0.0,0.0,4,4,0.0
qwen3_235b_a22b_2507__vs__always_defect__seed101,101,Qwen3-235B,Always Defect,23,0.0,0.0,4,4,0.0
qwen3_235b_a22b_2507__vs__always_defect__seed101,101,Qwen3-235B,Always Defect,24,0.0,0.0,4,4,0.0
qwen3_235b_a22b_2507__vs__always_defect__seed101,101,Qwen3-235B,Always Defect,25,0.0,0.0,4,4,0.0
qwen3_235b_a22b_2507__vs__always_defect__seed101,101,Qwen3-235B,Always Defect,26,0.0,0.0,4,4,0.0
qwen3_235b_a22b_2507__vs__always_defect__seed101,101,Qwen3-235B,Always Defect,27,0.0,0.0,4,4,0.0
qwen3_235b_a22b_2507__vs__always_defect__seed101,101,Qwen3-235B,Always Defect,28,0.0,0.0,4,4,0.0
qwen3_235b_a22b_2507__vs__always_defect__seed101,101,Qwen3-235B,Always Defect,29,0.0,0.0,4,4,0.0
qwen3_235b_a22b_2507__vs__always_defect__seed101,101,Qwen3-235B,Always Defect,30,0.0,0.0,4,4,0.0
qwen3_235b_a22b_2507__vs__always_defect__seed101,101,Qwen3-235B,Always Defect,31,0.0,0.0,4,4,0.0
qwen3_235b_a22b_2507__vs__always_defect__seed101,101,Qwen3-235B,Always Defect,32,0.0,0.0,4,4,0.0
qwen3_235b_a22b_2507__vs__always_defect__seed101,101,Qwen3-235B,Always Defect,33,0.0,0.0,4,4,0.0
qwen3_235b_a22b_2507__vs__always_defect__seed101,101,Qwen3-235B,Always Defect,34,0.0,0.0,4,4,0.0
qwen3_235b_a22b_2507__vs__always_defect__seed101,101,Qwen3-235B,Always Defect,35,0.0,0.0,4,4,0.0
qwen3_235b_a22b_2507__vs__always_defect__seed101,101,Qwen3-235B,Always Defect,36,0.0,0.0,4,4,0.0
qwen3_235b_a22b_2507__vs__always_defect__seed101,101,Qwen3-235B,Always Defect,37,0.0,0.0,4,4,0.0
qwen3_235b_a22b_2507__vs__always_defect__seed101,101,Qwen3-235B,Always Defect,38,0.0,0.0,4,4,0.0
qwen3_235b_a22b_2507__vs__always_defect__seed101,101,Qwen3-235B,Always Defect,39,0.0,0.0,4,4,0.0
qwen3_235b_a22b_2507__vs__always_defect__seed101,101,Qwen3-235B,Always Defect,40,0.0,0.0,4,4,0.0
qwen3_235b_a22b_2507__vs__always_defect__seed101,101,Qwen3-235B,Always Defect,41,0.0,0.0,4,4,0.0
qwen3_235b_a22b_2507__vs__always_defect__seed101,101,Qwen3-235B,Always Defect,42,0.0,0.0,4,4,0.0
qwen3_235b_a22b_2507__vs__always_defect__seed101,101,Qwen3-235B,Always Defect,43,0.0,0.0,4,4,0.0
qwen3_235b_a22b_2507__vs__always_defect__seed101,101,Qwen3-235B,Always Defect,44,0.0,0.0,4,4,0.0
qwen3_235b_a22b_2507__vs__always_defect__seed101,101,Qwen3-235B,Always Defect,45,0.0,0.0,4,4,0.0
qwen3_235b_a22b_2507__vs__always_defect__seed101,101,Qwen3-235B,Always Defect,46,0.0,0.0,4,4,0.0
qwen3_235b_a22b_2507__vs__always_defect__seed101,101,Qwen3-235B,Always Defect,47,0.0,0.0,4,4,0.0
qwen3_235b_a22b_2507__vs__always_defect__seed101,101,Qwen3-235B,Always Defect,48,0.0,0.0,4,4,0.0
qwen3_235b_a22b_2507__vs__always_defect__seed101,101,Qwen3-235B,Always Defect,49,0.0,0.0,4,4,0.0
qwen3_235b_a22b_2507__vs__always_defect__seed101,101,Qwen3-235B,Always Defect,50,0.0,0.0,4,4,0.0
qwen3_235b_a22b_2507__vs__always_defect__seed102,102,Qwen3-235B,Always Defect,1,0.5,0.0,2,4,-4.0
qwen3_235b_a22b_2507__vs__always_defect__seed102,102,Qwen3-235B,Always Defect,2,0.5,0.0,2,4,-4.0
qwen3_235b_a22b_2507__vs__always_defect__seed102,102,Qwen3-235B,Always Defect,3,0.0,0.0,4,4,0.0
qwen3_235b_a22b_2507__vs__always_defect__seed102,102,Qwen3-235B,Always Defect,4,0.0,0.0,4,4,0.0
qwen3_235b_a22b_2507__vs__always_defect__seed102,102,Qwen3-235B,Always Defect,5,0.75,0.0,1,4,-6.0
qwen3_235b_a22b_2507__vs__always_defect__seed102,102,Qwen3-235B,Always Defect,6,0.75,0.0,1,4,-6.0
qwen3_235b_a22b_2507__vs__always_defect__seed102,102,Qwen3-235B,Always Defect,7,0.0,0.0,4,4,0.0
qwen3_235b_a22b_2507__vs__always_defect__seed102,102,Qwen3-235B,Always Defect,8,0.0,0.0,4,4,0.0
qwen3_235b_a22b_2507__vs__always_defect__seed102,102,Qwen3-235B,Always Defect,9,0.0,0.0,4,4,0.0
qwen3_235b_a22b_2507__vs__always_defect__seed102,102,Qwen3-235B,Always Defect,10,0.0,0.0,4,4,0.0
qwen3_235b_a22b_2507__vs__always_defect__seed102,102,Qwen3-235B,Always Defect,11,0.0,0.0,4,4,0.0
qwen3_235b_a22b_2507__vs__always_defect__seed102,102,Qwen3-235B,Always Defect,12,0.0,0.0,4,4,0.0
qwen3_235b_a22b_2507__vs__always_defect__seed102,102,Qwen3-235B,Always Defect,13,0.0,0.0,4,4,0.0
qwen3_235b_a22b_2507__vs__always_defect__seed102,102,Qwen3-235B,Always Defect,14,0.0,0.0,4,4,0.0
qwen3_235b_a22b_2507__vs__always_defect__seed102,102,Qwen3-235B,Always Defect,15,0.0,0.0,4,4,0.0
qwen3_235b_a22b_2507__vs__always_defect__seed102,102,Qwen3-235B,Always Defect,16,0.0,0.0,4,4,0.0
qwen3_235b_a22b_2507__vs__always_defect__seed102,102,Qwen3-235B,Always Defect,17,0.0,0.0,4,4,0.0
qwen3_235b_a22b_2507__vs__always_defect__seed102,102,Qwen3-235B,Always Defect,18,0.0,0.0,4,4,0.0
qwen3_235b_a22b_2507__vs__always_defect__seed102,102,Qwen3-235B,Always Defect,19,0.0,0.0,4,4,0.0
qwen3_235b_a22b_2507__vs__always_defect__seed102,102,Qwen3-235B,Always Defect,20,0.0,0.0,4,4,0.0
qwen3_235b_a22b_2507__vs__always_defect__seed102,102,Qwen3-235B,Always Defect,21,0.0,0.0,4,4,0.0
qwen3_235b_a22b_2507__vs__always_defect__seed102,102,Qwen3-235B,Always Defect,22,0.0,0.0,4,4,0.0
qwen3_235b_a22b_2507__vs__always_defect__seed102,102,Qwen3-235B,Always Defect,23,0.0,0.0,4,4,0.0
qwen3_235b_a22b_2507__vs__always_defect__seed102,102,Qwen3-235B,Always Defect,24,0.0,0.0,4,4,0.0
qwen3_235b_a22b_2507__vs__always_defect__seed102,102,Qwen3-235B,Always Defect,25,0.0,0.0,4,4,0.0
qwen3_235b_a22b_2507__vs__always_defect__seed102,102,Qwen3-235B,Always Defect,26,0.0,0.0,4,4,0.0
qwen3_235b_a22b_2507__vs__always_defect__seed102,102,Qwen3-235B,Always Defect,27,0.0,0.0,4,4,0.0
qwen3_235b_a22b_2507__vs__always_defect__seed102,102,Qwen3-235B,Always Defect,28,0.0,0.0,4,4,0.0
qwen3_235b_a22b_2507__vs__always_defect__seed102,102,Qwen3-235B,Always Defect,29,0.0,0.0,4,4,0.0
qwen3_235b_a22b_2507__vs__always_defect__seed102,102,Qwen3-235B,Always Defect,30,0.0,0.0,4,4,0.0
qwen3_235b_a22b_2507__vs__always_defect__seed102,102,Qwen3-235B,Always Defect,31,0.0,0.0,4,4,0.0
qwen3_235b_a22b_2507__vs__always_defect__seed102,102,Qwen3-235B,Always Defect,32,0.0,0.0,4,4,0.0
qwen3_235b_a22b_2507__vs__always_defect__seed102,102,Qwen3-235B,Always Defect,33,0.0,0.0,4,4,0.0
qwen3_235b_a22b_2507__vs__always_defect__seed102,102,Qwen3-235B,Always Defect,34,0.0,0.0,4,4,0.0
qwen3_235b_a22b_2507__vs__always_defect__seed102,102,Qwen3-235B,Always Defect,35,0.0,0.0,4,4,0.0
qwen3_235b_a22b_2507__vs__always_defect__seed102,102,Qwen3-235B,Always Defect,36,0.0,0.0,4,4,0.0
qwen3_235b_a22b_2507__vs__always_defect__seed102,102,Qwen3-235B,Always Defect,37,0.0,0.0,4,4,0.0
qwen3_235b_a22b_2507__vs__always_defect__seed102,102,Qwen3-235B,Always Defect,38,0.0,0.0,4,4,0.0
qwen3_235b_a22b_2507__vs__always_defect__seed102,102,Qwen3-235B,Always Defect,39,0.0,0.0,4,4,0.0
qwen3_235b_a22b_2507__vs__always_defect__seed102,102,Qwen3-235B,Always Defect,40,0.0,0.0,4,4,0.0
qwen3_235b_a22b_2507__vs__always_defect__seed102,102,Qwen3-235B,Always Defect,41,0.0,0.0,4,4,0.0
qwen3_235b_a22b_2507__vs__always_defect__seed102,102,Qwen3-235B,Always Defect,42,0.0,0.0,4,4,0.0
qwen3_235b_a22b_2507__vs__always_defect__seed102,102,Qwen3-235B,Always Defect,43,0.0,0.0,4,4,0.0
qwen3_235b_a22b_2507__vs__always_defect__seed102,102,Qwen3-235B,Always Defect,44,0.0,0.0,4,4,0.0
qwen3_235b_a22b_2507__vs__always_defect__seed102,102,Qwen3-235B,Always Defect,45,0.0,0.0,4,4,0.0
qwen3_235b_a22b_2507__vs__always_defect__seed102,102,Qwen3-235B,Always Defect,46,0.0,0.0,4,4,0.0
qwen3_235b_a22b_2507__vs__always_defect__seed102,102,Qwen3-235B,Always Defect,47,0.0,0.0,4,4,0.0
qwen3_235b_a22b_2507__vs__always_defect__seed102,102,Qwen3-235B,Always Defect,48,0.0,0.0,4,4,0.0
qwen3_235b_a22b_2507__vs__always_defect__seed102,102,Qwen3-235B,Always Defect,49,0.0,0.0,4,4,0.0
qwen3_235b_a22b_2507__vs__always_defect__seed102,102,Qwen3-235B,Always Defect,50,0.0,0.0,4,4,0.0
qwen3_235b_a22b_2507__vs__always_defect__seed103,103,Qwen3-235B,Always Defect,1,1.0,0.0,0,4,-8.0
qwen3_235b_a22b_2507__vs__always_defect__seed103,103,Qwen3-235B,Always Defect,2,0.0,0.0,4,4,0.0
qwen3_235b_a22b_2507__vs__always_defect__seed103,103,Qwen3-235B,Always Defect,3,0.0,0.0,4,4,0.0
qwen3_235b_a22b_2507__vs__always_defect__seed103,103,Qwen3-235B,Always Defect,4,0.0,0.0,4,4,0.0
qwen3_235b_a22b_2507__vs__always_defect__seed103,103,Qwen3-235B,Always Defect,5,0.0,0.0,4,4,0.0
qwen3_235b_a22b_2507__vs__always_defect__seed103,103,Qwen3-235B,Always Defect,6,0.0,0.0,4,4,0.0
qwen3_235b_a22b_2507__vs__always_defect__seed103,103,Qwen3-235B,Always Defect,7,0.0,0.0,4,4,0.0
qwen3_235b_a22b_2507__vs__always_defect__seed103,103,Qwen3-235B,Always Defect,8,0.0,0.0,4,4,0.0
qwen3_235b_a22b_2507__vs__always_defect__seed103,103,Qwen3-235B,Always Defect,9,0.0,0.0,4,4,0.0
qwen3_235b_a22b_2507__vs__always_defect__seed103,103,Qwen3-235B,Always Defect,10,0.0,0.0,4,4,0.0
qwen3_235b_a22b_2507__vs__always_defect__seed103,103,Qwen3-235B,Always Defect,11,0.0,0.0,4,4,0.0
qwen3_235b_a22b_2507__vs__always_defect__seed103,103,Qwen3-235B,Always Defect,12,0.0,0.0,4,4,0.0
qwen3_235b_a22b_2507__vs__always_defect__seed103,103,Qwen3-235B,Always Defect,13,0.0,0.0,4,4,0.0
qwen3_235b_a22b_2507__vs__always_defect__seed103,103,Qwen3-235B,Always Defect,14,0.0,0.0,4,4,0.0
qwen3_235b_a22b_2507__vs__always_defect__seed103,103,Qwen3-235B,Always Defect,15,0.0,0.0,4,4,0.0
qwen3_235b_a22b_2507__vs__always_defect__seed103,103,Qwen3-235B,Always Defect,16,0.0,0.0,4,4,0.0
qwen3_235b_a22b_2507__vs__always_defect__seed103,103,Qwen3-235B,Always Defect,17,1.0,0.0,0,4,-8.0
qwen3_235b_a22b_2507__vs__always_defect__seed103,103,Qwen3-235B,Always Defect,18,0.0,0.0,4,4,0.0
qwen3_235b_a22b_2507__vs__always_defect__seed103,103,Qwen3-235B,Always Defect,19,0.0,0.0,4,4,0.0
qwen3_235b_a22b_2507__vs__always_defect__seed103,103,Qwen3-235B,Always Defect,20,0.0,0.0,4,4,0.0
qwen3_235b_a22b_2507__vs__always_defect__seed103,103,Qwen3-235B,Always Defect,21,0.0,0.0,4,4,0.0
qwen3_235b_a22b_2507__vs__always_defect__seed103,103,Qwen3-235B,Always Defect,22,0.0,0.0,4,4,0.0
qwen3_235b_a22b_2507__vs__always_defect__seed103,103,Qwen3-235B,Always Defect,23,0.0,0.0,4,4,0.0
qwen3_235b_a22b_2507__vs__always_defect__seed103,103,Qwen3-235B,Always Defect,24,0.0,0.0,4,4,0.0
qwen3_235b_a22b_2507__vs__always_defect__seed103,103,Qwen3-235B,Always Defect,25,0.0,0.0,4,4,0.0
qwen3_235b_a22b_2507__vs__always_defect__seed103,103,Qwen3-235B,Always Defect,26,0.0,0.0,4,4,0.0
qwen3_235b_a22b_2507__vs__always_defect__seed103,103,Qwen3-235B,Always Defect,27,0.0,0.0,4,4,0.0
qwen3_235b_a22b_2507__vs__always_defect__seed103,103,Qwen3-235B,Always Defect,28,0.0,0.0,4,4,0.0
qwen3_235b_a22b_2507__vs__always_defect__seed103,103,Qwen3-235B,Always Defect,29,0.0,0.0,4,4,0.0
qwen3_235b_a22b_2507__vs__always_defect__seed103,103,Qwen3-235B,Always Defect,30,0.0,0.0,4,4,0.0
qwen3_235b_a22b_2507__vs__always_defect__seed103,103,Qwen3-235B,Always Defect,31,0.0,0.0,4,4,0.0
qwen3_235b_a22b_2507__vs__always_defect__seed103,103,Qwen3-235B,Always Defect,32,0.0,0.0,4,4,0.0
qwen3_235b_a22b_2507__vs__always_defect__seed103,103,Qwen3-235B,Always Defect,33,0.0,0.0,4,4,0.0
qwen3_235b_a22b_2507__vs__always_defect__seed103,103,Qwen3-235B,Always Defect,34,0.0,0.0,4,4,0.0
qwen3_235b_a22b_2507__vs__always_defect__seed103,103,Qwen3-235B,Always Defect,35,0.0,0.0,4,4,0.0
qwen3_235b_a22b_2507__vs__always_defect__seed103,103,Qwen3-235B,Always Defect,36,0.0,0.0,4,4,0.0
qwen3_235b_a22b_2507__vs__always_defect__seed103,103,Qwen3-235B,Always Defect,37,0.0,0.0,4,4,0.0
qwen3_235b_a22b_2507__vs__always_defect__seed103,103,Qwen3-235B,Always Defect,38,0.0,0.0,4,4,0.0
qwen3_235b_a22b_2507__vs__always_defect__seed103,103,Qwen3-235B,Always Defect,39,0.0,0.0,4,4,0.0
qwen3_235b_a22b_2507__vs__always_defect__seed103,103,Qwen3-235B,Always Defect,40,0.0,0.0,4,4,0.0
qwen3_235b_a22b_2507__vs__always_defect__seed103,103,Qwen3-235B,Always Defect,41,0.0,0.0,4,4,0.0
qwen3_235b_a22b_2507__vs__always_defect__seed103,103,Qwen3-235B,Always Defect,42,0.0,0.0,4,4,0.0
qwen3_235b_a22b_2507__vs__always_defect__seed103,103,Qwen3-235B,Always Defect,43,0.0,0.0,4,4,0.0
qwen3_235b_a22b_2507__vs__always_defect__seed103,103,Qwen3-235B,Always Defect,44,0.0,0.0,4,4,0.0
qwen3_235b_a22b_2507__vs__always_defect__seed103,103,Qwen3-235B,Always Defect,45,0.0,0.0,4,4,0.0
qwen3_235b_a22b_2507__vs__always_defect__seed103,103,Qwen3-235B,Always Defect,46,0.0,0.0,4,4,0.0
qwen3_235b_a22b_2507__vs__always_defect__seed103,103,Qwen3-235B,Always Defect,47,0.0,0.0,4,4,0.0
qwen3_235b_a22b_2507__vs__always_defect__seed103,103,Qwen3-235B,Always Defect,48,0.0,0.0,4,4,0.0
qwen3_235b_a22b_2507__vs__always_defect__seed103,103,Qwen3-235B,Always Defect,49,0.0,0.0,4,4,0.0
qwen3_235b_a22b_2507__vs__always_defect__seed103,103,Qwen3-235B,Always Defect,50,0.0,0.0,4,4,0.0
qwen3_235b_a22b_2507__vs__always_defect__seed104,104,Qwen3-235B,Always Defect,1,0.0,0.0,4,4,0.0
qwen3_235b_a22b_2507__vs__always_defect__seed104,104,Qwen3-235B,Always Defect,2,0.0,0.0,4,4,0.0
qwen3_235b_a22b_2507__vs__always_defect__seed104,104,Qwen3-235B,Always Defect,3,0.0,0.0,4,4,0.0
qwen3_235b_a22b_2507__vs__always_defect__seed104,104,Qwen3-235B,Always Defect,4,0.0,0.0,4,4,0.0
qwen3_235b_a22b_2507__vs__always_defect__seed104,104,Qwen3-235B,Always Defect,5,0.0,0.0,4,4,0.0
qwen3_235b_a22b_2507__vs__always_defect__seed104,104,Qwen3-235B,Always Defect,6,0.0,0.0,4,4,0.0
qwen3_235b_a22b_2507__vs__always_defect__seed104,104,Qwen3-235B,Always Defect,7,0.0,0.0,4,4,0.0
qwen3_235b_a22b_2507__vs__always_defect__seed104,104,Qwen3-235B,Always Defect,8,0.0,0.0,4,4,0.0
qwen3_235b_a22b_2507__vs__always_defect__seed104,104,Qwen3-235B,Always Defect,9,0.0,0.0,4,4,0.0
qwen3_235b_a22b_2507__vs__always_defect__seed104,104,Qwen3-235B,Always Defect,10,0.0,0.0,4,4,0.0
qwen3_235b_a22b_2507__vs__always_defect__seed104,104,Qwen3-235B,Always Defect,11,0.0,0.0,4,4,0.0
qwen3_235b_a22b_2507__vs__always_defect__seed104,104,Qwen3-235B,Always Defect,12,0.0,0.0,4,4,0.0
qwen3_235b_a22b_2507__vs__always_defect__seed104,104,Qwen3-235B,Always Defect,13,0.0,0.0,4,4,0.0
qwen3_235b_a22b_2507__vs__always_defect__seed104,104,Qwen3-235B,Always Defect,14,0.0,0.0,4,4,0.0
qwen3_235b_a22b_2507__vs__always_defect__seed104,104,Qwen3-235B,Always Defect,15,0.0,0.0,4,4,0.0
qwen3_235b_a22b_2507__vs__always_defect__seed104,104,Qwen3-235B,Always Defect,16,0.0,0.0,4,4,0.0
qwen3_235b_a22b_2507__vs__always_defect__seed104,104,Qwen3-235B,Always Defect,17,0.0,0.0,4,4,0.0
qwen3_235b_a22b_2507__vs__always_defect__seed104,104,Qwen3-235B,Always Defect,18,0.0,0.0,4,4,0.0
qwen3_235b_a22b_2507__vs__always_defect__seed104,104,Qwen3-235B,Always Defect,19,0.0,0.0,4,4,0.0
qwen3_235b_a22b_2507__vs__always_defect__seed104,104,Qwen3-235B,Always Defect,20,0.0,0.0,4,4,0.0
qwen3_235b_a22b_2507__vs__always_defect__seed104,104,Qwen3-235B,Always Defect,21,0.0,0.0,4,4,0.0
qwen3_235b_a22b_2507__vs__always_defect__seed104,104,Qwen3-235B,Always Defect,22,0.0,0.0,4,4,0.0
qwen3_235b_a22b_2507__vs__always_defect__seed104,104,Qwen3-235B,Always Defect,23,0.0,0.0,4,4,0.0
qwen3_235b_a22b_2507__vs__always_defect__seed104,104,Qwen3-235B,Always Defect,24,0.0,0.0,4,4,0.0
qwen3_235b_a22b_2507__vs__always_defect__seed104,104,Qwen3-235B,Always Defect,25,0.0,0.0,4,4,0.0
qwen3_235b_a22b_2507__vs__always_defect__seed104,104,Qwen3-235B,Always Defect,26,0.0,0.0,4,4,0.0
qwen3_235b_a22b_2507__vs__always_defect__seed104,104,Qwen3-235B,Always Defect,27,0.0,0.0,4,4,0.0
qwen3_235b_a22b_2507__vs__always_defect__seed104,104,Qwen3-235B,Always Defect,28,0.0,0.0,4,4,0.0
qwen3_235b_a22b_2507__vs__always_defect__seed104,104,Qwen3-235B,Always Defect,29,0.0,0.0,4,4,0.0
qwen3_235b_a22b_2507__vs__always_defect__seed104,104,Qwen3-235B,Always Defect,30,0.0,0.0,4,4,0.0
qwen3_235b_a22b_2507__vs__always_defect__seed104,104,Qwen3-235B,Always Defect,31,0.0,0.0,4,4,0.0
qwen3_235b_a22b_2507__vs__always_defect__seed104,104,Qwen3-235B,Always Defect,32,0.0,0.0,4,4,0.0
qwen3_235b_a22b_2507__vs__always_defect__seed104,104,Qwen3-235B,Always Defect,33,0.0,0.0,4,4,0.0
qwen3_235b_a22b_2507__vs__always_defect__seed104,104,Qwen3-235B,Always Defect,34,0.0,0.0,4,4,0.0
qwen3_235b_a22b_2507__vs__always_defect__seed104,104,Qwen3-235B,Always Defect,35,0.0,0.0,4,4,0.0
qwen3_235b_a22b_2507__vs__always_defect__seed104,104,Qwen3-235B,Always Defect,36,0.0,0.0,4,4,0.0
qwen3_235b_a22b_2507__vs__always_defect__seed104,104,Qwen3-235B,Always Defect,37,0.0,0.0,4,4,0.0
qwen3_235b_a22b_2507__vs__always_defect__seed104,104,Qwen3-235B,Always Defect,38,0.0,0.0,4,4,0.0
qwen3_235b_a22b_2507__vs__always_defect__seed104,104,Qwen3-235B,Always Defect,39,0.0,0.0,4,4,0.0
qwen3_235b_a22b_2507__vs__always_defect__seed104,104,Qwen3-235B,Always Defect,40,0.0,0.0,4,4,0.0
qwen3_235b_a22b_2507__vs__always_defect__seed104,104,Qwen3-235B,Always Defect,41,0.0,0.0,4,4,0.0
qwen3_235b_a22b_2507__vs__always_defect__seed104,104,Qwen3-235B,Always Defect,42,0.0,0.0,4,4,0.0
qwen3_235b_a22b_2507__vs__always_defect__seed104,104,Qwen3-235B,Always Defect,43,0.0,0.0,4,4,0.0
qwen3_235b_a22b_2507__vs__always_defect__seed104,104,Qwen3-235B,Always Defect,44,0.0,0.0,4,4,0.0
qwen3_235b_a22b_2507__vs__always_defect__seed104,104,Qwen3-235B,Always Defect,45,0.0,0.0,4,4,0.0
qwen3_235b_a22b_2507__vs__always_defect__seed104,104,Qwen3-235B,Always Defect,46,0.0,0.0,4,4,0.0
qwen3_235b_a22b_2507__vs__always_defect__seed104,104,Qwen3-235B,Always Defect,47,0.0,0.0,4,4,0.0
qwen3_235b_a22b_2507__vs__always_defect__seed104,104,Qwen3-235B,Always Defect,48,0.0,0.0,4,4,0.0
qwen3_235b_a22b_2507__vs__always_defect__seed104,104,Qwen3-235B,Always Defect,49,0.0,0.0,4,4,0.0
qwen3_235b_a22b_2507__vs__always_defect__seed104,104,Qwen3-235B,Always Defect,50,0.0,0.0,4,4,0.0
qwen3_235b_a22b_2507__vs__always_defect__seed105,105,Qwen3-235B,Always Defect,1,0.0,0.0,4,4,0.0
qwen3_235b_a22b_2507__vs__always_defect__seed105,105,Qwen3-235B,Always Defect,2,0.0,0.0,4,4,0.0
qwen3_235b_a22b_2507__vs__always_defect__seed105,105,Qwen3-235B,Always Defect,3,0.0,0.0,4,4,0.0
qwen3_235b_a22b_2507__vs__always_defect__seed105,105,Qwen3-235B,Always Defect,4,0.0,0.0,4,4,0.0
qwen3_235b_a22b_2507__vs__always_defect__seed105,105,Qwen3-235B,Always Defect,5,0.0,0.0,4,4,0.0
qwen3_235b_a22b_2507__vs__always_defect__seed105,105,Qwen3-235B,Always Defect,6,0.0,0.0,4,4,0.0
qwen3_235b_a22b_2507__vs__always_defect__seed105,105,Qwen3-235B,Always Defect,7,0.0,0.0,4,4,0.0
qwen3_235b_a22b_2507__vs__always_defect__seed105,105,Qwen3-235B,Always Defect,8,0.0,0.0,4,4,0.0
qwen3_235b_a22b_2507__vs__always_defect__seed105,105,Qwen3-235B,Always Defect,9,0.0,0.0,4,4,0.0
qwen3_235b_a22b_2507__vs__always_defect__seed105,105,Qwen3-235B,Always Defect,10,0.0,0.0,4,4,0.0
qwen3_235b_a22b_2507__vs__always_defect__seed105,105,Qwen3-235B,Always Defect,11,0.0,0.0,4,4,0.0
qwen3_235b_a22b_2507__vs__always_defect__seed105,105,Qwen3-235B,Always Defect,12,0.0,0.0,4,4,0.0
qwen3_235b_a22b_2507__vs__always_defect__seed105,105,Qwen3-235B,Always Defect,13,0.0,0.0,4,4,0.0
qwen3_235b_a22b_2507__vs__always_defect__seed105,105,Qwen3-235B,Always Defect,14,0.0,0.0,4,4,0.0
qwen3_235b_a22b_2507__vs__always_defect__seed105,105,Qwen3-235B,Always Defect,15,0.0,0.0,4,4,0.0
qwen3_235b_a22b_2507__vs__always_defect__seed105,105,Qwen3-235B,Always Defect,16,0.0,0.0,4,4,0.0
qwen3_235b_a22b_2507__vs__always_defect__seed105,105,Qwen3-235B,Always Defect,17,0.0,0.0,4,4,0.0
qwen3_235b_a22b_2507__vs__always_defect__seed105,105,Qwen3-235B,Always Defect,18,0.0,0.0,4,4,0.0
qwen3_235b_a22b_2507__vs__always_defect__seed105,105,Qwen3-235B,Always Defect,19,0.0,0.0,4,4,0.0
qwen3_235b_a22b_2507__vs__always_defect__seed105,105,Qwen3-235B,Always Defect,20,0.0,0.0,4,4,0.0
qwen3_235b_a22b_2507__vs__always_defect__seed105,105,Qwen3-235B,Always Defect,21,0.0,0.0,4,4,0.0
qwen3_235b_a22b_2507__vs__always_defect__seed105,105,Qwen3-235B,Always Defect,22,0.0,0.0,4,4,0.0
qwen3_235b_a22b_2507__vs__always_defect__seed105,105,Qwen3-235B,Always Defect,23,0.0,0.0,4,4,0.0
qwen3_235b_a22b_2507__vs__always_defect__seed105,105,Qwen3-235B,Always Defect,24,0.0,0.0,4,4,0.0
qwen3_235b_a22b_2507__vs__always_defect__seed105,105,Qwen3-235B,Always Defect,25,0.0,0.0,4,4,0.0
qwen3_235b_a22b_2507__vs__always_defect__seed105,105,Qwen3-235B,Always Defect,26,0.0,0.0,4,4,0.0
qwen3_235b_a22b_2507__vs__always_defect__seed105,105,Qwen3-235B,Always Defect,27,0.0,0.0,4,4,0.0
qwen3_235b_a22b_2507__vs__always_defect__seed105,105,Qwen3-235B,Always Defect,28,0.0,0.0,4,4,0.0
qwen3_235b_a22b_2507__vs__always_defect__seed105,105,Qwen3-235B,Always Defect,29,0.0,0.0,4,4,0.0
qwen3_235b_a22b_2507__vs__always_defect__seed105,105,Qwen3-235B,Always Defect,30,0.0,0.0,4,4,0.0
qwen3_235b_a22b_2507__vs__always_defect__seed105,105,Qwen3-235B,Always Defect,31,0.0,0.0,4,4,0.0
qwen3_235b_a22b_2507__vs__always_defect__seed105,105,Qwen3-235B,Always Defect,32,0.0,0.0,4,4,0.0
qwen3_235b_a22b_2507__vs__always_defect__seed105,105,Qwen3-235B,Always Defect,33,0.0,0.0,4,4,0.0
qwen3_235b_a22b_2507__vs__always_defect__seed105,105,Qwen3-235B,Always Defect,34,0.0,0.0,4,4,0.0
qwen3_235b_a22b_2507__vs__always_defect__seed105,105,Qwen3-235B,Always Defect,35,0.0,0.0,4,4,0.0
qwen3_235b_a22b_2507__vs__always_defect__seed105,105,Qwen3-235B,Always Defect,36,0.0,0.0,4,4,0.0
qwen3_235b_a22b_2507__vs__always_defect__seed105,105,Qwen3-235B,Always Defect,37,0.0,0.0,4,4,0.0
qwen3_235b_a22b_2507__vs__always_defect__seed105,105,Qwen3-235B,Always Defect,38,0.0,0.0,4,4,0.0
qwen3_235b_a22b_2507__vs__always_defect__seed105,105,Qwen3-235B,Always Defect,39,0.0,0.0,4,4,0.0
qwen3_235b_a22b_2507__vs__always_defect__seed105,105,Qwen3-235B,Always Defect,40,0.0,0.0,4,4,0.0
qwen3_235b_a22b_2507__vs__always_defect__seed105,105,Qwen3-235B,Always Defect,41,0.0,0.0,4,4,0.0
qwen3_235b_a22b_2507__vs__always_defect__seed105,105,Qwen3-235B,Always Defect,42,0.0,0.0,4,4,0.0
qwen3_235b_a22b_2507__vs__always_defect__seed105,105,Qwen3-235B,Always Defect,43,0.0,0.0,4,4,0.0
qwen3_235b_a22b_2507__vs__always_defect__seed105,105,Qwen3-235B,Always Defect,44,0.0,0.0,4,4,0.0
qwen3_235b_a22b_2507__vs__always_defect__seed105,105,Qwen3-235B,Always Defect,45,0.0,0.0,4,4,0.0
qwen3_235b_a22b_2507__vs__always_defect__seed105,105,Qwen3-235B,Always Defect,46,0.0,0.0,4,4,0.0
qwen3_235b_a22b_2507__vs__always_defect__seed105,105,Qwen3-235B,Always Defect,47,0.0,0.0,4,4,0.0
qwen3_235b_a22b_2507__vs__always_defect__seed105,105,Qwen3-235B,Always Defect,48,0.0,0.0,4,4,0.0
qwen3_235b_a22b_2507__vs__always_defect__seed105,105,Qwen3-235B,Always Defect,49,0.0,0.0,4,4,0.0
qwen3_235b_a22b_2507__vs__always_defect__seed105,105,Qwen3-235B,Always Defect,50,0.0,0.0,4,4,0.0
qwen3_235b_a22b_2507__vs__graded_tft__seed101,101,Qwen3-235B,Graded TFT,1,1.0,1.0,0,0,4.0
qwen3_235b_a22b_2507__vs__graded_tft__seed101,101,Qwen3-235B,Graded TFT,2,1.0,1.0,0,0,4.901899659543274
qwen3_235b_a22b_2507__vs__graded_tft__seed101,101,Qwen3-235B,Graded TFT,3,1.0,1.0,0,0,5.737743197914256
qwen3_235b_a22b_2507__vs__graded_tft__seed101,101,Qwen3-235B,Graded TFT,4,1.0,1.0,0,0,6.452973827162612
qwen3_235b_a22b_2507__vs__graded_tft__seed101,101,Qwen3-235B,Graded TFT,5,1.0,1.0,0,0,7.03473354743033
qwen3_235b_a22b_2507__vs__graded_tft__seed101,101,Qwen3-235B,Graded TFT,6,1.0,1.0,0,0,7.499356761489178
qwen3_235b_a22b_2507__vs__graded_tft__seed101,101,Qwen3-235B,Graded TFT,7,1.0,1.0,0,0,7.874286035858203
qwen3_235b_a22b_2507__vs__graded_tft__seed101,101,Qwen3-235B,Graded TFT,8,1.0,1.0,0,0,8.186093248290184
qwen3_235b_a22b_2507__vs__graded_tft__seed101,101,Qwen3-235B,Graded TFT,9,1.0,1.0,0,0,8.455751427951338
qwen3_235b_a22b_2507__vs__graded_tft__seed101,101,Qwen3-235B,Graded TFT,10,1.0,1.0,0,0,8.698166348627016
qwen3_235b_a22b_2507__vs__graded_tft__seed101,101,Qwen3-235B,Graded TFT,11,1.0,1.0,0,0,8.923322274351424
qwen3_235b_a22b_2507__vs__graded_tft__seed101,101,Qwen3-235B,Graded TFT,12,1.0,1.0,0,0,9.137678416908237
qwen3_235b_a22b_2507__vs__graded_tft__seed101,101,Qwen3-235B,Graded TFT,13,1.0,1.0,0,0,9.345327632177181
qwen3_235b_a22b_2507__vs__graded_tft__seed101,101,Qwen3-235B,Graded TFT,14,1.0,1.0,0,0,9.548831071124255
qwen3_235b_a22b_2507__vs__graded_tft__seed101,101,Qwen3-235B,Graded TFT,15,1.0,1.0,0,0,9.749779258891781
qwen3_235b_a22b_2507__vs__graded_tft__seed101,101,Qwen3-235B,Graded TFT,16,1.0,1.0,0,0,9.949155358413602
qwen3_235b_a22b_2507__vs__graded_tft__seed101,101,Qwen3-235B,Graded TFT,17,1.0,1.0,0,0,10.147565358052827
qwen3_235b_a22b_2507__vs__graded_tft__seed101,101,Qwen3-235B,Graded TFT,18,1.0,0.5,0,2,-0.6721874999999953
qwen3_235b_a22b_2507__vs__graded_tft__seed101,101,Qwen3-235B,Graded TFT,19,1.0,0.75,0,1,3.7639795688891624
qwen3_235b_a22b_2507__vs__graded_tft__seed101,101,Qwen3-235B,Graded TFT,20,1.0,1.0,0,0,8.620863506439179
qwen3_235b_a22b_2507__vs__graded_tft__seed101,101,Qwen3-235B,Graded TFT,21,1.0,1.0,0,0,9.381808571452328
qwen3_235b_a22b_2507__vs__graded_tft__seed101,101,Qwen3-235B,Graded TFT,22,1.0,1.0,0,0,9.855978084834117
qwen3_235b_a22b_2507__vs__graded_tft__seed101,101,Qwen3-235B,Graded TFT,23,1.0,1.0,0,0,10.181063649840674
qwen3_235b_a22b_2507__vs__graded_tft__seed101,101,Qwen3-235B,Graded TFT,24,1.0,1.0,0,0,10.39430595116825
qwen3_235b_a22b_2507__vs__graded_tft__seed101,101,Qwen3-235B,Graded TFT,25,1.0,1.0,0,0,10.53015826936483
qwen3_235b_a22b_2507__vs__graded_tft__seed101,101,Qwen3-235B,Graded TFT,26,1.0,1.0,0,0,10.61510342528431
qwen3_235b_a22b_2507__vs__graded_tft__seed101,101,Qwen3-235B,Graded TFT,27,1.0,1.0,0,0,10.667597930270553
qwen3_235b_a22b_2507__vs__graded_tft__seed101,101,Qwen3-235B,Graded TFT,28,1.0,1.0,0,0,10.699803618067861
qwen3_235b_a22b_2507__vs__graded_tft__seed101,101,Qwen3-235B,Graded TFT,29,1.0,1.0,0,0,10.719473967130781
qwen3_235b_a22b_2507__vs__graded_tft__seed101,101,Qwen3-235B,Graded TFT,30,1.0,1.0,0,0,10.73145532632524
qwen3_235b_a22b_2507__vs__graded_tft__seed101,101,Qwen3-235B,Graded TFT,31,1.0,1.0,0,0,10.738741133074473
qwen3_235b_a22b_2507__vs__graded_tft__seed101,101,Qwen3-235B,Graded TFT,32,1.0,1.0,0,0,10.743167116041995
qwen3_235b_a22b_2507__vs__graded_tft__seed101,101,Qwen3-235B,Graded TFT,33,1.0,1.0,0,0,10.745854160223072
qwen3_235b_a22b_2507__vs__graded_tft__seed101,101,Qwen3-235B,Graded TFT,34,1.0,1.0,0,0,10.747484874021502
qwen3_235b_a22b_2507__vs__graded_tft__seed101,101,Qwen3-235B,Graded TFT,35,1.0,1.0,0,0,10.748474297664586
qwen3_235b_a22b_2507__vs__graded_tft__seed101,101,Qwen3-235B,Graded TFT,36,1.0,1.0,0,0,10.749074540680102
qwen3_235b_a22b_2507__vs__graded_tft__seed101,101,Qwen3-235B,Graded TFT,37,1.0,1.0,0,0,10.74943865329367
qwen3_235b_a22b_2507__vs__graded_tft__seed101,101,Qwen3-235B,Graded TFT,38,1.0,1.0,0,0,10.749659515984732
qwen3_235b_a22b_2507__vs__graded_tft__seed101,101,Qwen3-235B,Graded TFT,39,1.0,1.0,0,0,10.74979348231664
qwen3_235b_a22b_2507__vs__graded_tft__seed101,101,Qwen3-235B,Graded TFT,40,1.0,1.0,0,0,10.74987473933614
qwen3_235b_a22b_2507__vs__graded_tft__seed101,101,Qwen3-235B,Graded TFT,41,1.0,1.0,0,0,10.749924025067646
qwen3_235b_a22b_2507__vs__graded_tft__seed101,101,Qwen3-235B,Graded TFT,42,0.0,1.0,4,0,18.749953918690487
qwen3_235b_a22b_2507__vs__graded_tft__seed101,101,Qwen3-235B,Graded TFT,43,0.0,0.5,4,2,7.5
qwen3_235b_a22b_2507__vs__graded_tft__seed101,101,Qwen3-235B,Graded TFT,44,0.0,0.25,4,3,3.75
qwen3_235b_a22b_2507__vs__graded_tft__seed101,101,Qwen3-235B,Graded TFT,45,0.0,0.0,4,4,0.0
qwen3_235b_a22b_2507__vs__graded_tft__seed101,101,Qwen3-235B,Graded TFT,46,0.0,0.0,4,4,0.0
qwen3_235b_a22b_2507__vs__graded_tft__seed101,101,Qwen3-235B,Graded TFT,47,0.0,0.0,4,4,0.0
qwen3_235b_a22b_2507__vs__graded_tft__seed101,101,Qwen3-235B,Graded TFT,48,0.0,0.0,4,4,0.0
qwen3_235b_a22b_2507__vs__graded_tft__seed101,101,Qwen3-235B,Graded TFT,49,0.0,0.0,4,4,0.0
qwen3_235b_a22b_2507__vs__graded_tft__seed101,101,Qwen3-235B,Graded TFT,50,0.0,0.0,4,4,0.0
qwen3_235b_a22b_2507__vs__graded_tft__seed102,102,Qwen3-235B,Graded TFT,1,0.0,1.0,4,0,12.0
qwen3_235b_a22b_2507__vs__graded_tft__seed102,102,Qwen3-235B,Graded TFT,2,0.0,0.5,4,2,5.99125
qwen3_235b_a22b_2507__vs__graded_tft__seed102,102,Qwen3-235B,Graded TFT,3,0.0,0.25,4,3,2.9803125
qwen3_235b_a22b_2507__vs__graded_tft__seed102,102,Qwen3-235B,Graded TFT,4,0.0,0.0,4,4,0.0
qwen3_235b_a22b_2507__vs__graded_tft__seed102,102,Qwen3-235B,Graded TFT,5,0.0,0.5,4,2,5.873854166666667
qwen3_235b_a22b_2507__vs__graded_tft__seed102,102,Qwen3-235B,Graded TFT,6,0.0,0.25,4,3,2.9150520833333333
qwen3_235b_a22b_2507__vs__graded_tft__seed102,102,Qwen3-235B,Graded TFT,7,0.0,0.0,4,4,0.0
qwen3_235b_a22b_2507__vs__graded_tft__seed102,102,Qwen3-235B,Graded TFT,8,0.0,0.0,4,4,0.0
qwen3_235b_a22b_2507__vs__graded_tft__seed102,102,Qwen3-235B,Graded TFT,9,0.0,0.0,4,4,0.0
qwen3_235b_a22b_2507__vs__graded_tft__seed102,102,Qwen3-235B,Graded TFT,10,0.0,0.0,4,4,0.0
qwen3_235b_a22b_2507__vs__graded_tft__seed102,102,Qwen3-235B,Graded TFT,11,0.0,0.0,4,4,0.0
qwen3_235b_a22b_2507__vs__graded_tft__seed102,102,Qwen3-235B,Graded TFT,12,0.0,0.0,4,4,0.0
qwen3_235b_a22b_2507__vs__graded_tft__seed102,102,Qwen3-235B,Graded TFT,13,0.0,0.0,4,4,0.0
qwen3_235b_a22b_2507__vs__graded_tft__seed102,102,Qwen3-235B,Graded TFT,14,0.0,0.0,4,4,0.0
qwen3_235b_a22b_2507__vs__graded_tft__seed102,102,Qwen3-235B,Graded TFT,15,0.0,0.0,4,4,0.0
qwen3_235b_a22b_2507__vs__graded_tft__seed102,102,Qwen3-235B,Graded TFT,16,0.0,0.0,4,4,0.0
qwen3_235b_a22b_2507__vs__graded_tft__seed102,102,Qwen3-235B,Graded TFT,17,0.0,0.0,4,4,0.0
qwen3_235b_a22b_2507__vs__graded_tft__seed102,102,Qwen3-235B,Graded TFT,18,0.0,0.0,4,4,0.0
qwen3_235b_a22b_2507__vs__graded_tft__seed102,102,Qwen3-235B,Graded TFT,19,0.0,0.0,4,4,0.0
qwen3_235b_a22b_2507__vs__graded_tft__seed102,102,Qwen3-235B,Graded TFT,20,0.0,0.0,4,4,0.0
qwen3_235b_a22b_2507__vs__graded_tft__seed102,102,Qwen3-235B,Graded TFT,21,0.0,0.0,4,4,0.0
qwen3_235b_a22b_2507__vs__graded_tft__seed102,102,Qwen3-235B,Graded TFT,22,0.0,0.0,4,4,0.0
qwen3_235b_a22b_2507__vs__graded_tft__seed102,102,Qwen3-235B,Graded TFT,23,0.0,0.0,4,4,0.0
qwen3_235b_a22b_2507__vs__graded_tft__seed102,102,Qwen3-235B,Graded TFT,24,0.0,0.0,4,4,0.0
qwen3_235b_a22b_2507__vs__graded_tft__seed102,102,Qwen3-235B,Graded TFT,25,0.0,0.0,4,4,0.0
qwen3_235b_a22b_2507__vs__graded_tft__seed102,102,Qwen3-235B,Graded TFT,26,0.0,0.0,4,4,0.0
qwen3_235b_a22b_2507__vs__graded_tft__seed102,102,Qwen3-235B,Graded TFT,27,0.0,0.0,4,4,0.0
qwen3_235b_a22b_2507__vs__graded_tft__seed102,102,Qwen3-235B,Graded TFT,28,0.0,0.0,4,4,0.0
qwen3_235b_a22b_2507__vs__graded_tft__seed102,102,Qwen3-235B,Graded TFT,29,0.0,0.0,4,4,0.0
qwen3_235b_a22b_2507__vs__graded_tft__seed102,102,Qwen3-235B,Graded TFT,30,0.0,0.0,4,4,0.0
qwen3_235b_a22b_2507__vs__graded_tft__seed102,102,Qwen3-235B,Graded TFT,31,0.0,0.0,4,4,0.0
qwen3_235b_a22b_2507__vs__graded_tft__seed102,102,Qwen3-235B,Graded TFT,32,0.0,0.0,4,4,0.0
qwen3_235b_a22b_2507__vs__graded_tft__seed102,102,Qwen3-235B,Graded TFT,33,0.0,0.0,4,4,0.0
qwen3_235b_a22b_2507__vs__graded_tft__seed102,102,Qwen3-235B,Graded TFT,34,0.0,0.0,4,4,0.0
qwen3_235b_a22b_2507__vs__graded_tft__seed102,102,Qwen3-235B,Graded TFT,35,0.0,0.0,4,4,0.0
qwen3_235b_a22b_2507__vs__graded_tft__seed102,102,Qwen3-235B,Graded TFT,36,0.0,0.0,4,4,0.0
qwen3_235b_a22b_2507__vs__graded_tft__seed102,102,Qwen3-235B,Graded TFT,37,0.0,0.0,4,4,0.0
qwen3_235b_a22b_2507__vs__graded_tft__seed102,102,Qwen3-235B,Graded TFT,38,0.0,0.0,4,4,0.0
qwen3_235b_a22b_2507__vs__graded_tft__seed102,102,Qwen3-235B,Graded TFT,39,0.0,0.0,4,4,0.0
qwen3_235b_a22b_2507__vs__graded_tft__seed102,102,Qwen3-235B,Graded TFT,40,0.0,0.0,4,4,0.0
qwen3_235b_a22b_2507__vs__graded_tft__seed102,102,Qwen3-235B,Graded TFT,41,0.0,0.0,4,4,0.0
qwen3_235b_a22b_2507__vs__graded_tft__seed102,102,Qwen3-235B,Graded TFT,42,0.0,0.0,4,4,0.0
qwen3_235b_a22b_2507__vs__graded_tft__seed102,102,Qwen3-235B,Graded TFT,43,0.0,0.0,4,4,0.0
qwen3_235b_a22b_2507__vs__graded_tft__seed102,102,Qwen3-235B,Graded TFT,44,0.0,0.0,4,4,0.0
qwen3_235b_a22b_2507__vs__graded_tft__seed102,102,Qwen3-235B,Graded TFT,45,0.0,0.0,4,4,0.0
qwen3_235b_a22b_2507__vs__graded_tft__seed102,102,Qwen3-235B,Graded TFT,46,0.0,0.0,4,4,0.0
qwen3_235b_a22b_2507__vs__graded_tft__seed102,102,Qwen3-235B,Graded TFT,47,0.0,0.0,4,4,0.0
qwen3_235b_a22b_2507__vs__graded_tft__seed102,102,Qwen3-235B,Graded TFT,48,0.0,0.0,4,4,0.0
qwen3_235b_a22b_2507__vs__graded_tft__seed102,102,Qwen3-235B,Graded TFT,49,0.0,0.0,4,4,0.0
qwen3_235b_a22b_2507__vs__graded_tft__seed102,102,Qwen3-235B,Graded TFT,50,0.0,0.0,4,4,0.0
qwen3_235b_a22b_2507__vs__graded_tft__seed103,103,Qwen3-235B,Graded TFT,1,0.0,1.0,4,0,12.0
qwen3_235b_a22b_2507__vs__graded_tft__seed103,103,Qwen3-235B,Graded TFT,2,0.0,0.5,4,2,5.99125
qwen3_235b_a22b_2507__vs__graded_tft__seed103,103,Qwen3-235B,Graded TFT,3,0.0,0.25,4,3,2.9803125
qwen3_235b_a22b_2507__vs__graded_tft__seed103,103,Qwen3-235B,Graded TFT,4,0.0,0.0,4,4,0.0
qwen3_235b_a22b_2507__vs__graded_tft__seed103,103,Qwen3-235B,Graded TFT,5,0.0,0.0,4,4,0.0
qwen3_235b_a22b_2507__vs__graded_tft__seed103,103,Qwen3-235B,Graded TFT,6,0.0,0.0,4,4,0.0
qwen3_235b_a22b_2507__vs__graded_tft__seed103,103,Qwen3-235B,Graded TFT,7,0.0,0.0,4,4,0.0
qwen3_235b_a22b_2507__vs__graded_tft__seed103,103,Qwen3-235B,Graded TFT,8,0.0,0.0,4,4,0.0
qwen3_235b_a22b_2507__vs__graded_tft__seed103,103,Qwen3-235B,Graded TFT,9,0.0,0.5,4,2,5.580546875000001
qwen3_235b_a22b_2507__vs__graded_tft__seed103,103,Qwen3-235B,Graded TFT,10,0.0,0.25,4,3,2.754453125000001
qwen3_235b_a22b_2507__vs__graded_tft__seed103,103,Qwen3-235B,Graded TFT,11,0.0,0.0,4,4,0.0
qwen3_235b_a22b_2507__vs__graded_tft__seed103,103,Qwen3-235B,Graded TFT,12,0.0,0.0,4,4,0.0
qwen3_235b_a22b_2507__vs__graded_tft__seed103,103,Qwen3-235B,Graded TFT,13,0.0,0.0,4,4,0.0
qwen3_235b_a22b_2507__vs__graded_tft__seed103,103,Qwen3-235B,Graded TFT,14,0.0,0.0,4,4,0.0
qwen3_235b_a22b_2507__vs__graded_tft__seed103,103,Qwen3-235B,Graded TFT,15,0.0,0.0,4,4,0.0
qwen3_235b_a22b_2507__vs__graded_tft__seed103,103,Qwen3-235B,Graded TFT,16,0.0,0.0,4,4,0.0
qwen3_235b_a22b_2507__vs__graded_tft__seed103,103,Qwen3-235B,Graded TFT,17,0.0,0.0,4,4,0.0
qwen3_235b_a22b_2507__vs__graded_tft__seed103,103,Qwen3-235B,Graded TFT,18,0.0,0.0,4,4,0.0
qwen3_235b_a22b_2507__vs__graded_tft__seed103,103,Qwen3-235B,Graded TFT,19,0.0,0.0,4,4,0.0
qwen3_235b_a22b_2507__vs__graded_tft__seed103,103,Qwen3-235B,Graded TFT,20,0.0,0.0,4,4,0.0
qwen3_235b_a22b_2507__vs__graded_tft__seed103,103,Qwen3-235B,Graded TFT,21,0.0,0.0,4,4,0.0
qwen3_235b_a22b_2507__vs__graded_tft__seed103,103,Qwen3-235B,Graded TFT,22,0.0,0.5,4,2,4.5
qwen3_235b_a22b_2507__vs__graded_tft__seed103,103,Qwen3-235B,Graded TFT,23,0.0,0.25,4,3,2.25
qwen3_235b_a22b_2507__vs__graded_tft__seed103,103,Qwen3-235B,Graded TFT,24,0.0,0.0,4,4,0.0
qwen3_235b_a22b_2507__vs__graded_tft__seed103,103,Qwen3-235B,Graded TFT,25,0.0,0.0,4,4,0.0
qwen3_235b_a22b_2507__vs__graded_tft__seed103,103,Qwen3-235B,Graded TFT,26,0.0,0.0,4,4,0.0
qwen3_235b_a22b_2507__vs__graded_tft__seed103,103,Qwen3-235B,Graded TFT,27,0.0,0.0,4,4,0.0
qwen3_235b_a22b_2507__vs__graded_tft__seed103,103,Qwen3-235B,Graded TFT,28,0.0,0.0,4,4,0.0
qwen3_235b_a22b_2507__vs__graded_tft__seed103,103,Qwen3-235B,Graded TFT,29,0.0,0.0,4,4,0.0
qwen3_235b_a22b_2507__vs__graded_tft__seed103,103,Qwen3-235B,Graded TFT,30,0.0,0.0,4,4,0.0
qwen3_235b_a22b_2507__vs__graded_tft__seed103,103,Qwen3-235B,Graded TFT,31,0.0,0.0,4,4,0.0
qwen3_235b_a22b_2507__vs__graded_tft__seed103,103,Qwen3-235B,Graded TFT,32,0.0,0.0,4,4,0.0
qwen3_235b_a22b_2507__vs__graded_tft__seed103,103,Qwen3-235B,Graded TFT,33,0.0,0.0,4,4,0.0
qwen3_235b_a22b_2507__vs__graded_tft__seed103,103,Qwen3-235B,Graded TFT,34,0.0,0.25,4,3,2.25
qwen3_235b_a22b_2507__vs__graded_tft__seed103,103,Qwen3-235B,Graded TFT,35,0.0,0.0,4,4,0.0
qwen3_235b_a22b_2507__vs__graded_tft__seed103,103,Qwen3-235B,Graded TFT,36,0.0,0.0,4,4,0.0
qwen3_235b_a22b_2507__vs__graded_tft__seed103,103,Qwen3-235B,Graded TFT,37,0.0,0.0,4,4,0.0
qwen3_235b_a22b_2507__vs__graded_tft__seed103,103,Qwen3-235B,Graded TFT,38,0.0,0.0,4,4,0.0
qwen3_235b_a22b_2507__vs__graded_tft__seed103,103,Qwen3-235B,Graded TFT,39,0.0,0.0,4,4,0.0
qwen3_235b_a22b_2507__vs__graded_tft__seed103,103,Qwen3-235B,Graded TFT,40,0.0,0.0,4,4,0.0
qwen3_235b_a22b_2507__vs__graded_tft__seed103,103,Qwen3-235B,Graded TFT,41,0.0,0.0,4,4,0.0
qwen3_235b_a22b_2507__vs__graded_tft__seed103,103,Qwen3-235B,Graded TFT,42,0.0,0.0,4,4,0.0
qwen3_235b_a22b_2507__vs__graded_tft__seed103,103,Qwen3-235B,Graded TFT,43,0.0,0.0,4,4,0.0
qwen3_235b_a22b_2507__vs__graded_tft__seed103,103,Qwen3-235B,Graded TFT,44,0.0,0.0,4,4,0.0
qwen3_235b_a22b_2507__vs__graded_tft__seed103,103,Qwen3-235B,Graded TFT,45,0.0,0.0,4,4,0.0
qwen3_235b_a22b_2507__vs__graded_tft__seed103,103,Qwen3-235B,Graded TFT,46,0.0,0.0,4,4,0.0
qwen3_235b_a22b_2507__vs__graded_tft__seed103,103,Qwen3-235B,Graded TFT,47,0.0,0.0,4,4,0.0
qwen3_235b_a22b_2507__vs__graded_tft__seed103,103,Qwen3-235B,Graded TFT,48,0.0,0.0,4,4,0.0
qwen3_235b_a22b_2507__vs__graded_tft__seed103,103,Qwen3-235B,Graded TFT,49,0.0,0.0,4,4,0.0
qwen3_235b_a22b_2507__vs__graded_tft__seed103,103,Qwen3-235B,Graded TFT,50,0.0,0.0,4,4,0.0
qwen3_235b_a22b_2507__vs__graded_tft__seed104,104,Qwen3-235B,Graded TFT,1,0.0,1.0,4,0,12.0
qwen3_235b_a22b_2507__vs__graded_tft__seed104,104,Qwen3-235B,Graded TFT,2,0.0,0.5,4,2,5.99125
qwen3_235b_a22b_2507__vs__graded_tft__seed104,104,Qwen3-235B,Graded TFT,3,0.0,0.5,4,2,5.9715625
qwen3_235b_a22b_2507__vs__graded_tft__seed104,104,Qwen3-235B,Graded TFT,4,0.0,0.5,4,2,5.948229166666667
qwen3_235b_a22b_2507__vs__graded_tft__seed104,104,Qwen3-235B,Graded TFT,5,0.0,0.25,4,3,2.9588020833333335
qwen3_235b_a22b_2507__vs__graded_tft__seed104,104,Qwen3-235B,Graded TFT,6,0.0,0.0,4,4,0.0
qwen3_235b_a22b_2507__vs__graded_tft__seed104,104,Qwen3-235B,Graded TFT,7,0.0,0.0,4,4,0.0
qwen3_235b_a22b_2507__vs__graded_tft__seed104,104,Qwen3-235B,Graded TFT,8,0.0,0.0,4,4,0.0
qwen3_235b_a22b_2507__vs__graded_tft__seed104,104,Qwen3-235B,Graded TFT,9,0.0,0.0,4,4,0.0
qwen3_235b_a22b_2507__vs__graded_tft__seed104,104,Qwen3-235B,Graded TFT,10,0.0,0.0,4,4,0.0
qwen3_235b_a22b_2507__vs__graded_tft__seed104,104,Qwen3-235B,Graded TFT,11,0.0,0.0,4,4,0.0
qwen3_235b_a22b_2507__vs__graded_tft__seed104,104,Qwen3-235B,Graded TFT,12,0.0,0.0,4,4,0.0
qwen3_235b_a22b_2507__vs__graded_tft__seed104,104,Qwen3-235B,Graded TFT,13,0.0,0.0,4,4,0.0
qwen3_235b_a22b_2507__vs__graded_tft__seed104,104,Qwen3-235B,Graded TFT,14,0.0,0.0,4,4,0.0
qwen3_235b_a22b_2507__vs__graded_tft__seed104,104,Qwen3-235B,Graded TFT,15,0.0,0.0,4,4,0.0
qwen3_235b_a22b_2507__vs__graded_tft__seed104,104,Qwen3-235B,Graded TFT,16,0.0,0.0,4,4,0.0
qwen3_235b_a22b_2507__vs__graded_tft__seed104,104,Qwen3-235B,Graded TFT,17,0.0,0.0,4,4,0.0
qwen3_235b_a22b_2507__vs__graded_tft__seed104,104,Qwen3-235B,Graded TFT,18,0.0,0.0,4,4,0.0
qwen3_235b_a22b_2507__vs__graded_tft__seed104,104,Qwen3-235B,Graded TFT,19,0.0,0.0,4,4,0.0
qwen3_235b_a22b_2507__vs__graded_tft__seed104,104,Qwen3-235B,Graded TFT,20,0.0,0.0,4,4,0.0
qwen3_235b_a22b_2507__vs__graded_tft__seed104,104,Qwen3-235B,Graded TFT,21,0.0,0.0,4,4,0.0
qwen3_235b_a22b_2507__vs__graded_tft__seed104,104,Qwen3-235B,Graded TFT,22,0.0,0.0,4,4,0.0
qwen3_235b_a22b_2507__vs__graded_tft__seed104,104,Qwen3-235B,Graded TFT,23,0.0,0.25,4,3,2.25
qwen3_235b_a22b_2507__vs__graded_tft__seed104,104,Qwen3-235B,Graded TFT,24,0.0,0.0,4,4,0.0
qwen3_235b_a22b_2507__vs__graded_tft__seed104,104,Qwen3-235B,Graded TFT,25,0.0,0.0,4,4,0.0
qwen3_235b_a22b_2507__vs__graded_tft__seed104,104,Qwen3-235B,Graded TFT,26,0.0,0.5,4,2,4.5
qwen3_235b_a22b_2507__vs__graded_tft__seed104,104,Qwen3-235B,Graded TFT,27,0.0,0.25,4,3,2.25
qwen3_235b_a22b_2507__vs__graded_tft__seed104,104,Qwen3-235B,Graded TFT,28,0.0,0.0,4,4,0.0
qwen3_235b_a22b_2507__vs__graded_tft__seed104,104,Qwen3-235B,Graded TFT,29,0.0,0.0,4,4,0.0
qwen3_235b_a22b_2507__vs__graded_tft__seed104,104,Qwen3-235B,Graded TFT,30,0.0,0.5,4,2,4.5
qwen3_235b_a22b_2507__vs__graded_tft__seed104,104,Qwen3-235B,Graded TFT,31,0.0,0.25,4,3,2.25
qwen3_235b_a22b_2507__vs__graded_tft__seed104,104,Qwen3-235B,Graded TFT,32,0.0,0.0,4,4,0.0
qwen3_235b_a22b_2507__vs__graded_tft__seed104,104,Qwen3-235B,Graded TFT,33,0.0,0.0,4,4,0.0
qwen3_235b_a22b_2507__vs__graded_tft__seed104,104,Qwen3-235B,Graded TFT,34,0.0,0.5,4,2,4.5
qwen3_235b_a22b_2507__vs__graded_tft__seed104,104,Qwen3-235B,Graded TFT,35,0.0,0.25,4,3,2.25
qwen3_235b_a22b_2507__vs__graded_tft__seed104,104,Qwen3-235B,Graded TFT,36,0.0,0.0,4,4,0.0
qwen3_235b_a22b_2507__vs__graded_tft__seed104,104,Qwen3-235B,Graded TFT,37,0.0,0.0,4,4,0.0
qwen3_235b_a22b_2507__vs__graded_tft__seed104,104,Qwen3-235B,Graded TFT,38,0.0,0.0,4,4,0.0
qwen3_235b_a22b_2507__vs__graded_tft__seed104,104,Qwen3-235B,Graded TFT,39,0.0,0.0,4,4,0.0
qwen3_235b_a22b_2507__vs__graded_tft__seed104,104,Qwen3-235B,Graded TFT,40,0.0,0.0,4,4,0.0
qwen3_235b_a22b_2507__vs__graded_tft__seed104,104,Qwen3-235B,Graded TFT,41,0.0,0.5,4,2,4.5
qwen3_235b_a22b_2507__vs__graded_tft__seed104,104,Qwen3-235B,Graded TFT,42,0.0,0.25,4,3,2.25
qwen3_235b_a22b_2507__vs__graded_tft__seed104,104,Qwen3-235B,Graded TFT,43,0.0,0.0,4,4,0.0
qwen3_235b_a22b_2507__vs__graded_tft__seed104,104,Qwen3-235B,Graded TFT,44,0.0,0.0,4,4,0.0
qwen3_235b_a22b_2507__vs__graded_tft__seed104,104,Qwen3-235B,Graded TFT,45,0.0,0.0,4,4,0.0
qwen3_235b_a22b_2507__vs__graded_tft__seed104,104,Qwen3-235B,Graded TFT,46,0.0,0.0,4,4,0.0
qwen3_235b_a22b_2507__vs__graded_tft__seed104,104,Qwen3-235B,Graded TFT,47,0.0,0.0,4,4,0.0
qwen3_235b_a22b_2507__vs__graded_tft__seed104,104,Qwen3-235B,Graded TFT,48,0.0,0.0,4,4,0.0
qwen3_235b_a22b_2507__vs__graded_tft__seed104,104,Qwen3-235B,Graded TFT,49,0.0,0.0,4,4,0.0
qwen3_235b_a22b_2507__vs__graded_tft__seed104,104,Qwen3-235B,Graded TFT,50,0.0,0.25,4,3,2.25
qwen3_235b_a22b_2507__vs__graded_tft__seed105,105,Qwen3-235B,Graded TFT,1,0.0,1.0,4,0,12.0
qwen3_235b_a22b_2507__vs__graded_tft__seed105,105,Qwen3-235B,Graded TFT,2,0.0,0.5,4,2,5.99125
qwen3_235b_a22b_2507__vs__graded_tft__seed105,105,Qwen3-235B,Graded TFT,3,0.0,0.25,4,3,2.9803125
qwen3_235b_a22b_2507__vs__graded_tft__seed105,105,Qwen3-235B,Graded TFT,4,0.0,0.0,4,4,0.0
qwen3_235b_a22b_2507__vs__graded_tft__seed105,105,Qwen3-235B,Graded TFT,5,0.0,0.0,4,4,0.0
qwen3_235b_a22b_2507__vs__graded_tft__seed105,105,Qwen3-235B,Graded TFT,6,0.0,0.0,4,4,0.0
qwen3_235b_a22b_2507__vs__graded_tft__seed105,105,Qwen3-235B,Graded TFT,7,0.0,0.0,4,4,0.0
qwen3_235b_a22b_2507__vs__graded_tft__seed105,105,Qwen3-235B,Graded TFT,8,0.0,0.0,4,4,0.0
qwen3_235b_a22b_2507__vs__graded_tft__seed105,105,Qwen3-235B,Graded TFT,9,0.0,0.0,4,4,0.0
qwen3_235b_a22b_2507__vs__graded_tft__seed105,105,Qwen3-235B,Graded TFT,10,0.0,0.0,4,4,0.0
qwen3_235b_a22b_2507__vs__graded_tft__seed105,105,Qwen3-235B,Graded TFT,11,0.0,0.0,4,4,0.0
qwen3_235b_a22b_2507__vs__graded_tft__seed105,105,Qwen3-235B,Graded TFT,12,0.0,0.0,4,4,0.0
qwen3_235b_a22b_2507__vs__graded_tft__seed105,105,Qwen3-235B,Graded TFT,13,0.0,0.0,4,4,0.0
qwen3_235b_a22b_2507__vs__graded_tft__seed105,105,Qwen3-235B,Graded TFT,14,0.0,0.0,4,4,0.0
qwen3_235b_a22b_2507__vs__graded_tft__seed105,105,Qwen3-235B,Graded TFT,15,0.0,0.0,4,4,0.0
qwen3_235b_a22b_2507__vs__graded_tft__seed105,105,Qwen3-235B,Graded TFT,16,0.0,0.0,4,4,0.0
qwen3_235b_a22b_2507__vs__graded_tft__seed105,105,Qwen3-235B,Graded TFT,17,0.0,0.0,4,4,0.0
qwen3_235b_a22b_2507__vs__graded_tft__seed105,105,Qwen3-235B,Graded TFT,18,0.0,0.0,4,4,0.0
qwen3_235b_a22b_2507__vs__graded_tft__seed105,105,Qwen3-235B,Graded TFT,19,0.0,0.0,4,4,0.0
qwen3_235b_a22b_2507__vs__graded_tft__seed105,105,Qwen3-235B,Graded TFT,20,0.0,0.0,4,4,0.0
qwen3_235b_a22b_2507__vs__graded_tft__seed105,105,Qwen3-235B,Graded TFT,21,0.0,0.0,4,4,0.0
qwen3_235b_a22b_2507__vs__graded_tft__seed105,105,Qwen3-235B,Graded TFT,22,0.0,0.0,4,4,0.0
qwen3_235b_a22b_2507__vs__graded_tft__seed105,105,Qwen3-235B,Graded TFT,23,0.0,0.0,4,4,0.0
qwen3_235b_a22b_2507__vs__graded_tft__seed105,105,Qwen3-235B,Graded TFT,24,0.0,0.0,4,4,0.0
qwen3_235b_a22b_2507__vs__graded_tft__seed105,105,Qwen3-235B,Graded TFT,25,0.0,0.0,4,4,0.0
qwen3_235b_a22b_2507__vs__graded_tft__seed105,105,Qwen3-235B,Graded TFT,26,0.0,0.0,4,4,0.0
qwen3_235b_a22b_2507__vs__graded_tft__seed105,105,Qwen3-235B,Graded TFT,27,0.0,0.0,4,4,0.0
qwen3_235b_a22b_2507__vs__graded_tft__seed105,105,Qwen3-235B,Graded TFT,28,0.0,0.0,4,4,0.0
qwen3_235b_a22b_2507__vs__graded_tft__seed105,105,Qwen3-235B,Graded TFT,29,0.0,0.0,4,4,0.0
qwen3_235b_a22b_2507__vs__graded_tft__seed105,105,Qwen3-235B,Graded TFT,30,0.0,0.0,4,4,0.0
qwen3_235b_a22b_2507__vs__graded_tft__seed105,105,Qwen3-235B,Graded TFT,31,0.0,0.5,4,2,4.5
qwen3_235b_a22b_2507__vs__graded_tft__seed105,105,Qwen3-235B,Graded TFT,32,0.0,0.25,4,3,2.25
qwen3_235b_a22b_2507__vs__graded_tft__seed105,105,Qwen3-235B,Graded TFT,33,0.0,0.0,4,4,0.0
qwen3_235b_a22b_2507__vs__graded_tft__seed105,105,Qwen3-235B,Graded TFT,34,0.0,0.0,4,4,0.0
qwen3_235b_a22b_2507__vs__graded_tft__seed105,105,Qwen3-235B,Graded TFT,35,0.0,0.5,4,2,4.5
qwen3_235b_a22b_2507__vs__graded_tft__seed105,105,Qwen3-235B,Graded TFT,36,0.0,0.25,4,3,2.25
qwen3_235b_a22b_2507__vs__graded_tft__seed105,105,Qwen3-235B,Graded TFT,37,0.0,0.0,4,4,0.0
qwen3_235b_a22b_2507__vs__graded_tft__seed105,105,Qwen3-235B,Graded TFT,38,0.0,0.0,4,4,0.0
qwen3_235b_a22b_2507__vs__graded_tft__seed105,105,Qwen3-235B,Graded TFT,39,0.0,0.0,4,4,0.0
qwen3_235b_a22b_2507__vs__graded_tft__seed105,105,Qwen3-235B,Graded TFT,40,0.0,0.0,4,4,0.0
qwen3_235b_a22b_2507__vs__graded_tft__seed105,105,Qwen3-235B,Graded TFT,41,0.0,0.0,4,4,0.0
qwen3_235b_a22b_2507__vs__graded_tft__seed105,105,Qwen3-235B,Graded TFT,42,0.0,0.0,4,4,0.0
qwen3_235b_a22b_2507__vs__graded_tft__seed105,105,Qwen3-235B,Graded TFT,43,0.0,0.5,4,2,4.5
qwen3_235b_a22b_2507__vs__graded_tft__seed105,105,Qwen3-235B,Graded TFT,44,0.0,0.25,4,3,2.25
qwen3_235b_a22b_2507__vs__graded_tft__seed105,105,Qwen3-235B,Graded TFT,45,0.0,0.0,4,4,0.0
qwen3_235b_a22b_2507__vs__graded_tft__seed105,105,Qwen3-235B,Graded TFT,46,0.0,0.0,4,4,0.0
qwen3_235b_a22b_2507__vs__graded_tft__seed105,105,Qwen3-235B,Graded TFT,47,0.0,0.0,4,4,0.0
qwen3_235b_a22b_2507__vs__graded_tft__seed105,105,Qwen3-235B,Graded TFT,48,0.0,0.0,4,4,0.0
qwen3_235b_a22b_2507__vs__graded_tft__seed105,105,Qwen3-235B,Graded TFT,49,0.0,0.0,4,4,0.0
qwen3_235b_a22b_2507__vs__graded_tft__seed105,105,Qwen3-235B,Graded TFT,50,0.0,0.5,4,2,4.5
qwen3_235b_a22b_2507__vs__grim_trigger__seed101,101,Qwen3-235B,Grim Trigger,1,0.0,0.0,4,4,0.0
qwen3_235b_a22b_2507__vs__grim_trigger__seed101,101,Qwen3-235B,Grim Trigger,2,0.0,0.0,4,4,0.0
qwen3_235b_a22b_2507__vs__grim_trigger__seed101,101,Qwen3-235B,Grim Trigger,3,0.0,0.0,4,4,0.0
qwen3_235b_a22b_2507__vs__grim_trigger__seed101,101,Qwen3-235B,Grim Trigger,4,0.0,0.0,4,4,0.0
qwen3_235b_a22b_2507__vs__grim_trigger__seed101,101,Qwen3-235B,Grim Trigger,5,0.0,0.0,4,4,0.0
qwen3_235b_a22b_2507__vs__grim_trigger__seed101,101,Qwen3-235B,Grim Trigger,6,0.0,0.0,4,4,0.0
qwen3_235b_a22b_2507__vs__grim_trigger__seed101,101,Qwen3-235B,Grim Trigger,7,0.0,0.0,4,4,0.0
qwen3_235b_a22b_2507__vs__grim_trigger__seed101,101,Qwen3-235B,Grim Trigger,8,0.0,0.0,4,4,0.0
qwen3_235b_a22b_2507__vs__grim_trigger__seed101,101,Qwen3-235B,Grim Trigger,9,0.0,0.0,4,4,0.0
qwen3_235b_a22b_2507__vs__grim_trigger__seed101,101,Qwen3-235B,Grim Trigger,10,0.0,0.0,4,4,0.0
qwen3_235b_a22b_2507__vs__grim_trigger__seed101,101,Qwen3-235B,Grim Trigger,11,0.0,0.0,4,4,0.0
qwen3_235b_a22b_2507__vs__grim_trigger__seed101,101,Qwen3-235B,Grim Trigger,12,0.0,0.0,4,4,0.0
qwen3_235b_a22b_2507__vs__grim_trigger__seed101,101,Qwen3-235B,Grim Trigger,13,0.0,0.0,4,4,0.0
qwen3_235b_a22b_2507__vs__grim_trigger__seed101,101,Qwen3-235B,Grim Trigger,14,0.0,0.0,4,4,0.0
qwen3_235b_a22b_2507__vs__grim_trigger__seed101,101,Qwen3-235B,Grim Trigger,15,0.0,0.0,4,4,0.0
qwen3_235b_a22b_2507__vs__grim_trigger__seed101,101,Qwen3-235B,Grim Trigger,16,0.0,0.0,4,4,0.0
qwen3_235b_a22b_2507__vs__grim_trigger__seed101,101,Qwen3-235B,Grim Trigger,17,0.0,0.0,4,4,0.0
qwen3_235b_a22b_2507__vs__grim_trigger__seed101,101,Qwen3-235B,Grim Trigger,18,0.0,0.0,4,4,0.0
qwen3_235b_a22b_2507__vs__grim_trigger__seed101,101,Qwen3-235B,Grim Trigger,19,0.0,0.0,4,4,0.0
qwen3_235b_a22b_2507__vs__grim_trigger__seed101,101,Qwen3-235B,Grim Trigger,20,0.0,0.0,4,4,0.0
qwen3_235b_a22b_2507__vs__grim_trigger__seed101,101,Qwen3-235B,Grim Trigger,21,0.0,0.0,4,4,0.0
qwen3_235b_a22b_2507__vs__grim_trigger__seed101,101,Qwen3-235B,Grim Trigger,22,0.0,0.0,4,4,0.0
qwen3_235b_a22b_2507__vs__grim_trigger__seed101,101,Qwen3-235B,Grim Trigger,23,0.0,0.0,4,4,0.0
qwen3_235b_a22b_2507__vs__grim_trigger__seed101,101,Qwen3-235B,Grim Trigger,24,0.0,0.0,4,4,0.0
qwen3_235b_a22b_2507__vs__grim_trigger__seed101,101,Qwen3-235B,Grim Trigger,25,0.0,0.0,4,4,0.0
qwen3_235b_a22b_2507__vs__grim_trigger__seed101,101,Qwen3-235B,Grim Trigger,26,0.0,0.0,4,4,0.0
qwen3_235b_a22b_2507__vs__grim_trigger__seed101,101,Qwen3-235B,Grim Trigger,27,0.0,0.0,4,4,0.0
qwen3_235b_a22b_2507__vs__grim_trigger__seed101,101,Qwen3-235B,Grim Trigger,28,0.0,0.0,4,4,0.0
qwen3_235b_a22b_2507__vs__grim_trigger__seed101,101,Qwen3-235B,Grim Trigger,29,0.0,0.0,4,4,0.0
qwen3_235b_a22b_2507__vs__grim_trigger__seed101,101,Qwen3-235B,Grim Trigger,30,0.0,0.0,4,4,0.0
qwen3_235b_a22b_2507__vs__grim_trigger__seed101,101,Qwen3-235B,Grim Trigger,31,0.0,0.0,4,4,0.0
qwen3_235b_a22b_2507__vs__grim_trigger__seed101,101,Qwen3-235B,Grim Trigger,32,0.0,0.0,4,4,0.0
qwen3_235b_a22b_2507__vs__grim_trigger__seed101,101,Qwen3-235B,Grim Trigger,33,0.0,0.0,4,4,0.0
qwen3_235b_a22b_2507__vs__grim_trigger__seed101,101,Qwen3-235B,Grim Trigger,34,0.0,0.0,4,4,0.0
qwen3_235b_a22b_2507__vs__grim_trigger__seed101,101,Qwen3-235B,Grim Trigger,35,0.0,0.0,4,4,0.0
qwen3_235b_a22b_2507__vs__grim_trigger__seed101,101,Qwen3-235B,Grim Trigger,36,0.0,0.0,4,4,0.0
qwen3_235b_a22b_2507__vs__grim_trigger__seed101,101,Qwen3-235B,Grim Trigger,37,0.0,0.0,4,4,0.0
qwen3_235b_a22b_2507__vs__grim_trigger__seed101,101,Qwen3-235B,Grim Trigger,38,0.0,0.0,4,4,0.0
qwen3_235b_a22b_2507__vs__grim_trigger__seed101,101,Qwen3-235B,Grim Trigger,39,0.0,0.0,4,4,0.0
qwen3_235b_a22b_2507__vs__grim_trigger__seed101,101,Qwen3-235B,Grim Trigger,40,0.0,0.0,4,4,0.0
qwen3_235b_a22b_2507__vs__grim_trigger__seed101,101,Qwen3-235B,Grim Trigger,41,0.0,0.0,4,4,0.0
qwen3_235b_a22b_2507__vs__grim_trigger__seed101,101,Qwen3-235B,Grim Trigger,42,0.0,0.0,4,4,0.0
qwen3_235b_a22b_2507__vs__grim_trigger__seed101,101,Qwen3-235B,Grim Trigger,43,0.0,0.0,4,4,0.0
qwen3_235b_a22b_2507__vs__grim_trigger__seed101,101,Qwen3-235B,Grim Trigger,44,0.0,0.0,4,4,0.0
qwen3_235b_a22b_2507__vs__grim_trigger__seed101,101,Qwen3-235B,Grim Trigger,45,0.0,0.0,4,4,0.0
qwen3_235b_a22b_2507__vs__grim_trigger__seed101,101,Qwen3-235B,Grim Trigger,46,0.0,0.0,4,4,0.0
qwen3_235b_a22b_2507__vs__grim_trigger__seed101,101,Qwen3-235B,Grim Trigger,47,0.0,0.0,4,4,0.0
qwen3_235b_a22b_2507__vs__grim_trigger__seed101,101,Qwen3-235B,Grim Trigger,48,0.0,0.0,4,4,0.0
qwen3_235b_a22b_2507__vs__grim_trigger__seed101,101,Qwen3-235B,Grim Trigger,49,0.0,0.0,4,4,0.0
qwen3_235b_a22b_2507__vs__grim_trigger__seed101,101,Qwen3-235B,Grim Trigger,50,0.0,0.0,4,4,0.0
qwen3_235b_a22b_2507__vs__grim_trigger__seed102,102,Qwen3-235B,Grim Trigger,1,0.0,0.0,4,4,0.0
qwen3_235b_a22b_2507__vs__grim_trigger__seed102,102,Qwen3-235B,Grim Trigger,2,0.0,0.0,4,4,0.0
qwen3_235b_a22b_2507__vs__grim_trigger__seed102,102,Qwen3-235B,Grim Trigger,3,0.0,0.0,4,4,0.0
qwen3_235b_a22b_2507__vs__grim_trigger__seed102,102,Qwen3-235B,Grim Trigger,4,0.0,0.0,4,4,0.0
qwen3_235b_a22b_2507__vs__grim_trigger__seed102,102,Qwen3-235B,Grim Trigger,5,0.0,0.0,4,4,0.0
qwen3_235b_a22b_2507__vs__grim_trigger__seed102,102,Qwen3-235B,Grim Trigger,6,0.0,0.0,4,4,0.0
qwen3_235b_a22b_2507__vs__grim_trigger__seed102,102,Qwen3-235B,Grim Trigger,7,0.0,0.0,4,4,0.0
qwen3_235b_a22b_2507__vs__grim_trigger__seed102,102,Qwen3-235B,Grim Trigger,8,0.0,0.0,4,4,0.0
qwen3_235b_a22b_2507__vs__grim_trigger__seed102,102,Qwen3-235B,Grim Trigger,9,0.0,0.0,4,4,0.0
qwen3_235b_a22b_2507__vs__grim_trigger__seed102,102,Qwen3-235B,Grim Trigger,10,0.0,0.0,4,4,0.0
qwen3_235b_a22b_2507__vs__grim_trigger__seed102,102,Qwen3-235B,Grim Trigger,11,0.0,0.0,4,4,0.0
qwen3_235b_a22b_2507__vs__grim_trigger__seed102,102,Qwen3-235B,Grim Trigger,12,0.0,0.0,4,4,0.0
qwen3_235b_a22b_2507__vs__grim_trigger__seed102,102,Qwen3-235B,Grim Trigger,13,0.0,0.0,4,4,0.0
qwen3_235b_a22b_2507__vs__grim_trigger__seed102,102,Qwen3-235B,Grim Trigger,14,0.0,0.0,4,4,0.0
qwen3_235b_a22b_2507__vs__grim_trigger__seed102,102,Qwen3-235B,Grim Trigger,15,0.0,0.0,4,4,0.0
qwen3_235b_a22b_2507__vs__grim_trigger__seed102,102,Qwen3-235B,Grim Trigger,16,0.0,0.0,4,4,0.0
qwen3_235b_a22b_2507__vs__grim_trigger__seed102,102,Qwen3-235B,Grim Trigger,17,0.0,0.0,4,4,0.0
qwen3_235b_a22b_2507__vs__grim_trigger__seed102,102,Qwen3-235B,Grim Trigger,18,0.0,0.0,4,4,0.0
qwen3_235b_a22b_2507__vs__grim_trigger__seed102,102,Qwen3-235B,Grim Trigger,19,0.0,0.0,4,4,0.0
qwen3_235b_a22b_2507__vs__grim_trigger__seed102,102,Qwen3-235B,Grim Trigger,20,0.0,0.0,4,4,0.0
qwen3_235b_a22b_2507__vs__grim_trigger__seed102,102,Qwen3-235B,Grim Trigger,21,0.0,0.0,4,4,0.0
qwen3_235b_a22b_2507__vs__grim_trigger__seed102,102,Qwen3-235B,Grim Trigger,22,0.0,0.0,4,4,0.0
qwen3_235b_a22b_2507__vs__grim_trigger__seed102,102,Qwen3-235B,Grim Trigger,23,0.0,0.0,4,4,0.0
qwen3_235b_a22b_2507__vs__grim_trigger__seed102,102,Qwen3-235B,Grim Trigger,24,0.0,0.0,4,4,0.0
qwen3_235b_a22b_2507__vs__grim_trigger__seed102,102,Qwen3-235B,Grim Trigger,25,0.0,0.0,4,4,0.0
qwen3_235b_a22b_2507__vs__grim_trigger__seed102,102,Qwen3-235B,Grim Trigger,26,0.0,0.0,4,4,0.0
qwen3_235b_a22b_2507__vs__grim_trigger__seed102,102,Qwen3-235B,Grim Trigger,27,0.0,0.0,4,4,0.0
qwen3_235b_a22b_2507__vs__grim_trigger__seed102,102,Qwen3-235B,Grim Trigger,28,0.0,0.0,4,4,0.0
qwen3_235b_a22b_2507__vs__grim_trigger__seed102,102,Qwen3-235B,Grim Trigger,29,0.0,0.0,4,4,0.0
qwen3_235b_a22b_2507__vs__grim_trigger__seed102,102,Qwen3-235B,Grim Trigger,30,0.0,0.0,4,4,0.0
qwen3_235b_a22b_2507__vs__grim_trigger__seed102,102,Qwen3-235B,Grim Trigger,31,0.0,0.0,4,4,0.0
qwen3_235b_a22b_2507__vs__grim_trigger__seed102,102,Qwen3-235B,Grim Trigger,32,0.0,0.0,4,4,0.0
qwen3_235b_a22b_2507__vs__grim_trigger__seed102,102,Qwen3-235B,Grim Trigger,33,0.0,0.0,4,4,0.0
qwen3_235b_a22b_2507__vs__grim_trigger__seed102,102,Qwen3-235B,Grim Trigger,34,0.0,0.0,4,4,0.0
qwen3_235b_a22b_2507__vs__grim_trigger__seed102,102,Qwen3-235B,Grim Trigger,35,0.0,0.0,4,4,0.0
qwen3_235b_a22b_2507__vs__grim_trigger__seed102,102,Qwen3-235B,Grim Trigger,36,0.0,0.0,4,4,0.0
qwen3_235b_a22b_2507__vs__grim_trigger__seed102,102,Qwen3-235B,Grim Trigger,37,0.0,0.0,4,4,0.0
qwen3_235b_a22b_2507__vs__grim_trigger__seed102,102,Qwen3-235B,Grim Trigger,38,0.0,0.0,4,4,0.0
qwen3_235b_a22b_2507__vs__grim_trigger__seed102,102,Qwen3-235B,Grim Trigger,39,0.0,0.0,4,4,0.0
qwen3_235b_a22b_2507__vs__grim_trigger__seed102,102,Qwen3-235B,Grim Trigger,40,0.0,0.0,4,4,0.0
qwen3_235b_a22b_2507__vs__grim_trigger__seed102,102,Qwen3-235B,Grim Trigger,41,0.0,0.0,4,4,0.0
qwen3_235b_a22b_2507__vs__grim_trigger__seed102,102,Qwen3-235B,Grim Trigger,42,0.0,0.0,4,4,0.0
qwen3_235b_a22b_2507__vs__grim_trigger__seed102,102,Qwen3-235B,Grim Trigger,43,0.0,0.0,4,4,0.0
qwen3_235b_a22b_2507__vs__grim_trigger__seed102,102,Qwen3-235B,Grim Trigger,44,0.0,0.0,4,4,0.0
qwen3_235b_a22b_2507__vs__grim_trigger__seed102,102,Qwen3-235B,Grim Trigger,45,0.0,0.0,4,4,0.0
qwen3_235b_a22b_2507__vs__grim_trigger__seed102,102,Qwen3-235B,Grim Trigger,46,0.0,0.0,4,4,0.0
qwen3_235b_a22b_2507__vs__grim_trigger__seed102,102,Qwen3-235B,Grim Trigger,47,0.0,0.0,4,4,0.0
qwen3_235b_a22b_2507__vs__grim_trigger__seed102,102,Qwen3-235B,Grim Trigger,48,0.0,0.0,4,4,0.0
qwen3_235b_a22b_2507__vs__grim_trigger__seed102,102,Qwen3-235B,Grim Trigger,49,0.0,0.0,4,4,0.0
qwen3_235b_a22b_2507__vs__grim_trigger__seed102,102,Qwen3-235B,Grim Trigger,50,0.0,0.0,4,4,0.0
qwen3_235b_a22b_2507__vs__grim_trigger__seed103,103,Qwen3-235B,Grim Trigger,1,0.0,0.0,4,4,0.0
qwen3_235b_a22b_2507__vs__grim_trigger__seed103,103,Qwen3-235B,Grim Trigger,2,0.0,0.0,4,4,0.0
qwen3_235b_a22b_2507__vs__grim_trigger__seed103,103,Qwen3-235B,Grim Trigger,3,0.0,0.0,4,4,0.0
qwen3_235b_a22b_2507__vs__grim_trigger__seed103,103,Qwen3-235B,Grim Trigger,4,0.0,0.0,4,4,0.0
qwen3_235b_a22b_2507__vs__grim_trigger__seed103,103,Qwen3-235B,Grim Trigger,5,0.0,0.0,4,4,0.0
qwen3_235b_a22b_2507__vs__grim_trigger__seed103,103,Qwen3-235B,Grim Trigger,6,0.0,0.0,4,4,0.0
qwen3_235b_a22b_2507__vs__grim_trigger__seed103,103,Qwen3-235B,Grim Trigger,7,0.0,0.0,4,4,0.0
qwen3_235b_a22b_2507__vs__grim_trigger__seed103,103,Qwen3-235B,Grim Trigger,8,0.0,0.0,4,4,0.0
qwen3_235b_a22b_2507__vs__grim_trigger__seed103,103,Qwen3-235B,Grim Trigger,9,0.0,0.0,4,4,0.0
qwen3_235b_a22b_2507__vs__grim_trigger__seed103,103,Qwen3-235B,Grim Trigger,10,0.0,0.0,4,4,0.0
qwen3_235b_a22b_2507__vs__grim_trigger__seed103,103,Qwen3-235B,Grim Trigger,11,0.0,0.0,4,4,0.0
qwen3_235b_a22b_2507__vs__grim_trigger__seed103,103,Qwen3-235B,Grim Trigger,12,0.0,0.0,4,4,0.0
qwen3_235b_a22b_2507__vs__grim_trigger__seed103,103,Qwen3-235B,Grim Trigger,13,0.0,0.0,4,4,0.0
qwen3_235b_a22b_2507__vs__grim_trigger__seed103,103,Qwen3-235B,Grim Trigger,14,0.0,0.0,4,4,0.0
qwen3_235b_a22b_2507__vs__grim_trigger__seed103,103,Qwen3-235B,Grim Trigger,15,0.0,0.0,4,4,0.0
qwen3_235b_a22b_2507__vs__grim_trigger__seed103,103,Qwen3-235B,Grim Trigger,16,0.0,0.0,4,4,0.0
qwen3_235b_a22b_2507__vs__grim_trigger__seed103,103,Qwen3-235B,Grim Trigger,17,0.0,0.0,4,4,0.0
qwen3_235b_a22b_2507__vs__grim_trigger__seed103,103,Qwen3-235B,Grim Trigger,18,0.0,0.0,4,4,0.0
qwen3_235b_a22b_2507__vs__grim_trigger__seed103,103,Qwen3-235B,Grim Trigger,19,0.0,0.0,4,4,0.0
qwen3_235b_a22b_2507__vs__grim_trigger__seed103,103,Qwen3-235B,Grim Trigger,20,0.0,0.0,4,4,0.0
qwen3_235b_a22b_2507__vs__grim_trigger__seed103,103,Qwen3-235B,Grim Trigger,21,0.0,0.0,4,4,0.0
qwen3_235b_a22b_2507__vs__grim_trigger__seed103,103,Qwen3-235B,Grim Trigger,22,0.0,0.0,4,4,0.0
qwen3_235b_a22b_2507__vs__grim_trigger__seed103,103,Qwen3-235B,Grim Trigger,23,0.0,0.0,4,4,0.0
qwen3_235b_a22b_2507__vs__grim_trigger__seed103,103,Qwen3-235B,Grim Trigger,24,0.0,0.0,4,4,0.0
qwen3_235b_a22b_2507__vs__grim_trigger__seed103,103,Qwen3-235B,Grim Trigger,25,0.0,0.0,4,4,0.0
qwen3_235b_a22b_2507__vs__grim_trigger__seed103,103,Qwen3-235B,Grim Trigger,26,0.0,0.0,4,4,0.0
qwen3_235b_a22b_2507__vs__grim_trigger__seed103,103,Qwen3-235B,Grim Trigger,27,0.0,0.0,4,4,0.0
qwen3_235b_a22b_2507__vs__grim_trigger__seed103,103,Qwen3-235B,Grim Trigger,28,0.0,0.0,4,4,0.0
qwen3_235b_a22b_2507__vs__grim_trigger__seed103,103,Qwen3-235B,Grim Trigger,29,0.0,0.0,4,4,0.0
qwen3_235b_a22b_2507__vs__grim_trigger__seed103,103,Qwen3-235B,Grim Trigger,30,0.0,0.0,4,4,0.0
qwen3_235b_a22b_2507__vs__grim_trigger__seed103,103,Qwen3-235B,Grim Trigger,31,0.0,0.0,4,4,0.0
qwen3_235b_a22b_2507__vs__grim_trigger__seed103,103,Qwen3-235B,Grim Trigger,32,0.0,0.0,4,4,0.0
qwen3_235b_a22b_2507__vs__grim_trigger__seed103,103,Qwen3-235B,Grim Trigger,33,0.0,0.0,4,4,0.0
qwen3_235b_a22b_2507__vs__grim_trigger__seed103,103,Qwen3-235B,Grim Trigger,34,0.0,0.0,4,4,0.0
qwen3_235b_a22b_2507__vs__grim_trigger__seed103,103,Qwen3-235B,Grim Trigger,35,0.0,0.0,4,4,0.0
qwen3_235b_a22b_2507__vs__grim_trigger__seed103,103,Qwen3-235B,Grim Trigger,36,0.0,0.0,4,4,0.0
qwen3_235b_a22b_2507__vs__grim_trigger__seed103,103,Qwen3-235B,Grim Trigger,37,0.0,0.0,4,4,0.0
qwen3_235b_a22b_2507__vs__grim_trigger__seed103,103,Qwen3-235B,Grim Trigger,38,0.0,0.0,4,4,0.0
qwen3_235b_a22b_2507__vs__grim_trigger__seed103,103,Qwen3-235B,Grim Trigger,39,0.0,0.0,4,4,0.0
qwen3_235b_a22b_2507__vs__grim_trigger__seed103,103,Qwen3-235B,Grim Trigger,40,0.0,0.0,4,4,0.0
qwen3_235b_a22b_2507__vs__grim_trigger__seed103,103,Qwen3-235B,Grim Trigger,41,0.0,0.0,4,4,0.0
qwen3_235b_a22b_2507__vs__grim_trigger__seed103,103,Qwen3-235B,Grim Trigger,42,0.0,0.0,4,4,0.0
qwen3_235b_a22b_2507__vs__grim_trigger__seed103,103,Qwen3-235B,Grim Trigger,43,0.0,0.0,4,4,0.0
qwen3_235b_a22b_2507__vs__grim_trigger__seed103,103,Qwen3-235B,Grim Trigger,44,0.0,0.0,4,4,0.0
qwen3_235b_a22b_2507__vs__grim_trigger__seed103,103,Qwen3-235B,Grim Trigger,45,0.0,0.0,4,4,0.0
qwen3_235b_a22b_2507__vs__grim_trigger__seed103,103,Qwen3-235B,Grim Trigger,46,0.0,0.0,4,4,0.0
qwen3_235b_a22b_2507__vs__grim_trigger__seed103,103,Qwen3-235B,Grim Trigger,47,0.0,0.0,4,4,0.0
qwen3_235b_a22b_2507__vs__grim_trigger__seed103,103,Qwen3-235B,Grim Trigger,48,0.0,0.0,4,4,0.0
qwen3_235b_a22b_2507__vs__grim_trigger__seed103,103,Qwen3-235B,Grim Trigger,49,0.0,0.0,4,4,0.0
qwen3_235b_a22b_2507__vs__grim_trigger__seed103,103,Qwen3-235B,Grim Trigger,50,0.0,0.0,4,4,0.0
qwen3_235b_a22b_2507__vs__grim_trigger__seed104,104,Qwen3-235B,Grim Trigger,1,0.0,0.0,4,4,0.0
qwen3_235b_a22b_2507__vs__grim_trigger__seed104,104,Qwen3-235B,Grim Trigger,2,0.0,0.0,4,4,0.0
qwen3_235b_a22b_2507__vs__grim_trigger__seed104,104,Qwen3-235B,Grim Trigger,3,0.0,0.0,4,4,0.0
qwen3_235b_a22b_2507__vs__grim_trigger__seed104,104,Qwen3-235B,Grim Trigger,4,0.0,0.0,4,4,0.0
qwen3_235b_a22b_2507__vs__grim_trigger__seed104,104,Qwen3-235B,Grim Trigger,5,0.0,0.0,4,4,0.0
qwen3_235b_a22b_2507__vs__grim_trigger__seed104,104,Qwen3-235B,Grim Trigger,6,0.0,0.0,4,4,0.0
qwen3_235b_a22b_2507__vs__grim_trigger__seed104,104,Qwen3-235B,Grim Trigger,7,0.0,0.0,4,4,0.0
qwen3_235b_a22b_2507__vs__grim_trigger__seed104,104,Qwen3-235B,Grim Trigger,8,0.0,0.0,4,4,0.0
qwen3_235b_a22b_2507__vs__grim_trigger__seed104,104,Qwen3-235B,Grim Trigger,9,0.0,0.0,4,4,0.0
qwen3_235b_a22b_2507__vs__grim_trigger__seed104,104,Qwen3-235B,Grim Trigger,10,0.0,0.0,4,4,0.0
qwen3_235b_a22b_2507__vs__grim_trigger__seed104,104,Qwen3-235B,Grim Trigger,11,0.0,0.0,4,4,0.0
qwen3_235b_a22b_2507__vs__grim_trigger__seed104,104,Qwen3-235B,Grim Trigger,12,0.0,0.0,4,4,0.0
qwen3_235b_a22b_2507__vs__grim_trigger__seed104,104,Qwen3-235B,Grim Trigger,13,0.0,0.0,4,4,0.0
qwen3_235b_a22b_2507__vs__grim_trigger__seed104,104,Qwen3-235B,Grim Trigger,14,0.0,0.0,4,4,0.0
qwen3_235b_a22b_2507__vs__grim_trigger__seed104,104,Qwen3-235B,Grim Trigger,15,0.0,0.0,4,4,0.0
qwen3_235b_a22b_2507__vs__grim_trigger__seed104,104,Qwen3-235B,Grim Trigger,16,0.0,0.0,4,4,0.0
qwen3_235b_a22b_2507__vs__grim_trigger__seed104,104,Qwen3-235B,Grim Trigger,17,0.0,0.0,4,4,0.0
qwen3_235b_a22b_2507__vs__grim_trigger__seed104,104,Qwen3-235B,Grim Trigger,18,0.0,0.0,4,4,0.0
qwen3_235b_a22b_2507__vs__grim_trigger__seed104,104,Qwen3-235B,Grim Trigger,19,0.0,0.0,4,4,0.0
qwen3_235b_a22b_2507__vs__grim_trigger__seed104,104,Qwen3-235B,Grim Trigger,20,0.0,0.0,4,4,0.0
qwen3_235b_a22b_2507__vs__grim_trigger__seed104,104,Qwen3-235B,Grim Trigger,21,0.0,0.0,4,4,0.0
qwen3_235b_a22b_2507__vs__grim_trigger__seed104,104,Qwen3-235B,Grim Trigger,22,0.0,0.0,4,4,0.0
qwen3_235b_a22b_2507__vs__grim_trigger__seed104,104,Qwen3-235B,Grim Trigger,23,0.0,0.0,4,4,0.0
qwen3_235b_a22b_2507__vs__grim_trigger__seed104,104,Qwen3-235B,Grim Trigger,24,0.0,0.0,4,4,0.0
qwen3_235b_a22b_2507__vs__grim_trigger__seed104,104,Qwen3-235B,Grim Trigger,25,0.0,0.0,4,4,0.0
qwen3_235b_a22b_2507__vs__grim_trigger__seed104,104,Qwen3-235B,Grim Trigger,26,0.0,0.0,4,4,0.0
qwen3_235b_a22b_2507__vs__grim_trigger__seed104,104,Qwen3-235B,Grim Trigger,27,0.0,0.0,4,4,0.0
qwen3_235b_a22b_2507__vs__grim_trigger__seed104,104,Qwen3-235B,Grim Trigger,28,0.0,0.0,4,4,0.0
qwen3_235b_a22b_2507__vs__grim_trigger__seed104,104,Qwen3-235B,Grim Trigger,29,0.0,0.0,4,4,0.0
qwen3_235b_a22b_2507__vs__grim_trigger__seed104,104,Qwen3-235B,Grim Trigger,30,0.0,0.0,4,4,0.0
qwen3_235b_a22b_2507__vs__grim_trigger__seed104,104,Qwen3-235B,Grim Trigger,31,0.0,0.0,4,4,0.0
qwen3_235b_a22b_2507__vs__grim_trigger__seed104,104,Qwen3-235B,Grim Trigger,32,0.0,0.0,4,4,0.0
qwen3_235b_a22b_2507__vs__grim_trigger__seed104,104,Qwen3-235B,Grim Trigger,33,0.0,0.0,4,4,0.0
qwen3_235b_a22b_2507__vs__grim_trigger__seed104,104,Qwen3-235B,Grim Trigger,34,0.0,0.0,4,4,0.0
qwen3_235b_a22b_2507__vs__grim_trigger__seed104,104,Qwen3-235B,Grim Trigger,35,0.0,0.0,4,4,0.0
qwen3_235b_a22b_2507__vs__grim_trigger__seed104,104,Qwen3-235B,Grim Trigger,36,0.0,0.0,4,4,0.0
qwen3_235b_a22b_2507__vs__grim_trigger__seed104,104,Qwen3-235B,Grim Trigger,37,0.0,0.0,4,4,0.0
qwen3_235b_a22b_2507__vs__grim_trigger__seed104,104,Qwen3-235B,Grim Trigger,38,0.0,0.0,4,4,0.0
qwen3_235b_a22b_2507__vs__grim_trigger__seed104,104,Qwen3-235B,Grim Trigger,39,0.0,0.0,4,4,0.0
qwen3_235b_a22b_2507__vs__grim_trigger__seed104,104,Qwen3-235B,Grim Trigger,40,0.0,0.0,4,4,0.0
qwen3_235b_a22b_2507__vs__grim_trigger__seed104,104,Qwen3-235B,Grim Trigger,41,0.0,0.0,4,4,0.0
qwen3_235b_a22b_2507__vs__grim_trigger__seed104,104,Qwen3-235B,Grim Trigger,42,0.0,0.0,4,4,0.0
qwen3_235b_a22b_2507__vs__grim_trigger__seed104,104,Qwen3-235B,Grim Trigger,43,0.0,0.0,4,4,0.0
qwen3_235b_a22b_2507__vs__grim_trigger__seed104,104,Qwen3-235B,Grim Trigger,44,0.0,0.0,4,4,0.0
qwen3_235b_a22b_2507__vs__grim_trigger__seed104,104,Qwen3-235B,Grim Trigger,45,0.0,0.0,4,4,0.0
qwen3_235b_a22b_2507__vs__grim_trigger__seed104,104,Qwen3-235B,Grim Trigger,46,0.0,0.0,4,4,0.0
qwen3_235b_a22b_2507__vs__grim_trigger__seed104,104,Qwen3-235B,Grim Trigger,47,0.0,0.0,4,4,0.0
qwen3_235b_a22b_2507__vs__grim_trigger__seed104,104,Qwen3-235B,Grim Trigger,48,0.0,0.0,4,4,0.0
qwen3_235b_a22b_2507__vs__grim_trigger__seed104,104,Qwen3-235B,Grim Trigger,49,0.0,0.0,4,4,0.0
qwen3_235b_a22b_2507__vs__grim_trigger__seed104,104,Qwen3-235B,Grim Trigger,50,0.0,0.0,4,4,0.0
qwen3_235b_a22b_2507__vs__grim_trigger__seed105,105,Qwen3-235B,Grim Trigger,1,0.0,0.0,4,4,0.0
qwen3_235b_a22b_2507__vs__grim_trigger__seed105,105,Qwen3-235B,Grim Trigger,2,0.0,0.0,4,4,0.0
qwen3_235b_a22b_2507__vs__grim_trigger__seed105,105,Qwen3-235B,Grim Trigger,3,0.0,0.0,4,4,0.0
qwen3_235b_a22b_2507__vs__grim_trigger__seed105,105,Qwen3-235B,Grim Trigger,4,0.0,0.0,4,4,0.0
qwen3_235b_a22b_2507__vs__grim_trigger__seed105,105,Qwen3-235B,Grim Trigger,5,0.0,0.0,4,4,0.0
qwen3_235b_a22b_2507__vs__grim_trigger__seed105,105,Qwen3-235B,Grim Trigger,6,0.0,0.0,4,4,0.0
qwen3_235b_a22b_2507__vs__grim_trigger__seed105,105,Qwen3-235B,Grim Trigger,7,0.0,0.0,4,4,0.0
qwen3_235b_a22b_2507__vs__grim_trigger__seed105,105,Qwen3-235B,Grim Trigger,8,0.0,0.0,4,4,0.0
qwen3_235b_a22b_2507__vs__grim_trigger__seed105,105,Qwen3-235B,Grim Trigger,9,0.0,0.0,4,4,0.0
qwen3_235b_a22b_2507__vs__grim_trigger__seed105,105,Qwen3-235B,Grim Trigger,10,0.0,0.0,4,4,0.0
qwen3_235b_a22b_2507__vs__grim_trigger__seed105,105,Qwen3-235B,Grim Trigger,11,0.0,0.0,4,4,0.0
qwen3_235b_a22b_2507__vs__grim_trigger__seed105,105,Qwen3-235B,Grim Trigger,12,0.0,0.0,4,4,0.0
qwen3_235b_a22b_2507__vs__grim_trigger__seed105,105,Qwen3-235B,Grim Trigger,13,0.0,0.0,4,4,0.0
qwen3_235b_a22b_2507__vs__grim_trigger__seed105,105,Qwen3-235B,Grim Trigger,14,0.0,0.0,4,4,0.0
qwen3_235b_a22b_2507__vs__grim_trigger__seed105,105,Qwen3-235B,Grim Trigger,15,0.0,0.0,4,4,0.0
qwen3_235b_a22b_2507__vs__grim_trigger__seed105,105,Qwen3-235B,Grim Trigger,16,0.0,0.0,4,4,0.0
qwen3_235b_a22b_2507__vs__grim_trigger__seed105,105,Qwen3-235B,Grim Trigger,17,0.0,0.0,4,4,0.0
qwen3_235b_a22b_2507__vs__grim_trigger__seed105,105,Qwen3-235B,Grim Trigger,18,0.0,0.0,4,4,0.0
qwen3_235b_a22b_2507__vs__grim_trigger__seed105,105,Qwen3-235B,Grim Trigger,19,0.0,0.0,4,4,0.0
qwen3_235b_a22b_2507__vs__grim_trigger__seed105,105,Qwen3-235B,Grim Trigger,20,0.0,0.0,4,4,0.0
qwen3_235b_a22b_2507__vs__grim_trigger__seed105,105,Qwen3-235B,Grim Trigger,21,0.0,0.0,4,4,0.0
qwen3_235b_a22b_2507__vs__grim_trigger__seed105,105,Qwen3-235B,Grim Trigger,22,0.0,0.0,4,4,0.0
qwen3_235b_a22b_2507__vs__grim_trigger__seed105,105,Qwen3-235B,Grim Trigger,23,0.0,0.0,4,4,0.0
qwen3_235b_a22b_2507__vs__grim_trigger__seed105,105,Qwen3-235B,Grim Trigger,24,0.0,0.0,4,4,0.0
qwen3_235b_a22b_2507__vs__grim_trigger__seed105,105,Qwen3-235B,Grim Trigger,25,0.0,0.0,4,4,0.0
qwen3_235b_a22b_2507__vs__grim_trigger__seed105,105,Qwen3-235B,Grim Trigger,26,0.0,0.0,4,4,0.0
qwen3_235b_a22b_2507__vs__grim_trigger__seed105,105,Qwen3-235B,Grim Trigger,27,0.0,0.0,4,4,0.0
qwen3_235b_a22b_2507__vs__grim_trigger__seed105,105,Qwen3-235B,Grim Trigger,28,0.0,0.0,4,4,0.0
qwen3_235b_a22b_2507__vs__grim_trigger__seed105,105,Qwen3-235B,Grim Trigger,29,0.0,0.0,4,4,0.0
qwen3_235b_a22b_2507__vs__grim_trigger__seed105,105,Qwen3-235B,Grim Trigger,30,0.0,0.0,4,4,0.0
qwen3_235b_a22b_2507__vs__grim_trigger__seed105,105,Qwen3-235B,Grim Trigger,31,0.0,0.0,4,4,0.0
qwen3_235b_a22b_2507__vs__grim_trigger__seed105,105,Qwen3-235B,Grim Trigger,32,0.0,0.0,4,4,0.0
qwen3_235b_a22b_2507__vs__grim_trigger__seed105,105,Qwen3-235B,Grim Trigger,33,0.0,0.0,4,4,0.0
qwen3_235b_a22b_2507__vs__grim_trigger__seed105,105,Qwen3-235B,Grim Trigger,34,0.0,0.0,4,4,0.0
qwen3_235b_a22b_2507__vs__grim_trigger__seed105,105,Qwen3-235B,Grim Trigger,35,0.0,0.0,4,4,0.0
qwen3_235b_a22b_2507__vs__grim_trigger__seed105,105,Qwen3-235B,Grim Trigger,36,0.0,0.0,4,4,0.0
qwen3_235b_a22b_2507__vs__grim_trigger__seed105,105,Qwen3-235B,Grim Trigger,37,0.0,0.0,4,4,0.0
qwen3_235b_a22b_2507__vs__grim_trigger__seed105,105,Qwen3-235B,Grim Trigger,38,0.0,0.0,4,4,0.0
qwen3_235b_a22b_2507__vs__grim_trigger__seed105,105,Qwen3-235B,Grim Trigger,39,0.0,0.0,4,4,0.0
qwen3_235b_a22b_2507__vs__grim_trigger__seed105,105,Qwen3-235B,Grim Trigger,40,0.0,0.0,4,4,0.0
qwen3_235b_a22b_2507__vs__grim_trigger__seed105,105,Qwen3-235B,Grim Trigger,41,0.0,0.0,4,4,0.0
qwen3_235b_a22b_2507__vs__grim_trigger__seed105,105,Qwen3-235B,Grim Trigger,42,0.0,0.0,4,4,0.0
qwen3_235b_a22b_2507__vs__grim_trigger__seed105,105,Qwen3-235B,Grim Trigger,43,0.0,0.0,4,4,0.0
qwen3_235b_a22b_2507__vs__grim_trigger__seed105,105,Qwen3-235B,Grim Trigger,44,0.0,0.0,4,4,0.0
qwen3_235b_a22b_2507__vs__grim_trigger__seed105,105,Qwen3-235B,Grim Trigger,45,0.0,0.0,4,4,0.0
qwen3_235b_a22b_2507__vs__grim_trigger__seed105,105,Qwen3-235B,Grim Trigger,46,0.0,0.0,4,4,0.0
qwen3_235b_a22b_2507__vs__grim_trigger__seed105,105,Qwen3-235B,Grim Trigger,47,0.0,0.0,4,4,0.0
qwen3_235b_a22b_2507__vs__grim_trigger__seed105,105,Qwen3-235B,Grim Trigger,48,0.0,0.0,4,4,0.0
qwen3_235b_a22b_2507__vs__grim_trigger__seed105,105,Qwen3-235B,Grim Trigger,49,0.0,0.0,4,4,0.0
qwen3_235b_a22b_2507__vs__grim_trigger__seed105,105,Qwen3-235B,Grim Trigger,50,0.0,0.0,4,4,0.0
qwen3_235b_a22b_2507__vs__random_uniform__seed101,101,Qwen3-235B,Random,1,0.0,0.0,4,4,0.0
qwen3_235b_a22b_2507__vs__random_uniform__seed101,101,Qwen3-235B,Random,2,0.0,0.5,4,2,5.90375
qwen3_235b_a22b_2507__vs__random_uniform__seed101,101,Qwen3-235B,Random,3,0.0,0.5,4,2,5.829375
qwen3_235b_a22b_2507__vs__random_uniform__seed101,101,Qwen3-235B,Random,4,0.0,1.0,4,0,11.524583333333332
qwen3_235b_a22b_2507__vs__random_uniform__seed101,101,Qwen3-235B,Random,5,0.0,1.0,4,0,11.419583333333332
qwen3_235b_a22b_2507__vs__random_uniform__seed101,101,Qwen3-235B,Random,6,0.0,0.75,4,1,8.499062499999999
qwen3_235b_a22b_2507__vs__random_uniform__seed101,101,Qwen3-235B,Random,7,0.0,0.75,4,1,8.436718749999997
qwen3_235b_a22b_2507__vs__random_uniform__seed101,101,Qwen3-235B,Random,8,0.0,0.5,4,2,5.584479166666665
qwen3_235b_a22b_2507__vs__random_uniform__seed101,101,Qwen3-235B,Random,9,0.0,0.0,4,4,0.0
qwen3_235b_a22b_2507__vs__random_uniform__seed101,101,Qwen3-235B,Random,10,0.0,0.75,4,1,8.252031249999996
qwen3_235b_a22b_2507__vs__random_uniform__seed101,101,Qwen3-235B,Random,11,0.0,0.5,4,2,5.462526041666664
qwen3_235b_a22b_2507__vs__random_uniform__seed101,101,Qwen3-235B,Random,12,0.0,0.0,4,4,0.0
qwen3_235b_a22b_2507__vs__random_uniform__seed101,101,Qwen3-235B,Random,13,0.0,1.0,4,0,10.747864583333328
qwen3_235b_a22b_2507__vs__random_uniform__seed101,101,Qwen3-235B,Random,14,0.0,0.5,4,2,5.324166666666664
qwen3_235b_a22b_2507__vs__random_uniform__seed101,101,Qwen3-235B,Random,15,0.0,0.75,4,1,7.907499999999995
qwen3_235b_a22b_2507__vs__random_uniform__seed101,101,Qwen3-235B,Random,16,0.0,1.0,4,0,10.438333333333327
qwen3_235b_a22b_2507__vs__random_uniform__seed101,101,Qwen3-235B,Random,17,1.0,0.25,0,3,-5.413932291666669
qwen3_235b_a22b_2507__vs__random_uniform__seed101,101,Qwen3-235B,Random,18,0.0,0.75,4,1,7.704062499999996
qwen3_235b_a22b_2507__vs__random_uniform__seed101,101,Qwen3-235B,Random,19,0.75,0.5,1,2,-0.9000520833333363
qwen3_235b_a22b_2507__vs__random_uniform__seed101,101,Qwen3-235B,Random,20,0.75,0.5,1,2,-0.617382336455842
qwen3_235b_a22b_2507__vs__random_uniform__seed101,101,Qwen3-235B,Random,21,0.75,1.0,1,0,5.284334067710882
qwen3_235b_a22b_2507__vs__random_uniform__seed101,101,Qwen3-235B,Random,22,0.75,0.0,1,4,-6.0
qwen3_235b_a22b_2507__vs__random_uniform__seed101,101,Qwen3-235B,Random,23,0.0,1.0,4,0,10.097083333333327
qwen3_235b_a22b_2507__vs__random_uniform__seed101,101,Qwen3-235B,Random,24,1.0,0.0,0,4,-8.0
qwen3_235b_a22b_2507__vs__random_uniform__seed101,101,Qwen3-235B,Random,25,0.0,0.25,4,3,2.5237239583333313
qwen3_235b_a22b_2507__vs__random_uniform__seed101,101,Qwen3-235B,Random,26,0.0,0.75,4,1,7.558046874999993
qwen3_235b_a22b_2507__vs__random_uniform__seed101,101,Qwen3-235B,Random,27,0.0,1.0,4,0,10.059895833333325
qwen3_235b_a22b_2507__vs__random_uniform__seed101,101,Qwen3-235B,Random,28,0.0,1.0,4,0,10.036927083333325
qwen3_235b_a22b_2507__vs__random_uniform__seed101,101,Qwen3-235B,Random,29,0.0,1.0,4,0,10.008489583333324
qwen3_235b_a22b_2507__vs__random_uniform__seed101,101,Qwen3-235B,Random,30,0.0,0.25,4,3,2.490911458333331
qwen3_235b_a22b_2507__vs__random_uniform__seed101,101,Qwen3-235B,Random,31,0.0,1.0,4,0,9.907864583333323
qwen3_235b_a22b_2507__vs__random_uniform__seed101,101,Qwen3-235B,Random,32,0.0,0.75,4,1,7.389062499999992
qwen3_235b_a22b_2507__vs__random_uniform__seed101,101,Qwen3-235B,Random,33,0.0,1.0,4,0,9.790833333333323
qwen3_235b_a22b_2507__vs__random_uniform__seed101,101,Qwen3-235B,Random,34,0.0,0.25,4,3,2.4364973958333307
qwen3_235b_a22b_2507__vs__random_uniform__seed101,101,Qwen3-235B,Random,35,0.0,0.25,4,3,2.4225520833333305
qwen3_235b_a22b_2507__vs__random_uniform__seed101,101,Qwen3-235B,Random,36,0.0,0.25,4,3,2.4045052083333305
qwen3_235b_a22b_2507__vs__random_uniform__seed101,101,Qwen3-235B,Random,37,0.0,0.5,4,2,4.764713541666661
qwen3_235b_a22b_2507__vs__random_uniform__seed101,101,Qwen3-235B,Random,38,0.0,1.0,4,0,9.429895833333322
qwen3_235b_a22b_2507__vs__random_uniform__seed101,101,Qwen3-235B,Random,39,0.0,1.0,4,0,9.346770833333322
qwen3_235b_a22b_2507__vs__random_uniform__seed101,101,Qwen3-235B,Random,40,0.0,0.25,4,3,2.3159114583333302
qwen3_235b_a22b_2507__vs__random_uniform__seed101,101,Qwen3-235B,Random,41,0.0,1.0,4,0,9.169583333333321
qwen3_235b_a22b_2507__vs__random_uniform__seed101,101,Qwen3-235B,Random,42,0.0,0.5,4,2,4.537760416666661
qwen3_235b_a22b_2507__vs__random_uniform__seed101,101,Qwen3-235B,Random,43,0.0,0.0,4,4,0.0
qwen3_235b_a22b_2507__vs__random_uniform__seed101,101,Qwen3-235B,Random,44,0.0,0.5,4,2,4.5
qwen3_235b_a22b_2507__vs__random_uniform__seed101,101,Qwen3-235B,Random,45,0.0,0.75,4,1,6.75
qwen3_235b_a22b_2507__vs__random_uniform__seed101,101,Qwen3-235B,Random,46,0.0,0.5,4,2,4.5
qwen3_235b_a22b_2507__vs__random_uniform__seed101,101,Qwen3-235B,Random,47,0.0,0.75,4,1,6.75
qwen3_235b_a22b_2507__vs__random_uniform__seed101,101,Qwen3-235B,Random,48,0.0,0.75,4,1,6.75
qwen3_235b_a22b_2507__vs__random_uniform__seed101,101,Qwen3-235B,Random,49,0.0,0.25,4,3,2.25
qwen3_235b_a22b_2507__vs__random_uniform__seed101,101,Qwen3-235B,Random,50,0.0,0.25,4,3,2.25
qwen3_235b_a22b_2507__vs__random_uniform__seed102,102,Qwen3-235B,Random,1,0.0,0.75,4,1,9.0
qwen3_235b_a22b_2507__vs__random_uniform__seed102,102,Qwen3-235B,Random,2,0.0,0.75,4,1,8.954062500000001
qwen3_235b_a22b_2507__vs__random_uniform__seed102,102,Qwen3-235B,Random,3,0.0,0.75,4,1,8.908125000000002
qwen3_235b_a22b_2507__vs__random_uniform__seed102,102,Qwen3-235B,Random,4,0.0,0.5,4,2,5.908125000000001
qwen3_235b_a22b_2507__vs__random_uniform__seed102,102,Qwen3-235B,Random,5,0.0,0.75,4,1,8.816250000000002
qwen3_235b_a22b_2507__vs__random_uniform__seed102,102,Qwen3-235B,Random,6,0.0,0.75,4,1,8.770312500000003
qwen3_235b_a22b_2507__vs__random_uniform__seed102,102,Qwen3-235B,Random,7,0.0,1.0,4,0,11.632500000000004
qwen3_235b_a22b_2507__vs__random_uniform__seed102,102,Qwen3-235B,Random,8,0.0,1.0,4,0,11.577500000000004
qwen3_235b_a22b_2507__vs__random_uniform__seed102,102,Qwen3-235B,Random,9,0.0,0.0,4,4,0.0
qwen3_235b_a22b_2507__vs__random_uniform__seed102,102,Qwen3-235B,Random,10,0.0,0.0,4,4,0.0
qwen3_235b_a22b_2507__vs__random_uniform__seed102,102,Qwen3-235B,Random,11,0.0,1.0,4,0,11.377343750000003
qwen3_235b_a22b_2507__vs__random_uniform__seed102,102,Qwen3-235B,Random,12,0.0,0.75,4,1,8.474765625000002
qwen3_235b_a22b_2507__vs__random_uniform__seed102,102,Qwen3-235B,Random,13,0.0,0.75,4,1,8.416523437500002
qwen3_235b_a22b_2507__vs__random_uniform__seed102,102,Qwen3-235B,Random,14,0.0,0.25,4,3,2.7860937500000005
qwen3_235b_a22b_2507__vs__random_uniform__seed102,102,Qwen3-235B,Random,15,0.0,0.0,4,4,0.0
qwen3_235b_a22b_2507__vs__random_uniform__seed102,102,Qwen3-235B,Random,16,0.0,0.75,4,1,8.208984375000002
qwen3_235b_a22b_2507__vs__random_uniform__seed102,102,Qwen3-235B,Random,17,0.0,0.0,4,4,0.0
qwen3_235b_a22b_2507__vs__random_uniform__seed102,102,Qwen3-235B,Random,18,0.0,0.25,4,3,2.6783593750000008
qwen3_235b_a22b_2507__vs__random_uniform__seed102,102,Qwen3-235B,Random,19,0.0,0.0,4,4,0.0
qwen3_235b_a22b_2507__vs__random_uniform__seed102,102,Qwen3-235B,Random,20,0.0,0.75,4,1,7.852968750000001
qwen3_235b_a22b_2507__vs__random_uniform__seed102,102,Qwen3-235B,Random,21,0.0,0.75,4,1,7.753710937500001
qwen3_235b_a22b_2507__vs__random_uniform__seed102,102,Qwen3-235B,Random,22,0.0,0.5,4,2,5.1029687500000005
qwen3_235b_a22b_2507__vs__random_uniform__seed102,102,Qwen3-235B,Random,23,0.0,0.0,4,4,0.0
qwen3_235b_a22b_2507__vs__random_uniform__seed102,102,Qwen3-235B,Random,24,0.0,0.25,4,3,2.488046875
qwen3_235b_a22b_2507__vs__random_uniform__seed102,102,Qwen3-235B,Random,25,0.0,1.0,4,0,9.814375
qwen3_235b_a22b_2507__vs__random_uniform__seed102,102,Qwen3-235B,Random,26,0.0,0.0,4,4,0.0
qwen3_235b_a22b_2507__vs__random_uniform__seed102,102,Qwen3-235B,Random,27,0.0,0.75,4,1,7.182773437500001
qwen3_235b_a22b_2507__vs__random_uniform__seed102,102,Qwen3-235B,Random,28,0.0,0.25,4,3,2.3680078125
qwen3_235b_a22b_2507__vs__random_uniform__seed102,102,Qwen3-235B,Random,29,0.0,0.25,4,3,2.3390234375000003
qwen3_235b_a22b_2507__vs__random_uniform__seed102,102,Qwen3-235B,Random,30,0.0,0.25,4,3,2.3073046875000003
qwen3_235b_a22b_2507__vs__random_uniform__seed102,102,Qwen3-235B,Random,31,0.0,0.75,4,1,6.8226562500000005
qwen3_235b_a22b_2507__vs__random_uniform__seed102,102,Qwen3-235B,Random,32,0.0,0.25,4,3,2.25
qwen3_235b_a22b_2507__vs__random_uniform__seed102,102,Qwen3-235B,Random,33,0.0,0.0,4,4,0.0
qwen3_235b_a22b_2507__vs__random_uniform__seed102,102,Qwen3-235B,Random,34,0.0,0.75,4,1,6.75
qwen3_235b_a22b_2507__vs__random_uniform__seed102,102,Qwen3-235B,Random,35,0.0,1.0,4,0,9.0
qwen3_235b_a22b_2507__vs__random_uniform__seed102,102,Qwen3-235B,Random,36,0.0,0.75,4,1,6.75
qwen3_235b_a22b_2507__vs__random_uniform__seed102,102,Qwen3-235B,Random,37,0.0,0.0,4,4,0.0
qwen3_235b_a22b_2507__vs__random_uniform__seed102,102,Qwen3-235B,Random,38,0.0,0.5,4,2,4.5
qwen3_235b_a22b_2507__vs__random_uniform__seed102,102,Qwen3-235B,Random,39,0.0,1.0,4,0,9.0
qwen3_235b_a22b_2507__vs__random_uniform__seed102,102,Qwen3-235B,Random,40,0.0,0.0,4,4,0.0
qwen3_235b_a22b_2507__vs__random_uniform__seed102,102,Qwen3-235B,Random,41,0.0,0.0,4,4,0.0
qwen3_235b_a22b_2507__vs__random_uniform__seed102,102,Qwen3-235B,Random,42,0.0,0.25,4,3,2.25
qwen3_235b_a22b_2507__vs__random_uniform__seed102,102,Qwen3-235B,Random,43,0.0,0.0,4,4,0.0
qwen3_235b_a22b_2507__vs__random_uniform__seed102,102,Qwen3-235B,Random,44,0.0,1.0,4,0,9.0
qwen3_235b_a22b_2507__vs__random_uniform__seed102,102,Qwen3-235B,Random,45,0.0,1.0,4,0,9.0
qwen3_235b_a22b_2507__vs__random_uniform__seed102,102,Qwen3-235B,Random,46,0.0,0.0,4,4,0.0
qwen3_235b_a22b_2507__vs__random_uniform__seed102,102,Qwen3-235B,Random,47,0.0,0.25,4,3,2.25
qwen3_235b_a22b_2507__vs__random_uniform__seed102,102,Qwen3-235B,Random,48,0.0,0.0,4,4,0.0
qwen3_235b_a22b_2507__vs__random_uniform__seed102,102,Qwen3-235B,Random,49,0.0,0.5,4,2,4.5
qwen3_235b_a22b_2507__vs__random_uniform__seed102,102,Qwen3-235B,Random,50,0.0,0.5,4,2,4.5
qwen3_235b_a22b_2507__vs__random_uniform__seed103,103,Qwen3-235B,Random,1,0.0,1.0,4,0,12.0
qwen3_235b_a22b_2507__vs__random_uniform__seed103,103,Qwen3-235B,Random,2,0.0,0.0,4,4,0.0
qwen3_235b_a22b_2507__vs__random_uniform__seed103,103,Qwen3-235B,Random,3,0.0,0.0,4,4,0.0
qwen3_235b_a22b_2507__vs__random_uniform__seed103,103,Qwen3-235B,Random,4,0.0,0.5,4,2,5.871666666666666
qwen3_235b_a22b_2507__vs__random_uniform__seed103,103,Qwen3-235B,Random,5,0.0,1.0,4,0,11.616458333333332
qwen3_235b_a22b_2507__vs__random_uniform__seed103,103,Qwen3-235B,Random,6,0.0,0.0,4,4,0.0
qwen3_235b_a22b_2507__vs__random_uniform__seed103,103,Qwen3-235B,Random,7,0.0,0.75,4,1,8.54390625
qwen3_235b_a22b_2507__vs__random_uniform__seed103,103,Qwen3-235B,Random,8,0.0,1.0,4,0,11.280624999999999
qwen3_235b_a22b_2507__vs__random_uniform__seed103,103,Qwen3-235B,Random,9,0.0,0.5,4,2,5.944461390150068
qwen3_235b_a22b_2507__vs__random_uniform__seed103,103,Qwen3-235B,Random,10,0.0,1.0,4,0,11.114374999999999
qwen3_235b_a22b_2507__vs__random_uniform__seed103,103,Qwen3-235B,Random,11,0.0,0.75,4,1,8.285742187499999
qwen3_235b_a22b_2507__vs__random_uniform__seed103,103,Qwen3-235B,Random,12,0.0,0.25,4,3,2.7493359374999997
qwen3_235b_a22b_2507__vs__random_uniform__seed103,103,Qwen3-235B,Random,13,0.0,0.75,4,1,8.206171874999999
qwen3_235b_a22b_2507__vs__random_uniform__seed103,103,Qwen3-235B,Random,14,0.0,0.75,4,1,8.160234374999998
qwen3_235b_a22b_2507__vs__random_uniform__seed103,103,Qwen3-235B,Random,15,0.0,0.25,4,3,2.7088671874999997
qwen3_235b_a22b_2507__vs__random_uniform__seed103,103,Qwen3-235B,Random,16,0.0,0.75,4,1,8.084765625
qwen3_235b_a22b_2507__vs__random_uniform__seed103,103,Qwen3-235B,Random,17,0.0,1.0,4,0,10.696562499999997
qwen3_235b_a22b_2507__vs__random_uniform__seed103,103,Qwen3-235B,Random,18,0.0,0.0,4,4,0.0
qwen3_235b_a22b_2507__vs__random_uniform__seed103,103,Qwen3-235B,Random,19,0.0,0.5,4,2,5.265156249999999
qwen3_235b_a22b_2507__vs__random_uniform__seed103,103,Qwen3-235B,Random,20,0.0,0.25,4,3,2.6076953124999993
qwen3_235b_a22b_2507__vs__random_uniform__seed103,103,Qwen3-235B,Random,21,0.0,0.5,4,2,5.165624999999999
qwen3_235b_a22b_2507__vs__random_uniform__seed103,103,Qwen3-235B,Random,22,0.0,0.25,4,3,2.717452666763186
qwen3_235b_a22b_2507__vs__random_uniform__seed103,103,Qwen3-235B,Random,23,0.0,0.75,4,1,7.607343749999998
qwen3_235b_a22b_2507__vs__random_uniform__seed103,103,Qwen3-235B,Random,24,0.0,0.5,4,2,5.027265624999999
qwen3_235b_a22b_2507__vs__random_uniform__seed103,103,Qwen3-235B,Random,25,0.0,0.25,4,3,2.4901171874999997
qwen3_235b_a22b_2507__vs__random_uniform__seed103,103,Qwen3-235B,Random,26,0.0,0.0,4,4,0.0
qwen3_235b_a22b_2507__vs__random_uniform__seed103,103,Qwen3-235B,Random,27,0.0,1.0,4,0,9.739531249999997
qwen3_235b_a22b_2507__vs__random_uniform__seed103,103,Qwen3-235B,Random,28,0.0,0.0,4,4,0.0
qwen3_235b_a22b_2507__vs__random_uniform__seed103,103,Qwen3-235B,Random,29,0.0,0.0,4,4,0.0
qwen3_235b_a22b_2507__vs__random_uniform__seed103,103,Qwen3-235B,Random,30,0.0,0.5,4,2,4.704062499999998
qwen3_235b_a22b_2507__vs__random_uniform__seed103,103,Qwen3-235B,Random,31,0.5,0.0,2,4,-4.0
qwen3_235b_a22b_2507__vs__random_uniform__seed103,103,Qwen3-235B,Random,32,0.0,0.5,4,2,4.579921874999998
qwen3_235b_a22b_2507__vs__random_uniform__seed103,103,Qwen3-235B,Random,33,0.0,0.5,4,2,4.516484374999998
qwen3_235b_a22b_2507__vs__random_uniform__seed103,103,Qwen3-235B,Random,34,0.0,0.25,4,3,2.25
qwen3_235b_a22b_2507__vs__random_uniform__seed103,103,Qwen3-235B,Random,35,0.0,0.5,4,2,4.5
qwen3_235b_a22b_2507__vs__random_uniform__seed103,103,Qwen3-235B,Random,36,0.0,0.5,4,2,4.5
qwen3_235b_a22b_2507__vs__random_uniform__seed103,103,Qwen3-235B,Random,37,0.0,0.0,4,4,0.0
qwen3_235b_a22b_2507__vs__random_uniform__seed103,103,Qwen3-235B,Random,38,0.0,0.25,4,3,2.25
qwen3_235b_a22b_2507__vs__random_uniform__seed103,103,Qwen3-235B,Random,39,0.0,0.0,4,4,0.0
qwen3_235b_a22b_2507__vs__random_uniform__seed103,103,Qwen3-235B,Random,40,0.0,1.0,4,0,9.0
qwen3_235b_a22b_2507__vs__random_uniform__seed103,103,Qwen3-235B,Random,41,0.0,0.0,4,4,0.0
qwen3_235b_a22b_2507__vs__random_uniform__seed103,103,Qwen3-235B,Random,42,0.0,0.5,4,2,4.5
qwen3_235b_a22b_2507__vs__random_uniform__seed103,103,Qwen3-235B,Random,43,0.5,0.75,2,1,2.75
qwen3_235b_a22b_2507__vs__random_uniform__seed103,103,Qwen3-235B,Random,44,0.0,0.0,4,4,0.0
qwen3_235b_a22b_2507__vs__random_uniform__seed103,103,Qwen3-235B,Random,45,0.0,1.0,4,0,9.0
qwen3_235b_a22b_2507__vs__random_uniform__seed103,103,Qwen3-235B,Random,46,1.0,0.75,0,1,-0.8366997571937418
qwen3_235b_a22b_2507__vs__random_uniform__seed103,103,Qwen3-235B,Random,47,0.75,0.5,1,2,-0.9801181980824891
qwen3_235b_a22b_2507__vs__random_uniform__seed103,103,Qwen3-235B,Random,48,0.0,0.0,4,4,0.0
qwen3_235b_a22b_2507__vs__random_uniform__seed103,103,Qwen3-235B,Random,49,0.0,0.25,4,3,2.25
qwen3_235b_a22b_2507__vs__random_uniform__seed103,103,Qwen3-235B,Random,50,0.0,1.0,4,0,9.0
qwen3_235b_a22b_2507__vs__random_uniform__seed104,104,Qwen3-235B,Random,1,1.0,0.75,0,1,1.0
qwen3_235b_a22b_2507__vs__random_uniform__seed104,104,Qwen3-235B,Random,2,0.75,0.75,1,1,3.6416031462549245
qwen3_235b_a22b_2507__vs__random_uniform__seed104,104,Qwen3-235B,Random,3,0.75,1.0,1,0,7.591329978691661
qwen3_235b_a22b_2507__vs__random_uniform__seed104,104,Qwen3-235B,Random,4,0.75,0.25,1,3,-2.454352465431662
qwen3_235b_a22b_2507__vs__random_uniform__seed104,104,Qwen3-235B,Random,5,0.75,1.0,1,0,6.276354166666666
qwen3_235b_a22b_2507__vs__random_uniform__seed104,104,Qwen3-235B,Random,6,0.75,0.75,1,1,3.8128093384006974
qwen3_235b_a22b_2507__vs__random_uniform__seed104,104,Qwen3-235B,Random,7,0.75,0.75,1,1,4.361262631044633
qwen3_235b_a22b_2507__vs__random_uniform__seed104,104,Qwen3-235B,Random,8,0.75,1.0,1,0,8.417365260991923
qwen3_235b_a22b_2507__vs__random_uniform__seed104,104,Qwen3-235B,Random,9,0.75,0.25,1,3,-2.2781290679614132
qwen3_235b_a22b_2507__vs__random_uniform__seed104,104,Qwen3-235B,Random,10,0.75,0.0,1,4,-6.0
qwen3_235b_a22b_2507__vs__random_uniform__seed104,104,Qwen3-235B,Random,11,0.75,0.0,1,4,-6.0
qwen3_235b_a22b_2507__vs__random_uniform__seed104,104,Qwen3-235B,Random,12,0.75,0.75,1,1,3.4387890624999997
qwen3_235b_a22b_2507__vs__random_uniform__seed104,104,Qwen3-235B,Random,13,0.75,0.0,1,4,-6.0
qwen3_235b_a22b_2507__vs__random_uniform__seed104,104,Qwen3-235B,Random,14,0.75,0.0,1,4,-6.0
qwen3_235b_a22b_2507__vs__random_uniform__seed104,104,Qwen3-235B,Random,15,0.75,0.0,1,4,-6.0
qwen3_235b_a22b_2507__vs__random_uniform__seed104,104,Qwen3-235B,Random,16,0.75,0.75,1,1,3.414999999999999
qwen3_235b_a22b_2507__vs__random_uniform__seed104,104,Qwen3-235B,Random,17,0.75,0.5,1,2,0.640091908713635
qwen3_235b_a22b_2507__vs__random_uniform__seed104,104,Qwen3-235B,Random,18,0.75,0.75,1,1,4.441397723351287
qwen3_235b_a22b_2507__vs__random_uniform__seed104,104,Qwen3-235B,Random,19,0.75,0.75,1,1,3.3469140625
qwen3_235b_a22b_2507__vs__random_uniform__seed104,104,Qwen3-235B,Random,20,0.75,1.0,1,0,7.224469259983222
qwen3_235b_a22b_2507__vs__random_uniform__seed104,104,Qwen3-235B,Random,21,0.75,0.75,1,1,4.429501649289449
qwen3_235b_a22b_2507__vs__random_uniform__seed104,104,Qwen3-235B,Random,22,0.75,0.0,1,4,-6.0
qwen3_235b_a22b_2507__vs__random_uniform__seed104,104,Qwen3-235B,Random,23,0.75,0.5,1,2,0.2482291666666665
qwen3_235b_a22b_2507__vs__random_uniform__seed104,104,Qwen3-235B,Random,24,0.75,0.25,1,3,-2.6790835056831193
qwen3_235b_a22b_2507__vs__random_uniform__seed104,104,Qwen3-235B,Random,25,0.75,1.0,1,0,6.527083333333334
qwen3_235b_a22b_2507__vs__random_uniform__seed104,104,Qwen3-235B,Random,26,0.75,0.0,1,4,-6.0
qwen3_235b_a22b_2507__vs__random_uniform__seed104,104,Qwen3-235B,Random,27,0.75,0.5,1,2,0.27885416666666707
qwen3_235b_a22b_2507__vs__random_uniform__seed104,104,Qwen3-235B,Random,28,0.75,0.25,1,3,-2.6657352262954825
qwen3_235b_a22b_2507__vs__random_uniform__seed104,104,Qwen3-235B,Random,29,0.75,1.0,1,0,6.560989583333335
qwen3_235b_a22b_2507__vs__random_uniform__seed104,104,Qwen3-235B,Random,30,0.75,0.25,1,3,-2.669217386135735
qwen3_235b_a22b_2507__vs__random_uniform__seed104,104,Qwen3-235B,Random,31,0.75,0.75,1,1,3.4232031250000006
qwen3_235b_a22b_2507__vs__random_uniform__seed104,104,Qwen3-235B,Random,32,0.75,0.25,1,3,-2.6625432464419165
qwen3_235b_a22b_2507__vs__random_uniform__seed104,104,Qwen3-235B,Random,33,0.75,0.75,1,1,3.446171875000001
qwen3_235b_a22b_2507__vs__random_uniform__seed104,104,Qwen3-235B,Random,34,0.75,0.25,1,3,-2.6529673068812207
qwen3_235b_a22b_2507__vs__random_uniform__seed104,104,Qwen3-235B,Random,35,0.75,0.75,1,1,3.4814453125000018
qwen3_235b_a22b_2507__vs__random_uniform__seed104,104,Qwen3-235B,Random,36,0.75,0.0,1,4,-6.0
qwen3_235b_a22b_2507__vs__random_uniform__seed104,104,Qwen3-235B,Random,37,0.75,0.5,1,2,0.34994791666666725
qwen3_235b_a22b_2507__vs__random_uniform__seed104,104,Qwen3-235B,Random,38,0.75,0.0,1,4,-6.0
qwen3_235b_a22b_2507__vs__random_uniform__seed104,104,Qwen3-235B,Random,39,0.75,0.25,1,3,-2.816002604166666
qwen3_235b_a22b_2507__vs__random_uniform__seed104,104,Qwen3-235B,Random,40,0.75,0.25,1,3,-2.8149088541666663
qwen3_235b_a22b_2507__vs__random_uniform__seed104,104,Qwen3-235B,Random,41,0.75,0.25,1,3,-2.6158242685851882
qwen3_235b_a22b_2507__vs__random_uniform__seed104,104,Qwen3-235B,Random,42,0.75,0.25,1,3,-2.8113541666666664
qwen3_235b_a22b_2507__vs__random_uniform__seed104,104,Qwen3-235B,Random,43,0.75,0.0,1,4,-6.0
qwen3_235b_a22b_2507__vs__random_uniform__seed104,104,Qwen3-235B,Random,44,0.75,0.0,1,4,-6.0
qwen3_235b_a22b_2507__vs__random_uniform__seed104,104,Qwen3-235B,Random,45,0.75,0.0,1,4,-6.0
qwen3_235b_a22b_2507__vs__random_uniform__seed104,104,Qwen3-235B,Random,46,0.0,1.0,4,0,12.690052083333333
qwen3_235b_a22b_2507__vs__random_uniform__seed104,104,Qwen3-235B,Random,47,0.75,0.25,1,3,-2.833229166666667
qwen3_235b_a22b_2507__vs__random_uniform__seed104,104,Qwen3-235B,Random,48,0.75,0.5,1,2,0.32205729166666597
qwen3_235b_a22b_2507__vs__random_uniform__seed104,104,Qwen3-235B,Random,49,0.75,0.0,1,4,-6.0
qwen3_235b_a22b_2507__vs__random_uniform__seed104,104,Qwen3-235B,Random,50,0.75,0.75,1,1,4.535651233225828
qwen3_235b_a22b_2507__vs__random_uniform__seed105,105,Qwen3-235B,Random,1,1.0,0.25,0,3,-5.0
qwen3_235b_a22b_2507__vs__random_uniform__seed105,105,Qwen3-235B,Random,2,0.25,0.25,3,3,1.1906533164832878
qwen3_235b_a22b_2507__vs__random_uniform__seed105,105,Qwen3-235B,Random,3,0.25,0.0,3,4,-2.0
qwen3_235b_a22b_2507__vs__random_uniform__seed105,105,Qwen3-235B,Random,4,0.25,1.0,3,0,9.911041666666666
qwen3_235b_a22b_2507__vs__random_uniform__seed105,105,Qwen3-235B,Random,5,1.0,0.0,0,4,-8.0
qwen3_235b_a22b_2507__vs__random_uniform__seed105,105,Qwen3-235B,Random,6,1.0,1.0,0,0,3.816979166666666
qwen3_235b_a22b_2507__vs__random_uniform__seed105,105,Qwen3-235B,Random,7,1.0,0.25,0,3,-4.867576134178721
qwen3_235b_a22b_2507__vs__random_uniform__seed105,105,Qwen3-235B,Random,8,1.0,0.75,0,1,1.8739157727751419
qwen3_235b_a22b_2507__vs__random_uniform__seed105,105,Qwen3-235B,Random,9,1.0,0.5,0,2,-1.1564258797575127
qwen3_235b_a22b_2507__vs__random_uniform__seed105,105,Qwen3-235B,Random,10,1.0,0.5,0,2,-0.9606216396356313
qwen3_235b_a22b_2507__vs__random_uniform__seed105,105,Qwen3-235B,Random,11,0.25,0.5,3,2,5.190074079619543
qwen3_235b_a22b_2507__vs__random_uniform__seed105,105,Qwen3-235B,Random,12,0.75,1.0,1,0,5.912239583333333
qwen3_235b_a22b_2507__vs__random_uniform__seed105,105,Qwen3-235B,Random,13,1.0,0.25,0,3,-4.823924773324121
qwen3_235b_a22b_2507__vs__random_uniform__seed105,105,Qwen3-235B,Random,14,1.0,0.5,0,2,-1.2868376976764253
qwen3_235b_a22b_2507__vs__random_uniform__seed105,105,Qwen3-235B,Random,15,0.75,0.5,1,2,1.004536910034374
qwen3_235b_a22b_2507__vs__random_uniform__seed105,105,Qwen3-235B,Random,16,0.75,0.5,1,2,1.2275171294561353
qwen3_235b_a22b_2507__vs__random_uniform__seed105,105,Qwen3-235B,Random,17,0.75,0.5,1,2,1.3849523556162717
qwen3_235b_a22b_2507__vs__random_uniform__seed105,105,Qwen3-235B,Random,18,0.75,0.75,1,1,5.2415555372765965
qwen3_235b_a22b_2507__vs__random_uniform__seed105,105,Qwen3-235B,Random,19,0.75,0.0,1,4,-6.0
qwen3_235b_a22b_2507__vs__random_uniform__seed105,105,Qwen3-235B,Random,20,0.75,0.5,1,2,0.1486197916666656
qwen3_235b_a22b_2507__vs__random_uniform__seed105,105,Qwen3-235B,Random,21,0.75,0.0,1,4,-6.0
qwen3_235b_a22b_2507__vs__random_uniform__seed105,105,Qwen3-235B,Random,22,0.75,0.5,1,2,0.16940104166666536
qwen3_235b_a22b_2507__vs__random_uniform__seed105,105,Qwen3-235B,Random,23,0.75,1.0,1,0,7.104749288332615
qwen3_235b_a22b_2507__vs__random_uniform__seed105,105,Qwen3-235B,Random,24,0.75,0.0,1,4,-6.0
qwen3_235b_a22b_2507__vs__random_uniform__seed105,105,Qwen3-235B,Random,25,0.75,0.0,1,4,-6.0
qwen3_235b_a22b_2507__vs__random_uniform__seed105,105,Qwen3-235B,Random,26,0.75,0.25,1,3,-2.9054557291666674
qwen3_235b_a22b_2507__vs__random_uniform__seed105,105,Qwen3-235B,Random,27,0.25,0.5,3,2,4.183072916666665
qwen3_235b_a22b_2507__vs__random_uniform__seed105,105,Qwen3-235B,Random,28,0.75,0.5,1,2,0.1770572916666655
qwen3_235b_a22b_2507__vs__random_uniform__seed105,105,Qwen3-235B,Random,29,0.75,0.75,1,1,3.823338726489082
qwen3_235b_a22b_2507__vs__random_uniform__seed105,105,Qwen3-235B,Random,30,0.75,0.25,1,3,-2.556791027464845
qwen3_235b_a22b_2507__vs__random_uniform__seed105,105,Qwen3-235B,Random,31,0.75,0.25,1,3,-2.915026041666667
qwen3_235b_a22b_2507__vs__random_uniform__seed105,105,Qwen3-235B,Random,32,0.75,0.5,1,2,0.15846354166666554
qwen3_235b_a22b_2507__vs__random_uniform__seed105,105,Qwen3-235B,Random,33,0.75,0.25,1,3,-2.7354198773843565
qwen3_235b_a22b_2507__vs__random_uniform__seed105,105,Qwen3-235B,Random,34,0.75,0.75,1,1,3.223749999999999
qwen3_235b_a22b_2507__vs__random_uniform__seed105,105,Qwen3-235B,Random,35,0.75,0.75,1,1,3.796351987727121
qwen3_235b_a22b_2507__vs__random_uniform__seed105,105,Qwen3-235B,Random,36,0.75,0.75,1,1,4.3195610087839125
qwen3_235b_a22b_2507__vs__random_uniform__seed105,105,Qwen3-235B,Random,37,0.75,0.75,1,1,4.747298982083139
qwen3_235b_a22b_2507__vs__random_uniform__seed105,105,Qwen3-235B,Random,38,0.75,1.0,1,0,8.758399886582733
qwen3_235b_a22b_2507__vs__random_uniform__seed105,105,Qwen3-235B,Random,39,0.75,0.0,1,4,-6.0
qwen3_235b_a22b_2507__vs__random_uniform__seed105,105,Qwen3-235B,Random,40,0.75,0.5,1,2,0.24979166666666508
qwen3_235b_a22b_2507__vs__random_uniform__seed105,105,Qwen3-235B,Random,41,0.75,0.75,1,1,3.9870002389809738
qwen3_235b_a22b_2507__vs__random_uniform__seed105,105,Qwen3-235B,Random,42,0.75,0.25,1,3,-2.4841944729336425
qwen3_235b_a22b_2507__vs__random_uniform__seed105,105,Qwen3-235B,Random,43,0.75,0.75,1,1,3.4829687499999977
qwen3_235b_a22b_2507__vs__random_uniform__seed105,105,Qwen3-235B,Random,44,0.75,0.5,1,2,0.7288040760724606
qwen3_235b_a22b_2507__vs__random_uniform__seed105,105,Qwen3-235B,Random,45,0.75,0.25,1,3,-2.4546068015490765
qwen3_235b_a22b_2507__vs__random_uniform__seed105,105,Qwen3-235B,Random,46,0.75,0.5,1,2,0.3668229166666652
qwen3_235b_a22b_2507__vs__random_uniform__seed105,105,Qwen3-235B,Random,47,0.75,0.25,1,3,-2.6190577027225674
qwen3_235b_a22b_2507__vs__random_uniform__seed105,105,Qwen3-235B,Random,48,0.75,0.0,1,4,-6.0
qwen3_235b_a22b_2507__vs__random_uniform__seed105,105,Qwen3-235B,Random,49,0.75,0.0,1,4,-6.0
qwen3_235b_a22b_2507__vs__random_uniform__seed105,105,Qwen3-235B,Random,50,0.75,0.75,1,1,4.161978770953688
qwen3_235b_a22b_2507__vs__wsls__seed101,101,Qwen3-235B,WSLS,1,0.0,1.0,4,0,12.0
qwen3_235b_a22b_2507__vs__wsls__seed101,101,Qwen3-235B,WSLS,2,0.0,0.75,4,1,8.986875
qwen3_235b_a22b_2507__vs__wsls__seed101,101,Qwen3-235B,WSLS,3,0.0,0.5,4,2,5.9715625
qwen3_235b_a22b_2507__vs__wsls__seed101,101,Qwen3-235B,WSLS,4,0.0,0.25,4,3,2.97046875
qwen3_235b_a22b_2507__vs__wsls__seed101,101,Qwen3-235B,WSLS,5,0.0,0.0,4,4,0.0
qwen3_235b_a22b_2507__vs__wsls__seed101,101,Qwen3-235B,WSLS,6,0.0,0.0,4,4,0.0
qwen3_235b_a22b_2507__vs__wsls__seed101,101,Qwen3-235B,WSLS,7,0.0,0.0,4,4,0.0
qwen3_235b_a22b_2507__vs__wsls__seed101,101,Qwen3-235B,WSLS,8,0.0,0.0,4,4,0.0
qwen3_235b_a22b_2507__vs__wsls__seed101,101,Qwen3-235B,WSLS,9,0.0,0.0,4,4,0.0
qwen3_235b_a22b_2507__vs__wsls__seed101,101,Qwen3-235B,WSLS,10,0.0,0.0,4,4,0.0
qwen3_235b_a22b_2507__vs__wsls__seed101,101,Qwen3-235B,WSLS,11,0.0,0.0,4,4,0.0
qwen3_235b_a22b_2507__vs__wsls__seed101,101,Qwen3-235B,WSLS,12,0.0,0.0,4,4,0.0
qwen3_235b_a22b_2507__vs__wsls__seed101,101,Qwen3-235B,WSLS,13,0.0,0.0,4,4,0.0
qwen3_235b_a22b_2507__vs__wsls__seed101,101,Qwen3-235B,WSLS,14,0.0,0.0,4,4,0.0
qwen3_235b_a22b_2507__vs__wsls__seed101,101,Qwen3-235B,WSLS,15,0.0,0.0,4,4,0.0
qwen3_235b_a22b_2507__vs__wsls__seed101,101,Qwen3-235B,WSLS,16,0.0,0.0,4,4,0.0
qwen3_235b_a22b_2507__vs__wsls__seed101,101,Qwen3-235B,WSLS,17,0.0,0.0,4,4,0.0
qwen3_235b_a22b_2507__vs__wsls__seed101,101,Qwen3-235B,WSLS,18,0.0,0.0,4,4,0.0
qwen3_235b_a22b_2507__vs__wsls__seed101,101,Qwen3-235B,WSLS,19,0.0,0.0,4,4,0.0
qwen3_235b_a22b_2507__vs__wsls__seed101,101,Qwen3-235B,WSLS,20,0.0,0.0,4,4,0.0
qwen3_235b_a22b_2507__vs__wsls__seed101,101,Qwen3-235B,WSLS,21,0.0,0.0,4,4,0.0
qwen3_235b_a22b_2507__vs__wsls__seed101,101,Qwen3-235B,WSLS,22,0.0,0.0,4,4,0.0
qwen3_235b_a22b_2507__vs__wsls__seed101,101,Qwen3-235B,WSLS,23,0.0,0.0,4,4,0.0
qwen3_235b_a22b_2507__vs__wsls__seed101,101,Qwen3-235B,WSLS,24,0.0,0.0,4,4,0.0
qwen3_235b_a22b_2507__vs__wsls__seed101,101,Qwen3-235B,WSLS,25,0.0,0.0,4,4,0.0
qwen3_235b_a22b_2507__vs__wsls__seed101,101,Qwen3-235B,WSLS,26,0.0,0.0,4,4,0.0
qwen3_235b_a22b_2507__vs__wsls__seed101,101,Qwen3-235B,WSLS,27,0.0,0.0,4,4,0.0
qwen3_235b_a22b_2507__vs__wsls__seed101,101,Qwen3-235B,WSLS,28,0.0,0.0,4,4,0.0
qwen3_235b_a22b_2507__vs__wsls__seed101,101,Qwen3-235B,WSLS,29,0.0,0.0,4,4,0.0
qwen3_235b_a22b_2507__vs__wsls__seed101,101,Qwen3-235B,WSLS,30,0.0,0.0,4,4,0.0
qwen3_235b_a22b_2507__vs__wsls__seed101,101,Qwen3-235B,WSLS,31,0.0,0.0,4,4,0.0
qwen3_235b_a22b_2507__vs__wsls__seed101,101,Qwen3-235B,WSLS,32,0.0,0.0,4,4,0.0
qwen3_235b_a22b_2507__vs__wsls__seed101,101,Qwen3-235B,WSLS,33,0.0,0.0,4,4,0.0
qwen3_235b_a22b_2507__vs__wsls__seed101,101,Qwen3-235B,WSLS,34,0.0,0.0,4,4,0.0
qwen3_235b_a22b_2507__vs__wsls__seed101,101,Qwen3-235B,WSLS,35,0.0,0.0,4,4,0.0
qwen3_235b_a22b_2507__vs__wsls__seed101,101,Qwen3-235B,WSLS,36,0.0,0.0,4,4,0.0
qwen3_235b_a22b_2507__vs__wsls__seed101,101,Qwen3-235B,WSLS,37,0.0,0.0,4,4,0.0
qwen3_235b_a22b_2507__vs__wsls__seed101,101,Qwen3-235B,WSLS,38,0.0,0.0,4,4,0.0
qwen3_235b_a22b_2507__vs__wsls__seed101,101,Qwen3-235B,WSLS,39,0.0,0.0,4,4,0.0
qwen3_235b_a22b_2507__vs__wsls__seed101,101,Qwen3-235B,WSLS,40,0.0,0.0,4,4,0.0
qwen3_235b_a22b_2507__vs__wsls__seed101,101,Qwen3-235B,WSLS,41,0.0,0.0,4,4,0.0
qwen3_235b_a22b_2507__vs__wsls__seed101,101,Qwen3-235B,WSLS,42,0.0,0.0,4,4,0.0
qwen3_235b_a22b_2507__vs__wsls__seed101,101,Qwen3-235B,WSLS,43,0.0,0.0,4,4,0.0
qwen3_235b_a22b_2507__vs__wsls__seed101,101,Qwen3-235B,WSLS,44,0.0,0.0,4,4,0.0
qwen3_235b_a22b_2507__vs__wsls__seed101,101,Qwen3-235B,WSLS,45,0.0,0.0,4,4,0.0
qwen3_235b_a22b_2507__vs__wsls__seed101,101,Qwen3-235B,WSLS,46,0.0,0.0,4,4,0.0
qwen3_235b_a22b_2507__vs__wsls__seed101,101,Qwen3-235B,WSLS,47,0.0,0.0,4,4,0.0
qwen3_235b_a22b_2507__vs__wsls__seed101,101,Qwen3-235B,WSLS,48,0.0,0.0,4,4,0.0
qwen3_235b_a22b_2507__vs__wsls__seed101,101,Qwen3-235B,WSLS,49,0.0,0.0,4,4,0.0
qwen3_235b_a22b_2507__vs__wsls__seed101,101,Qwen3-235B,WSLS,50,0.0,0.0,4,4,0.0
qwen3_235b_a22b_2507__vs__wsls__seed102,102,Qwen3-235B,WSLS,1,0.0,1.0,4,0,12.0
qwen3_235b_a22b_2507__vs__wsls__seed102,102,Qwen3-235B,WSLS,2,0.0,0.75,4,1,8.986875
qwen3_235b_a22b_2507__vs__wsls__seed102,102,Qwen3-235B,WSLS,3,0.0,0.5,4,2,5.9715625
qwen3_235b_a22b_2507__vs__wsls__seed102,102,Qwen3-235B,WSLS,4,0.0,0.25,4,3,2.97046875
qwen3_235b_a22b_2507__vs__wsls__seed102,102,Qwen3-235B,WSLS,5,0.0,0.5,4,2,5.910312500000001
qwen3_235b_a22b_2507__vs__wsls__seed102,102,Qwen3-235B,WSLS,6,0.0,0.25,4,3,2.9376562500000003
qwen3_235b_a22b_2507__vs__wsls__seed102,102,Qwen3-235B,WSLS,7,0.0,0.0,4,4,0.0
qwen3_235b_a22b_2507__vs__wsls__seed102,102,Qwen3-235B,WSLS,8,0.0,0.0,4,4,0.0
qwen3_235b_a22b_2507__vs__wsls__seed102,102,Qwen3-235B,WSLS,9,0.0,0.0,4,4,0.0
qwen3_235b_a22b_2507__vs__wsls__seed102,102,Qwen3-235B,WSLS,10,0.0,0.0,4,4,0.0
qwen3_235b_a22b_2507__vs__wsls__seed102,102,Qwen3-235B,WSLS,11,0.0,0.0,4,4,0.0
qwen3_235b_a22b_2507__vs__wsls__seed102,102,Qwen3-235B,WSLS,12,0.0,0.0,4,4,0.0
qwen3_235b_a22b_2507__vs__wsls__seed102,102,Qwen3-235B,WSLS,13,0.0,0.0,4,4,0.0
qwen3_235b_a22b_2507__vs__wsls__seed102,102,Qwen3-235B,WSLS,14,0.0,0.0,4,4,0.0
qwen3_235b_a22b_2507__vs__wsls__seed102,102,Qwen3-235B,WSLS,15,0.0,0.0,4,4,0.0
qwen3_235b_a22b_2507__vs__wsls__seed102,102,Qwen3-235B,WSLS,16,0.0,0.0,4,4,0.0
qwen3_235b_a22b_2507__vs__wsls__seed102,102,Qwen3-235B,WSLS,17,0.0,0.0,4,4,0.0
qwen3_235b_a22b_2507__vs__wsls__seed102,102,Qwen3-235B,WSLS,18,0.0,0.0,4,4,0.0
qwen3_235b_a22b_2507__vs__wsls__seed102,102,Qwen3-235B,WSLS,19,0.0,0.0,4,4,0.0
qwen3_235b_a22b_2507__vs__wsls__seed102,102,Qwen3-235B,WSLS,20,0.0,0.0,4,4,0.0
qwen3_235b_a22b_2507__vs__wsls__seed102,102,Qwen3-235B,WSLS,21,0.0,0.0,4,4,0.0
qwen3_235b_a22b_2507__vs__wsls__seed102,102,Qwen3-235B,WSLS,22,0.0,0.0,4,4,0.0
qwen3_235b_a22b_2507__vs__wsls__seed102,102,Qwen3-235B,WSLS,23,0.0,0.0,4,4,0.0
qwen3_235b_a22b_2507__vs__wsls__seed102,102,Qwen3-235B,WSLS,24,0.0,0.0,4,4,0.0
qwen3_235b_a22b_2507__vs__wsls__seed102,102,Qwen3-235B,WSLS,25,0.0,0.0,4,4,0.0
qwen3_235b_a22b_2507__vs__wsls__seed102,102,Qwen3-235B,WSLS,26,0.0,0.0,4,4,0.0
qwen3_235b_a22b_2507__vs__wsls__seed102,102,Qwen3-235B,WSLS,27,0.0,0.0,4,4,0.0
qwen3_235b_a22b_2507__vs__wsls__seed102,102,Qwen3-235B,WSLS,28,0.0,0.0,4,4,0.0
qwen3_235b_a22b_2507__vs__wsls__seed102,102,Qwen3-235B,WSLS,29,0.0,0.0,4,4,0.0
qwen3_235b_a22b_2507__vs__wsls__seed102,102,Qwen3-235B,WSLS,30,0.0,0.0,4,4,0.0
qwen3_235b_a22b_2507__vs__wsls__seed102,102,Qwen3-235B,WSLS,31,0.0,0.0,4,4,0.0
qwen3_235b_a22b_2507__vs__wsls__seed102,102,Qwen3-235B,WSLS,32,0.0,0.0,4,4,0.0
qwen3_235b_a22b_2507__vs__wsls__seed102,102,Qwen3-235B,WSLS,33,0.0,0.0,4,4,0.0
qwen3_235b_a22b_2507__vs__wsls__seed102,102,Qwen3-235B,WSLS,34,0.0,0.0,4,4,0.0
qwen3_235b_a22b_2507__vs__wsls__seed102,102,Qwen3-235B,WSLS,35,0.0,0.0,4,4,0.0
qwen3_235b_a22b_2507__vs__wsls__seed102,102,Qwen3-235B,WSLS,36,0.0,0.0,4,4,0.0
qwen3_235b_a22b_2507__vs__wsls__seed102,102,Qwen3-235B,WSLS,37,0.0,0.0,4,4,0.0
qwen3_235b_a22b_2507__vs__wsls__seed102,102,Qwen3-235B,WSLS,38,0.0,0.0,4,4,0.0
qwen3_235b_a22b_2507__vs__wsls__seed102,102,Qwen3-235B,WSLS,39,0.0,0.0,4,4,0.0
qwen3_235b_a22b_2507__vs__wsls__seed102,102,Qwen3-235B,WSLS,40,0.0,0.0,4,4,0.0
qwen3_235b_a22b_2507__vs__wsls__seed102,102,Qwen3-235B,WSLS,41,0.0,0.0,4,4,0.0
qwen3_235b_a22b_2507__vs__wsls__seed102,102,Qwen3-235B,WSLS,42,0.0,0.0,4,4,0.0
qwen3_235b_a22b_2507__vs__wsls__seed102,102,Qwen3-235B,WSLS,43,0.0,0.0,4,4,0.0
qwen3_235b_a22b_2507__vs__wsls__seed102,102,Qwen3-235B,WSLS,44,0.0,0.0,4,4,0.0
qwen3_235b_a22b_2507__vs__wsls__seed102,102,Qwen3-235B,WSLS,45,0.0,0.0,4,4,0.0
qwen3_235b_a22b_2507__vs__wsls__seed102,102,Qwen3-235B,WSLS,46,0.0,0.0,4,4,0.0
qwen3_235b_a22b_2507__vs__wsls__seed102,102,Qwen3-235B,WSLS,47,0.0,0.0,4,4,0.0
qwen3_235b_a22b_2507__vs__wsls__seed102,102,Qwen3-235B,WSLS,48,0.0,0.0,4,4,0.0
qwen3_235b_a22b_2507__vs__wsls__seed102,102,Qwen3-235B,WSLS,49,0.0,0.0,4,4,0.0
qwen3_235b_a22b_2507__vs__wsls__seed102,102,Qwen3-235B,WSLS,50,0.0,0.0,4,4,0.0
qwen3_235b_a22b_2507__vs__wsls__seed103,103,Qwen3-235B,WSLS,1,1.0,1.0,0,0,4.0
qwen3_235b_a22b_2507__vs__wsls__seed103,103,Qwen3-235B,WSLS,2,1.0,1.0,0,0,4.901899659543274
qwen3_235b_a22b_2507__vs__wsls__seed103,103,Qwen3-235B,WSLS,3,1.0,1.0,0,0,5.737743197914256
qwen3_235b_a22b_2507__vs__wsls__seed103,103,Qwen3-235B,WSLS,4,1.0,1.0,0,0,6.452973827162612
qwen3_235b_a22b_2507__vs__wsls__seed103,103,Qwen3-235B,WSLS,5,1.0,1.0,0,0,7.03473354743033
qwen3_235b_a22b_2507__vs__wsls__seed103,103,Qwen3-235B,WSLS,6,1.0,1.0,0,0,7.499356761489178
qwen3_235b_a22b_2507__vs__wsls__seed103,103,Qwen3-235B,WSLS,7,1.0,1.0,0,0,7.874286035858203
qwen3_235b_a22b_2507__vs__wsls__seed103,103,Qwen3-235B,WSLS,8,1.0,1.0,0,0,8.186093248290184
qwen3_235b_a22b_2507__vs__wsls__seed103,103,Qwen3-235B,WSLS,9,1.0,1.0,0,0,8.448964671494203
qwen3_235b_a22b_2507__vs__wsls__seed103,103,Qwen3-235B,WSLS,10,1.0,1.0,0,0,8.684554558469525
qwen3_235b_a22b_2507__vs__wsls__seed103,103,Qwen3-235B,WSLS,11,1.0,1.0,0,0,8.90286936414416
qwen3_235b_a22b_2507__vs__wsls__seed103,103,Qwen3-235B,WSLS,12,1.0,1.0,0,0,9.110379184039502
qwen3_235b_a22b_2507__vs__wsls__seed103,103,Qwen3-235B,WSLS,13,1.0,1.0,0,0,9.3111817500719
qwen3_235b_a22b_2507__vs__wsls__seed103,103,Qwen3-235B,WSLS,14,1.0,1.0,0,0,9.50784007489565
qwen3_235b_a22b_2507__vs__wsls__seed103,103,Qwen3-235B,WSLS,15,1.0,1.0,0,0,9.701945134481047
qwen3_235b_a22b_2507__vs__wsls__seed103,103,Qwen3-235B,WSLS,16,1.0,1.0,0,0,9.894479950446282
qwen3_235b_a22b_2507__vs__wsls__seed103,103,Qwen3-235B,WSLS,17,1.0,1.0,0,0,10.092885193836924
qwen3_235b_a22b_2507__vs__wsls__seed103,103,Qwen3-235B,WSLS,18,1.0,1.0,0,0,10.290699050229954
qwen3_235b_a22b_2507__vs__wsls__seed103,103,Qwen3-235B,WSLS,19,1.0,1.0,0,0,10.488149919988981
qwen3_235b_a22b_2507__vs__wsls__seed103,103,Qwen3-235B,WSLS,20,1.0,1.0,0,0,10.68537807122826
qwen3_235b_a22b_2507__vs__wsls__seed103,103,Qwen3-235B,WSLS,21,1.0,1.0,0,0,10.749659515984732
qwen3_235b_a22b_2507__vs__wsls__seed103,103,Qwen3-235B,WSLS,22,1.0,1.0,0,0,10.74979348231664
qwen3_235b_a22b_2507__vs__wsls__seed103,103,Qwen3-235B,WSLS,23,1.0,1.0,0,0,10.74987473933614
qwen3_235b_a22b_2507__vs__wsls__seed103,103,Qwen3-235B,WSLS,24,1.0,1.0,0,0,10.749924025067646
qwen3_235b_a22b_2507__vs__wsls__seed103,103,Qwen3-235B,WSLS,25,1.0,1.0,0,0,10.749953918690487
qwen3_235b_a22b_2507__vs__wsls__seed103,103,Qwen3-235B,WSLS,26,1.0,1.0,0,0,10.749972050205368
qwen3_235b_a22b_2507__vs__wsls__seed103,103,Qwen3-235B,WSLS,27,1.0,1.0,0,0,10.749983047567767
qwen3_235b_a22b_2507__vs__wsls__seed103,103,Qwen3-235B,WSLS,28,1.0,1.0,0,0,10.749989717820949
qwen3_235b_a22b_2507__vs__wsls__seed103,103,Qwen3-235B,WSLS,29,1.0,1.0,0,0,10.749993763539791
qwen3_235b_a22b_2507__vs__wsls__seed103,103,Qwen3-235B,WSLS,30,1.0,1.0,0,0,7.0
qwen3_235b_a22b_2507__vs__wsls__seed103,103,Qwen3-235B,WSLS,31,1.0,1.0,0,0,7.9184449840139095
qwen3_235b_a22b_2507__vs__wsls__seed103,103,Qwen3-235B,WSLS,32,1.0,1.0,0,0,8.732939339725036
qwen3_235b_a22b_2507__vs__wsls__seed103,103,Qwen3-235B,WSLS,33,1.0,1.0,0,0,9.381808571452328
qwen3_235b_a22b_2507__vs__wsls__seed103,103,Qwen3-235B,WSLS,34,1.0,1.0,0,0,9.855978084834117
qwen3_235b_a22b_2507__vs__wsls__seed103,103,Qwen3-235B,WSLS,35,1.0,1.0,0,0,10.181063649840674
qwen3_235b_a22b_2507__vs__wsls__seed103,103,Qwen3-235B,WSLS,36,1.0,1.0,0,0,10.39430595116825
qwen3_235b_a22b_2507__vs__wsls__seed103,103,Qwen3-235B,WSLS,37,1.0,1.0,0,0,10.53015826936483
qwen3_235b_a22b_2507__vs__wsls__seed103,103,Qwen3-235B,WSLS,38,1.0,1.0,0,0,10.61510342528431
qwen3_235b_a22b_2507__vs__wsls__seed103,103,Qwen3-235B,WSLS,39,1.0,1.0,0,0,10.667597930270553
qwen3_235b_a22b_2507__vs__wsls__seed103,103,Qwen3-235B,WSLS,40,1.0,1.0,0,0,10.699803618067861
qwen3_235b_a22b_2507__vs__wsls__seed103,103,Qwen3-235B,WSLS,41,1.0,1.0,0,0,10.719473967130781
qwen3_235b_a22b_2507__vs__wsls__seed103,103,Qwen3-235B,WSLS,42,1.0,1.0,0,0,10.73145532632524
qwen3_235b_a22b_2507__vs__wsls__seed103,103,Qwen3-235B,WSLS,43,1.0,1.0,0,0,10.738741133074473
qwen3_235b_a22b_2507__vs__wsls__seed103,103,Qwen3-235B,WSLS,44,1.0,1.0,0,0,10.743167116041995
qwen3_235b_a22b_2507__vs__wsls__seed103,103,Qwen3-235B,WSLS,45,1.0,1.0,0,0,10.745854160223072
qwen3_235b_a22b_2507__vs__wsls__seed103,103,Qwen3-235B,WSLS,46,1.0,1.0,0,0,7.0
qwen3_235b_a22b_2507__vs__wsls__seed103,103,Qwen3-235B,WSLS,47,1.0,1.0,0,0,7.9184449840139095
qwen3_235b_a22b_2507__vs__wsls__seed103,103,Qwen3-235B,WSLS,48,0.0,0.0,4,4,0.0
qwen3_235b_a22b_2507__vs__wsls__seed103,103,Qwen3-235B,WSLS,49,1.0,0.0,0,4,-8.0
qwen3_235b_a22b_2507__vs__wsls__seed103,103,Qwen3-235B,WSLS,50,1.0,0.0,0,4,-8.0
qwen3_235b_a22b_2507__vs__wsls__seed104,104,Qwen3-235B,WSLS,1,1.0,1.0,0,0,4.0
qwen3_235b_a22b_2507__vs__wsls__seed104,104,Qwen3-235B,WSLS,2,1.0,1.0,0,0,4.901899659543274
qwen3_235b_a22b_2507__vs__wsls__seed104,104,Qwen3-235B,WSLS,3,0.5,0.5,2,2,2.8444693957533618
qwen3_235b_a22b_2507__vs__wsls__seed104,104,Qwen3-235B,WSLS,4,0.75,0.75,1,1,4.7383364870384845
qwen3_235b_a22b_2507__vs__wsls__seed104,104,Qwen3-235B,WSLS,5,0.75,0.75,1,1,5.103535372305206
qwen3_235b_a22b_2507__vs__wsls__seed104,104,Qwen3-235B,WSLS,6,0.75,0.75,1,1,5.377274044087015
qwen3_235b_a22b_2507__vs__wsls__seed104,104,Qwen3-235B,WSLS,7,0.75,0.75,1,1,5.581802295534795
qwen3_235b_a22b_2507__vs__wsls__seed104,104,Qwen3-235B,WSLS,8,0.75,0.75,1,1,5.737986662473741
qwen3_235b_a22b_2507__vs__wsls__seed104,104,Qwen3-235B,WSLS,9,0.75,0.75,1,1,5.862038366275897
qwen3_235b_a22b_2507__vs__wsls__seed104,104,Qwen3-235B,WSLS,10,0.75,0.75,1,1,5.955721430685307
qwen3_235b_a22b_2507__vs__wsls__seed104,104,Qwen3-235B,WSLS,11,0.75,0.75,1,1,3.6428906249999997
qwen3_235b_a22b_2507__vs__wsls__seed104,104,Qwen3-235B,WSLS,12,0.75,0.75,1,1,4.275978051438166
qwen3_235b_a22b_2507__vs__wsls__seed104,104,Qwen3-235B,WSLS,13,0.75,0.75,1,1,4.846605022622386
qwen3_235b_a22b_2507__vs__wsls__seed104,104,Qwen3-235B,WSLS,14,0.75,0.75,1,1,5.313792040082426
qwen3_235b_a22b_2507__vs__wsls__seed104,104,Qwen3-235B,WSLS,15,0.75,0.75,1,1,5.670276676726971
qwen3_235b_a22b_2507__vs__wsls__seed104,104,Qwen3-235B,WSLS,16,0.75,0.75,1,1,5.931465059767703
qwen3_235b_a22b_2507__vs__wsls__seed104,104,Qwen3-235B,WSLS,17,0.75,0.75,1,1,6.120697977697924
qwen3_235b_a22b_2507__vs__wsls__seed104,104,Qwen3-235B,WSLS,18,0.75,0.75,1,1,6.259871198107021
qwen3_235b_a22b_2507__vs__wsls__seed104,104,Qwen3-235B,WSLS,19,0.75,0.75,1,1,3.964453124999995
qwen3_235b_a22b_2507__vs__wsls__seed104,104,Qwen3-235B,WSLS,20,0.75,0.75,1,1,4.617229715782958
qwen3_235b_a22b_2507__vs__wsls__seed104,104,Qwen3-235B,WSLS,21,0.75,0.75,1,1,5.205317409717736
qwen3_235b_a22b_2507__vs__wsls__seed104,104,Qwen3-235B,WSLS,22,0.75,0.75,1,1,5.686414561332928
qwen3_235b_a22b_2507__vs__wsls__seed104,104,Qwen3-235B,WSLS,23,0.75,0.0,1,4,-6.0
qwen3_235b_a22b_2507__vs__wsls__seed104,104,Qwen3-235B,WSLS,24,0.75,0.0,1,4,-6.0
qwen3_235b_a22b_2507__vs__wsls__seed104,104,Qwen3-235B,WSLS,25,0.75,0.0,1,4,-6.0
qwen3_235b_a22b_2507__vs__wsls__seed104,104,Qwen3-235B,WSLS,26,0.75,0.0,1,4,-6.0
qwen3_235b_a22b_2507__vs__wsls__seed104,104,Qwen3-235B,WSLS,27,0.75,0.0,1,4,-6.0
qwen3_235b_a22b_2507__vs__wsls__seed104,104,Qwen3-235B,WSLS,28,0.75,0.0,1,4,-6.0
qwen3_235b_a22b_2507__vs__wsls__seed104,104,Qwen3-235B,WSLS,29,0.75,0.0,1,4,-6.0
qwen3_235b_a22b_2507__vs__wsls__seed104,104,Qwen3-235B,WSLS,30,0.75,0.75,1,1,4.517117620375684
qwen3_235b_a22b_2507__vs__wsls__seed104,104,Qwen3-235B,WSLS,31,0.75,0.5,1,2,1.3543011412606045
qwen3_235b_a22b_2507__vs__wsls__seed104,104,Qwen3-235B,WSLS,32,0.75,0.25,1,3,-2.1853267303370503
qwen3_235b_a22b_2507__vs__wsls__seed104,104,Qwen3-235B,WSLS,33,0.75,0.0,1,4,-6.0
qwen3_235b_a22b_2507__vs__wsls__seed104,104,Qwen3-235B,WSLS,34,0.75,0.75,1,1,4.483166561933217
qwen3_235b_a22b_2507__vs__wsls__seed104,104,Qwen3-235B,WSLS,35,0.75,0.75,1,1,5.046093033813166
qwen3_235b_a22b_2507__vs__wsls__seed104,104,Qwen3-235B,WSLS,36,0.75,0.75,1,1,5.516262950863949
qwen3_235b_a22b_2507__vs__wsls__seed104,104,Qwen3-235B,WSLS,37,0.75,0.75,1,1,5.888035909464669
qwen3_235b_a22b_2507__vs__wsls__seed104,104,Qwen3-235B,WSLS,38,0.75,0.75,1,1,6.158160197151652
qwen3_235b_a22b_2507__vs__wsls__seed104,104,Qwen3-235B,WSLS,39,0.75,0.75,1,1,6.355081673060074
qwen3_235b_a22b_2507__vs__wsls__seed104,104,Qwen3-235B,WSLS,40,0.75,0.75,1,1,6.506119629483498
qwen3_235b_a22b_2507__vs__wsls__seed104,104,Qwen3-235B,WSLS,41,0.75,0.5,1,2,2.4190683387395193
qwen3_235b_a22b_2507__vs__wsls__seed104,104,Qwen3-235B,WSLS,42,0.75,0.5,1,2,2.4795619056802867
qwen3_235b_a22b_2507__vs__wsls__seed104,104,Qwen3-235B,WSLS,43,0.75,0.5,1,2,2.5275974238914944
qwen3_235b_a22b_2507__vs__wsls__seed104,104,Qwen3-235B,WSLS,44,0.75,0.5,1,2,2.5665967714684648
qwen3_235b_a22b_2507__vs__wsls__seed104,104,Qwen3-235B,WSLS,45,0.75,0.5,1,2,2.5987135914148602
qwen3_235b_a22b_2507__vs__wsls__seed104,104,Qwen3-235B,WSLS,46,0.75,0.5,1,2,2.6252863873780665
qwen3_235b_a22b_2507__vs__wsls__seed104,104,Qwen3-235B,WSLS,47,0.75,0.5,1,2,2.6471406248535576
qwen3_235b_a22b_2507__vs__wsls__seed104,104,Qwen3-235B,WSLS,48,0.75,0.5,1,2,2.664782912277687
qwen3_235b_a22b_2507__vs__wsls__seed104,104,Qwen3-235B,WSLS,49,0.75,0.5,1,2,2.681940716529274
qwen3_235b_a22b_2507__vs__wsls__seed104,104,Qwen3-235B,WSLS,50,0.75,0.25,1,3,-2.521562500000002
qwen3_235b_a22b_2507__vs__wsls__seed105,105,Qwen3-235B,WSLS,1,1.0,1.0,0,0,4.0
qwen3_235b_a22b_2507__vs__wsls__seed105,105,Qwen3-235B,WSLS,2,1.0,1.0,0,0,4.901899659543274
qwen3_235b_a22b_2507__vs__wsls__seed105,105,Qwen3-235B,WSLS,3,1.0,1.0,0,0,5.737743197914256
qwen3_235b_a22b_2507__vs__wsls__seed105,105,Qwen3-235B,WSLS,4,1.0,1.0,0,0,6.452973827162612
qwen3_235b_a22b_2507__vs__wsls__seed105,105,Qwen3-235B,WSLS,5,1.0,1.0,0,0,7.03473354743033
qwen3_235b_a22b_2507__vs__wsls__seed105,105,Qwen3-235B,WSLS,6,1.0,1.0,0,0,7.499356761489178
qwen3_235b_a22b_2507__vs__wsls__seed105,105,Qwen3-235B,WSLS,7,1.0,1.0,0,0,7.874286035858203
qwen3_235b_a22b_2507__vs__wsls__seed105,105,Qwen3-235B,WSLS,8,1.0,1.0,0,0,8.186093248290184
qwen3_235b_a22b_2507__vs__wsls__seed105,105,Qwen3-235B,WSLS,9,1.0,1.0,0,0,8.455751427951338
qwen3_235b_a22b_2507__vs__wsls__seed105,105,Qwen3-235B,WSLS,10,1.0,1.0,0,0,8.698166348627016
qwen3_235b_a22b_2507__vs__wsls__seed105,105,Qwen3-235B,WSLS,11,1.0,1.0,0,0,8.923322274351424
qwen3_235b_a22b_2507__vs__wsls__seed105,105,Qwen3-235B,WSLS,12,1.0,1.0,0,0,9.137678416908237
qwen3_235b_a22b_2507__vs__wsls__seed105,105,Qwen3-235B,WSLS,13,1.0,1.0,0,0,9.345327632177181
qwen3_235b_a22b_2507__vs__wsls__seed105,105,Qwen3-235B,WSLS,14,1.0,1.0,0,0,9.548831071124255
qwen3_235b_a22b_2507__vs__wsls__seed105,105,Qwen3-235B,WSLS,15,1.0,1.0,0,0,9.749779258891781
qwen3_235b_a22b_2507__vs__wsls__seed105,105,Qwen3-235B,WSLS,16,1.0,1.0,0,0,9.949155358413602
qwen3_235b_a22b_2507__vs__wsls__seed105,105,Qwen3-235B,WSLS,17,1.0,1.0,0,0,10.147565358052827
qwen3_235b_a22b_2507__vs__wsls__seed105,105,Qwen3-235B,WSLS,18,1.0,1.0,0,0,10.34538210026481
qwen3_235b_a22b_2507__vs__wsls__seed105,105,Qwen3-235B,WSLS,19,1.0,1.0,0,0,10.542834720732635
qwen3_235b_a22b_2507__vs__wsls__seed105,105,Qwen3-235B,WSLS,20,1.0,1.0,0,0,10.740063933967036
qwen3_235b_a22b_2507__vs__wsls__seed105,105,Qwen3-235B,WSLS,21,1.0,1.0,0,0,10.749659515984732
qwen3_235b_a22b_2507__vs__wsls__seed105,105,Qwen3-235B,WSLS,22,1.0,1.0,0,0,10.74979348231664
qwen3_235b_a22b_2507__vs__wsls__seed105,105,Qwen3-235B,WSLS,23,1.0,1.0,0,0,10.74987473933614
qwen3_235b_a22b_2507__vs__wsls__seed105,105,Qwen3-235B,WSLS,24,1.0,1.0,0,0,10.749924025067646
qwen3_235b_a22b_2507__vs__wsls__seed105,105,Qwen3-235B,WSLS,25,1.0,1.0,0,0,10.749953918690487
qwen3_235b_a22b_2507__vs__wsls__seed105,105,Qwen3-235B,WSLS,26,1.0,1.0,0,0,10.749972050205368
qwen3_235b_a22b_2507__vs__wsls__seed105,105,Qwen3-235B,WSLS,27,1.0,1.0,0,0,10.749983047567767
qwen3_235b_a22b_2507__vs__wsls__seed105,105,Qwen3-235B,WSLS,28,1.0,1.0,0,0,10.749989717820949
qwen3_235b_a22b_2507__vs__wsls__seed105,105,Qwen3-235B,WSLS,29,1.0,1.0,0,0,10.749993763539791
qwen3_235b_a22b_2507__vs__wsls__seed105,105,Qwen3-235B,WSLS,30,1.0,1.0,0,0,10.74999621739444
qwen3_235b_a22b_2507__vs__wsls__seed105,105,Qwen3-235B,WSLS,31,1.0,1.0,0,0,10.749997705733296
qwen3_235b_a22b_2507__vs__wsls__seed105,105,Qwen3-235B,WSLS,32,1.0,1.0,0,0,10.749998608456735
qwen3_235b_a22b_2507__vs__wsls__seed105,105,Qwen3-235B,WSLS,33,1.0,1.0,0,0,10.749999155986284
qwen3_235b_a22b_2507__vs__wsls__seed105,105,Qwen3-235B,WSLS,34,1.0,1.0,0,0,10.74999948807978
qwen3_235b_a22b_2507__vs__wsls__seed105,105,Qwen3-235B,WSLS,35,1.0,0.75,0,1,6.062499767128513
qwen3_235b_a22b_2507__vs__wsls__seed105,105,Qwen3-235B,WSLS,36,1.0,0.75,0,1,6.062499858756301
qwen3_235b_a22b_2507__vs__wsls__seed105,105,Qwen3-235B,WSLS,37,1.0,0.75,0,1,6.062499914331365
qwen3_235b_a22b_2507__vs__wsls__seed105,105,Qwen3-235B,WSLS,38,1.0,0.75,0,1,6.0624999480393456
qwen3_235b_a22b_2507__vs__wsls__seed105,105,Qwen3-235B,WSLS,39,1.0,0.75,0,1,6.062499968484271
qwen3_235b_a22b_2507__vs__wsls__seed105,105,Qwen3-235B,WSLS,40,1.0,0.75,0,1,6.062499980884745
qwen3_235b_a22b_2507__vs__wsls__seed105,105,Qwen3-235B,WSLS,41,0.75,0.75,1,1,8.062499988406014
qwen3_235b_a22b_2507__vs__wsls__seed105,105,Qwen3-235B,WSLS,42,0.75,0.75,1,1,8.06249999296789
qwen3_235b_a22b_2507__vs__wsls__seed105,105,Qwen3-235B,WSLS,43,0.75,0.75,1,1,8.06249999573481
qwen3_235b_a22b_2507__vs__wsls__seed105,105,Qwen3-235B,WSLS,44,0.75,0.75,1,1,8.062499997413031
qwen3_235b_a22b_2507__vs__wsls__seed105,105,Qwen3-235B,WSLS,45,0.75,0.75,1,1,8.062499998430924
qwen3_235b_a22b_2507__vs__wsls__seed105,105,Qwen3-235B,WSLS,46,0.75,0.75,1,1,8.062499999048306
qwen3_235b_a22b_2507__vs__wsls__seed105,105,Qwen3-235B,WSLS,47,0.75,0.75,1,1,8.06249999942277
qwen3_235b_a22b_2507__vs__wsls__seed105,105,Qwen3-235B,WSLS,48,0.75,0.75,1,1,8.062499999649894
qwen3_235b_a22b_2507__vs__wsls__seed105,105,Qwen3-235B,WSLS,49,0.75,0.75,1,1,8.06249999978765
qwen3_235b_a22b_2507__vs__wsls__seed105,105,Qwen3-235B,WSLS,50,0.75,0.5,1,2,3.3749999999141345
